restaurant_id;restaurant_name;query;selected;tier;score;platform;source;title;link;flags
9488d27a-7737-4c86-b059-0e16a6fb049d;Lovina Ponta de Campina | Bar | Restaurante em Cabedelo;Lovina Ponta de Campina | Bar | Restaurante em Cabedelo Ponta de Campina R. Vitorino Cardoso (83) 99408-6293 Cabedelo PB Instagram;yes;yellow;114;instagram;organic;Lovina Ponta de Campina (@lovinapontadecampina);https://instagram.com/lovinapontadecampina/reels;
9488d27a-7737-4c86-b059-0e16a6fb049d;Lovina Ponta de Campina | Bar | Restaurante em Cabedelo;Lovina Ponta de Campina | Bar | Restaurante em Cabedelo Ponta de Campina R. Vitorino Cardoso (83) 99408-6293 Cabedelo PB Instagram;;yellow;51;instagram;organic;Está em João Pessoa no verão? Então você precisa vir ...;https://instagram.com/reel/DD47KO0J7v2;instagram_reel_not_profile|instagram_profile_not_canonicalizable
9488d27a-7737-4c86-b059-0e16a6fb049d;Lovina Ponta de Campina | Bar | Restaurante em Cabedelo;Lovina Ponta de Campina | Bar | Restaurante em Cabedelo Ponta de Campina R. Vitorino Cardoso (83) 99408-6293 Cabedelo PB Instagram;;yellow;51;instagram;organic;"Lovina Ponta de Campina on Instagram: ""Procurando onde ...";https://instagram.com/reel/CawsnoPjejQ;instagram_reel_not_profile|instagram_profile_not_canonicalizable
9488d27a-7737-4c86-b059-0e16a6fb049d;Lovina Ponta de Campina | Bar | Restaurante em Cabedelo;Lovina Ponta de Campina | Bar | Restaurante em Cabedelo Ponta de Campina R. Vitorino Cardoso (83) 99408-6293 Cabedelo PB Instagram;;yellow;48;tripadvisor;organic;Lovina Ponta de Campina - Restaurantes: Cabedelo;https://tripadvisor.com.br/Restaurant_Review-g793398-d4460872-Reviews-Lovina_Ponta_de_Campina-Cabedelo_State_of_Paraiba.html;
9488d27a-7737-4c86-b059-0e16a6fb049d;Lovina Ponta de Campina | Bar | Restaurante em Cabedelo;Lovina Ponta de Campina | Bar | Restaurante em Cabedelo Ponta de Campina R. Vitorino Cardoso (83) 99408-6293 Cabedelo PB Instagram;;red;30;cabedelo.pb.gov.br;organic;Lovina Tropical Bar e Restaurante | Prefeitura de Cabedelo;https://cabedelo.pb.gov.br/ondecomer/lovina-tropical-bar-e-restaurante;
9488d27a-7737-4c86-b059-0e16a6fb049d;Lovina Ponta de Campina | Bar | Restaurante em Cabedelo;Lovina Ponta de Campina | Bar | Restaurante em Cabedelo Ponta de Campina R. Vitorino Cardoso (83) 99408-6293 Cabedelo PB Instagram;;red;24;youtube.com;organic;LOVINA BAR E A NOVA ORLA DA PRAIA PONTA DE ...;https://youtube.com/watch?v=QQp71BtnlUc;
9488d27a-7737-4c86-b059-0e16a6fb049d;Lovina Ponta de Campina | Bar | Restaurante em Cabedelo;Lovina Ponta de Campina | Bar | Restaurante em Cabedelo Ponta de Campina R. Vitorino Cardoso (83) 99408-6293 Cabedelo PB Instagram;;red;24;moovitapp.com;organic;Veja Lovina Tropical Bar & Restaurante, Cabedelo, no mapa;https://moovitapp.com/index/pt-br/transporte_p%C3%BAblico-Lovina_Tropical_Bar_Restaurante-Joao_Pessoa-site_19293254-1622;
9488d27a-7737-4c86-b059-0e16a6fb049d;Lovina Ponta de Campina | Bar | Restaurante em Cabedelo;Lovina Ponta de Campina | Bar | Restaurante em Cabedelo Ponta de Campina R. Vitorino Cardoso (83) 99408-6293 Cabedelo PB Instagram;;red;8;wanderboat.ai;organic;Lovina Tropical Restaurant - R. Vitorino Cardoso, 908;https://wanderboat.ai/restaurants/brazil/regi%C3%A3o-geogr%C3%A1fica-imediata-de-jo%C3%A3o-pessoa/lovina-tropical-restaurant/HjyAcmKeTAKgR84JtF13Og;city_not_confirmed
acb457db-a5d7-408e-a3b5-c9cfb3caff7b;Cibelly Bar & Restaurante;Cibelly Bar & Restaurante Poço Rua Luna Pedrosa (83) 99982-5668 Cabedelo PB Instagram;yes;yellow;120;instagram;organic;Cibelly Bar & Restaurante (@cibellybar) · Cabedelo, PB;https://instagram.com/cibellybar/?hl=pt-br;
acb457db-a5d7-408e-a3b5-c9cfb3caff7b;Cibelly Bar & Restaurante;Cibelly Bar & Restaurante Poço Rua Luna Pedrosa (83) 99982-5668 Cabedelo PB Instagram;;yellow;120;instagram;organic;Cibelly Mar | Restaurante Flutuante (@cibellymarr);https://instagram.com/cibellymarr;
acb457db-a5d7-408e-a3b5-c9cfb3caff7b;Cibelly Bar & Restaurante;Cibelly Bar & Restaurante Poço Rua Luna Pedrosa (83) 99982-5668 Cabedelo PB Instagram;;yellow;57;instagram;organic;Cibelly Bar & Restaurante on Instagram;https://instagram.com/reel/C6g1dFyrC9m;instagram_reel_not_profile|instagram_profile_not_canonicalizable
acb457db-a5d7-408e-a3b5-c9cfb3caff7b;Cibelly Bar & Restaurante;Cibelly Bar & Restaurante Poço Rua Luna Pedrosa (83) 99982-5668 Cabedelo PB Instagram;;yellow;57;instagram;organic;"Cibelly Mar | Restaurante Flutuante on Instagram: ""O Cibelly ...";https://instagram.com/reel/DNkpxHOuxNi;instagram_reel_not_profile|instagram_profile_not_canonicalizable
acb457db-a5d7-408e-a3b5-c9cfb3caff7b;Cibelly Bar & Restaurante;Cibelly Bar & Restaurante Poço Rua Luna Pedrosa (83) 99982-5668 Cabedelo PB Instagram;;yellow;51;instagram;organic;"Cibelly Mar | Restaurante Flutuante on Instagram: ""Você está ...";https://instagram.com/reel/DRruQq5jVFi;instagram_reel_not_profile|instagram_profile_not_canonicalizable
acb457db-a5d7-408e-a3b5-c9cfb3caff7b;Cibelly Bar & Restaurante;Cibelly Bar & Restaurante Poço Rua Luna Pedrosa (83) 99982-5668 Cabedelo PB Instagram;;red;36;tripadvisor;organic;CIBELLY BAR & RESTAURANTE, Cabedelo;https://tripadvisor.com.br/Restaurant_Review-g793398-d7241467-Reviews-Cibelly_Bar_Restaurante-Cabedelo_State_of_Paraiba.html;
acb457db-a5d7-408e-a3b5-c9cfb3caff7b;Cibelly Bar & Restaurante;Cibelly Bar & Restaurante Poço Rua Luna Pedrosa (83) 99982-5668 Cabedelo PB Instagram;;red;35;instagram;organic;"Cibelly Mar | Restaurante Flutuante on Instagram: ""Qual é o ...";https://instagram.com/reel/DMKmlUuu_MG;instagram_reel_not_profile|instagram_profile_not_canonicalizable|city_not_confirmed
acb457db-a5d7-408e-a3b5-c9cfb3caff7b;Cibelly Bar & Restaurante;Cibelly Bar & Restaurante Poço Rua Luna Pedrosa (83) 99982-5668 Cabedelo PB Instagram;;red;30;facebook;organic;Cibelly Bar & Restaurante | Cabedelo PB;https://facebook.com/Cibellybar/?locale=pt_BR;
0076b4c5-2d07-416e-a1ac-3ed9e83e02e5;Gigante Do Mar Beach;Gigante Do Mar Beach Camboinha Av. Max Zagel (83) 99995-2504 Cabedelo PB Instagram;yes;yellow;128;instagram;organic;gigantedomaroficial • Instagram photos and videos;https://instagram.com/gigantedomaroficial/reels;
0076b4c5-2d07-416e-a1ac-3ed9e83e02e5;Gigante Do Mar Beach;Gigante Do Mar Beach Camboinha Av. Max Zagel (83) 99995-2504 Cabedelo PB Instagram;;yellow;128;instagram;organic;gigantedomaroficial • Instagram photos and videos;https://instagram.com/gigantedomaroficial;
0076b4c5-2d07-416e-a1ac-3ed9e83e02e5;Gigante Do Mar Beach;Gigante Do Mar Beach Camboinha Av. Max Zagel (83) 99995-2504 Cabedelo PB Instagram;;yellow;86;instagram;derived_instagram_handle;Instagram profile @guiagiulianopb;https://instagram.com/guiagiulianopb;derived_handle_brand_not_confirmed
0076b4c5-2d07-416e-a1ac-3ed9e83e02e5;Gigante Do Mar Beach;Gigante Do Mar Beach Camboinha Av. Max Zagel (83) 99995-2504 Cabedelo PB Instagram;;yellow;73;instagram;organic;O verão começa aqui no Gigante do Mar! ☀️ Estamos te ...;https://instagram.com/reel/DErzz7NpcQT;instagram_reel_not_profile|instagram_profile_not_canonicalizable
0076b4c5-2d07-416e-a1ac-3ed9e83e02e5;Gigante Do Mar Beach;Gigante Do Mar Beach Camboinha Av. Max Zagel (83) 99995-2504 Cabedelo PB Instagram;;yellow;65;instagram;organic;Praia de Camboinha e o Bar Gigante do Mar - a praia está ...;https://instagram.com/reel/DE758W5RTUj;instagram_reel_not_profile|instagram_profile_not_canonicalizable
0076b4c5-2d07-416e-a1ac-3ed9e83e02e5;Gigante Do Mar Beach;Gigante Do Mar Beach Camboinha Av. Max Zagel (83) 99995-2504 Cabedelo PB Instagram;;yellow;65;instagram;organic;Tínhamos que vir conhecer o Gigante do Mar, o restaurante ...;https://instagram.com/reel/DGbKOfhpapK;instagram_reel_not_profile|instagram_profile_not_canonicalizable
0076b4c5-2d07-416e-a1ac-3ed9e83e02e5;Gigante Do Mar Beach;Gigante Do Mar Beach Camboinha Av. Max Zagel (83) 99995-2504 Cabedelo PB Instagram;;yellow;59;instagram;organic;Areia Vermelha com o @gigantedomaroficial é uma ...;https://instagram.com/reel/DTLoxfVka1y;instagram_reel_not_profile|instagram_profile_not_canonicalizable
0076b4c5-2d07-416e-a1ac-3ed9e83e02e5;Gigante Do Mar Beach;Gigante Do Mar Beach Camboinha Av. Max Zagel (83) 99995-2504 Cabedelo PB Instagram;;yellow;46;cabedelo.pb.gov.br;organic;Gigante Do Mar Beach | Prefeitura de Cabedelo;https://cabedelo.pb.gov.br/ondecomer/gigante-do-mar-beach;
8162456c-2817-4a8a-bbab-aa875c29419e;Bar das Meninas Restaurante;Bar das Meninas Restaurante Vila Sao Joao R. Des. Onaldo N Montenegro (83) 98715-5110 Cabedelo PB Instagram;yes;yellow;120;instagram;organic;Meninas Bar e Restaurante (@meninasbar) · Cabedelos, PB;https://instagram.com/meninasbar;
8162456c-2817-4a8a-bbab-aa875c29419e;Bar das Meninas Restaurante;Bar das Meninas Restaurante Vila Sao Joao R. Des. Onaldo N Montenegro (83) 98715-5110 Cabedelo PB Instagram;;yellow;57;instagram;organic;Vamo conhecer a Praia de Miramar em Cabedelo, na Paraíba ...;https://instagram.com/reel/DQrZgPIjY19;instagram_reel_not_profile|instagram_profile_not_canonicalizable
8162456c-2817-4a8a-bbab-aa875c29419e;Bar das Meninas Restaurante;Bar das Meninas Restaurante Vila Sao Joao R. Des. Onaldo N Montenegro (83) 98715-5110 Cabedelo PB Instagram;;yellow;48;tripadvisor;organic;Bar das Meninas - Restaurantes: Cabedelo;https://tripadvisor.com.br/Restaurant_Review-g793398-d5973028-Reviews-Bar_das_Meninas-Cabedelo_State_of_Paraiba.html;
8162456c-2817-4a8a-bbab-aa875c29419e;Bar das Meninas Restaurante;Bar das Meninas Restaurante Vila Sao Joao R. Des. Onaldo N Montenegro (83) 98715-5110 Cabedelo PB Instagram;;red;35;instagram;organic;Reel by Meninas Bar e Restaurante (@meninasbar) · January ...;https://instagram.com/reel/C2pPcvlrAn8;instagram_reel_not_profile|instagram_profile_not_canonicalizable|city_not_confirmed
8162456c-2817-4a8a-bbab-aa875c29419e;Bar das Meninas Restaurante;Bar das Meninas Restaurante Vila Sao Joao R. Des. Onaldo N Montenegro (83) 98715-5110 Cabedelo PB Instagram;;red;35;instagram;organic;"Bar das Meninas on Instagram: ""Nada como um pouco do Bar ...";https://instagram.com/reel/DDU-ei7JZ3R;instagram_reel_not_profile|instagram_profile_not_canonicalizable|city_not_confirmed
8162456c-2817-4a8a-bbab-aa875c29419e;Bar das Meninas Restaurante;Bar das Meninas Restaurante Vila Sao Joao R. Des. Onaldo N Montenegro (83) 98715-5110 Cabedelo PB Instagram;;red;30;wanderboat.ai;organic;Meninas' Bar Restaurant - R. Des. Onaldo N Montenegro, ...;https://wanderboat.ai/restaurants/brazil/regi%C3%A3o-geogr%C3%A1fica-imediata-de-jo%C3%A3o-pessoa/meninas'-bar-restaurant/9jpiPtK2R9OfU_dhBUXWkw;
8162456c-2817-4a8a-bbab-aa875c29419e;Bar das Meninas Restaurante;Bar das Meninas Restaurante Vila Sao Joao R. Des. Onaldo N Montenegro (83) 98715-5110 Cabedelo PB Instagram;;red;30;mindtrip.ai;organic;Meninas' Bar Restaurant in Cabedelo - Ask AI;https://mindtrip.ai/restaurant/cabedelo-state-paraiba/meninas-bar-restaurant/re-BamP9IPc;
8162456c-2817-4a8a-bbab-aa875c29419e;Bar das Meninas Restaurante;Bar das Meninas Restaurante Vila Sao Joao R. Des. Onaldo N Montenegro (83) 98715-5110 Cabedelo PB Instagram;;red;-19;instagram;organic;83 3228-1826 (zap) Vem viver o paraíso! # ...;https://instagram.com/p/DZ8AfH3xenc;instagram_p_not_profile|brand_not_confirmed|instagram_profile_not_canonicalizable|city_not_confirmed
76a39b5d-8130-4119-a4a5-87e8ea3020b8;Ilha Dourada Restaurante;Ilha Dourada Restaurante R. José Américo de Almeida Filho BR -230 (83) 3228-1826 Cabedelo PB Instagram;yes;red;-19;instagram;organic;Pier Restaurante | Já pode? Aqui pode! A partir das 10h30 ...;https://instagram.com/p/DTfirGmAAy2;instagram_p_not_profile|brand_not_confirmed|instagram_profile_not_canonicalizable|city_not_confirmed
d7d014d6-8d90-440c-a2ab-caee3b86bb0d;Tenda Formosa Bar & Restaurante;Tenda Formosa Bar & Restaurante Praia Formosa Av. Cassiano da Cunha Nóbrega (83) 98850-1112 Cabedelo PB Instagram;yes;red;-20;tenda.com;organic;Tenda.com | Conquiste seu Apartamento;https://tenda.com;brand_not_confirmed|city_not_confirmed
d7d014d6-8d90-440c-a2ab-caee3b86bb0d;Tenda Formosa Bar & Restaurante;Tenda Formosa Bar & Restaurante Praia Formosa Av. Cassiano da Cunha Nóbrega (83) 98850-1112 Cabedelo PB Instagram;;red;-20;tendaatacado.com.br;organic;Tenda Atacado - Suas compras de supermercado com preço ...;https://tendaatacado.com.br/?srsltid=AfmBOopc7NwRu4GTiKrZVOuN7Jh-elNgPFH45f9RPzV5vZeH7xHqcJRu;brand_not_confirmed|city_not_confirmed
d7d014d6-8d90-440c-a2ab-caee3b86bb0d;Tenda Formosa Bar & Restaurante;Tenda Formosa Bar & Restaurante Praia Formosa Av. Cassiano da Cunha Nóbrega (83) 98850-1112 Cabedelo PB Instagram;;red;-20;lista.mercadolivre.com.br;organic;Tenda;https://lista.mercadolivre.com.br/tenda;brand_not_confirmed|city_not_confirmed
d7d014d6-8d90-440c-a2ab-caee3b86bb0d;Tenda Formosa Bar & Restaurante;Tenda Formosa Bar & Restaurante Praia Formosa Av. Cassiano da Cunha Nóbrega (83) 98850-1112 Cabedelo PB Instagram;;red;-20;investidor10.com.br;organic;TEND3 - Construtora Tenda - Resultados, Dividendos ...;https://investidor10.com.br/acoes/tend3;brand_not_confirmed|city_not_confirmed
d7d014d6-8d90-440c-a2ab-caee3b86bb0d;Tenda Formosa Bar & Restaurante;Tenda Formosa Bar & Restaurante Praia Formosa Av. Cassiano da Cunha Nóbrega (83) 98850-1112 Cabedelo PB Instagram;;red;-20;lojastenda.com.br;organic;Lojas Tenda;https://lojastenda.com.br;brand_not_confirmed|city_not_confirmed
d7d014d6-8d90-440c-a2ab-caee3b86bb0d;Tenda Formosa Bar & Restaurante;Tenda Formosa Bar & Restaurante Praia Formosa Av. Cassiano da Cunha Nóbrega (83) 98850-1112 Cabedelo PB Instagram;;red;-20;tendacomvoce.tenda.com.br;organic;Tenda com Você;https://tendacomvoce.tenda.com.br/mobile;brand_not_confirmed|city_not_confirmed
775e0a86-b7d6-48a7-a84b-619164add8f9;Numar Bar e Restaurante;Numar Bar e Restaurante Intermares Av. Oceano Atlântico (83) 3567-7306 Cabedelo PB Instagram;yes;yellow;114;instagram;organic;Numar Bar e Restaurante (@numarbarintermares);https://instagram.com/numarbarintermares;
775e0a86-b7d6-48a7-a84b-619164add8f9;Numar Bar e Restaurante;Numar Bar e Restaurante Intermares Av. Oceano Atlântico (83) 3567-7306 Cabedelo PB Instagram;;red;17;instagram;organic;Numar Bar e Restaurante | Eeeeita, aqui é raiz de verdade! ...;https://instagram.com/p/DYXso_slScX;instagram_p_not_profile|brand_not_confirmed|instagram_profile_not_canonicalizable
775e0a86-b7d6-48a7-a84b-619164add8f9;Numar Bar e Restaurante;Numar Bar e Restaurante Intermares Av. Oceano Atlântico (83) 3567-7306 Cabedelo PB Instagram;;red;17;instagram;organic;Numar Bar e Restaurante | No Numar, junho é São João com ...;https://instagram.com/reel/DZc-7FOx1qz;instagram_reel_not_profile|brand_not_confirmed|instagram_profile_not_canonicalizable
775e0a86-b7d6-48a7-a84b-619164add8f9;Numar Bar e Restaurante;Numar Bar e Restaurante Intermares Av. Oceano Atlântico (83) 3567-7306 Cabedelo PB Instagram;;red;17;instagram;organic;O Numar agora é AMSTEL! 🍻 A beira-mar de Intermares ...;https://instagram.com/p/DQm8LaUDgk1;instagram_p_not_profile|brand_not_confirmed|instagram_profile_not_canonicalizable
775e0a86-b7d6-48a7-a84b-619164add8f9;Numar Bar e Restaurante;Numar Bar e Restaurante Intermares Av. Oceano Atlântico (83) 3567-7306 Cabedelo PB Instagram;;red;17;instagram;organic;Numar Bar e Restaurante | Amanhã é Dia dos Namorados e o ...;https://instagram.com/reel/DZdFarNRuBi;instagram_reel_not_profile|brand_not_confirmed|instagram_profile_not_canonicalizable
775e0a86-b7d6-48a7-a84b-619164add8f9;Numar Bar e Restaurante;Numar Bar e Restaurante Intermares Av. Oceano Atlântico (83) 3567-7306 Cabedelo PB Instagram;;red;17;instagram;organic;Quarta do Caranguejo no São João do Numar! 🦀🌟 R$2,99 ...;https://instagram.com/p/DZIGgWxlXVg;instagram_p_not_profile|brand_not_confirmed|instagram_profile_not_canonicalizable
775e0a86-b7d6-48a7-a84b-619164add8f9;Numar Bar e Restaurante;Numar Bar e Restaurante Intermares Av. Oceano Atlântico (83) 3567-7306 Cabedelo PB Instagram;;red;5;instagram;organic;Numar Bar e Restaurante | A quarta-feira do Numar é sagrada ...;https://instagram.com/reel/DKe4BKtuClN;instagram_reel_not_profile|brand_not_confirmed|instagram_profile_not_canonicalizable
775e0a86-b7d6-48a7-a84b-619164add8f9;Numar Bar e Restaurante;Numar Bar e Restaurante Intermares Av. Oceano Atlântico (83) 3567-7306 Cabedelo PB Instagram;;red;5;instagram;organic;E o caldinho de peixe no Numar tá saindo por só R$6,99. ...;https://instagram.com/p/DOlb_5ADvdK;instagram_p_not_profile|brand_not_confirmed|instagram_profile_not_canonicalizable
5824ab85-d0ca-4987-aa50-aa45faa631ad;Restaurante Recanto do Picuí Intermares;Restaurante Recanto do Picuí Intermares Intermares R. Golfo Sidra (83) 98844-4200 Cabedelo PB Instagram;yes;yellow;132;instagram;organic;Bar & Restaurante Intermares (@recantodopicuiintermares);https://instagram.com/recantodopicuiintermares;
5824ab85-d0ca-4987-aa50-aa45faa631ad;Restaurante Recanto do Picuí Intermares;Restaurante Recanto do Picuí Intermares Intermares R. Golfo Sidra (83) 98844-4200 Cabedelo PB Instagram;;red;23;instagram;organic;Sabores do Nordeste | Recanto do Picuí Intermares Aqui você ...;https://instagram.com/reel/DZ-fUtKRh_E;instagram_reel_not_profile|brand_not_confirmed|instagram_profile_not_canonicalizable
5824ab85-d0ca-4987-aa50-aa45faa631ad;Restaurante Recanto do Picuí Intermares;Restaurante Recanto do Picuí Intermares Intermares R. Golfo Sidra (83) 98844-4200 Cabedelo PB Instagram;;red;23;instagram;organic;Recanto do Picuí;https://instagram.com/reel/CeQ2NJIJ-sw;instagram_reel_not_profile|brand_not_confirmed|instagram_profile_not_canonicalizable
5824ab85-d0ca-4987-aa50-aa45faa631ad;Restaurante Recanto do Picuí Intermares;Restaurante Recanto do Picuí Intermares Intermares R. Golfo Sidra (83) 98844-4200 Cabedelo PB Instagram;;red;15;instagram;organic;Estamos esperando você;https://instagram.com/reel/DSptT8ojZe3;instagram_reel_not_profile|brand_not_confirmed|instagram_profile_not_canonicalizable
5824ab85-d0ca-4987-aa50-aa45faa631ad;Restaurante Recanto do Picuí Intermares;Restaurante Recanto do Picuí Intermares Intermares R. Golfo Sidra (83) 98844-4200 Cabedelo PB Instagram;;red;15;instagram;organic;a do prato chegando na mesa e a do nosso paraíso bem ...;https://instagram.com/p/DYhjs8Rx8ZU;instagram_p_not_profile|brand_not_confirmed|instagram_profile_not_canonicalizable
5824ab85-d0ca-4987-aa50-aa45faa631ad;Restaurante Recanto do Picuí Intermares;Restaurante Recanto do Picuí Intermares Intermares R. Golfo Sidra (83) 98844-4200 Cabedelo PB Instagram;;red;15;instagram;organic;Cordel Culinária Regional 🌵 | Tem lugar que a gente vai ...;https://instagram.com/p/DaTG9rrMAJ4;instagram_p_not_profile|brand_not_confirmed|instagram_profile_not_canonicalizable
5824ab85-d0ca-4987-aa50-aa45faa631ad;Restaurante Recanto do Picuí Intermares;Restaurante Recanto do Picuí Intermares Intermares R. Golfo Sidra (83) 98844-4200 Cabedelo PB Instagram;;red;8;tripadvisor;organic;Recanto Do Picui Intermares - Restaurantes: Cabedelo;https://tripadvisor.com.br/Restaurant_Review-g793398-d5344568-Reviews-Recanto_Do_Picui_Intermares-Cabedelo_State_of_Paraiba.html;brand_not_confirmed
5824ab85-d0ca-4987-aa50-aa45faa631ad;Restaurante Recanto do Picuí Intermares;Restaurante Recanto do Picuí Intermares Intermares R. Golfo Sidra (83) 98844-4200 Cabedelo PB Instagram;;red;2;pbnews.com.br;organic;Recanto do Picuí Intermares se destaca como opção ...;https://pbnews.com.br/noticia/51060/recanto-do-picui-intermares-se-destaca-como-opcao-gastronomica-e-cultural-em-cabedelo;brand_not_confirmed
5b44780e-f9ff-4d05-a95c-4fd998039b2d;Empadinhas Barnabé - Intermares;Empadinhas Barnabé - Intermares Cabedelo Av. Mar Mediterrâneo - Intermares (83) 3248-1250 Cabedelo PB Instagram;yes;yellow;124;instagram;organic;🎉Empadinhas Barnabé ® (@empbarnabe) · João Pessoa ...;https://instagram.com/empbarnabe/?hl=pt;city_not_confirmed
5b44780e-f9ff-4d05-a95c-4fd998039b2d;Empadinhas Barnabé - Intermares;Empadinhas Barnabé - Intermares Cabedelo Av. Mar Mediterrâneo - Intermares (83) 3248-1250 Cabedelo PB Instagram;;yellow;59;instagram;organic;"Empadinhas Barnabé ® on Instagram: ""O TBT da semana ...";https://instagram.com/reel/CrRm4ocpktN;instagram_reel_not_profile|instagram_profile_not_canonicalizable
5b44780e-f9ff-4d05-a95c-4fd998039b2d;Empadinhas Barnabé - Intermares;Empadinhas Barnabé - Intermares Cabedelo Av. Mar Mediterrâneo - Intermares (83) 3248-1250 Cabedelo PB Instagram;;yellow;55;instagram;organic;"Empadinhas Barnabé ® on Instagram: "" Atenção: este vídeo ...";https://instagram.com/reel/DY-o51WubP8;instagram_reel_not_profile|instagram_profile_not_canonicalizable|city_not_confirmed
5b44780e-f9ff-4d05-a95c-4fd998039b2d;Empadinhas Barnabé - Intermares;Empadinhas Barnabé - Intermares Cabedelo Av. Mar Mediterrâneo - Intermares (83) 3248-1250 Cabedelo PB Instagram;;yellow;50;tripadvisor;organic;Empadinhas em Intermares, Cabedelo-PB;https://tripadvisor.com.br/ShowUserReviews-g303428-d4036610-r204048441-Empadinhas_Barnabe-Joao_Pessoa_State_of_Paraiba.html;
5b44780e-f9ff-4d05-a95c-4fd998039b2d;Empadinhas Barnabé - Intermares;Empadinhas Barnabé - Intermares Cabedelo Av. Mar Mediterrâneo - Intermares (83) 3248-1250 Cabedelo PB Instagram;;yellow;49;instagram;organic;Porque quando é Empadinhas Barnabé, o que fica ...;https://instagram.com/p/DXP1010BN-z;instagram_p_not_profile|instagram_profile_not_canonicalizable|city_not_confirmed
5b44780e-f9ff-4d05-a95c-4fd998039b2d;Empadinhas Barnabé - Intermares;Empadinhas Barnabé - Intermares Cabedelo Av. Mar Mediterrâneo - Intermares (83) 3248-1250 Cabedelo PB Instagram;;yellow;49;instagram;organic;Três décadas que só foram possíveis porque vocês nos ...;https://instagram.com/reel/DRX8tPHEQso;instagram_reel_not_profile|instagram_profile_not_canonicalizable|city_not_confirmed
5b44780e-f9ff-4d05-a95c-4fd998039b2d;Empadinhas Barnabé - Intermares;Empadinhas Barnabé - Intermares Cabedelo Av. Mar Mediterrâneo - Intermares (83) 3248-1250 Cabedelo PB Instagram;;red;43;instagram;organic;"Empadinhas Barnabé ® on Instagram: ""Casa nova, novos ...";https://instagram.com/reel/DVekMdqDjf8;instagram_reel_not_profile|instagram_profile_not_canonicalizable|city_not_confirmed
5b44780e-f9ff-4d05-a95c-4fd998039b2d;Empadinhas Barnabé - Intermares;Empadinhas Barnabé - Intermares Cabedelo Av. Mar Mediterrâneo - Intermares (83) 3248-1250 Cabedelo PB Instagram;;red;43;instagram;organic;Shopping Tambiá | Quando a fome bate, tem escolha que ...;https://instagram.com/p/DXzI3lvFnZv;instagram_p_not_profile|instagram_profile_not_canonicalizable|city_not_confirmed
1653a7ff-cb75-4303-b780-0580642c5974;Primo Rico;Primo Rico Intermares Av. Oceano Atlântico (83) 98820-1132 Cabedelo PB Instagram;yes;yellow;128;instagram;derived_instagram_handle;Instagram profile @primoricopb;https://instagram.com/primoricopb;
1653a7ff-cb75-4303-b780-0580642c5974;Primo Rico;Primo Rico Intermares Av. Oceano Atlântico (83) 98820-1132 Cabedelo PB Instagram;;yellow;77;instagram;organic;Venha almoçar aqui no @primoricopb ou peça sua quentinha ...;https://instagram.com/reel/DYM1cvuOg1d;instagram_reel_not_profile|instagram_profile_not_canonicalizable
1653a7ff-cb75-4303-b780-0580642c5974;Primo Rico;Primo Rico Intermares Av. Oceano Atlântico (83) 98820-1132 Cabedelo PB Instagram;;yellow;77;instagram;organic;@primoricopb / Se você está procurando comida boa ...;https://instagram.com/reel/DZSrm3Gx0mT;instagram_reel_not_profile|instagram_profile_not_canonicalizable
1653a7ff-cb75-4303-b780-0580642c5974;Primo Rico;Primo Rico Intermares Av. Oceano Atlântico (83) 98820-1132 Cabedelo PB Instagram;;yellow;65;instagram;organic;balança por R$15,00 com direito a dois pedaços de proteína!;https://instagram.com/p/CKy2Af1JTSz;instagram_p_not_profile|instagram_profile_not_canonicalizable
1653a7ff-cb75-4303-b780-0580642c5974;Primo Rico;Primo Rico Intermares Av. Oceano Atlântico (83) 98820-1132 Cabedelo PB Instagram;;yellow;65;instagram;organic;Buffet de salada do primo rico;https://instagram.com/reel/DG-34n5RVgn;instagram_reel_not_profile|instagram_profile_not_canonicalizable
1653a7ff-cb75-4303-b780-0580642c5974;Primo Rico;Primo Rico Intermares Av. Oceano Atlântico (83) 98820-1132 Cabedelo PB Instagram;;yellow;65;instagram;organic;Na beira de uma das praias urbanas mais lindas do Brasil ...;https://instagram.com/reel/DYmlRy2hDNR;instagram_reel_not_profile|instagram_profile_not_canonicalizable
1653a7ff-cb75-4303-b780-0580642c5974;Primo Rico;Primo Rico Intermares Av. Oceano Atlântico (83) 98820-1132 Cabedelo PB Instagram;;yellow;65;instagram;organic;Churrasquinho assado na brasa 🔥;https://instagram.com/p/CUYretVtlbW;instagram_p_not_profile|instagram_profile_not_canonicalizable
1653a7ff-cb75-4303-b780-0580642c5974;Primo Rico;Primo Rico Intermares Av. Oceano Atlântico (83) 98820-1132 Cabedelo PB Instagram;;yellow;49;instagram;organic;Hmmmm, que delícia 🤤;https://instagram.com/p/CNsTBPyJ5P2;instagram_p_not_profile|instagram_profile_not_canonicalizable|city_not_confirmed
f90edcb3-31a7-4922-9bdd-930817bba3c9;Espetinho da praia Intermares;Espetinho da praia Intermares Intermares Av. Oceano Atlântico (83) 2182-4436 Cabedelo PB Instagram;;green;116;anota_ai;organic;Espetinho da Praia | Delivery em Cabedelo | Pedido online;https://pedido.anota.ai/loja/espetinho-da-praia-3;
f90edcb3-31a7-4922-9bdd-930817bba3c9;Espetinho da praia Intermares;Espetinho da praia Intermares Intermares Av. Oceano Atlântico (83) 2182-4436 Cabedelo PB Instagram;yes;yellow;100;instagram;organic;Numar Bar e Restaurante (@numarbarintermares);https://instagram.com/numarbarintermares;
f90edcb3-31a7-4922-9bdd-930817bba3c9;Espetinho da praia Intermares;Espetinho da praia Intermares Intermares Av. Oceano Atlântico (83) 2182-4436 Cabedelo PB Instagram;;yellow;92;instagram;organic;ESPETINHO DA PRAIA 👑 (@espetinhodapraia);https://instagram.com/espetinhodapraia;city_not_confirmed
f90edcb3-31a7-4922-9bdd-930817bba3c9;Espetinho da praia Intermares;Espetinho da praia Intermares Intermares Av. Oceano Atlântico (83) 2182-4436 Cabedelo PB Instagram;;yellow;92;instagram;organic;ESPETINHO DA PRAIA 👑 (@espetinhodapraia);https://instagram.com/espetinhodapraia/reels;city_not_confirmed
f90edcb3-31a7-4922-9bdd-930817bba3c9;Espetinho da praia Intermares;Espetinho da praia Intermares Intermares Av. Oceano Atlântico (83) 2182-4436 Cabedelo PB Instagram;;yellow;61;instagram;organic;"ESPETINHO DA PRAIA on Instagram: ""Se você tá com ...";https://instagram.com/reel/DESYh3FNpJi;instagram_reel_not_profile|instagram_profile_not_canonicalizable
f90edcb3-31a7-4922-9bdd-930817bba3c9;Espetinho da praia Intermares;Espetinho da praia Intermares Intermares Av. Oceano Atlântico (83) 2182-4436 Cabedelo PB Instagram;;yellow;47;instagram;organic;Petiscar camarões combina muito com um drink e brinde ...;https://instagram.com/p/DUGQnh2ESXl;instagram_p_not_profile|instagram_profile_not_canonicalizable
f90edcb3-31a7-4922-9bdd-930817bba3c9;Espetinho da praia Intermares;Espetinho da praia Intermares Intermares Av. Oceano Atlântico (83) 2182-4436 Cabedelo PB Instagram;;red;39;instagram;organic;Dia das mães é aqui no espetinho da praia 🏖️ Não perde ...;https://instagram.com/reel/DJcfsRDRlzY;instagram_reel_not_profile|instagram_profile_not_canonicalizable|city_not_confirmed
f90edcb3-31a7-4922-9bdd-930817bba3c9;Espetinho da praia Intermares;Espetinho da praia Intermares Intermares Av. Oceano Atlântico (83) 2182-4436 Cabedelo PB Instagram;;red;35;instagram;organic;O pau que rola na internet diz que só você não conhece o ...;https://instagram.com/reel/DW92UgtoSwn;instagram_reel_not_profile|instagram_profile_not_canonicalizable|city_not_confirmed
a43626c7-89fe-497c-940e-ffeabc8475fb;Bar e Restaurante do Sumé;Bar e Restaurante do Sumé Vila Sao Joao Av. Oceano Atlântico (83) 3011-0124 Cabedelo PB Instagram;yes;yellow;120;instagram;organic;Sumé | Bar e Restaurante (@bardosumepb) · Cabedelo, PB;https://instagram.com/bardosumepb;
a43626c7-89fe-497c-940e-ffeabc8475fb;Bar e Restaurante do Sumé;Bar e Restaurante do Sumé Vila Sao Joao Av. Oceano Atlântico (83) 3011-0124 Cabedelo PB Instagram;;red;40;instagram;organic;Container Bar PB | Restaurante (@containerbarpb);https://instagram.com/containerbarpb;brand_not_confirmed|city_not_confirmed
a43626c7-89fe-497c-940e-ffeabc8475fb;Bar e Restaurante do Sumé;Bar e Restaurante do Sumé Vila Sao Joao Av. Oceano Atlântico (83) 3011-0124 Cabedelo PB Instagram;;red;34;instagram;organic;Seu Antonio Bar & Spaten (@seuantoniobar);https://instagram.com/seuantoniobar/?hl=pt;brand_not_confirmed|city_not_confirmed
a43626c7-89fe-497c-940e-ffeabc8475fb;Bar e Restaurante do Sumé;Bar e Restaurante do Sumé Vila Sao Joao Av. Oceano Atlântico (83) 3011-0124 Cabedelo PB Instagram;;red;8;tripadvisor;organic;SUMÉ BAR E RESTAURANTE, Cabedelo - City Center;https://tripadvisor.com.br/Restaurant_Review-g793398-d5367262-Reviews-Sume_Bar_e_Restaurante-Cabedelo_State_of_Paraiba.html;brand_not_confirmed
a43626c7-89fe-497c-940e-ffeabc8475fb;Bar e Restaurante do Sumé;Bar e Restaurante do Sumé Vila Sao Joao Av. Oceano Atlântico (83) 3011-0124 Cabedelo PB Instagram;;red;5;instagram;organic;"Sumé | Bar e Restaurante on Instagram: ""Opções de pratos ...";https://instagram.com/reel/C2487yarCVI;instagram_reel_not_profile|brand_not_confirmed|instagram_profile_not_canonicalizable
a43626c7-89fe-497c-940e-ffeabc8475fb;Bar e Restaurante do Sumé;Bar e Restaurante do Sumé Vila Sao Joao Av. Oceano Atlântico (83) 3011-0124 Cabedelo PB Instagram;;red;-4;mindtrip.ai;organic;Bar e Restaurante do Sumé in Cabedelo - Ask AI;https://mindtrip.ai/restaurant/cabedelo-state-paraiba/bar-e-restaurante-do-sume/re-Fxltfexx;brand_not_confirmed
a43626c7-89fe-497c-940e-ffeabc8475fb;Bar e Restaurante do Sumé;Bar e Restaurante do Sumé Vila Sao Joao Av. Oceano Atlântico (83) 3011-0124 Cabedelo PB Instagram;;red;-5;instagram;organic;Photo by Sumé | Bar e Restaurante (@bardosumepb);https://instagram.com/p/Bmn32veHD1q;instagram_p_not_profile|brand_not_confirmed|instagram_profile_not_canonicalizable|city_not_confirmed
a43626c7-89fe-497c-940e-ffeabc8475fb;Bar e Restaurante do Sumé;Bar e Restaurante do Sumé Vila Sao Joao Av. Oceano Atlântico (83) 3011-0124 Cabedelo PB Instagram;;red;-7;instagram;organic;🌴✨ Fim de semana é sinônimo de pé na areia, bons drinks ...;https://instagram.com/p/DOQs9ZnE_uf;instagram_p_not_profile|brand_not_confirmed|instagram_profile_not_canonicalizable|city_not_confirmed
1eca2999-0514-4887-b108-dc65ae31e6b6;Churrascaria do Caicó;Churrascaria do Caicó Av. Pastor José Alves de Oliveira R Cabedelo PB Instagram;yes;yellow;110;instagram;organic;CHURRASCARIA CAICÓ (@churrascariacaico);https://instagram.com/churrascariacaico/?hl=pt-br;city_not_confirmed
1eca2999-0514-4887-b108-dc65ae31e6b6;Churrascaria do Caicó;Churrascaria do Caicó Av. Pastor José Alves de Oliveira R Cabedelo PB Instagram;;yellow;98;instagram;derived_instagram_handle;Instagram profile @caicorestaurante;https://instagram.com/caicorestaurante;city_not_confirmed
1eca2999-0514-4887-b108-dc65ae31e6b6;Churrascaria do Caicó;Churrascaria do Caicó Av. Pastor José Alves de Oliveira R Cabedelo PB Instagram;;red;8;tripadvisor;organic;CHURRASCARIA DO CAICO, Cabedelo - City Center;https://tripadvisor.com.br/Restaurant_Review-g793398-d5384052-Reviews-Churrascaria_Do_Caico-Cabedelo_State_of_Paraiba.html;brand_not_confirmed
1eca2999-0514-4887-b108-dc65ae31e6b6;Churrascaria do Caicó;Churrascaria do Caicó Av. Pastor José Alves de Oliveira R Cabedelo PB Instagram;;red;1;instagram;organic;"Caicó Restaurante | Tirol on Instagram: ""Agora o Caicó Tirol ...";https://instagram.com/reel/DQwd6lmjUIm;instagram_reel_not_profile|brand_not_confirmed|instagram_profile_not_canonicalizable|city_not_confirmed
1eca2999-0514-4887-b108-dc65ae31e6b6;Churrascaria do Caicó;Churrascaria do Caicó Av. Pastor José Alves de Oliveira R Cabedelo PB Instagram;;red;-11;instagram;organic;Almoço no Caicó: A escolha certa, sempre. Na dúvida de ...;https://instagram.com/reel/DVbMSwliCUd;instagram_reel_not_profile|brand_not_confirmed|instagram_profile_not_canonicalizable|city_not_confirmed
1eca2999-0514-4887-b108-dc65ae31e6b6;Churrascaria do Caicó;Churrascaria do Caicó Av. Pastor José Alves de Oliveira R Cabedelo PB Instagram;;red;-11;instagram;organic;Bem-vindo ao Caicó, onde o sabor do Nordeste ganha ...;https://instagram.com/p/DDNdmufTW0p;instagram_p_not_profile|brand_not_confirmed|instagram_profile_not_canonicalizable|city_not_confirmed
1eca2999-0514-4887-b108-dc65ae31e6b6;Churrascaria do Caicó;Churrascaria do Caicó Av. Pastor José Alves de Oliveira R Cabedelo PB Instagram;;red;-11;instagram;organic;Almoço Nordestino com a Família no Caicó! 🍛 Nossa mesa ...;https://instagram.com/p/DEkWj2jvXdO;instagram_p_not_profile|brand_not_confirmed|instagram_profile_not_canonicalizable|city_not_confirmed
1eca2999-0514-4887-b108-dc65ae31e6b6;Churrascaria do Caicó;Churrascaria do Caicó Av. Pastor José Alves de Oliveira R Cabedelo PB Instagram;;red;-11;instagram;organic;Caicó é tradição, sabor e suculência em cada corte ...;https://instagram.com/p/DL5MoijMQQ9;instagram_p_not_profile|brand_not_confirmed|instagram_profile_not_canonicalizable|city_not_confirmed
f917b01d-4f06-48a7-9bba-fcb85f0201c7;Mega Pizza;Mega Pizza Intermares Av. Mar Vermelho (83) 3248-2118 Cabedelo PB Instagram;yes;yellow;110;instagram;organic;Mega Pizza e Massas (@megapizza1);https://instagram.com/megapizza1;city_not_confirmed
f917b01d-4f06-48a7-9bba-fcb85f0201c7;Mega Pizza;Mega Pizza Intermares Av. Mar Vermelho (83) 3248-2118 Cabedelo PB Instagram;;yellow;98;instagram;organic;Mega Pizza (@megapizzasl) · São Leopoldo, RS;https://instagram.com/megapizzasl;city_not_confirmed
f917b01d-4f06-48a7-9bba-fcb85f0201c7;Mega Pizza;Mega Pizza Intermares Av. Mar Vermelho (83) 3248-2118 Cabedelo PB Instagram;;yellow;52;instagram;organic;Eu Quero Pizza - Food Truck 🍕 (@euqueropizzafoodtruck);https://instagram.com/euqueropizzafoodtruck;brand_not_confirmed|city_not_confirmed
f917b01d-4f06-48a7-9bba-fcb85f0201c7;Mega Pizza;Mega Pizza Intermares Av. Mar Vermelho (83) 3248-2118 Cabedelo PB Instagram;;red;3;instagram;organic;UMA DAS PIZZARIAS MAIS BEM AVALIADAS DE JOÃO ...;https://instagram.com/reel/DKP8whNJOr4;instagram_reel_not_profile|brand_not_confirmed|instagram_profile_not_canonicalizable
f917b01d-4f06-48a7-9bba-fcb85f0201c7;Mega Pizza;Mega Pizza Intermares Av. Mar Vermelho (83) 3248-2118 Cabedelo PB Instagram;;red;2;facebook;organic;Mega Pizza | Cabedelo PB;https://facebook.com/megapizzaintermares/?locale=pt_BR;brand_not_confirmed
f917b01d-4f06-48a7-9bba-fcb85f0201c7;Mega Pizza;Mega Pizza Intermares Av. Mar Vermelho (83) 3248-2118 Cabedelo PB Instagram;;red;1;instagram;organic;Mega Pizza | Que tal uma delícia dessa na sua mesa ? Faça ...;https://instagram.com/reel/DQh1cMFAf-D;instagram_reel_not_profile|brand_not_confirmed|instagram_profile_not_canonicalizable|city_not_confirmed
f917b01d-4f06-48a7-9bba-fcb85f0201c7;Mega Pizza;Mega Pizza Intermares Av. Mar Vermelho (83) 3248-2118 Cabedelo PB Instagram;;red;1;instagram;organic;Quando você quiser, a Mega Pizza vai até você! 👇 Nosso ...;https://instagram.com/p/DSC5c5XgSo5;instagram_p_not_profile|brand_not_confirmed|instagram_profile_not_canonicalizable|city_not_confirmed
f917b01d-4f06-48a7-9bba-fcb85f0201c7;Mega Pizza;Mega Pizza Intermares Av. Mar Vermelho (83) 3248-2118 Cabedelo PB Instagram;;red;-11;instagram;organic;"Mega Pizza on Instagram: ""Seu apetite tem destino: Mega ...";https://instagram.com/reel/DQ0DbJjDbMM;instagram_reel_not_profile|brand_not_confirmed|instagram_profile_not_canonicalizable|city_not_confirmed
0aab67a1-5843-4fe8-933a-45b0f8a67321;Sport Marina;Sport Marina Areia Dourada Av. Pastor José Alves de Oliveira (83) 3228-3500 Cabedelo PB Instagram;yes;yellow;124;instagram;organic;Verano Praia Bar (@veranopraiabar);https://instagram.com/veranopraiabar;
0aab67a1-5843-4fe8-933a-45b0f8a67321;Sport Marina;Sport Marina Areia Dourada Av. Pastor José Alves de Oliveira (83) 3228-3500 Cabedelo PB Instagram;;yellow;59;instagram;organic;Céu azul, deliciosas comidas e um lugar perfeito para ...;https://instagram.com/p/DA8gqRvpuRO;instagram_p_not_profile|instagram_profile_not_canonicalizable
0aab67a1-5843-4fe8-933a-45b0f8a67321;Sport Marina;Sport Marina Areia Dourada Av. Pastor José Alves de Oliveira (83) 3228-3500 Cabedelo PB Instagram;;yellow;59;instagram;organic;Dia de praia pede uma deliciosa porção de agulhinha frita ...;https://instagram.com/p/C-xS9UJtxGL;instagram_p_not_profile|instagram_profile_not_canonicalizable
0aab67a1-5843-4fe8-933a-45b0f8a67321;Sport Marina;Sport Marina Areia Dourada Av. Pastor José Alves de Oliveira (83) 3228-3500 Cabedelo PB Instagram;;yellow;59;instagram;organic;É ou não é o paraíso?😍🤩 📍 BR-230, Sport Marina, ...;https://instagram.com/p/DOLme3mDsEZ;instagram_p_not_profile|instagram_profile_not_canonicalizable
0aab67a1-5843-4fe8-933a-45b0f8a67321;Sport Marina;Sport Marina Areia Dourada Av. Pastor José Alves de Oliveira (83) 3228-3500 Cabedelo PB Instagram;;red;40;tripadvisor;organic;Sport Marina - Restaurantes: João Pessoa;https://tripadvisor.com.br/Restaurant_Review-g303428-d8809412-Reviews-Sport_Marina-Joao_Pessoa_State_of_Paraiba.html;city_not_confirmed
0aab67a1-5843-4fe8-933a-45b0f8a67321;Sport Marina;Sport Marina Areia Dourada Av. Pastor José Alves de Oliveira (83) 3228-3500 Cabedelo PB Instagram;;red;32;instagram;organic;Ilha Dourada (@ilhadouradarestaurante);https://instagram.com/ilhadouradarestaurante;brand_not_confirmed|name_not_confirmed
0aab67a1-5843-4fe8-933a-45b0f8a67321;Sport Marina;Sport Marina Areia Dourada Av. Pastor José Alves de Oliveira (83) 3228-3500 Cabedelo PB Instagram;;red;-21;instagram;organic;"Ilha Dourada on Instagram: ""Quem ainda não conhece nosso ...";https://instagram.com/reel/DAHZpLZph7U;instagram_reel_not_profile|brand_not_confirmed|name_not_confirmed|instagram_profile_not_canonicalizable
0aab67a1-5843-4fe8-933a-45b0f8a67321;Sport Marina;Sport Marina Areia Dourada Av. Pastor José Alves de Oliveira (83) 3228-3500 Cabedelo PB Instagram;;red;-21;instagram;organic;"Ilha Dourada on Instagram: ""Bem vindos ao paraíso! Essa é a ...";https://instagram.com/reel/DTiRR92kZYh;instagram_reel_not_profile|brand_not_confirmed|name_not_confirmed|instagram_profile_not_canonicalizable
10f71936-a4b9-4c9b-b2c4-d1c709081a93;Bar e Restaurante do Pessoinha;Bar e Restaurante do Pessoinha Forte Velho PB-011 (83) 98127-1419 Cabedelo PB Instagram;yes;yellow;98;instagram;organic;Bar/Restaurante do Pessoinha (@bardopessoinha);https://instagram.com/bardopessoinha;city_not_confirmed
10f71936-a4b9-4c9b-b2c4-d1c709081a93;Bar e Restaurante do Pessoinha;Bar e Restaurante do Pessoinha Forte Velho PB-011 (83) 98127-1419 Cabedelo PB Instagram;;yellow;98;instagram;organic;Bar/Restaurante do Pessoinha (@bardopessoinha);https://instagram.com/bardopessoinha/reels;city_not_confirmed
10f71936-a4b9-4c9b-b2c4-d1c709081a93;Bar e Restaurante do Pessoinha;Bar e Restaurante do Pessoinha Forte Velho PB-011 (83) 98127-1419 Cabedelo PB Instagram;;yellow;57;instagram;organic;"Forte Velho – PB on Instagram: ""O que tem em Forte Velho ...";https://instagram.com/reel/CkwRdfQg0k7;instagram_reel_not_profile|instagram_profile_not_canonicalizable
10f71936-a4b9-4c9b-b2c4-d1c709081a93;Bar e Restaurante do Pessoinha;Bar e Restaurante do Pessoinha Forte Velho PB-011 (83) 98127-1419 Cabedelo PB Instagram;;yellow;48;instagram;derived_instagram_handle;Instagram profile @pedalcaridadeemacao;https://instagram.com/pedalcaridadeemacao;derived_handle_brand_not_confirmed|city_not_confirmed
10f71936-a4b9-4c9b-b2c4-d1c709081a93;Bar e Restaurante do Pessoinha;Bar e Restaurante do Pessoinha Forte Velho PB-011 (83) 98127-1419 Cabedelo PB Instagram;;red;40;instagram;organic;Forte Velho – PB (@fortevelho);https://instagram.com/fortevelho;brand_not_confirmed|city_not_confirmed
10f71936-a4b9-4c9b-b2c4-d1c709081a93;Bar e Restaurante do Pessoinha;Bar e Restaurante do Pessoinha Forte Velho PB-011 (83) 98127-1419 Cabedelo PB Instagram;;red;40;instagram;organic;Ana Carolina Monteiro (@bar_paraiso33) · Santa Rita, PB;https://instagram.com/bar_paraiso33;brand_not_confirmed|city_not_confirmed
10f71936-a4b9-4c9b-b2c4-d1c709081a93;Bar e Restaurante do Pessoinha;Bar e Restaurante do Pessoinha Forte Velho PB-011 (83) 98127-1419 Cabedelo PB Instagram;;red;35;instagram;organic;@pedalcaridadeemacao;https://instagram.com/p/CJBQU56Fm0s;instagram_p_not_profile|instagram_profile_not_canonicalizable|city_not_confirmed
10f71936-a4b9-4c9b-b2c4-d1c709081a93;Bar e Restaurante do Pessoinha;Bar e Restaurante do Pessoinha Forte Velho PB-011 (83) 98127-1419 Cabedelo PB Instagram;;red;35;instagram;organic;Photo by Bar/Restaurante do Pessoinha (@bardopessoinha);https://instagram.com/p/B3hZou-g-9N;instagram_p_not_profile|instagram_profile_not_canonicalizable|city_not_confirmed
9f1c7086-a96a-49c9-b537-9fb9565841fd;Ancoradouro Ponta de Campina;Ancoradouro Ponta de Campina Ponta de Campina R. Henrique Siqueira Cabedelo PB Instagram;yes;yellow;120;instagram;derived_instagram_handle;Instagram profile @ancoradourobsrjp;https://instagram.com/ancoradourobsrjp;
9f1c7086-a96a-49c9-b537-9fb9565841fd;Ancoradouro Ponta de Campina;Ancoradouro Ponta de Campina Ponta de Campina R. Henrique Siqueira Cabedelo PB Instagram;;yellow;98;instagram;organic;Ancoradouro Bar e Restaurante (@ancoradourobarjp);https://instagram.com/ancoradourobarjp;city_not_confirmed
9f1c7086-a96a-49c9-b537-9fb9565841fd;Ancoradouro Ponta de Campina;Ancoradouro Ponta de Campina Ponta de Campina R. Henrique Siqueira Cabedelo PB Instagram;;yellow;57;instagram;organic;Review do melhor caranguejo @ancoradourobsrjp Rua ...;https://instagram.com/reel/CoNCJdXIV4r;instagram_reel_not_profile|instagram_profile_not_canonicalizable
9f1c7086-a96a-49c9-b537-9fb9565841fd;Ancoradouro Ponta de Campina;Ancoradouro Ponta de Campina Ponta de Campina R. Henrique Siqueira Cabedelo PB Instagram;;yellow;57;instagram;organic;Quer viver uma verdadeira experiência gastronômica à beira ...;https://instagram.com/reel/DRazdsxDNSG;instagram_reel_not_profile|instagram_profile_not_canonicalizable
9f1c7086-a96a-49c9-b537-9fb9565841fd;Ancoradouro Ponta de Campina;Ancoradouro Ponta de Campina Ponta de Campina R. Henrique Siqueira Cabedelo PB Instagram;;yellow;51;instagram;organic;Essas praias ficam em Cabedelo, a aproximadamente 25 ...;https://instagram.com/reel/DV10dE_kVYe;instagram_reel_not_profile|instagram_profile_not_canonicalizable
9f1c7086-a96a-49c9-b537-9fb9565841fd;Ancoradouro Ponta de Campina;Ancoradouro Ponta de Campina Ponta de Campina R. Henrique Siqueira Cabedelo PB Instagram;;red;35;instagram;organic;Nova unidade #Ancoradouro 💙 R Henrique Siqueira, 242 ...;https://instagram.com/p/CV05exZNKQM;instagram_p_not_profile|instagram_profile_not_canonicalizable|city_not_confirmed
9f1c7086-a96a-49c9-b537-9fb9565841fd;Ancoradouro Ponta de Campina;Ancoradouro Ponta de Campina Ponta de Campina R. Henrique Siqueira Cabedelo PB Instagram;;red;35;instagram;organic;Ancoradouro Ponta de Campina. Escolhe teu drink favorito ...;https://instagram.com/p/DSM-5x8kikT;instagram_p_not_profile|instagram_profile_not_canonicalizable|city_not_confirmed
9f1c7086-a96a-49c9-b537-9fb9565841fd;Ancoradouro Ponta de Campina;Ancoradouro Ponta de Campina Ponta de Campina R. Henrique Siqueira Cabedelo PB Instagram;;red;35;instagram;organic;O Ancoradouro localizado em Ponta de Campina têm uma ...;https://instagram.com/p/DRPFBpcgUmb;instagram_p_not_profile|instagram_profile_not_canonicalizable|city_not_confirmed
4afb52ad-1fa0-493f-be6c-8275d6664324;Galeteria D'intermares;Galeteria D'intermares Intermares R. Golfo Veneza (83) 2178-2106 Cabedelo PB Instagram;yes;yellow;122;instagram;organic;Galeteria D'intermares (@galeteriaintermares);https://instagram.com/galeteriaintermares;
4afb52ad-1fa0-493f-be6c-8275d6664324;Galeteria D'intermares;Galeteria D'intermares Intermares R. Golfo Veneza (83) 2178-2106 Cabedelo PB Instagram;;yellow;50;instagram;organic;Numar Bar e Restaurante (@numarbarintermares);https://instagram.com/numarbarintermares;brand_not_confirmed
4afb52ad-1fa0-493f-be6c-8275d6664324;Galeteria D'intermares;Galeteria D'intermares Intermares R. Golfo Veneza (83) 2178-2106 Cabedelo PB Instagram;;red;42;cabedelo.pb.gov.br;organic;Galeteria D'Intermares | Prefeitura de Cabedelo;https://cabedelo.pb.gov.br/ondecomer/galeteria-dintermares;
4afb52ad-1fa0-493f-be6c-8275d6664324;Galeteria D'intermares;Galeteria D'intermares Intermares R. Golfo Veneza (83) 2178-2106 Cabedelo PB Instagram;;red;34;instagram;organic;@tocadaninha.oficial @mariliasouzaleao;https://instagram.com/danillo_intermares/reel/DXUQx5tjtbJ/?hl=bn;brand_not_confirmed|city_not_confirmed
4afb52ad-1fa0-493f-be6c-8275d6664324;Galeteria D'intermares;Galeteria D'intermares Intermares R. Golfo Veneza (83) 2178-2106 Cabedelo PB Instagram;;red;8;wanderboat.ai;organic;Galeteria D'intermares - R. Golfo Veneza, 28;https://wanderboat.ai/restaurants/brazil/regi%C3%A3o-geogr%C3%A1fica-imediata-de-jo%C3%A3o-pessoa/galeteria-d'intermares/WZvaRv-9TNGpf2lxuoDf3w;city_not_confirmed
4afb52ad-1fa0-493f-be6c-8275d6664324;Galeteria D'intermares;Galeteria D'intermares Intermares R. Golfo Veneza (83) 2178-2106 Cabedelo PB Instagram;;red;-3;instagram;organic;Estava passeando a orla de Intermares e não resisti quando ...;https://instagram.com/reel/DTxMJChDH7k;instagram_reel_not_profile|brand_not_confirmed|instagram_profile_not_canonicalizable
4afb52ad-1fa0-493f-be6c-8275d6664324;Galeteria D'intermares;Galeteria D'intermares Intermares R. Golfo Veneza (83) 2178-2106 Cabedelo PB Instagram;;red;-6;instagram;derived_instagram_handle;Instagram profile @numarbar;https://instagram.com/numarbar;brand_not_confirmed|derived_handle_brand_not_confirmed|city_not_confirmed
4afb52ad-1fa0-493f-be6c-8275d6664324;Galeteria D'intermares;Galeteria D'intermares Intermares R. Golfo Veneza (83) 2178-2106 Cabedelo PB Instagram;;red;-19;instagram;organic;| 📸 Galeteria! 🐓 Quem se lembra da Galeteria Intermares? ...;https://instagram.com/p/DSAq2FsEWa0;instagram_p_not_profile|brand_not_confirmed|instagram_profile_not_canonicalizable|city_not_confirmed
4c30ffdb-d028-4dcc-bc6d-5135ce1db3e2;Skama Bar e Restaurante;Skama Bar e Restaurante Ponta de Matos Av. Cassiano da Cunha Nóbrega (83) 98677-5976 Cabedelo PB Instagram;yes;yellow;98;instagram;organic;Skama | Bar e Restaurante (@skamabar_restaurante);https://instagram.com/skamabar_restaurante;city_not_confirmed
4c30ffdb-d028-4dcc-bc6d-5135ce1db3e2;Skama Bar e Restaurante;Skama Bar e Restaurante Ponta de Matos Av. Cassiano da Cunha Nóbrega (83) 98677-5976 Cabedelo PB Instagram;;yellow;56;instagram;organic;Tenda Formosa restaurante (@tendaformosaoficial);https://instagram.com/tendaformosaoficial;brand_not_confirmed
4c30ffdb-d028-4dcc-bc6d-5135ce1db3e2;Skama Bar e Restaurante;Skama Bar e Restaurante Ponta de Matos Av. Cassiano da Cunha Nóbrega (83) 98677-5976 Cabedelo PB Instagram;;yellow;56;instagram;organic;gigantedomaroficial • Instagram photos and videos;https://instagram.com/gigantedomaroficial;brand_not_confirmed
4c30ffdb-d028-4dcc-bc6d-5135ce1db3e2;Skama Bar e Restaurante;Skama Bar e Restaurante Ponta de Matos Av. Cassiano da Cunha Nóbrega (83) 98677-5976 Cabedelo PB Instagram;;red;3;instagram;organic;Opções de pratos executivos 😋🍴,;https://instagram.com/reel/C2487yarCVI;instagram_reel_not_profile|brand_not_confirmed|instagram_profile_not_canonicalizable
4c30ffdb-d028-4dcc-bc6d-5135ce1db3e2;Skama Bar e Restaurante;Skama Bar e Restaurante Ponta de Matos Av. Cassiano da Cunha Nóbrega (83) 98677-5976 Cabedelo PB Instagram;;red;2;mindtrip.ai;organic;Skama Bar e Restaurante in Cabedelo - Ask AI;https://mindtrip.ai/restaurant/cabedelo-state-paraiba/skama-bar-e-restaurante/re-3Bt9aPlv;brand_not_confirmed
4c30ffdb-d028-4dcc-bc6d-5135ce1db3e2;Skama Bar e Restaurante;Skama Bar e Restaurante Ponta de Matos Av. Cassiano da Cunha Nóbrega (83) 98677-5976 Cabedelo PB Instagram;;red;2;facebook;organic;Skama Bar e Restaurante | Cabedelo PB;https://facebook.com/skambarerestaurante/?locale=pt_BR;brand_not_confirmed
4c30ffdb-d028-4dcc-bc6d-5135ce1db3e2;Skama Bar e Restaurante;Skama Bar e Restaurante Ponta de Matos Av. Cassiano da Cunha Nóbrega (83) 98677-5976 Cabedelo PB Instagram;;red;2;wanderlog.com;organic;Skama Bar e Restaurante, Conde, Brasilien;https://wanderlog.com/da/place/details/1532866/skama-bar-e-restaurante;brand_not_confirmed
4c30ffdb-d028-4dcc-bc6d-5135ce1db3e2;Skama Bar e Restaurante;Skama Bar e Restaurante Ponta de Matos Av. Cassiano da Cunha Nóbrega (83) 98677-5976 Cabedelo PB Instagram;;red;-3;instagram;organic;O restaurante mais pé na areia de Cabedelo;https://instagram.com/reel/DD0Ogzgx71Y;instagram_reel_not_profile|brand_not_confirmed|instagram_profile_not_canonicalizable
662a40d4-3612-4ca1-ad28-615646294ea8;Big Jack comida de rua com INSPIRAÇÃO texana;Big Jack comida de rua com INSPIRAÇÃO texana LOTE 01 - Intermares Av. Mar Vermelho (83) 99317-7080 Cabedelo PB Instagram;yes;yellow;144;instagram;organic;Big Jack Sanduicheria (@bigjack.intermares) · Cabedelo, PB;https://instagram.com/bigjack.intermares;
662a40d4-3612-4ca1-ad28-615646294ea8;Big Jack comida de rua com INSPIRAÇÃO texana;Big Jack comida de rua com INSPIRAÇÃO texana LOTE 01 - Intermares Av. Mar Vermelho (83) 99317-7080 Cabedelo PB Instagram;;yellow;110;instagram;derived_instagram_handle;Instagram profile @bigjack.texas;https://instagram.com/bigjack.texas;city_not_confirmed
662a40d4-3612-4ca1-ad28-615646294ea8;Big Jack comida de rua com INSPIRAÇÃO texana;Big Jack comida de rua com INSPIRAÇÃO texana LOTE 01 - Intermares Av. Mar Vermelho (83) 99317-7080 Cabedelo PB Instagram;;yellow;73;instagram;organic;Hoje, a partir das 18h, tem Big Jack de portas abertas com ...;https://instagram.com/p/CYMFZegJq8A;instagram_p_not_profile|instagram_profile_not_canonicalizable
662a40d4-3612-4ca1-ad28-615646294ea8;Big Jack comida de rua com INSPIRAÇÃO texana;Big Jack comida de rua com INSPIRAÇÃO texana LOTE 01 - Intermares Av. Mar Vermelho (83) 99317-7080 Cabedelo PB Instagram;;yellow;73;instagram;organic;O melhor lugar pra quem ama hambúrguer na brasa, assados ...;https://instagram.com/reel/DTJc8qDEcJr;instagram_reel_not_profile|instagram_profile_not_canonicalizable
662a40d4-3612-4ca1-ad28-615646294ea8;Big Jack comida de rua com INSPIRAÇÃO texana;Big Jack comida de rua com INSPIRAÇÃO texana LOTE 01 - Intermares Av. Mar Vermelho (83) 99317-7080 Cabedelo PB Instagram;;yellow;67;instagram;organic;Big Jack, o verdadeiro sabor Texano em Intermares. Se você ...;https://instagram.com/reel/DRpiuC_EeMn;instagram_reel_not_profile|instagram_profile_not_canonicalizable
662a40d4-3612-4ca1-ad28-615646294ea8;Big Jack comida de rua com INSPIRAÇÃO texana;Big Jack comida de rua com INSPIRAÇÃO texana LOTE 01 - Intermares Av. Mar Vermelho (83) 99317-7080 Cabedelo PB Instagram;;yellow;63;instagram;organic;Quem gosta de um bom defumado não pode deixar de conhecer ...;https://instagram.com/p/C8iC12qpx_V;instagram_p_not_profile|instagram_profile_not_canonicalizable|city_not_confirmed
662a40d4-3612-4ca1-ad28-615646294ea8;Big Jack comida de rua com INSPIRAÇÃO texana;Big Jack comida de rua com INSPIRAÇÃO texana LOTE 01 - Intermares Av. Mar Vermelho (83) 99317-7080 Cabedelo PB Instagram;;yellow;51;instagram;organic;Yumm! Yumm! Yumm! Vem pro Big Jack! Aberto de Terça a ...;https://instagram.com/reel/CdeDnZ-pW1d;instagram_reel_not_profile|instagram_profile_not_canonicalizable|city_not_confirmed
662a40d4-3612-4ca1-ad28-615646294ea8;Big Jack comida de rua com INSPIRAÇÃO texana;Big Jack comida de rua com INSPIRAÇÃO texana LOTE 01 - Intermares Av. Mar Vermelho (83) 99317-7080 Cabedelo PB Instagram;;yellow;51;instagram;organic;A família Big Jack deseja a todos um Natal abençoado. ...;https://instagram.com/p/CX3Uj19J4gX;instagram_p_not_profile|instagram_profile_not_canonicalizable|city_not_confirmed
d90b585e-8b14-442e-993f-457ad253dc8f;CTG Saudade Da Querência;CTG Saudade Da Querência Lot. Praia Grande R. João Santos Coelho Filho Cabedelo PB Instagram;yes;yellow;116;instagram;derived_instagram_handle;Instagram profile @ctgpb;https://instagram.com/ctgpb;city_not_confirmed
d90b585e-8b14-442e-993f-457ad253dc8f;CTG Saudade Da Querência;CTG Saudade Da Querência Lot. Praia Grande R. João Santos Coelho Filho Cabedelo PB Instagram;;yellow;110;instagram;organic;ctgsaudadesdaquerencia;https://instagram.com/ctgsaudadesdaquerencia;city_not_confirmed
d90b585e-8b14-442e-993f-457ad253dc8f;CTG Saudade Da Querência;CTG Saudade Da Querência Lot. Praia Grande R. João Santos Coelho Filho Cabedelo PB Instagram;;yellow;77;instagram;organic;CTG Saudades Da Querência (@ctgpb) · João Pessoa, PB;https://instagram.com/ctgpb/?hl=pt;conflicting_location:joao pessoa, pb
d90b585e-8b14-442e-993f-457ad253dc8f;CTG Saudade Da Querência;CTG Saudade Da Querência Lot. Praia Grande R. João Santos Coelho Filho Cabedelo PB Instagram;;yellow;73;instagram;organic;CTG Saudades da Querência-João Pessoa/PB;https://instagram.com/explore/locations/408608910/ctg-saudades-da-querencia-joao-pessoapb;instagram_explore_not_profile|instagram_profile_not_canonicalizable
d90b585e-8b14-442e-993f-457ad253dc8f;CTG Saudade Da Querência;CTG Saudade Da Querência Lot. Praia Grande R. João Santos Coelho Filho Cabedelo PB Instagram;;yellow;57;instagram;organic;Photo by CTG Saudades Da Querência (@ctgpb);https://instagram.com/p/DDfS_NxpuK7;instagram_p_not_profile|instagram_profile_not_canonicalizable|city_not_confirmed
d90b585e-8b14-442e-993f-457ad253dc8f;CTG Saudade Da Querência;CTG Saudade Da Querência Lot. Praia Grande R. João Santos Coelho Filho Cabedelo PB Instagram;;yellow;57;instagram;organic;"CTG Saudades Da Querência on Instagram: ""RESERVAS ...";https://instagram.com/reel/CvtQaWSNlIY;instagram_reel_not_profile|instagram_profile_not_canonicalizable|city_not_confirmed
d90b585e-8b14-442e-993f-457ad253dc8f;CTG Saudade Da Querência;CTG Saudade Da Querência Lot. Praia Grande R. João Santos Coelho Filho Cabedelo PB Instagram;;yellow;52;tripadvisor;organic;CTG - SAUDADES DA QUERÊNCIA, Cabedelo;https://tripadvisor.com.br/Restaurant_Review-g793398-d23142659-Reviews-Ctg_Saudades_Da_Querencia-Cabedelo_State_of_Paraiba.html;
d90b585e-8b14-442e-993f-457ad253dc8f;CTG Saudade Da Querência;CTG Saudade Da Querência Lot. Praia Grande R. João Santos Coelho Filho Cabedelo PB Instagram;;yellow;51;instagram;organic;"CTG Saudades Da Querência on Instagram: ""Reservas e ...";https://instagram.com/reel/DJUVZSpNYtR;instagram_reel_not_profile|instagram_profile_not_canonicalizable|city_not_confirmed
60d131e5-d7fb-4aa2-b3b0-83af50747ff2;Pipa Sushi & Temakeria;Pipa Sushi & Temakeria Cabedelo Av. Mar das Antilhas - Intermares (83) 3248-4251 Cabedelo PB Instagram;;green;88;anota_ai;organic;Pipa Sushi & Temakeria | Delivery em CABEDELO;https://pedido.anota.ai/loja/pipa-sushi-temakeria;brand_not_confirmed
60d131e5-d7fb-4aa2-b3b0-83af50747ff2;Pipa Sushi & Temakeria;Pipa Sushi & Temakeria Cabedelo Av. Mar das Antilhas - Intermares (83) 3248-4251 Cabedelo PB Instagram;;red;8;tripadvisor;organic;PIPA TEMAKI, Cabedelo - Comentários de Restaurantes, ...;https://tripadvisor.com.br/Restaurant_Review-g793398-d11912241-Reviews-Pipa_temaki-Cabedelo_State_of_Paraiba.html;brand_not_confirmed
60d131e5-d7fb-4aa2-b3b0-83af50747ff2;Pipa Sushi & Temakeria;Pipa Sushi & Temakeria Cabedelo Av. Mar das Antilhas - Intermares (83) 3248-4251 Cabedelo PB Instagram;yes;red;-7;instagram;organic;Seu final de semana pode ficar melhor com a nossa culinária ...;https://instagram.com/p/Cfe0T3tN3O1;instagram_p_not_profile|brand_not_confirmed|instagram_profile_not_canonicalizable|city_not_confirmed
60d131e5-d7fb-4aa2-b3b0-83af50747ff2;Pipa Sushi & Temakeria;Pipa Sushi & Temakeria Cabedelo Av. Mar das Antilhas - Intermares (83) 3248-4251 Cabedelo PB Instagram;;red;-7;instagram;organic;Crocante por fora e irresistível por dentro! Coma o nosso bolinho ...;https://instagram.com/p/CeJ7WyQrqh3;instagram_p_not_profile|brand_not_confirmed|instagram_profile_not_canonicalizable|city_not_confirmed
60d131e5-d7fb-4aa2-b3b0-83af50747ff2;Pipa Sushi & Temakeria;Pipa Sushi & Temakeria Cabedelo Av. Mar das Antilhas - Intermares (83) 3248-4251 Cabedelo PB Instagram;;red;-7;instagram;organic;Os temakis mais saborosos você encontra aqui! ...;https://instagram.com/p/CvvMznKNHC9;instagram_p_not_profile|brand_not_confirmed|instagram_profile_not_canonicalizable|city_not_confirmed
60d131e5-d7fb-4aa2-b3b0-83af50747ff2;Pipa Sushi & Temakeria;Pipa Sushi & Temakeria Cabedelo Av. Mar das Antilhas - Intermares (83) 3248-4251 Cabedelo PB Instagram;;red;-7;instagram;organic;Viva novas experiências gastronômicas. INTERMARES (Todos ...;https://instagram.com/p/CiGXFKXOiQu;instagram_p_not_profile|brand_not_confirmed|instagram_profile_not_canonicalizable|city_not_confirmed
60d131e5-d7fb-4aa2-b3b0-83af50747ff2;Pipa Sushi & Temakeria;Pipa Sushi & Temakeria Cabedelo Av. Mar das Antilhas - Intermares (83) 3248-4251 Cabedelo PB Instagram;;red;-8;facebook;organic;Está esperando o quê para vir conhecer o Pipa Temaki ...;https://facebook.com/pipatemaki/videos/est%C3%A1-esperando-o-qu%C3%AA-para-vir-conhecer-o-pipa-temakiestamos-abertos-das-17h-%C3%A0s-2/1612464482623003;brand_not_confirmed|city_not_confirmed
60d131e5-d7fb-4aa2-b3b0-83af50747ff2;Pipa Sushi & Temakeria;Pipa Sushi & Temakeria Cabedelo Av. Mar das Antilhas - Intermares (83) 3248-4251 Cabedelo PB Instagram;;red;-19;instagram;organic;Procurando onde comer temaki, sushi ou aquela comida ...;https://instagram.com/p/DJXnkKPu_Xb;instagram_p_not_profile|brand_not_confirmed|instagram_profile_not_canonicalizable|city_not_confirmed
4fa980c0-13d2-415f-97a6-e31fd3141133;Pastelaria Litorânea;Pastelaria Litorânea Vila Sao Joao R. Sólon de Lucena (83) 98807-9929 Cabedelo PB Instagram;yes;yellow;132;instagram;organic;Pastelaria Litorânea (@pastelarialitoranea);https://instagram.com/pastelarialitoranea;
4fa980c0-13d2-415f-97a6-e31fd3141133;Pastelaria Litorânea;Pastelaria Litorânea Vila Sao Joao R. Sólon de Lucena (83) 98807-9929 Cabedelo PB Instagram;;green;104;whatsmenu;organic;PASTELARIA LITORANEA;https://whatsmenu.com.br/pastelarialitoranea;
4fa980c0-13d2-415f-97a6-e31fd3141133;Pastelaria Litorânea;Pastelaria Litorânea Vila Sao Joao R. Sólon de Lucena (83) 98807-9929 Cabedelo PB Instagram;;yellow;57;instagram;organic;Se Liga nessa dica da @pastelarialitoranea e vem provar ...;https://instagram.com/p/C112On2rn9o;instagram_p_not_profile|instagram_profile_not_canonicalizable
4fa980c0-13d2-415f-97a6-e31fd3141133;Pastelaria Litorânea;Pastelaria Litorânea Vila Sao Joao R. Sólon de Lucena (83) 98807-9929 Cabedelo PB Instagram;;yellow;46;instagram;organic;CASA DO PASTEL (@casadopastel83);https://instagram.com/casadopastel83;brand_not_confirmed|city_not_confirmed
4fa980c0-13d2-415f-97a6-e31fd3141133;Pastelaria Litorânea;Pastelaria Litorânea Vila Sao Joao R. Sólon de Lucena (83) 98807-9929 Cabedelo PB Instagram;;red;3;instagram;organic;Compartilhando dica boa em João Pessoa-PB | Pastéis a ...;https://instagram.com/reel/DP7YdT0kWFh;instagram_reel_not_profile|brand_not_confirmed|instagram_profile_not_canonicalizable
4fa980c0-13d2-415f-97a6-e31fd3141133;Pastelaria Litorânea;Pastelaria Litorânea Vila Sao Joao R. Sólon de Lucena (83) 98807-9929 Cabedelo PB Instagram;;red;3;instagram;organic;Compartilhando dica boa em João Pessoa-PB | Você sabia ...;https://instagram.com/reel/DJAb4tuNq5K/?hl=pt;instagram_reel_not_profile|brand_not_confirmed|instagram_profile_not_canonicalizable
4fa980c0-13d2-415f-97a6-e31fd3141133;Pastelaria Litorânea;Pastelaria Litorânea Vila Sao Joao R. Sólon de Lucena (83) 98807-9929 Cabedelo PB Instagram;;red;3;instagram;organic;Saída às 09:00h. Praça Getúlio Vargas centro de cabedelo PB ...;https://instagram.com/reel/DZphEV6K9kf;instagram_reel_not_profile|brand_not_confirmed|instagram_profile_not_canonicalizable
4fa980c0-13d2-415f-97a6-e31fd3141133;Pastelaria Litorânea;Pastelaria Litorânea Vila Sao Joao R. Sólon de Lucena (83) 98807-9929 Cabedelo PB Instagram;;red;-19;instagram;organic;Chegando ao final de mais um São João com uma equipe ...;https://instagram.com/p/DaYRwAeRQuk;instagram_p_not_profile|brand_not_confirmed|instagram_profile_not_canonicalizable|city_not_confirmed
6a5072b1-12a8-4613-be77-4d8f4f47ab48;Sakê Temakeria Ponta de Campina, Cabedelo;Sakê Temakeria Ponta de Campina, Cabedelo Sl 16 E 17 - Ponta de Campina Av. Oceano Atlântico (83) 98160-8378 Cabedelo PB Instagram;yes;yellow;98;instagram;organic;Sakê Temakeria Premium (@saketemaki);https://instagram.com/saketemaki;city_not_confirmed
6a5072b1-12a8-4613-be77-4d8f4f47ab48;Sakê Temakeria Ponta de Campina, Cabedelo;Sakê Temakeria Ponta de Campina, Cabedelo Sl 16 E 17 - Ponta de Campina Av. Oceano Atlântico (83) 98160-8378 Cabedelo PB Instagram;;yellow;98;instagram;organic;Sakê Temakeria Premium (@saketemaki);https://instagram.com/saketemaki/reels;city_not_confirmed
6a5072b1-12a8-4613-be77-4d8f4f47ab48;Sakê Temakeria Ponta de Campina, Cabedelo;Sakê Temakeria Ponta de Campina, Cabedelo Sl 16 E 17 - Ponta de Campina Av. Oceano Atlântico (83) 98160-8378 Cabedelo PB Instagram;;red;44;tripadvisor;organic;SAKE TEMAKI PONTA DE CAMPINA, Cabedelo;https://tripadvisor.com.br/Restaurant_Review-g793398-d26433456-Reviews-Sake_Temaki_Ponta_de_Campina-Cabedelo_State_of_Paraiba.html;
6a5072b1-12a8-4613-be77-4d8f4f47ab48;Sakê Temakeria Ponta de Campina, Cabedelo;Sakê Temakeria Ponta de Campina, Cabedelo Sl 16 E 17 - Ponta de Campina Av. Oceano Atlântico (83) 98160-8378 Cabedelo PB Instagram;;red;43;instagram;organic;Há um SAKĒ perto de você: Ponta de Campina, Manaíra, ...;https://instagram.com/reel/DFaYE1YRyOk;instagram_reel_not_profile|instagram_profile_not_canonicalizable|city_not_confirmed
6a5072b1-12a8-4613-be77-4d8f4f47ab48;Sakê Temakeria Ponta de Campina, Cabedelo;Sakê Temakeria Ponta de Campina, Cabedelo Sl 16 E 17 - Ponta de Campina Av. Oceano Atlântico (83) 98160-8378 Cabedelo PB Instagram;;red;38;saketemaki.com;organic;Ponta de Campina - Sakê;https://saketemaki.com/unidade/ponta-de-campina;
6a5072b1-12a8-4613-be77-4d8f4f47ab48;Sakê Temakeria Ponta de Campina, Cabedelo;Sakê Temakeria Ponta de Campina, Cabedelo Sl 16 E 17 - Ponta de Campina Av. Oceano Atlântico (83) 98160-8378 Cabedelo PB Instagram;;red;38;saketemaki.com;organic;Contato - Sakê;https://saketemaki.com/contato;
6a5072b1-12a8-4613-be77-4d8f4f47ab48;Sakê Temakeria Ponta de Campina, Cabedelo;Sakê Temakeria Ponta de Campina, Cabedelo Sl 16 E 17 - Ponta de Campina Av. Oceano Atlântico (83) 98160-8378 Cabedelo PB Instagram;;red;11;instagram;organic;Ambiente moderno, culinária japonesa bem executada e uma ...;https://instagram.com/reel/DWDJvw-Da5L;instagram_reel_not_profile|brand_not_confirmed|instagram_profile_not_canonicalizable
6a5072b1-12a8-4613-be77-4d8f4f47ab48;Sakê Temakeria Ponta de Campina, Cabedelo;Sakê Temakeria Ponta de Campina, Cabedelo Sl 16 E 17 - Ponta de Campina Av. Oceano Atlântico (83) 98160-8378 Cabedelo PB Instagram;;red;5;instagram;organic;@saketemaki Inaugurou sua nova unidade em Ponta de ...;https://instagram.com/p/Ci_SlABtenZ;instagram_p_not_profile|brand_not_confirmed|instagram_profile_not_canonicalizable
1c95b48d-3189-4496-8e70-4e9167967964;La casa de pastel e La Pizza Premium;La casa de pastel e La Pizza Premium R. Primo José Viana Rua por trás do Campo Municipal (83) 98625-2145 Cabedelo PB Instagram;yes;yellow;132;instagram;organic;lacasadepastelpb (@lacasadepastelpbof) · Cabedelo, PB;https://instagram.com/lacasadepastelpbof;
1c95b48d-3189-4496-8e70-4e9167967964;La casa de pastel e La Pizza Premium;La casa de pastel e La Pizza Premium R. Primo José Viana Rua por trás do Campo Municipal (83) 98625-2145 Cabedelo PB Instagram;;yellow;110;instagram;organic;La Casa de Pastel (@_lacasadepasteloficial);https://instagram.com/_lacasadepasteloficial;city_not_confirmed
1c95b48d-3189-4496-8e70-4e9167967964;La casa de pastel e La Pizza Premium;La casa de pastel e La Pizza Premium R. Primo José Viana Rua por trás do Campo Municipal (83) 98625-2145 Cabedelo PB Instagram;;yellow;98;instagram;derived_instagram_handle;Instagram profile @lacasadepastel15;https://instagram.com/lacasadepastel15;city_not_confirmed
1c95b48d-3189-4496-8e70-4e9167967964;La casa de pastel e La Pizza Premium;La casa de pastel e La Pizza Premium R. Primo José Viana Rua por trás do Campo Municipal (83) 98625-2145 Cabedelo PB Instagram;;yellow;98;instagram;organic;LaCasa de Pastel (@lacasadepastel);https://instagram.com/lacasadepastel;city_not_confirmed
1c95b48d-3189-4496-8e70-4e9167967964;La casa de pastel e La Pizza Premium;La casa de pastel e La Pizza Premium R. Primo José Viana Rua por trás do Campo Municipal (83) 98625-2145 Cabedelo PB Instagram;;red;3;instagram;organic;A melhor pizza Artesanal da região! . Estamos na Rua da ...;https://instagram.com/reel/DBKNF6jyA-0;instagram_reel_not_profile|brand_not_confirmed|instagram_profile_not_canonicalizable
1c95b48d-3189-4496-8e70-4e9167967964;La casa de pastel e La Pizza Premium;La casa de pastel e La Pizza Premium R. Primo José Viana Rua por trás do Campo Municipal (83) 98625-2145 Cabedelo PB Instagram;;red;2;wanderboat.ai;organic;La casa de pastel e La Pizza Premium;https://wanderboat.ai/restaurants/brazil/regi%C3%A3o-geogr%C3%A1fica-imediata-de-jo%C3%A3o-pessoa/la-casa-de-pastel-e-la-pizza-premium/3O1NeXRfRJ-xOss5brI72A;brand_not_confirmed
1c95b48d-3189-4496-8e70-4e9167967964;La casa de pastel e La Pizza Premium;La casa de pastel e La Pizza Premium R. Primo José Viana Rua por trás do Campo Municipal (83) 98625-2145 Cabedelo PB Instagram;;red;-11;instagram;organic;La Casa De Pastel | 🚨 Informação importante!;https://instagram.com/p/DM8YMUdPU5q;instagram_p_not_profile|brand_not_confirmed|instagram_profile_not_canonicalizable|city_not_confirmed
1c95b48d-3189-4496-8e70-4e9167967964;La casa de pastel e La Pizza Premium;La casa de pastel e La Pizza Premium R. Primo José Viana Rua por trás do Campo Municipal (83) 98625-2145 Cabedelo PB Instagram;;red;-11;instagram;organic;Reel by La Casa De Pastel (@lacasadepastel15) · October 25 ...;https://instagram.com/reel/CGyBR7VnVqP;instagram_reel_not_profile|brand_not_confirmed|instagram_profile_not_canonicalizable|city_not_confirmed
7c405790-3fe5-455d-9a65-8d12b2236e50;Sorveteria glacial;Sorveteria glacial Centro Vila dos Estivadores (83) 99827-1690 Cabedelo PB Instagram;yes;yellow;98;instagram;organic;Sorveteria Glacial (@sorveteriaglacial) · Manaus, AM;https://instagram.com/sorveteriaglacial;city_not_confirmed
7c405790-3fe5-455d-9a65-8d12b2236e50;Sorveteria glacial;Sorveteria glacial Centro Vila dos Estivadores (83) 99827-1690 Cabedelo PB Instagram;;red;35;instagram;organic;"Sorveteria Glacial on Instagram: ""A Glacial tem tudo de ...";https://instagram.com/reel/DRAXI4zkfdJ;instagram_reel_not_profile|instagram_profile_not_canonicalizable|city_not_confirmed
7c405790-3fe5-455d-9a65-8d12b2236e50;Sorveteria glacial;Sorveteria glacial Centro Vila dos Estivadores (83) 99827-1690 Cabedelo PB Instagram;;red;35;instagram;organic;Monte seu sorvete Glacial do jeitinho que você gosta e ...;https://instagram.com/p/DPW1MMRjsei;instagram_p_not_profile|instagram_profile_not_canonicalizable|city_not_confirmed
7c405790-3fe5-455d-9a65-8d12b2236e50;Sorveteria glacial;Sorveteria glacial Centro Vila dos Estivadores (83) 99827-1690 Cabedelo PB Instagram;;red;35;instagram;organic;"Sorveteria Glacial on Instagram: ""Sabores únicos para quem ...";https://instagram.com/reel/DKnbJiUSigj;instagram_reel_not_profile|instagram_profile_not_canonicalizable|city_not_confirmed
7c405790-3fe5-455d-9a65-8d12b2236e50;Sorveteria glacial;Sorveteria glacial Centro Vila dos Estivadores (83) 99827-1690 Cabedelo PB Instagram;;red;35;instagram;organic;Confira os horários e venha aproveitar momentos ...;https://instagram.com/p/DD8sbnOOlWv;instagram_p_not_profile|instagram_profile_not_canonicalizable|city_not_confirmed
7c405790-3fe5-455d-9a65-8d12b2236e50;Sorveteria glacial;Sorveteria glacial Centro Vila dos Estivadores (83) 99827-1690 Cabedelo PB Instagram;;red;35;instagram;organic;Às vezes, tudo que o dia precisa é de um gelado Glacial;https://instagram.com/p/DXuQP7_EVLM;instagram_p_not_profile|instagram_profile_not_canonicalizable|city_not_confirmed
7c405790-3fe5-455d-9a65-8d12b2236e50;Sorveteria glacial;Sorveteria glacial Centro Vila dos Estivadores (83) 99827-1690 Cabedelo PB Instagram;;red;35;instagram;organic;A caixa de 5 litros da Glacial é perfeita pra quem quer ...;https://instagram.com/p/DSFvlDGkZrt;instagram_p_not_profile|instagram_profile_not_canonicalizable|city_not_confirmed
7c405790-3fe5-455d-9a65-8d12b2236e50;Sorveteria glacial;Sorveteria glacial Centro Vila dos Estivadores (83) 99827-1690 Cabedelo PB Instagram;;red;-15;instagram;organic;GLAÇAÍ - SORVETES E AÇAÍ (@glacai0ficial);https://instagram.com/glacai0ficial;conflicting_location:joao pessoa pb|brand_not_confirmed|city_not_confirmed
82d8aca0-64d5-4788-97c7-cf38503d2eb3;BAR DO CHEFF RESTAURANTE;BAR DO CHEFF RESTAURANTE Lj 12 - Intermares Av. Mar Vermelho (83) 98842-9424 Cabedelo PB Instagram;yes;yellow;114;instagram;organic;Bar do Cheff Restaurante (@bardocheffrestaurante);https://instagram.com/bardocheffrestaurante/?hl=pt;
82d8aca0-64d5-4788-97c7-cf38503d2eb3;BAR DO CHEFF RESTAURANTE;BAR DO CHEFF RESTAURANTE Lj 12 - Intermares Av. Mar Vermelho (83) 98842-9424 Cabedelo PB Instagram;;yellow;98;instagram;derived_instagram_handle;Instagram profile @bardocheffrestaurante;https://instagram.com/bardocheffrestaurante;city_not_confirmed
82d8aca0-64d5-4788-97c7-cf38503d2eb3;BAR DO CHEFF RESTAURANTE;BAR DO CHEFF RESTAURANTE Lj 12 - Intermares Av. Mar Vermelho (83) 98842-9424 Cabedelo PB Instagram;;red;5;instagram;organic;A culinária mais elogiada de intermares. 😊 #bardocheff ...;https://instagram.com/p/DYkjFWvp5HF;instagram_p_not_profile|brand_not_confirmed|instagram_profile_not_canonicalizable
82d8aca0-64d5-4788-97c7-cf38503d2eb3;BAR DO CHEFF RESTAURANTE;BAR DO CHEFF RESTAURANTE Lj 12 - Intermares Av. Mar Vermelho (83) 98842-9424 Cabedelo PB Instagram;;red;1;instagram;organic;Mais delícia do nosso cardápio, feita especialmente para ...;https://instagram.com/p/C3QfLDvJ7TS;instagram_p_not_profile|brand_not_confirmed|instagram_profile_not_canonicalizable|city_not_confirmed
82d8aca0-64d5-4788-97c7-cf38503d2eb3;BAR DO CHEFF RESTAURANTE;BAR DO CHEFF RESTAURANTE Lj 12 - Intermares Av. Mar Vermelho (83) 98842-9424 Cabedelo PB Instagram;;red;-11;instagram;organic;Photo by Bar do Cheff Restaurante (@bardocheffrestaurante);https://instagram.com/p/Cu-DBl7L7X6;instagram_p_not_profile|brand_not_confirmed|instagram_profile_not_canonicalizable|city_not_confirmed
82d8aca0-64d5-4788-97c7-cf38503d2eb3;BAR DO CHEFF RESTAURANTE;BAR DO CHEFF RESTAURANTE Lj 12 - Intermares Av. Mar Vermelho (83) 98842-9424 Cabedelo PB Instagram;;red;-11;instagram;organic;Camarões internacionais do Cheff, recheado e delicioso pra ...;https://instagram.com/reel/DWts7bvjkyd;instagram_reel_not_profile|brand_not_confirmed|instagram_profile_not_canonicalizable|city_not_confirmed
82d8aca0-64d5-4788-97c7-cf38503d2eb3;BAR DO CHEFF RESTAURANTE;BAR DO CHEFF RESTAURANTE Lj 12 - Intermares Av. Mar Vermelho (83) 98842-9424 Cabedelo PB Instagram;;red;-11;instagram;organic;Quer uma dupla pra sua cerveja? Que tal um caldo?;https://instagram.com/p/C4eODlArbXY;instagram_p_not_profile|brand_not_confirmed|instagram_profile_not_canonicalizable|city_not_confirmed
82d8aca0-64d5-4788-97c7-cf38503d2eb3;BAR DO CHEFF RESTAURANTE;BAR DO CHEFF RESTAURANTE Lj 12 - Intermares Av. Mar Vermelho (83) 98842-9424 Cabedelo PB Instagram;;red;-11;instagram;organic;A dupla perfeita é só aqui no @bardocheffrestaurante ...;https://instagram.com/reel/C6L-5GUrvqo;instagram_reel_not_profile|brand_not_confirmed|instagram_profile_not_canonicalizable|city_not_confirmed
a0f83830-77b8-4f8f-850d-be06b6658efb;Praçaí - Intermares;Praçaí - Intermares Intermares Av. Oceano Pacífico (83) 98701-9413 Cabedelo PB Instagram;yes;yellow;120;instagram;organic;Praçaí Intermares (@pracaiintermares) · Cabedelo, PB;https://instagram.com/pracaiintermares;
a0f83830-77b8-4f8f-850d-be06b6658efb;Praçaí - Intermares;Praçaí - Intermares Intermares Av. Oceano Pacífico (83) 98701-9413 Cabedelo PB Instagram;;yellow;57;instagram;organic;O melhor açaí está aqui em intermares! ❤ 📍Localização;https://instagram.com/p/BTr1aryAUxL;instagram_p_not_profile|instagram_profile_not_canonicalizable
a0f83830-77b8-4f8f-850d-be06b6658efb;Praçaí - Intermares;Praçaí - Intermares Intermares Av. Oceano Pacífico (83) 98701-9413 Cabedelo PB Instagram;;yellow;51;instagram;organic;🍓💜 EXPLOSÃO DE SABOR NA PRAÇAÍ! ...;https://instagram.com/p/DDaXct4yhdD;instagram_p_not_profile|instagram_profile_not_canonicalizable
a0f83830-77b8-4f8f-850d-be06b6658efb;Praçaí - Intermares;Praçaí - Intermares Intermares Av. Oceano Pacífico (83) 98701-9413 Cabedelo PB Instagram;;red;35;instagram;organic;"Praçaí Intermares on Instagram: ""O domingo pede, Intermares ...";https://instagram.com/reel/DXmeU3BkVIR;instagram_reel_not_profile|instagram_profile_not_canonicalizable|city_not_confirmed
a0f83830-77b8-4f8f-850d-be06b6658efb;Praçaí - Intermares;Praçaí - Intermares Intermares Av. Oceano Pacífico (83) 98701-9413 Cabedelo PB Instagram;;red;30;facebook;organic;Praçaí - Terça Feira é dia de quebrar a semana com o ...;https://facebook.com/pracaiintermares/photos/ter%C3%A7a-feira-%C3%A9-dia-de-quebrar-a-semana-com-o-melhor-a%C3%A7a%C3%AD-da-cidade-localizado-em-/1712482965715862;
a0f83830-77b8-4f8f-850d-be06b6658efb;Praçaí - Intermares;Praçaí - Intermares Intermares Av. Oceano Pacífico (83) 98701-9413 Cabedelo PB Instagram;;red;3;instagram;organic;"Açaí & Sorvete on Instagram: ""É HOJE! A South Beach abre as ...";https://instagram.com/reel/DM0VmAIO6y9;instagram_reel_not_profile|brand_not_confirmed|instagram_profile_not_canonicalizable
a0f83830-77b8-4f8f-850d-be06b6658efb;Praçaí - Intermares;Praçaí - Intermares Intermares Av. Oceano Pacífico (83) 98701-9413 Cabedelo PB Instagram;;red;3;instagram;organic;"Pé de Fruta on Instagram: ""Você já conhece nossa loja que ...";https://instagram.com/reel/C7pBkVCMHP0;instagram_reel_not_profile|brand_not_confirmed|instagram_profile_not_canonicalizable
a0f83830-77b8-4f8f-850d-be06b6658efb;Praçaí - Intermares;Praçaí - Intermares Intermares Av. Oceano Pacífico (83) 98701-9413 Cabedelo PB Instagram;;red;-7;instagram;organic;mere;https://instagram.com/p/DCmYcEnJsSS/?hl=da;instagram_p_not_profile|brand_not_confirmed|instagram_profile_not_canonicalizable|city_not_confirmed
e6b82c85-d208-4590-8889-6aa3de57c7a5;Açaí da Cris;Açaí da Cris Cabedelo Tv. Primo José Viana - Vila Sao Joao (83) 98865-3585 Cabedelo PB Instagram;yes;red;34;instagram;organic;AçaiCity - Acaiteria - Sorveteria🍦 (@meuacaicity);https://instagram.com/meuacaicity;brand_not_confirmed|city_not_confirmed
e6b82c85-d208-4590-8889-6aa3de57c7a5;Açaí da Cris;Açaí da Cris Cabedelo Tv. Primo José Viana - Vila Sao Joao (83) 98865-3585 Cabedelo PB Instagram;;red;5;instagram;organic;Tradição e qualidade andam lado a lado. Açaí da Cris ...;https://instagram.com/p/DSf_e05ifVR;instagram_p_not_profile|brand_not_confirmed|instagram_profile_not_canonicalizable
e6b82c85-d208-4590-8889-6aa3de57c7a5;Açaí da Cris;Açaí da Cris Cabedelo Tv. Primo José Viana - Vila Sao Joao (83) 98865-3585 Cabedelo PB Instagram;;red;3;instagram;organic;Inspiração de São João Peças já disponíveis no site e loja ...;https://instagram.com/reel/DY79-UHCIdr;instagram_reel_not_profile|brand_not_confirmed|instagram_profile_not_canonicalizable
e6b82c85-d208-4590-8889-6aa3de57c7a5;Açaí da Cris;Açaí da Cris Cabedelo Tv. Primo José Viana - Vila Sao Joao (83) 98865-3585 Cabedelo PB Instagram;;red;-3;instagram;organic;Aqui em cabedelo é muito bom família;https://instagram.com/reel/DYndwXdxuun;instagram_reel_not_profile|brand_not_confirmed|instagram_profile_not_canonicalizable
e6b82c85-d208-4590-8889-6aa3de57c7a5;Açaí da Cris;Açaí da Cris Cabedelo Tv. Primo José Viana - Vila Sao Joao (83) 98865-3585 Cabedelo PB Instagram;;red;-6;instagram;derived_instagram_handle;Instagram profile @deliciasdathamy1;https://instagram.com/deliciasdathamy1;brand_not_confirmed|derived_handle_brand_not_confirmed|city_not_confirmed
e6b82c85-d208-4590-8889-6aa3de57c7a5;Açaí da Cris;Açaí da Cris Cabedelo Tv. Primo José Viana - Vila Sao Joao (83) 98865-3585 Cabedelo PB Instagram;;red;-19;instagram;organic;💜🍇 Quando a gente fala Nosso Açaí… é sobre isso aqui: ...;https://instagram.com/p/DSfb6XlDMqu;instagram_p_not_profile|brand_not_confirmed|instagram_profile_not_canonicalizable|city_not_confirmed
e6b82c85-d208-4590-8889-6aa3de57c7a5;Açaí da Cris;Açaí da Cris Cabedelo Tv. Primo José Viana - Vila Sao Joao (83) 98865-3585 Cabedelo PB Instagram;;red;-19;instagram;organic;Vem vem;https://instagram.com/reel/DZaA2E6BHEy;instagram_reel_not_profile|brand_not_confirmed|instagram_profile_not_canonicalizable|city_not_confirmed
e6b82c85-d208-4590-8889-6aa3de57c7a5;Açaí da Cris;Açaí da Cris Cabedelo Tv. Primo José Viana - Vila Sao Joao (83) 98865-3585 Cabedelo PB Instagram;;red;-19;instagram;organic;Quer um açaí com a sua cara? Com tantas ...;https://instagram.com/p/DMqLoZ8MrBB/?hl=sv;instagram_p_not_profile|brand_not_confirmed|instagram_profile_not_canonicalizable|city_not_confirmed
ebc2a604-0b9b-4ccb-896b-e3ccca9d16a1;Pizza Now - Intermares;Pizza Now - Intermares Lj 14 - Ponta de Campina Av. Oceano Atlântico 0800 012 2000 Cabedelo PB Instagram;yes;yellow;98;instagram;organic;Pizza Now (@pizzanowexpress);https://instagram.com/pizzanowexpress;city_not_confirmed
ebc2a604-0b9b-4ccb-896b-e3ccca9d16a1;Pizza Now - Intermares;Pizza Now - Intermares Lj 14 - Ponta de Campina Av. Oceano Atlântico 0800 012 2000 Cabedelo PB Instagram;;green;88;anota_ai;organic;Pizza Now Intermares | Delivery em CABEDELO | Pedido online;https://pedido.anota.ai/loja/pizza-now-intermares;brand_not_confirmed
ebc2a604-0b9b-4ccb-896b-e3ccca9d16a1;Pizza Now - Intermares;Pizza Now - Intermares Lj 14 - Ponta de Campina Av. Oceano Atlântico 0800 012 2000 Cabedelo PB Instagram;;red;17;instagram;organic;"Pizza Now on Instagram: ""O Verão com Pizza Now é muito ...";https://instagram.com/reel/DD1jO7BRoup;instagram_reel_not_profile|brand_not_confirmed|instagram_profile_not_canonicalizable
ebc2a604-0b9b-4ccb-896b-e3ccca9d16a1;Pizza Now - Intermares;Pizza Now - Intermares Lj 14 - Ponta de Campina Av. Oceano Atlântico 0800 012 2000 Cabedelo PB Instagram;;red;-11;instagram;organic;Praia Formosa e no GETMall - Ponta de Campina, prontos ...;https://instagram.com/p/DEVJhmhRETR;instagram_p_not_profile|brand_not_confirmed|instagram_profile_not_canonicalizable|city_not_confirmed
ebc2a604-0b9b-4ccb-896b-e3ccca9d16a1;Pizza Now - Intermares;Pizza Now - Intermares Lj 14 - Ponta de Campina Av. Oceano Atlântico 0800 012 2000 Cabedelo PB Instagram;;red;-11;instagram;organic;🚨 PIZZA NOW está com Oferta de 1 Pizza Grande com 4 ...;https://instagram.com/p/DMqe1R7psqG;instagram_p_not_profile|brand_not_confirmed|instagram_profile_not_canonicalizable|city_not_confirmed
ebc2a604-0b9b-4ccb-896b-e3ccca9d16a1;Pizza Now - Intermares;Pizza Now - Intermares Lj 14 - Ponta de Campina Av. Oceano Atlântico 0800 012 2000 Cabedelo PB Instagram;;red;-11;instagram;organic;"Pizza Now on Instagram: "" Pizza Now é sabor em vários ...";https://instagram.com/reel/DTAx_AnDnAK;instagram_reel_not_profile|brand_not_confirmed|instagram_profile_not_canonicalizable|city_not_confirmed
ebc2a604-0b9b-4ccb-896b-e3ccca9d16a1;Pizza Now - Intermares;Pizza Now - Intermares Lj 14 - Ponta de Campina Av. Oceano Atlântico 0800 012 2000 Cabedelo PB Instagram;;red;-11;instagram;organic;🍕✨ Verão com sabor novo é na Pizza Now! Chegaram ...;https://instagram.com/p/DTK_xkkDdJT;instagram_p_not_profile|brand_not_confirmed|instagram_profile_not_canonicalizable|city_not_confirmed
ebc2a604-0b9b-4ccb-896b-e3ccca9d16a1;Pizza Now - Intermares;Pizza Now - Intermares Lj 14 - Ponta de Campina Av. Oceano Atlântico 0800 012 2000 Cabedelo PB Instagram;;red;-14;pizzanow.com.br;organic;Pizza Now;https://pizzanow.com.br;brand_not_confirmed|city_not_confirmed
0558e6bf-f6d6-41f5-b20d-d7adcb9dccdd;Viciados em Sushi;Viciados em Sushi Centro R. Pedro Aleixo Moura (83) 98704-2458 Cabedelo PB Instagram;yes;yellow;132;instagram;organic;Viciados Em Sushi (@viciadosemsushi);https://instagram.com/viciadosemsushi;
0558e6bf-f6d6-41f5-b20d-d7adcb9dccdd;Viciados em Sushi;Viciados em Sushi Centro R. Pedro Aleixo Moura (83) 98704-2458 Cabedelo PB Instagram;;yellow;51;instagram;organic;Viciados Em Sushi | Estamos te esperando com o melhor ...;https://instagram.com/p/CfUw7-kP0SL;instagram_p_not_profile|instagram_profile_not_canonicalizable
0558e6bf-f6d6-41f5-b20d-d7adcb9dccdd;Viciados em Sushi;Viciados em Sushi Centro R. Pedro Aleixo Moura (83) 98704-2458 Cabedelo PB Instagram;;yellow;51;instagram;organic;Photo by Viciados Em Sushi (@viciadosemsushi);https://instagram.com/p/B8lzhJ7p56f/?hl=fb-ha;instagram_p_not_profile|instagram_profile_not_canonicalizable
0558e6bf-f6d6-41f5-b20d-d7adcb9dccdd;Viciados em Sushi;Viciados em Sushi Centro R. Pedro Aleixo Moura (83) 98704-2458 Cabedelo PB Instagram;;red;35;instagram;organic;Time dos viciados em temaki ❤️;https://instagram.com/reel/DW9s2gNj_wj;instagram_reel_not_profile|instagram_profile_not_canonicalizable|city_not_confirmed
0558e6bf-f6d6-41f5-b20d-d7adcb9dccdd;Viciados em Sushi;Viciados em Sushi Centro R. Pedro Aleixo Moura (83) 98704-2458 Cabedelo PB Instagram;;red;-19;instagram;organic;"Sushi da Praça on Instagram: ""Não é fome é vontade ...";https://instagram.com/reel/DTdt5-UjolR;instagram_reel_not_profile|brand_not_confirmed|instagram_profile_not_canonicalizable|city_not_confirmed
0558e6bf-f6d6-41f5-b20d-d7adcb9dccdd;Viciados em Sushi;Viciados em Sushi Centro R. Pedro Aleixo Moura (83) 98704-2458 Cabedelo PB Instagram;;red;-19;instagram;organic;O SUSHI MAIS FAMOSO DE INTERMARES Av Mar Vermelho ...;https://instagram.com/reel/DAGlh2qpRl5;instagram_reel_not_profile|brand_not_confirmed|instagram_profile_not_canonicalizable|city_not_confirmed
0558e6bf-f6d6-41f5-b20d-d7adcb9dccdd;Viciados em Sushi;Viciados em Sushi Centro R. Pedro Aleixo Moura (83) 98704-2458 Cabedelo PB Instagram;;red;-19;instagram;organic;O melhor do Japonês combina com um drink à altura! 😮‍💨😮‍ ...;https://instagram.com/p/DYnTMQsgCN7;instagram_p_not_profile|brand_not_confirmed|instagram_profile_not_canonicalizable|city_not_confirmed
0558e6bf-f6d6-41f5-b20d-d7adcb9dccdd;Viciados em Sushi;Viciados em Sushi Centro R. Pedro Aleixo Moura (83) 98704-2458 Cabedelo PB Instagram;;red;-19;instagram;organic;"Sushi da Praça on Instagram: "" Aquela vontade de rodízio de ...";https://instagram.com/reel/DCZ81qpPvCS;instagram_reel_not_profile|brand_not_confirmed|instagram_profile_not_canonicalizable|city_not_confirmed
59147bb0-0a1d-4493-a05a-ba54bd8cd26c;Restaurante Ondas;Restaurante Ondas Cabedelo Av. Cassiano da Cunha Nóbrega - Santa Catarina (83) 98898-8397 Cabedelo PB Instagram;yes;yellow;98;instagram;organic;Restaurante Ondas (@restauranteondas);https://instagram.com/restauranteondas;city_not_confirmed
59147bb0-0a1d-4493-a05a-ba54bd8cd26c;Restaurante Ondas;Restaurante Ondas Cabedelo Av. Cassiano da Cunha Nóbrega - Santa Catarina (83) 98898-8397 Cabedelo PB Instagram;;yellow;56;instagram;organic;Tenda Formosa restaurante (@tendaformosaoficial);https://instagram.com/tendaformosaoficial;brand_not_confirmed
59147bb0-0a1d-4493-a05a-ba54bd8cd26c;Restaurante Ondas;Restaurante Ondas Cabedelo Av. Cassiano da Cunha Nóbrega - Santa Catarina (83) 98898-8397 Cabedelo PB Instagram;;yellow;56;instagram;organic;Cibelly Mar | Restaurante Flutuante (@cibellymarr);https://instagram.com/cibellymarr;brand_not_confirmed
59147bb0-0a1d-4493-a05a-ba54bd8cd26c;Restaurante Ondas;Restaurante Ondas Cabedelo Av. Cassiano da Cunha Nóbrega - Santa Catarina (83) 98898-8397 Cabedelo PB Instagram;;yellow;50;instagram;organic;Ilha Dourada (@ilhadouradarestaurante);https://instagram.com/ilhadouradarestaurante;brand_not_confirmed
59147bb0-0a1d-4493-a05a-ba54bd8cd26c;Restaurante Ondas;Restaurante Ondas Cabedelo Av. Cassiano da Cunha Nóbrega - Santa Catarina (83) 98898-8397 Cabedelo PB Instagram;;red;8;tripadvisor;organic;RESTAURANTE ONDAS CABEDELO - Comentários de ...;https://tripadvisor.com.br/Restaurant_Review-g793398-d5937608-Reviews-Restaurante_Ondas_cabedelo-Cabedelo_State_of_Paraiba.html;brand_not_confirmed
59147bb0-0a1d-4493-a05a-ba54bd8cd26c;Restaurante Ondas;Restaurante Ondas Cabedelo Av. Cassiano da Cunha Nóbrega - Santa Catarina (83) 98898-8397 Cabedelo PB Instagram;;red;2;facebook;organic;Restaurante Ondas | Cabedelos PB;https://facebook.com/restauranteondaspraia/?locale=pt_BR;brand_not_confirmed
59147bb0-0a1d-4493-a05a-ba54bd8cd26c;Restaurante Ondas;Restaurante Ondas Cabedelo Av. Cassiano da Cunha Nóbrega - Santa Catarina (83) 98898-8397 Cabedelo PB Instagram;;red;-3;instagram;organic;Caldinho Prime | Praia Formosa| Cabedelo | Peixe inteiro no ...;https://instagram.com/reel/C6mL4S-rCOE;instagram_reel_not_profile|brand_not_confirmed|instagram_profile_not_canonicalizable
59147bb0-0a1d-4493-a05a-ba54bd8cd26c;Restaurante Ondas;Restaurante Ondas Cabedelo Av. Cassiano da Cunha Nóbrega - Santa Catarina (83) 98898-8397 Cabedelo PB Instagram;;red;-3;instagram;organic;83 3228-1826 (zap) Vem viver o paraíso! # ...;https://instagram.com/p/DZ8AfH3xenc;instagram_p_not_profile|brand_not_confirmed|instagram_profile_not_canonicalizable
538d1975-cdfa-4c9f-97f6-ddee94efc67b;Meio Quilo;Meio Quilo Centro R. Aderbal Piragibe (83) 3228-8464 Cabedelo PB Instagram;;red;44;tripadvisor;organic;RESTAURANTE MEIO QUILO, Cabedelo - Comentários de ...;https://tripadvisor.com.br/Restaurant_Review-g793398-d7867522-Reviews-Restaurante_Meio_Quilo-Cabedelo_State_of_Paraiba.html;
538d1975-cdfa-4c9f-97f6-ddee94efc67b;Meio Quilo;Meio Quilo Centro R. Aderbal Piragibe (83) 3228-8464 Cabedelo PB Instagram;yes;red;38;instagram;organic;SECULT Cabedelo/PB - Brasil (@secultcabedelo);https://instagram.com/secultcabedelo;brand_not_confirmed|name_not_confirmed
538d1975-cdfa-4c9f-97f6-ddee94efc67b;Meio Quilo;Meio Quilo Centro R. Aderbal Piragibe (83) 3228-8464 Cabedelo PB Instagram;;red;38;instagram;organic;Cibelly Mar | Restaurante Flutuante (@cibellymarr);https://instagram.com/cibellymarr;brand_not_confirmed|name_not_confirmed
538d1975-cdfa-4c9f-97f6-ddee94efc67b;Meio Quilo;Meio Quilo Centro R. Aderbal Piragibe (83) 3228-8464 Cabedelo PB Instagram;;red;-11;instagram;organic;🪑✨ Agora é oficial: o Mr. Quilo está recebendo reservas! ...;https://instagram.com/p/DL0P62-JWzU;instagram_p_not_profile|brand_not_confirmed|instagram_profile_not_canonicalizable|city_not_confirmed
538d1975-cdfa-4c9f-97f6-ddee94efc67b;Meio Quilo;Meio Quilo Centro R. Aderbal Piragibe (83) 3228-8464 Cabedelo PB Instagram;;red;-15;instagram;organic;Obrigada Cabedelo-PB! Que show lindo ...;https://instagram.com/p/DLSI_PxuhwS;instagram_p_not_profile|brand_not_confirmed|name_not_confirmed|instagram_profile_not_canonicalizable
538d1975-cdfa-4c9f-97f6-ddee94efc67b;Meio Quilo;Meio Quilo Centro R. Aderbal Piragibe (83) 3228-8464 Cabedelo PB Instagram;;red;-15;instagram;organic;"Lovina Ponta de Campina on Instagram: ""Vamos almoçar ...";https://instagram.com/reel/CxDjerhL58p;instagram_reel_not_profile|brand_not_confirmed|name_not_confirmed|instagram_profile_not_canonicalizable
538d1975-cdfa-4c9f-97f6-ddee94efc67b;Meio Quilo;Meio Quilo Centro R. Aderbal Piragibe (83) 3228-8464 Cabedelo PB Instagram;;red;-15;instagram;organic;Cabedelo - PB, que energia surreal! 🔥 Foi simplesmente ...;https://instagram.com/p/DLf472DPguM;instagram_p_not_profile|brand_not_confirmed|name_not_confirmed|instagram_profile_not_canonicalizable
538d1975-cdfa-4c9f-97f6-ddee94efc67b;Meio Quilo;Meio Quilo Centro R. Aderbal Piragibe (83) 3228-8464 Cabedelo PB Instagram;;red;-21;instagram;organic;"Nadson Acessórios on Instagram: ""A Loja Mais completa da ...";https://instagram.com/reel/CR89wH6DWka;instagram_reel_not_profile|brand_not_confirmed|name_not_confirmed|instagram_profile_not_canonicalizable
fbf76b65-220f-4ae7-89fc-fec690985eda;Tapiocaria do Dinho;Tapiocaria do Dinho Cabedelo Av. Ambrósio Miranda de Araújo - Renascer (83) 98645-7353 Cabedelo PB Instagram;yes;yellow;126;instagram;organic;TAPIOCARIA DO DINHO 🔥 (@tapiocariadinho);https://instagram.com/tapiocariadinho;
fbf76b65-220f-4ae7-89fc-fec690985eda;Tapiocaria do Dinho;Tapiocaria do Dinho Cabedelo Av. Ambrósio Miranda de Araújo - Renascer (83) 98645-7353 Cabedelo PB Instagram;;yellow;50;instagram;organic;Cantinho do Real lanches (@cantinhodoreallanches);https://instagram.com/cantinhodoreallanches;brand_not_confirmed
fbf76b65-220f-4ae7-89fc-fec690985eda;Tapiocaria do Dinho;Tapiocaria do Dinho Cabedelo Av. Ambrósio Miranda de Araújo - Renascer (83) 98645-7353 Cabedelo PB Instagram;;red;34;instagram;organic;Tapioca da Leuda (@tapiocadaleuda);https://instagram.com/tapiocadaleuda;brand_not_confirmed|city_not_confirmed
fbf76b65-220f-4ae7-89fc-fec690985eda;Tapiocaria do Dinho;Tapiocaria do Dinho Cabedelo Av. Ambrósio Miranda de Araújo - Renascer (83) 98645-7353 Cabedelo PB Instagram;;red;2;wanderboat.ai;organic;Tapiocaria do Dinho - Av. Ambrósio Miranda de Araújo;https://wanderboat.ai/restaurants/brazil/regi%C3%A3o-geogr%C3%A1fica-imediata-de-jo%C3%A3o-pessoa/tapiocaria-do-dinho/BeHZ-_4ZQWWB6a3wYH4tKw;brand_not_confirmed
fbf76b65-220f-4ae7-89fc-fec690985eda;Tapiocaria do Dinho;Tapiocaria do Dinho Cabedelo Av. Ambrósio Miranda de Araújo - Renascer (83) 98645-7353 Cabedelo PB Instagram;;red;2;jusbrasil.com.br;organic;Tapioca do Dinho, Cabedelo/PB, 24.948.030/0001-92;https://jusbrasil.com.br/nome/tapioca-do-dinho/cnpj-5MLk30Lwacm;brand_not_confirmed
fbf76b65-220f-4ae7-89fc-fec690985eda;Tapiocaria do Dinho;Tapiocaria do Dinho Cabedelo Av. Ambrósio Miranda de Araújo - Renascer (83) 98645-7353 Cabedelo PB Instagram;;red;-3;instagram;organic;Tapioca boa a gente sente de longe o cheirinho, né? 🔥 ⏰ ...;https://instagram.com/reel/DQ_sP_rjpoi;instagram_reel_not_profile|brand_not_confirmed|instagram_profile_not_canonicalizable
fbf76b65-220f-4ae7-89fc-fec690985eda;Tapiocaria do Dinho;Tapiocaria do Dinho Cabedelo Av. Ambrósio Miranda de Araújo - Renascer (83) 98645-7353 Cabedelo PB Instagram;;red;-3;instagram;organic;Venham experimentar nossa tapioca que é referência aqui ...;https://instagram.com/reel/DX31SVoA32Z;instagram_reel_not_profile|brand_not_confirmed|instagram_profile_not_canonicalizable
fbf76b65-220f-4ae7-89fc-fec690985eda;Tapiocaria do Dinho;Tapiocaria do Dinho Cabedelo Av. Ambrósio Miranda de Araújo - Renascer (83) 98645-7353 Cabedelo PB Instagram;;red;-4;waze.com;organic;Упътвания към Tapioca do Dinho, Av. Ambrósio Miranda ...;https://waze.com/bg/live-map/directions/tapioca-do-dinho-av.-ambrosio-miranda-de-araujo-cabedelo?to=place.w.213059265.2130854797.14335890;brand_not_confirmed
cd9230d9-bdb7-4b4d-8b2a-2add5fe0d487;Residência do Mário;Residência do Mário Camalaú R. Cleto Campêlo (83) 99988-2096 Cabedelo PB Instagram;yes;yellow;140;instagram;organic;residencia do mario (@residenciadomario) · Cabedelos, PB;https://instagram.com/residenciadomario;
cd9230d9-bdb7-4b4d-8b2a-2add5fe0d487;Residência do Mário;Residência do Mário Camalaú R. Cleto Campêlo (83) 99988-2096 Cabedelo PB Instagram;;yellow;128;instagram;organic;residencia do mario (@residenciadomario) · Cabedelos, PB;https://instagram.com/residenciadomario/reels;
cd9230d9-bdb7-4b4d-8b2a-2add5fe0d487;Residência do Mário;Residência do Mário Camalaú R. Cleto Campêlo (83) 99988-2096 Cabedelo PB Instagram;;yellow;65;instagram;organic;Reel by residencia do mario (@residenciadomario) · May 1 ...;https://instagram.com/reel/DJHcpVdxCOG;instagram_reel_not_profile|instagram_profile_not_canonicalizable
cd9230d9-bdb7-4b4d-8b2a-2add5fe0d487;Residência do Mário;Residência do Mário Camalaú R. Cleto Campêlo (83) 99988-2096 Cabedelo PB Instagram;;yellow;65;instagram;organic;Na @residenciadomario é proibido beijar Depois de 15 anos ...;https://instagram.com/reel/DRAcp_AEf-I;instagram_reel_not_profile|instagram_profile_not_canonicalizable
cd9230d9-bdb7-4b4d-8b2a-2add5fe0d487;Residência do Mário;Residência do Mário Camalaú R. Cleto Campêlo (83) 99988-2096 Cabedelo PB Instagram;;red;44;tripadvisor;organic;Residência Do Mario - Restaurantes: Cabedelo;https://tripadvisor.com.br/Restaurant_Review-g793398-d30332900-Reviews-Residencia_Do_Mario-Cabedelo_State_of_Paraiba.html;
cd9230d9-bdb7-4b4d-8b2a-2add5fe0d487;Residência do Mário;Residência do Mário Camalaú R. Cleto Campêlo (83) 99988-2096 Cabedelo PB Instagram;;red;38;cabedelo.pb.gov.br;organic;Residência do Mário | Prefeitura de Cabedelo;https://cabedelo.pb.gov.br/ondecomer/residencia-do-mario;
cd9230d9-bdb7-4b4d-8b2a-2add5fe0d487;Residência do Mário;Residência do Mário Camalaú R. Cleto Campêlo (83) 99988-2096 Cabedelo PB Instagram;;red;32;instagram;organic;Prefeitura de Cabedelo (@prefeituradecabedelo);https://instagram.com/prefeituradecabedelo;brand_not_confirmed|name_not_confirmed
cd9230d9-bdb7-4b4d-8b2a-2add5fe0d487;Residência do Mário;Residência do Mário Camalaú R. Cleto Campêlo (83) 99988-2096 Cabedelo PB Instagram;;red;5;instagram;organic;PROIBIDO BEIJAR Hoje venho mostrar e indicar pra vocês ...;https://instagram.com/reel/DGGQPPuxe5u;instagram_reel_not_profile|brand_not_confirmed|instagram_profile_not_canonicalizable
07f16c40-a81c-4d0a-8f71-5ef78a3be31c;A Casa do Temakinho;A Casa do Temakinho Intermares Av. Mar da Irlanda (83) 99944-9296 Cabedelo PB Instagram;;green;130;anota_ai;organic;A Casa Do Temakinho | Delivery em Cabedelo | Pedido online;https://pedido.anota.ai/loja/a-casa-do-temakinho;
07f16c40-a81c-4d0a-8f71-5ef78a3be31c;A Casa do Temakinho;A Casa do Temakinho Intermares Av. Mar da Irlanda (83) 99944-9296 Cabedelo PB Instagram;yes;yellow;128;instagram;organic;A CASA DO TEMAKINHO 🍣🥢 (@acasadotemakinho);https://instagram.com/acasadotemakinho/reels;
07f16c40-a81c-4d0a-8f71-5ef78a3be31c;A Casa do Temakinho;A Casa do Temakinho Intermares Av. Mar da Irlanda (83) 99944-9296 Cabedelo PB Instagram;;red;38;cabedelo.pb.gov.br;organic;A Casa do Temakinho | Prefeitura de Cabedelo;https://cabedelo.pb.gov.br/ondecomer/a-casa-do-temakinho;
07f16c40-a81c-4d0a-8f71-5ef78a3be31c;A Casa do Temakinho;A Casa do Temakinho Intermares Av. Mar da Irlanda (83) 99944-9296 Cabedelo PB Instagram;;red;38;instagram;organic;Pipa Temaki (@pipatemaki) · Cabedelo, PB;https://instagram.com/pipatemaki;brand_not_confirmed|name_not_confirmed
07f16c40-a81c-4d0a-8f71-5ef78a3be31c;A Casa do Temakinho;A Casa do Temakinho Intermares Av. Mar da Irlanda (83) 99944-9296 Cabedelo PB Instagram;;red;28;instagram;organic;Sakê Temakeria Premium (@saketemaki);https://instagram.com/saketemaki;brand_not_confirmed|name_not_confirmed|city_not_confirmed
07f16c40-a81c-4d0a-8f71-5ef78a3be31c;A Casa do Temakinho;A Casa do Temakinho Intermares Av. Mar da Irlanda (83) 99944-9296 Cabedelo PB Instagram;;red;-9;instagram;organic;Sábado é dia de saborear o melhor da culinária! 😍 Venha ...;https://instagram.com/p/C3dCz29rTm4;instagram_p_not_profile|brand_not_confirmed|name_not_confirmed|instagram_profile_not_canonicalizable
07f16c40-a81c-4d0a-8f71-5ef78a3be31c;A Casa do Temakinho;A Casa do Temakinho Intermares Av. Mar da Irlanda (83) 99944-9296 Cabedelo PB Instagram;;red;-15;instagram;organic;Para o seu fim de semana FICAR MELHOR O lugar É AQUI ...;https://instagram.com/reel/DEuy-fjRSUv;instagram_reel_not_profile|brand_not_confirmed|name_not_confirmed|instagram_profile_not_canonicalizable
07f16c40-a81c-4d0a-8f71-5ef78a3be31c;A Casa do Temakinho;A Casa do Temakinho Intermares Av. Mar da Irlanda (83) 99944-9296 Cabedelo PB Instagram;;red;-24;tiktok.com;organic;O Sushi Mais Famoso de Intermares: Pipa Temaki;https://tiktok.com/@hafaeuu/video/7416367588827041030;brand_not_confirmed|name_not_confirmed
4f71666b-ecb6-4963-9201-86bcc7d29c66;churrascaria do biu;churrascaria do biu Lot. Vitorino Cardoso R. Carolino Cardoso (83) 98752-5897 Cabedelo PB Instagram;;green;88;anota_ai;organic;churrascaria e pizzaria do biu | Delivery em CABEDELO;https://pedido.anota.ai/loja/pizzaria-do-biu;brand_not_confirmed
4f71666b-ecb6-4963-9201-86bcc7d29c66;churrascaria do biu;churrascaria do biu Lot. Vitorino Cardoso R. Carolino Cardoso (83) 98752-5897 Cabedelo PB Instagram;yes;yellow;56;instagram;organic;RESTAURANTE POR DO SOL • (@bar_restaurantepordosol);https://instagram.com/bar_restaurantepordosol;brand_not_confirmed
4f71666b-ecb6-4963-9201-86bcc7d29c66;churrascaria do biu;churrascaria do biu Lot. Vitorino Cardoso R. Carolino Cardoso (83) 98752-5897 Cabedelo PB Instagram;;red;34;instagram;organic;Lovina Ponta de Campina (@lovinapontadecampina);https://instagram.com/lovinapontadecampina/?hl=pt;brand_not_confirmed|city_not_confirmed
4f71666b-ecb6-4963-9201-86bcc7d29c66;churrascaria do biu;churrascaria do biu Lot. Vitorino Cardoso R. Carolino Cardoso (83) 98752-5897 Cabedelo PB Instagram;;red;15;instagram;organic;Não é apenas frango, é uma experiência! Leve a verdadeira ...;https://instagram.com/reel/DO9cupUiQZu;instagram_reel_not_profile|brand_not_confirmed|instagram_profile_not_canonicalizable
4f71666b-ecb6-4963-9201-86bcc7d29c66;churrascaria do biu;churrascaria do biu Lot. Vitorino Cardoso R. Carolino Cardoso (83) 98752-5897 Cabedelo PB Instagram;;red;2;wanderlog.com;organic;Os 15 melhores restaurantes para jantar em Cabedelo;https://wanderlog.com/pt/list/geoCategory/31056/os-melhores-restaurantes-para-jantar-em-cabedelo;brand_not_confirmed
4f71666b-ecb6-4963-9201-86bcc7d29c66;churrascaria do biu;churrascaria do biu Lot. Vitorino Cardoso R. Carolino Cardoso (83) 98752-5897 Cabedelo PB Instagram;;red;-3;instagram;organic;Ponta de Campina, Cabedelo ⏰ Todos os dias das 09h às ...;https://instagram.com/p/Cb7hfQ-O4Ii;instagram_p_not_profile|brand_not_confirmed|instagram_profile_not_canonicalizable
4f71666b-ecb6-4963-9201-86bcc7d29c66;churrascaria do biu;churrascaria do biu Lot. Vitorino Cardoso R. Carolino Cardoso (83) 98752-5897 Cabedelo PB Instagram;;red;-6;cabedelo.pb.gov.br;organic;Badionaldo | Prefeitura de Cabedelo;https://cabedelo.pb.gov.br/ondecomer/badionaldo;brand_not_confirmed
4f71666b-ecb6-4963-9201-86bcc7d29c66;churrascaria do biu;churrascaria do biu Lot. Vitorino Cardoso R. Carolino Cardoso (83) 98752-5897 Cabedelo PB Instagram;;red;-19;instagram;organic;"Lovina Ponta de Campina on Instagram: ""Procurando onde ...";https://instagram.com/reel/CawsnoPjejQ;instagram_reel_not_profile|brand_not_confirmed|instagram_profile_not_canonicalizable|city_not_confirmed
a84400f3-afea-406e-a1ec-93c1b6e8d34f;Pizzaria Bom Sabor;Pizzaria Bom Sabor Lot. Oceania R. Jair Cunha Cavalcanti (83) 98762-6366 Cabedelo PB Instagram;yes;yellow;128;instagram;organic;Pizzaria Bom Sabor 🍕 (@pizzariabomsaborpb2);https://instagram.com/pizzariabomsaborpb2;
a84400f3-afea-406e-a1ec-93c1b6e8d34f;Pizzaria Bom Sabor;Pizzaria Bom Sabor Lot. Oceania R. Jair Cunha Cavalcanti (83) 98762-6366 Cabedelo PB Instagram;;yellow;128;instagram;organic;Pizzaria Bom Sabor🍕 (@pizzariabomsaborpb);https://instagram.com/pizzariabomsaborpb;
a84400f3-afea-406e-a1ec-93c1b6e8d34f;Pizzaria Bom Sabor;Pizzaria Bom Sabor Lot. Oceania R. Jair Cunha Cavalcanti (83) 98762-6366 Cabedelo PB Instagram;;yellow;118;instagram;organic;Pizzaria Bom Sabor (@pizzariaa_bom_sabor);https://instagram.com/pizzariaa_bom_sabor;city_not_confirmed
a84400f3-afea-406e-a1ec-93c1b6e8d34f;Pizzaria Bom Sabor;Pizzaria Bom Sabor Lot. Oceania R. Jair Cunha Cavalcanti (83) 98762-6366 Cabedelo PB Instagram;;yellow;72;instagram;derived_instagram_handle;Instagram profile @aleribeiro_gastro;https://instagram.com/aleribeiro_gastro;derived_handle_brand_not_confirmed
a84400f3-afea-406e-a1ec-93c1b6e8d34f;Pizzaria Bom Sabor;Pizzaria Bom Sabor Lot. Oceania R. Jair Cunha Cavalcanti (83) 98762-6366 Cabedelo PB Instagram;;yellow;59;instagram;organic;Pizzaria Bom Sabor🍕 on Instagram;https://instagram.com/p/CFfpc_1Fsyo;instagram_p_not_profile|instagram_profile_not_canonicalizable
a84400f3-afea-406e-a1ec-93c1b6e8d34f;Pizzaria Bom Sabor;Pizzaria Bom Sabor Lot. Oceania R. Jair Cunha Cavalcanti (83) 98762-6366 Cabedelo PB Instagram;;yellow;55;instagram;organic;Pra 2025 mais feliz, que venha muita pizza! Peça baixando ...;https://instagram.com/p/DEXiEpuvd46;instagram_p_not_profile|instagram_profile_not_canonicalizable|city_not_confirmed
a84400f3-afea-406e-a1ec-93c1b6e8d34f;Pizzaria Bom Sabor;Pizzaria Bom Sabor Lot. Oceania R. Jair Cunha Cavalcanti (83) 98762-6366 Cabedelo PB Instagram;;yellow;50;pizzariabomsaborpb.com.br;organic;Pizzaria Bom Sabor PB | Cabedelo - Jacaré;https://pizzariabomsaborpb.com.br;
a84400f3-afea-406e-a1ec-93c1b6e8d34f;Pizzaria Bom Sabor;Pizzaria Bom Sabor Lot. Oceania R. Jair Cunha Cavalcanti (83) 98762-6366 Cabedelo PB Instagram;;red;43;instagram;organic;Bom Sabor | Pizzaria on Instagram;https://instagram.com/reel/DZQiW3ZurCe;instagram_reel_not_profile|instagram_profile_not_canonicalizable|city_not_confirmed
69139ad6-c662-4fd6-b67f-aefef25c5923;PARCEIRO Rosa Lanches;PARCEIRO Rosa Lanches Ponta de Matos R. Ten. Antônio Pontes (83) 98836-3792 Cabedelo PB Instagram;yes;yellow;132;instagram;organic;LANCHONETE EM CABEDELO (PB) (@rosaalanches_);https://instagram.com/rosaalanches_;
69139ad6-c662-4fd6-b67f-aefef25c5923;PARCEIRO Rosa Lanches;PARCEIRO Rosa Lanches Ponta de Matos R. Ten. Antônio Pontes (83) 98836-3792 Cabedelo PB Instagram;;yellow;120;instagram;derived_instagram_handle;Instagram profile @rosaalanches;https://instagram.com/rosaalanches;
69139ad6-c662-4fd6-b67f-aefef25c5923;PARCEIRO Rosa Lanches;PARCEIRO Rosa Lanches Ponta de Matos R. Ten. Antônio Pontes (83) 98836-3792 Cabedelo PB Instagram;;green;94;anota_ai;organic;Rosa Lanches | Delivery em Cabedelo | Pedido online;https://pedido.anota.ai/loja/rosalanches;brand_not_confirmed
69139ad6-c662-4fd6-b67f-aefef25c5923;PARCEIRO Rosa Lanches;PARCEIRO Rosa Lanches Ponta de Matos R. Ten. Antônio Pontes (83) 98836-3792 Cabedelo PB Instagram;;red;11;instagram;organic;Marca aqui Uma pessoa que começa com a letra (M) que ...;https://instagram.com/reel/C7fm7fxt-ep;instagram_reel_not_profile|brand_not_confirmed|instagram_profile_not_canonicalizable
69139ad6-c662-4fd6-b67f-aefef25c5923;PARCEIRO Rosa Lanches;PARCEIRO Rosa Lanches Ponta de Matos R. Ten. Antônio Pontes (83) 98836-3792 Cabedelo PB Instagram;;red;11;instagram;organic;Venha se deliciar com o nosso X SALADA;https://instagram.com/p/C9nO1ZqR9lm;instagram_p_not_profile|brand_not_confirmed|instagram_profile_not_canonicalizable
69139ad6-c662-4fd6-b67f-aefef25c5923;PARCEIRO Rosa Lanches;PARCEIRO Rosa Lanches Ponta de Matos R. Ten. Antônio Pontes (83) 98836-3792 Cabedelo PB Instagram;;red;11;instagram;organic;ROSA LANCHES - LANCHONETE EM CABEDELO (PB) ...;https://instagram.com/p/DEX6ClJxxA6/?hl=pa;instagram_p_not_profile|brand_not_confirmed|instagram_profile_not_canonicalizable
69139ad6-c662-4fd6-b67f-aefef25c5923;PARCEIRO Rosa Lanches;PARCEIRO Rosa Lanches Ponta de Matos R. Ten. Antônio Pontes (83) 98836-3792 Cabedelo PB Instagram;;red;11;instagram;organic;ROSA LANCHES - LANCHONETE EM CABEDELO (PB ...;https://instagram.com/p/DTgs21LCQyx;instagram_p_not_profile|brand_not_confirmed|instagram_profile_not_canonicalizable
69139ad6-c662-4fd6-b67f-aefef25c5923;PARCEIRO Rosa Lanches;PARCEIRO Rosa Lanches Ponta de Matos R. Ten. Antônio Pontes (83) 98836-3792 Cabedelo PB Instagram;;red;5;instagram;organic;Reel by ROSA LANCHES - LANCHONETE EM CABEDELO ...;https://instagram.com/reel/DUB2y6rCQeN;instagram_reel_not_profile|brand_not_confirmed|instagram_profile_not_canonicalizable
80b5b1fc-6d5a-4b7d-ab56-f1aadcf1c403;Erste Sonne Cervejaria Independente;Erste Sonne Cervejaria Independente Jardim America R. José Bartolomeu Cabral (83) 99808-7425 Cabedelo PB Instagram;yes;yellow;128;instagram;organic;Hamburgueria Sonne Haus Pub | Cervejaria em João ...;https://instagram.com/sonnehaushamburgueria/reels;
80b5b1fc-6d5a-4b7d-ab56-f1aadcf1c403;Erste Sonne Cervejaria Independente;Erste Sonne Cervejaria Independente Jardim America R. José Bartolomeu Cabral (83) 99808-7425 Cabedelo PB Instagram;;yellow;128;instagram;organic;Hamburgueria Sonne Haus Pub | Cervejaria em João ...;https://instagram.com/sonnehaushamburgueria;
80b5b1fc-6d5a-4b7d-ab56-f1aadcf1c403;Erste Sonne Cervejaria Independente;Erste Sonne Cervejaria Independente Jardim America R. José Bartolomeu Cabral (83) 99808-7425 Cabedelo PB Instagram;;yellow;104;instagram;organic;CERVEJARIA ERSTE SONNE >>> É PRESENÇA OFICIAL ...;https://instagram.com/festivaldacervejajp/p/DBhxv90sA7y;city_not_confirmed
80b5b1fc-6d5a-4b7d-ab56-f1aadcf1c403;Erste Sonne Cervejaria Independente;Erste Sonne Cervejaria Independente Jardim America R. José Bartolomeu Cabral (83) 99808-7425 Cabedelo PB Instagram;;yellow;81;instagram;organic;"Cervejaria em João Pessoa- PB on Instagram: ""Ambiente ...";https://instagram.com/reel/C8iIvSgpXcm;instagram_reel_not_profile|instagram_profile_not_canonicalizable
80b5b1fc-6d5a-4b7d-ab56-f1aadcf1c403;Erste Sonne Cervejaria Independente;Erste Sonne Cervejaria Independente Jardim America R. José Bartolomeu Cabral (83) 99808-7425 Cabedelo PB Instagram;;yellow;67;instagram;organic;Details ✨️ #sonnehaus #choppartesanal #bar #hamburguer;https://instagram.com/p/C8zhOF1Rl7t;instagram_p_not_profile|instagram_profile_not_canonicalizable
80b5b1fc-6d5a-4b7d-ab56-f1aadcf1c403;Erste Sonne Cervejaria Independente;Erste Sonne Cervejaria Independente Jardim America R. José Bartolomeu Cabral (83) 99808-7425 Cabedelo PB Instagram;;yellow;52;linktree;organic;Cervejaria Erste Sonne Restaurant - Visit to Find Food ...;https://linktr.ee/ErsteSonne;city_not_confirmed
80b5b1fc-6d5a-4b7d-ab56-f1aadcf1c403;Erste Sonne Cervejaria Independente;Erste Sonne Cervejaria Independente Jardim America R. José Bartolomeu Cabral (83) 99808-7425 Cabedelo PB Instagram;;yellow;46;facebook;organic;Cervejaria Erste Sonne | Cabedelo PB;https://facebook.com/cervejariaerstesonne/?locale=pt_BR;
80b5b1fc-6d5a-4b7d-ab56-f1aadcf1c403;Erste Sonne Cervejaria Independente;Erste Sonne Cervejaria Independente Jardim America R. José Bartolomeu Cabral (83) 99808-7425 Cabedelo PB Instagram;;yellow;46;brejas.com.br;organic;Cervejaria Erste Sonne;https://brejas.com.br/cervejaria/microcervejaria/cervejaria-erste-sonne;
55d451bc-f6ee-40f5-b611-7ef6158392d5;Kubanacan Bar e Restaurante;Kubanacan Bar e Restaurante Camboinha R. Julieta Viana (83) 99921-2329 Cabedelo PB Instagram;yes;yellow;120;instagram;organic;kubanacan Bar (@kubanacanbaroficial);https://instagram.com/kubanacanbaroficial;
55d451bc-f6ee-40f5-b611-7ef6158392d5;Kubanacan Bar e Restaurante;Kubanacan Bar e Restaurante Camboinha R. Julieta Viana (83) 99921-2329 Cabedelo PB Instagram;;yellow;120;instagram;organic;Kubanacan Paiva (@kubanacanpaiva);https://instagram.com/kubanacanpaiva;
55d451bc-f6ee-40f5-b611-7ef6158392d5;Kubanacan Bar e Restaurante;Kubanacan Bar e Restaurante Camboinha R. Julieta Viana (83) 99921-2329 Cabedelo PB Instagram;;yellow;120;instagram;organic;kubanacan Bar (@kubanacanbaroficial);https://instagram.com/kubanacanbaroficial/reels;
55d451bc-f6ee-40f5-b611-7ef6158392d5;Kubanacan Bar e Restaurante;Kubanacan Bar e Restaurante Camboinha R. Julieta Viana (83) 99921-2329 Cabedelo PB Instagram;;yellow;98;instagram;organic;KUBANACAN Bar (@kubanacanbar);https://instagram.com/kubanacanbar;city_not_confirmed
55d451bc-f6ee-40f5-b611-7ef6158392d5;Kubanacan Bar e Restaurante;Kubanacan Bar e Restaurante Camboinha R. Julieta Viana (83) 99921-2329 Cabedelo PB Instagram;;yellow;57;instagram;organic;Reel by kubanacan Bar (@kubanacanbaroficial);https://instagram.com/p/DFfst56O_X4;instagram_p_not_profile|instagram_profile_not_canonicalizable
55d451bc-f6ee-40f5-b611-7ef6158392d5;Kubanacan Bar e Restaurante;Kubanacan Bar e Restaurante Camboinha R. Julieta Viana (83) 99921-2329 Cabedelo PB Instagram;;red;35;instagram;organic;KUBANACAN Bar on Instagram;https://instagram.com/p/C197yk4rrFr;instagram_p_not_profile|instagram_profile_not_canonicalizable|city_not_confirmed
55d451bc-f6ee-40f5-b611-7ef6158392d5;Kubanacan Bar e Restaurante;Kubanacan Bar e Restaurante Camboinha R. Julieta Viana (83) 99921-2329 Cabedelo PB Instagram;;red;35;instagram;organic;Sábado é dia de feijoada, música boa e cerveja gelada aqui ...;https://instagram.com/reel/DECp707OwEq;instagram_reel_not_profile|instagram_profile_not_canonicalizable|city_not_confirmed
55d451bc-f6ee-40f5-b611-7ef6158392d5;Kubanacan Bar e Restaurante;Kubanacan Bar e Restaurante Camboinha R. Julieta Viana (83) 99921-2329 Cabedelo PB Instagram;;red;35;instagram;organic;Venham aproveitar o verão e deliciar dos pratos do ...;https://instagram.com/p/CI8e4-IJnMt;instagram_p_not_profile|instagram_profile_not_canonicalizable|city_not_confirmed
eeb4213a-a5a1-4286-a33f-b6fea80cb891;Restaurante Pôr do Sol;Restaurante Pôr do Sol Vila Sao Joao R. Pres. João Pessoa (83) 99672-7835 Cabedelo PB Instagram;yes;yellow;128;instagram;organic;RESTAURANTE POR DO SOL • (@bar_restaurantepordosol);https://instagram.com/bar_restaurantepordosol;
eeb4213a-a5a1-4286-a33f-b6fea80cb891;Restaurante Pôr do Sol;Restaurante Pôr do Sol Vila Sao Joao R. Pres. João Pessoa (83) 99672-7835 Cabedelo PB Instagram;;yellow;65;instagram;organic;Pôr do sol na Praia do Jacaré – Cabedelo/PB Um espetáculo ...;https://instagram.com/reel/DUQIn0xkRZU;instagram_reel_not_profile|instagram_profile_not_canonicalizable
eeb4213a-a5a1-4286-a33f-b6fea80cb891;Restaurante Pôr do Sol;Restaurante Pôr do Sol Vila Sao Joao R. Pres. João Pessoa (83) 99672-7835 Cabedelo PB Instagram;;yellow;62;instagram;derived_instagram_handle;Instagram profile @thiagolocacoes_pb;https://instagram.com/thiagolocacoes_pb;derived_handle_brand_not_confirmed|city_not_confirmed
eeb4213a-a5a1-4286-a33f-b6fea80cb891;Restaurante Pôr do Sol;Restaurante Pôr do Sol Vila Sao Joao R. Pres. João Pessoa (83) 99672-7835 Cabedelo PB Instagram;;red;44;tripadvisor;organic;RESTAURANTE POR DO SOL, Cabedelo;https://tripadvisor.com.br/Restaurant_Review-g793398-d25321334-Reviews-Restaurante_Por_do_Sol-Cabedelo_State_of_Paraiba.html;
eeb4213a-a5a1-4286-a33f-b6fea80cb891;Restaurante Pôr do Sol;Restaurante Pôr do Sol Vila Sao Joao R. Pres. João Pessoa (83) 99672-7835 Cabedelo PB Instagram;;red;43;instagram;organic;Uma experiência indescritível prestigiar o pôr do sol do ...;https://instagram.com/p/DSN7iLuEcj_;instagram_p_not_profile|instagram_profile_not_canonicalizable|city_not_confirmed
eeb4213a-a5a1-4286-a33f-b6fea80cb891;Restaurante Pôr do Sol;Restaurante Pôr do Sol Vila Sao Joao R. Pres. João Pessoa (83) 99672-7835 Cabedelo PB Instagram;;red;43;instagram;organic;Tem coisa melhor do que assistir o pôr do sol do Jacaré ...;https://instagram.com/p/DYCqceeFCNB;instagram_p_not_profile|instagram_profile_not_canonicalizable|city_not_confirmed
eeb4213a-a5a1-4286-a33f-b6fea80cb891;Restaurante Pôr do Sol;Restaurante Pôr do Sol Vila Sao Joao R. Pres. João Pessoa (83) 99672-7835 Cabedelo PB Instagram;;red;43;instagram;organic;O pôr do sol na praia do Jacaré, às margens do rio Sanhauá ...;https://instagram.com/reel/DDj1fCSu93Q/?hl=pt;instagram_reel_not_profile|instagram_profile_not_canonicalizable|city_not_confirmed
eeb4213a-a5a1-4286-a33f-b6fea80cb891;Restaurante Pôr do Sol;Restaurante Pôr do Sol Vila Sao Joao R. Pres. João Pessoa (83) 99672-7835 Cabedelo PB Instagram;;red;38;map;organic;Bar Restaurante Tenda Por do Sol in Cabedelo - PB, Brazil;https://maps.apple.com/place?auid=5395177992657704035&lsp=9902;map_not_direct_menu
dce45040-f5ad-45a1-9029-04e65ce13e78;Sax Café - Por do Sol da Praia do Jacaré Cabedelo/PB;Sax Café - Por do Sol da Praia do Jacaré Cabedelo/PB R. Praia do Jacaré Pôr do Sol Cabedelo PB Instagram;yes;yellow;136;instagram;organic;saxcafe · Cabedelo, PB;https://instagram.com/saxcafe;
dce45040-f5ad-45a1-9029-04e65ce13e78;Sax Café - Por do Sol da Praia do Jacaré Cabedelo/PB;Sax Café - Por do Sol da Praia do Jacaré Cabedelo/PB R. Praia do Jacaré Pôr do Sol Cabedelo PB Instagram;;yellow;128;instagram;organic;Pôr do Sol do Jacaré (@pordosoldojacare) · Cabedelo, PB;https://instagram.com/pordosoldojacare;
dce45040-f5ad-45a1-9029-04e65ce13e78;Sax Café - Por do Sol da Praia do Jacaré Cabedelo/PB;Sax Café - Por do Sol da Praia do Jacaré Cabedelo/PB R. Praia do Jacaré Pôr do Sol Cabedelo PB Instagram;;yellow;110;instagram;organic;Jurandy Felix (@jurandydosax);https://instagram.com/jurandydosax;city_not_confirmed
dce45040-f5ad-45a1-9029-04e65ce13e78;Sax Café - Por do Sol da Praia do Jacaré Cabedelo/PB;Sax Café - Por do Sol da Praia do Jacaré Cabedelo/PB R. Praia do Jacaré Pôr do Sol Cabedelo PB Instagram;;yellow;67;instagram;organic;O pôr do sol na Praia do Jacaré é diferente de qualquer outro ...;https://instagram.com/reel/DV6ENmQjT8j/?hl=pt;instagram_reel_not_profile|instagram_profile_not_canonicalizable
dce45040-f5ad-45a1-9029-04e65ce13e78;Sax Café - Por do Sol da Praia do Jacaré Cabedelo/PB;Sax Café - Por do Sol da Praia do Jacaré Cabedelo/PB R. Praia do Jacaré Pôr do Sol Cabedelo PB Instagram;;yellow;67;instagram;organic;O Pôr do Sol do Jacaré, em Cabedelo, João Pessoa, é um ...;https://instagram.com/reel/DVPhyS_keVS;instagram_reel_not_profile|instagram_profile_not_canonicalizable
dce45040-f5ad-45a1-9029-04e65ce13e78;Sax Café - Por do Sol da Praia do Jacaré Cabedelo/PB;Sax Café - Por do Sol da Praia do Jacaré Cabedelo/PB R. Praia do Jacaré Pôr do Sol Cabedelo PB Instagram;;yellow;64;instagram;derived_instagram_handle;Instagram profile @ivo.fochesatto;https://instagram.com/ivo.fochesatto;derived_handle_brand_not_confirmed|city_not_confirmed
dce45040-f5ad-45a1-9029-04e65ce13e78;Sax Café - Por do Sol da Praia do Jacaré Cabedelo/PB;Sax Café - Por do Sol da Praia do Jacaré Cabedelo/PB R. Praia do Jacaré Pôr do Sol Cabedelo PB Instagram;;yellow;64;instagram;derived_instagram_handle;Instagram profile @nicamaleoa;https://instagram.com/nicamaleoa;derived_handle_brand_not_confirmed|city_not_confirmed
dce45040-f5ad-45a1-9029-04e65ce13e78;Sax Café - Por do Sol da Praia do Jacaré Cabedelo/PB;Sax Café - Por do Sol da Praia do Jacaré Cabedelo/PB R. Praia do Jacaré Pôr do Sol Cabedelo PB Instagram;;yellow;60;wanderboat.ai;organic;Sax Café - Por do Sol da Praia do Jacaré Cabedelo/PB;https://wanderboat.ai/restaurants/brazil/regi%C3%A3o-geogr%C3%A1fica-imediata-de-jo%C3%A3o-pessoa/sax-caf%C3%A9---por-do-sol-da-praia-do-jacar%C3%A9-cabedelo%2Fpb/I6NAuM6KRXOQwyAMxyK9PQ;
c23b0422-4e34-43be-b07e-6a494804f6fc;Lary's pizzaria e lanchonete;Lary's pizzaria e lanchonete Jardim Camboinha R. Antônia Fernandes Oliveira (83) 98877-2470 Cabedelo PB Instagram;;yellow;80;anota_ai;organic;Larys Pizzaria e Lanchonete | Delivery em Cabedelo;https://pedido.anota.ai/loja/larys-pizzaria-e-lanchonete;brand_not_confirmed
c23b0422-4e34-43be-b07e-6a494804f6fc;Lary's pizzaria e lanchonete;Lary's pizzaria e lanchonete Jardim Camboinha R. Antônia Fernandes Oliveira (83) 98877-2470 Cabedelo PB Instagram;yes;yellow;68;instagram;organic;larys pizzaria (@laryspizzariaoficial) · Cabedelo, PB;https://instagram.com/laryspizzariaoficial;brand_not_confirmed
c23b0422-4e34-43be-b07e-6a494804f6fc;Lary's pizzaria e lanchonete;Lary's pizzaria e lanchonete Jardim Camboinha R. Antônia Fernandes Oliveira (83) 98877-2470 Cabedelo PB Instagram;;red;-3;instagram;organic;larys pizzaria | Querendo comemorar seu ANIVERSÁRIO ...;https://instagram.com/p/B40orbXl2Va;instagram_p_not_profile|brand_not_confirmed|instagram_profile_not_canonicalizable
c23b0422-4e34-43be-b07e-6a494804f6fc;Lary's pizzaria e lanchonete;Lary's pizzaria e lanchonete Jardim Camboinha R. Antônia Fernandes Oliveira (83) 98877-2470 Cabedelo PB Instagram;;red;-7;instagram;organic;Boa noite, façam seus pedidos pelo telefone: 38971579 ou ...;https://instagram.com/reel/CHLzy4Gjwfo;instagram_reel_not_profile|brand_not_confirmed|instagram_profile_not_canonicalizable|city_not_confirmed
c23b0422-4e34-43be-b07e-6a494804f6fc;Lary's pizzaria e lanchonete;Lary's pizzaria e lanchonete Jardim Camboinha R. Antônia Fernandes Oliveira (83) 98877-2470 Cabedelo PB Instagram;;red;-7;instagram;organic;Se você já provou, sabe do que estamos falando;https://instagram.com/p/DYu-mXEAtjB;instagram_p_not_profile|brand_not_confirmed|instagram_profile_not_canonicalizable|city_not_confirmed
c23b0422-4e34-43be-b07e-6a494804f6fc;Lary's pizzaria e lanchonete;Lary's pizzaria e lanchonete Jardim Camboinha R. Antônia Fernandes Oliveira (83) 98877-2470 Cabedelo PB Instagram;;red;-19;instagram;organic;PIZZAS, BURGERS, PASTEL, SORVETES E MUITO MAIS A ...;https://instagram.com/reel/DaEJ9okPcCa;instagram_reel_not_profile|brand_not_confirmed|instagram_profile_not_canonicalizable|city_not_confirmed
c23b0422-4e34-43be-b07e-6a494804f6fc;Lary's pizzaria e lanchonete;Lary's pizzaria e lanchonete Jardim Camboinha R. Antônia Fernandes Oliveira (83) 98877-2470 Cabedelo PB Instagram;;red;-19;instagram;organic;SORTEIO DE REINAUGURAÇÃO ✨🚨 ...;https://instagram.com/p/DYcnU8HOncG;instagram_p_not_profile|brand_not_confirmed|instagram_profile_not_canonicalizable|city_not_confirmed
c23b0422-4e34-43be-b07e-6a494804f6fc;Lary's pizzaria e lanchonete;Lary's pizzaria e lanchonete Jardim Camboinha R. Antônia Fernandes Oliveira (83) 98877-2470 Cabedelo PB Instagram;;red;-19;instagram;organic;Estamos em Camboinha viu! Todos os dias das 18h às 23h ...;https://instagram.com/reel/DD0DVOiSYvl;instagram_reel_not_profile|brand_not_confirmed|instagram_profile_not_canonicalizable|city_not_confirmed
90398f02-4ae4-44a1-bd64-3f008fdca37c;Bar e Restaurante Solânense;Bar e Restaurante Solânense Centro R. Sólon de Lucena (83) 98811-7616 Cabedelo PB Instagram;yes;yellow;120;instagram;derived_instagram_handle;Instagram profile @solanense_restaurante;https://instagram.com/solanense_restaurante;
90398f02-4ae4-44a1-bd64-3f008fdca37c;Bar e Restaurante Solânense;Bar e Restaurante Solânense Centro R. Sólon de Lucena (83) 98811-7616 Cabedelo PB Instagram;;yellow;114;instagram;organic;Solanense - Bar e Restaurante 🌊 (@restaurante_solanense);https://instagram.com/restaurante_solanense;
90398f02-4ae4-44a1-bd64-3f008fdca37c;Bar e Restaurante Solânense;Bar e Restaurante Solânense Centro R. Sólon de Lucena (83) 98811-7616 Cabedelo PB Instagram;;yellow;57;instagram;organic;Reel by Solanense - Bar e Restaurante ...;https://instagram.com/reel/ChujU63Onil;instagram_reel_not_profile|instagram_profile_not_canonicalizable
90398f02-4ae4-44a1-bd64-3f008fdca37c;Bar e Restaurante Solânense;Bar e Restaurante Solânense Centro R. Sólon de Lucena (83) 98811-7616 Cabedelo PB Instagram;;yellow;57;instagram;organic;"Solanense - Bar e Restaurante on Instagram: ""Bom dia ...";https://instagram.com/reel/C2r8TnkLeF9;instagram_reel_not_profile|instagram_profile_not_canonicalizable
90398f02-4ae4-44a1-bd64-3f008fdca37c;Bar e Restaurante Solânense;Bar e Restaurante Solânense Centro R. Sólon de Lucena (83) 98811-7616 Cabedelo PB Instagram;;yellow;56;instagram;organic;RESTAURANTE POR DO SOL • (@bar_restaurantepordosol);https://instagram.com/bar_restaurantepordosol;brand_not_confirmed
90398f02-4ae4-44a1-bd64-3f008fdca37c;Bar e Restaurante Solânense;Bar e Restaurante Solânense Centro R. Sólon de Lucena (83) 98811-7616 Cabedelo PB Instagram;;yellow;46;instagram;organic;CHEF EM CASA BAR (@chefemcasabar) - Messejana;https://instagram.com/chefemcasabar;brand_not_confirmed|city_not_confirmed
90398f02-4ae4-44a1-bd64-3f008fdca37c;Bar e Restaurante Solânense;Bar e Restaurante Solânense Centro R. Sólon de Lucena (83) 98811-7616 Cabedelo PB Instagram;;red;35;instagram;organic;@restaurante_solanense Fone 83 98811 7616;https://instagram.com/p/Chw4PrwrmFf;instagram_p_not_profile|instagram_profile_not_canonicalizable|city_not_confirmed
90398f02-4ae4-44a1-bd64-3f008fdca37c;Bar e Restaurante Solânense;Bar e Restaurante Solânense Centro R. Sólon de Lucena (83) 98811-7616 Cabedelo PB Instagram;;red;35;instagram;organic;Photo by Solanense - Bar e Restaurante ...;https://instagram.com/p/Cls_y5AuGp_;instagram_p_not_profile|instagram_profile_not_canonicalizable|city_not_confirmed
3549abc7-3261-4ec3-af59-820112bd2358;Cibelly Mar - Restaurante no Por do Sol do Jacaré;Cibelly Mar - Restaurante no Por do Sol do Jacaré R. Praia do Jacaré Av. Pôr do Sol (83) 99394-0898 Cabedelo PB Instagram;yes;yellow;128;instagram;organic;Cibelly Mar | Restaurante Flutuante (@cibellymarr);https://instagram.com/cibellymarr;
3549abc7-3261-4ec3-af59-820112bd2358;Cibelly Mar - Restaurante no Por do Sol do Jacaré;Cibelly Mar - Restaurante no Por do Sol do Jacaré R. Praia do Jacaré Av. Pôr do Sol (83) 99394-0898 Cabedelo PB Instagram;;yellow;128;instagram;organic;Cibelly Bar & Restaurante (@cibellybar) · Cabedelo, PB;https://instagram.com/cibellybar/?hl=pt-br;
3549abc7-3261-4ec3-af59-820112bd2358;Cibelly Mar - Restaurante no Por do Sol do Jacaré;Cibelly Mar - Restaurante no Por do Sol do Jacaré R. Praia do Jacaré Av. Pôr do Sol (83) 99394-0898 Cabedelo PB Instagram;;yellow;81;instagram;organic;"Cibelly Mar | Restaurante Flutuante on Instagram: ""Chegar ao ...";https://instagram.com/reel/DWBmfjQp4w2;instagram_reel_not_profile|instagram_profile_not_canonicalizable
3549abc7-3261-4ec3-af59-820112bd2358;Cibelly Mar - Restaurante no Por do Sol do Jacaré;Cibelly Mar - Restaurante no Por do Sol do Jacaré R. Praia do Jacaré Av. Pôr do Sol (83) 99394-0898 Cabedelo PB Instagram;;yellow;81;instagram;organic;Você precisa conhecer esse restaurante na Praia do Jacaré ...;https://instagram.com/reel/DUA6HnsD7bI;instagram_reel_not_profile|instagram_profile_not_canonicalizable
3549abc7-3261-4ec3-af59-820112bd2358;Cibelly Mar - Restaurante no Por do Sol do Jacaré;Cibelly Mar - Restaurante no Por do Sol do Jacaré R. Praia do Jacaré Av. Pôr do Sol (83) 99394-0898 Cabedelo PB Instagram;;yellow;81;instagram;organic;Cibelly Bar & Restaurante Desde 1980 . #mar #praia #sol ...;https://instagram.com/p/CzggwVfAUpZ;instagram_p_not_profile|instagram_profile_not_canonicalizable
3549abc7-3261-4ec3-af59-820112bd2358;Cibelly Mar - Restaurante no Por do Sol do Jacaré;Cibelly Mar - Restaurante no Por do Sol do Jacaré R. Praia do Jacaré Av. Pôr do Sol (83) 99394-0898 Cabedelo PB Instagram;;yellow;59;instagram;organic;"Cibelly Mar | Restaurante Flutuante on Instagram: ""No Cibelly ...";https://instagram.com/reel/DaSphpFxenb;instagram_reel_not_profile|instagram_profile_not_canonicalizable
3549abc7-3261-4ec3-af59-820112bd2358;Cibelly Mar - Restaurante no Por do Sol do Jacaré;Cibelly Mar - Restaurante no Por do Sol do Jacaré R. Praia do Jacaré Av. Pôr do Sol (83) 99394-0898 Cabedelo PB Instagram;;yellow;59;instagram;organic;“Sol, mar e um ambiente único : o paraíso flutua por aqui! ...;https://instagram.com/p/DI3mO8DRLVg;instagram_p_not_profile|instagram_profile_not_canonicalizable|city_not_confirmed
3549abc7-3261-4ec3-af59-820112bd2358;Cibelly Mar - Restaurante no Por do Sol do Jacaré;Cibelly Mar - Restaurante no Por do Sol do Jacaré R. Praia do Jacaré Av. Pôr do Sol (83) 99394-0898 Cabedelo PB Instagram;;yellow;51;instagram;organic;É o tipo de experiência que mistura música, ...;https://instagram.com/p/DW80uHdpsT1/?__d=1telegram%E7%A4%BE%E5%B7%A5%E5%BA%93%E6%9C%BA%E5%99%A8%E4%BA%BA%E2%9C%94%EF%B8%8F%2Bwanbila.com%2B%E5%BF%85%E5%BA%94%E7%A4%BE%E5%B7%A5%E5%BA%93%E6%9F%A5%E8%AF%A2%E6%9F%90%E4%B8%AA%E4%BA%BA%E5%90%8D%E4%B8%8B%E6%89%80%E6%9C%89%E6%88%BF%E4%BA%A7%E9%A6%96%E8%A6%81%E9%80%89%E6%8B%A9%E7%9A%84%E6%8A%80%E6%9C%AF%E5%9B%A2%E9%98%9F%E5%8D%8F%E4%BD%9C;instagram_p_not_profile|instagram_profile_not_canonicalizable|city_not_confirmed
42a3fb16-037e-4824-9f83-b62fee3b8407;Tia Graça Cafeteria e Doceria;Tia Graça Cafeteria e Doceria Intermares R. Golfo da China Cabedelo PB Instagram;yes;red;-20;mackenzie.br;organic;O que é o TIA?;https://mackenzie.br/noticias/artigo/n/a/i/o-que-e-o-tia;brand_not_confirmed|city_not_confirmed
42a3fb16-037e-4824-9f83-b62fee3b8407;Tia Graça Cafeteria e Doceria;Tia Graça Cafeteria e Doceria Intermares R. Golfo da China Cabedelo PB Instagram;;red;-20;tiasonia.com.br;organic;Site Oficial da Tia Sônia - Amor, Sabor e Qualidade;https://tiasonia.com.br/?srsltid=AfmBOooR0mYmpgGglc8CWUqDGqU3-Z2u6-NN1wpCTEGQ-iMzD2ZVyQZp;brand_not_confirmed|city_not_confirmed
42a3fb16-037e-4824-9f83-b62fee3b8407;Tia Graça Cafeteria e Doceria;Tia Graça Cafeteria e Doceria Intermares R. Golfo da China Cabedelo PB Instagram;;red;-20;tiaciata.org.br;organic;Casa da Tia Ciata - Biografia;https://tiaciata.org.br/tia-ciata/biografia;brand_not_confirmed|city_not_confirmed
42a3fb16-037e-4824-9f83-b62fee3b8407;Tia Graça Cafeteria e Doceria;Tia Graça Cafeteria e Doceria Intermares R. Golfo da China Cabedelo PB Instagram;;red;-20;youtube.com;organic;Tia Cecéu;https://youtube.com/tiaceceu;brand_not_confirmed|city_not_confirmed
42a3fb16-037e-4824-9f83-b62fee3b8407;Tia Graça Cafeteria e Doceria;Tia Graça Cafeteria e Doceria Intermares R. Golfo da China Cabedelo PB Instagram;;red;-20;amazon.com.br;organic;Querida tia | Amazon.com.br;https://amazon.com.br/Querida-tia-Val%C3%A9rie-Perrin/dp/8551012681;brand_not_confirmed|city_not_confirmed
42a3fb16-037e-4824-9f83-b62fee3b8407;Tia Graça Cafeteria e Doceria;Tia Graça Cafeteria e Doceria Intermares R. Golfo da China Cabedelo PB Instagram;;red;-20;tia.org.za;organic;Technology Innovation Agency (TIA);https://tia.org.za;brand_not_confirmed|city_not_confirmed
42a3fb16-037e-4824-9f83-b62fee3b8407;Tia Graça Cafeteria e Doceria;Tia Graça Cafeteria e Doceria Intermares R. Golfo da China Cabedelo PB Instagram;;red;-20;mayoclinic.org;organic;Transient ischemic attack (TIA) - Symptoms and causes;https://mayoclinic.org/diseases-conditions/transient-ischemic-attack/symptoms-causes/syc-20355679;brand_not_confirmed|city_not_confirmed
63e642dd-ed66-42a7-ae08-d395f8110b6d;Tempero De Casa;Tempero De Casa Cabedelo R. Maurício de Alençar Cavalcante - Jardim America (83) 98870-4790 Cabedelo PB Instagram;yes;yellow;124;instagram;organic;marmitaria_temperodecasa;https://instagram.com/marmitaria_temperodecasa;city_not_confirmed
63e642dd-ed66-42a7-ae08-d395f8110b6d;Tempero De Casa;Tempero De Casa Cabedelo R. Maurício de Alençar Cavalcante - Jardim America (83) 98870-4790 Cabedelo PB Instagram;;yellow;118;instagram;organic;Restaurante Tempero de Casa (@tempe_rodecasa03);https://instagram.com/tempe_rodecasa03;city_not_confirmed
63e642dd-ed66-42a7-ae08-d395f8110b6d;Tempero De Casa;Tempero De Casa Cabedelo R. Maurício de Alençar Cavalcante - Jardim America (83) 98870-4790 Cabedelo PB Instagram;;yellow;116;instagram;organic;(@temperodaneidejp) • Instagram photos and videos;https://instagram.com/temperodaneidejp;city_not_confirmed
63e642dd-ed66-42a7-ae08-d395f8110b6d;Tempero De Casa;Tempero De Casa Cabedelo R. Maurício de Alençar Cavalcante - Jardim America (83) 98870-4790 Cabedelo PB Instagram;;red;44;tripadvisor;organic;TEMPERO DE CASA, Cabedelo - Tripadvisor;https://tripadvisor.pt/Restaurant_Review-g793398-d27371819-Reviews-Tempero_De_Casa-Cabedelo_State_of_Paraiba.html;
63e642dd-ed66-42a7-ae08-d395f8110b6d;Tempero De Casa;Tempero De Casa Cabedelo R. Maurício de Alençar Cavalcante - Jardim America (83) 98870-4790 Cabedelo PB Instagram;;red;43;instagram;organic;"Casa Tempero on Instagram: ""Seja bem-vindo a mais um ...";https://instagram.com/reel/DQwaBkWCb0M;instagram_reel_not_profile|instagram_profile_not_canonicalizable|city_not_confirmed
63e642dd-ed66-42a7-ae08-d395f8110b6d;Tempero De Casa;Tempero De Casa Cabedelo R. Maurício de Alençar Cavalcante - Jardim America (83) 98870-4790 Cabedelo PB Instagram;;red;43;instagram;organic;Vem aí o nosso Prato Feito no Tempero de Casa! A partir do ...;https://instagram.com/reel/DI7auPYJ6m2;instagram_reel_not_profile|instagram_profile_not_canonicalizable|city_not_confirmed
63e642dd-ed66-42a7-ae08-d395f8110b6d;Tempero De Casa;Tempero De Casa Cabedelo R. Maurício de Alençar Cavalcante - Jardim America (83) 98870-4790 Cabedelo PB Instagram;;red;35;instagram;organic;Sexta e sábado têm sabor especial aqui no Temperô;https://instagram.com/p/DN8SuqvDq4E;instagram_p_not_profile|instagram_profile_not_canonicalizable|city_not_confirmed
63e642dd-ed66-42a7-ae08-d395f8110b6d;Tempero De Casa;Tempero De Casa Cabedelo R. Maurício de Alençar Cavalcante - Jardim America (83) 98870-4790 Cabedelo PB Instagram;;red;35;instagram;organic;Antes de chegar até a sua mesa, o nosso tempero passa por ...;https://instagram.com/reel/DKPJgvws4OP;instagram_reel_not_profile|instagram_profile_not_canonicalizable|city_not_confirmed
e88b7772-a307-4cca-a7b8-e3c7f6502788;Pizzaria Jacaré;Pizzaria Jacaré Lot. Oceania VI R. Arco Íris Cabedelo PB Instagram;yes;yellow;110;instagram;organic;Pizzaria Bom Sabor🍕 (@pizzariabomsaborpb);https://instagram.com/pizzariabomsaborpb;
e88b7772-a307-4cca-a7b8-e3c7f6502788;Pizzaria Jacaré;Pizzaria Jacaré Lot. Oceania VI R. Arco Íris Cabedelo PB Instagram;;yellow;106;instagram;organic;Pôr do Sol do Jacaré (@pordosoldojacare) · Cabedelo, PB;https://instagram.com/pordosoldojacare;
e88b7772-a307-4cca-a7b8-e3c7f6502788;Pizzaria Jacaré;Pizzaria Jacaré Lot. Oceania VI R. Arco Íris Cabedelo PB Instagram;;yellow;84;instagram;organic;Eu Quero Pizza - Food Truck 🍕 (@euqueropizzafoodtruck);https://instagram.com/euqueropizzafoodtruck;name_not_confirmed
e88b7772-a307-4cca-a7b8-e3c7f6502788;Pizzaria Jacaré;Pizzaria Jacaré Lot. Oceania VI R. Arco Íris Cabedelo PB Instagram;;yellow;53;instagram;organic;Praia do Jacaré, Cabedelo (PB) Compartilha com quem devia ...;https://instagram.com/reel/DUl3yIhEpl-;instagram_reel_not_profile|instagram_profile_not_canonicalizable
e88b7772-a307-4cca-a7b8-e3c7f6502788;Pizzaria Jacaré;Pizzaria Jacaré Lot. Oceania VI R. Arco Íris Cabedelo PB Instagram;;yellow;47;instagram;organic;Tantas opções para você escolher, e ainda trazer quem ...;https://instagram.com/reel/DS43RMiDr__;instagram_reel_not_profile|instagram_profile_not_canonicalizable
e88b7772-a307-4cca-a7b8-e3c7f6502788;Pizzaria Jacaré;Pizzaria Jacaré Lot. Oceania VI R. Arco Íris Cabedelo PB Instagram;;red;44;instagram;derived_instagram_handle;Instagram profile @arcoirispalmas;https://instagram.com/arcoirispalmas;derived_handle_brand_not_confirmed|city_not_confirmed
e88b7772-a307-4cca-a7b8-e3c7f6502788;Pizzaria Jacaré;Pizzaria Jacaré Lot. Oceania VI R. Arco Íris Cabedelo PB Instagram;;red;43;instagram;organic;Arco-Íris Restaurante e Pizzaria | Faça seu pedido de forma ...;https://instagram.com/reel/DA6zdFGP0x6;instagram_reel_not_profile|instagram_profile_not_canonicalizable|city_not_confirmed
e88b7772-a307-4cca-a7b8-e3c7f6502788;Pizzaria Jacaré;Pizzaria Jacaré Lot. Oceania VI R. Arco Íris Cabedelo PB Instagram;;red;31;instagram;organic;Arco-Íris Restaurante e Pizzaria | O clássico que nunca ...;https://instagram.com/reel/DTRDu7WiWbt;instagram_reel_not_profile|instagram_profile_not_canonicalizable|city_not_confirmed
fd64e520-194c-4a69-a6e7-1ea6f8213889;Casa de Taipa;Casa de Taipa Praia do poço R. Vitorino Cardoso (83) 99195-9104 Cabedelo PB Instagram;yes;yellow;98;instagram;organic;Casa.com.br (@casacombr);https://instagram.com/casacombr;city_not_confirmed
fd64e520-194c-4a69-a6e7-1ea6f8213889;Casa de Taipa;Casa de Taipa Praia do poço R. Vitorino Cardoso (83) 99195-9104 Cabedelo PB Instagram;;red;38;serpapi.com;local;Casa Criaria;https://serpapi.com/search.json?device=desktop&engine=google&gl=br&google_domain=google.com.br&hl=pt-br&ludocid=1679048712380379828&q=Casa+de+Taipa+Praia+do+po%C3%A7o+R.+Vitorino+Cardoso+%2883%29+99195-9104+Cabedelo+PB+Instagram;
fd64e520-194c-4a69-a6e7-1ea6f8213889;Casa de Taipa;Casa de Taipa Praia do poço R. Vitorino Cardoso (83) 99195-9104 Cabedelo PB Instagram;;red;38;serpapi.com;local;Casa Luso Brasileira;https://serpapi.com/search.json?device=desktop&engine=google&gl=br&google_domain=google.com.br&hl=pt-br&ludocid=2341377406267385549&q=Casa+de+Taipa+Praia+do+po%C3%A7o+R.+Vitorino+Cardoso+%2883%29+99195-9104+Cabedelo+PB+Instagram;
fd64e520-194c-4a69-a6e7-1ea6f8213889;Casa de Taipa;Casa de Taipa Praia do poço R. Vitorino Cardoso (83) 99195-9104 Cabedelo PB Instagram;;red;38;serpapi.com;local;a.casa.paz;https://serpapi.com/search.json?device=desktop&engine=google&gl=br&google_domain=google.com.br&hl=pt-br&ludocid=17384438598072509434&q=Casa+de+Taipa+Praia+do+po%C3%A7o+R.+Vitorino+Cardoso+%2883%29+99195-9104+Cabedelo+PB+Instagram;
fd64e520-194c-4a69-a6e7-1ea6f8213889;Casa de Taipa;Casa de Taipa Praia do poço R. Vitorino Cardoso (83) 99195-9104 Cabedelo PB Instagram;;red;-20;casa.abril.com.br;organic;CASA.COM.BR - Assine Abril;https://casa.abril.com.br;brand_not_confirmed|city_not_confirmed
fd64e520-194c-4a69-a6e7-1ea6f8213889;Casa de Taipa;Casa de Taipa Praia do poço R. Vitorino Cardoso (83) 99195-9104 Cabedelo PB Instagram;;red;-20;pt.wikipedia.org;organic;Casa – Wikipédia, a enciclopédia livre;https://pt.wikipedia.org/wiki/Casa;brand_not_confirmed|city_not_confirmed
fd64e520-194c-4a69-a6e7-1ea6f8213889;Casa de Taipa;Casa de Taipa Praia do poço R. Vitorino Cardoso (83) 99195-9104 Cabedelo PB Instagram;;red;-20;lelloimoveis.com.br;organic;Casas à venda em São Paulo - SP;https://lelloimoveis.com.br/venda/residencial/casa-tipos/1-pagina;brand_not_confirmed|city_not_confirmed
fd64e520-194c-4a69-a6e7-1ea6f8213889;Casa de Taipa;Casa de Taipa Praia do poço R. Vitorino Cardoso (83) 99195-9104 Cabedelo PB Instagram;;red;-20;archdaily.com.br;organic;Casas | ArchDaily;https://archdaily.com.br/search/br/projects/categories/casas;brand_not_confirmed|city_not_confirmed
935e3614-8815-4e2e-bddf-01ac5b254832;Açaí Araxá;Açaí Araxá Lot. Bela Vista Av. Oceano Atlântico (83) 99385-0594 Cabedelo PB Instagram;yes;yellow;120;instagram;organic;acaiaraxa2 · Cabedelo, PB;https://instagram.com/acaiaraxa2;
935e3614-8815-4e2e-bddf-01ac5b254832;Açaí Araxá;Açaí Araxá Lot. Bela Vista Av. Oceano Atlântico (83) 99385-0594 Cabedelo PB Instagram;;yellow;98;instagram;derived_instagram_handle;Instagram profile @thebestacaiaraxa;https://instagram.com/thebestacaiaraxa;city_not_confirmed
935e3614-8815-4e2e-bddf-01ac5b254832;Açaí Araxá;Açaí Araxá Lot. Bela Vista Av. Oceano Atlântico (83) 99385-0594 Cabedelo PB Instagram;;yellow;62;instagram;organic;Daniel Do Açaí (@danieldoacai);https://instagram.com/danieldoacai;brand_not_confirmed
935e3614-8815-4e2e-bddf-01ac5b254832;Açaí Araxá;Açaí Araxá Lot. Bela Vista Av. Oceano Atlântico (83) 99385-0594 Cabedelo PB Instagram;;red;3;instagram;organic;O melhor açaí de Cabedelo. Praçaí Intermares. Vem pra cá ...;https://instagram.com/reel/DFgYAuqS7Ko;instagram_reel_not_profile|brand_not_confirmed|instagram_profile_not_canonicalizable
935e3614-8815-4e2e-bddf-01ac5b254832;Açaí Araxá;Açaí Araxá Lot. Bela Vista Av. Oceano Atlântico (83) 99385-0594 Cabedelo PB Instagram;;red;1;instagram;organic;Seus melhores momentos combinam com um bom bolo de ...;https://instagram.com/p/Ci5p-C7gpXL;instagram_p_not_profile|brand_not_confirmed|instagram_profile_not_canonicalizable|city_not_confirmed
935e3614-8815-4e2e-bddf-01ac5b254832;Açaí Araxá;Açaí Araxá Lot. Bela Vista Av. Oceano Atlântico (83) 99385-0594 Cabedelo PB Instagram;;red;-11;instagram;organic;Hoje foi dia de saborear um delicioso açaí e sorvete na ...;https://instagram.com/p/DRX-4N1AHu-;instagram_p_not_profile|brand_not_confirmed|instagram_profile_not_canonicalizable|city_not_confirmed
935e3614-8815-4e2e-bddf-01ac5b254832;Açaí Araxá;Açaí Araxá Lot. Bela Vista Av. Oceano Atlântico (83) 99385-0594 Cabedelo PB Instagram;;red;-19;instagram;organic;Se você é apaixonado por açaí, precisa conhecer o ...;https://instagram.com/reel/DaYENDpuXEU;instagram_reel_not_profile|brand_not_confirmed|instagram_profile_not_canonicalizable|city_not_confirmed
935e3614-8815-4e2e-bddf-01ac5b254832;Açaí Araxá;Açaí Araxá Lot. Bela Vista Av. Oceano Atlântico (83) 99385-0594 Cabedelo PB Instagram;;red;-19;instagram;organic;Encaminha para o(a) responsável. 🫵🩷 #HashtagAçaí;https://instagram.com/p/DOYtXLxDS_0;instagram_p_not_profile|brand_not_confirmed|instagram_profile_not_canonicalizable|city_not_confirmed
17a6f6c2-9f28-453f-a22d-71e7abd3dcfd;Oliver Grill e Espetos;Oliver Grill e Espetos Intermares Av. Oceano Índico Cabedelo PB Instagram;yes;yellow;132;instagram;organic;Rope Espetos (@ropeespetos) · Cabedelo, PB;https://instagram.com/ropeespetos;
17a6f6c2-9f28-453f-a22d-71e7abd3dcfd;Oliver Grill e Espetos;Oliver Grill e Espetos Intermares Av. Oceano Índico Cabedelo PB Instagram;;yellow;122;instagram;organic;espetinhos / grill / caldos/ churrasco (@olivergrilleespetos);https://instagram.com/olivergrilleespetos;city_not_confirmed
17a6f6c2-9f28-453f-a22d-71e7abd3dcfd;Oliver Grill e Espetos;Oliver Grill e Espetos Intermares Av. Oceano Índico Cabedelo PB Instagram;;yellow;73;instagram;organic;759 PARRILLA | ✨ “Porque bons momentos merecem um ...;https://instagram.com/reel/DQEtXwpjaqT;instagram_reel_not_profile|instagram_profile_not_canonicalizable
17a6f6c2-9f28-453f-a22d-71e7abd3dcfd;Oliver Grill e Espetos;Oliver Grill e Espetos Intermares Av. Oceano Índico Cabedelo PB Instagram;;yellow;67;instagram;organic;"churrasco on Instagram: ""#selecaobrasileira #intermares ...";https://instagram.com/reel/DKh2jpSvy85;instagram_reel_not_profile|instagram_profile_not_canonicalizable
17a6f6c2-9f28-453f-a22d-71e7abd3dcfd;Oliver Grill e Espetos;Oliver Grill e Espetos Intermares Av. Oceano Índico Cabedelo PB Instagram;;yellow;67;instagram;organic;Garanta sua mesa! Faça já sua reserva e nao fique SEM ...;https://instagram.com/reel/DSSeC5pjYGO;instagram_reel_not_profile|instagram_profile_not_canonicalizable
17a6f6c2-9f28-453f-a22d-71e7abd3dcfd;Oliver Grill e Espetos;Oliver Grill e Espetos Intermares Av. Oceano Índico Cabedelo PB Instagram;;yellow;67;instagram;organic;Se a fome bater forte… já sabe qual pedir ‍ O À La Carte do ...;https://instagram.com/reel/DYxNKZQxEsB;instagram_reel_not_profile|instagram_profile_not_canonicalizable
17a6f6c2-9f28-453f-a22d-71e7abd3dcfd;Oliver Grill e Espetos;Oliver Grill e Espetos Intermares Av. Oceano Índico Cabedelo PB Instagram;;yellow;51;instagram;organic;Hoje na Oliver Grill e Espetos! VENHAM com sua família e ...;https://instagram.com/p/DPZN_5JDawv;instagram_p_not_profile|instagram_profile_not_canonicalizable|city_not_confirmed
17a6f6c2-9f28-453f-a22d-71e7abd3dcfd;Oliver Grill e Espetos;Oliver Grill e Espetos Intermares Av. Oceano Índico Cabedelo PB Instagram;;yellow;51;instagram;organic;Qual é o seu drink favorito aqui no ...;https://instagram.com/p/DaVwtStiCg_;instagram_p_not_profile|instagram_profile_not_canonicalizable|city_not_confirmed
eae14867-4b70-4fb0-93eb-303b35931ab3;Pizzaria Bom Sabor Camboinha;Pizzaria Bom Sabor Camboinha Jardim Camboinha R. Prof. João Lelis de Luna Freire (83) 99680-7485 Cabedelo PB Instagram;yes;yellow;128;instagram;organic;Pizzaria Bom Sabor🍕 (@pizzariabomsaborpb);https://instagram.com/pizzariabomsaborpb;
eae14867-4b70-4fb0-93eb-303b35931ab3;Pizzaria Bom Sabor Camboinha;Pizzaria Bom Sabor Camboinha Jardim Camboinha R. Prof. João Lelis de Luna Freire (83) 99680-7485 Cabedelo PB Instagram;;yellow;118;instagram;organic;Bom Sabor Camboinha II (@pizzariabomsaborcamboinha2);https://instagram.com/pizzariabomsaborcamboinha2;city_not_confirmed
eae14867-4b70-4fb0-93eb-303b35931ab3;Pizzaria Bom Sabor Camboinha;Pizzaria Bom Sabor Camboinha Jardim Camboinha R. Prof. João Lelis de Luna Freire (83) 99680-7485 Cabedelo PB Instagram;;yellow;118;instagram;organic;Pizzaria Bom Sabor (@pizzariaa_bom_sabor);https://instagram.com/pizzariaa_bom_sabor;city_not_confirmed
eae14867-4b70-4fb0-93eb-303b35931ab3;Pizzaria Bom Sabor Camboinha;Pizzaria Bom Sabor Camboinha Jardim Camboinha R. Prof. João Lelis de Luna Freire (83) 99680-7485 Cabedelo PB Instagram;;yellow;96;instagram;organic;Pizzaria Bom Sabor Camboinha;https://instagram.com/popular/pizzaria-bom-sabor-camboinha;city_not_confirmed
eae14867-4b70-4fb0-93eb-303b35931ab3;Pizzaria Bom Sabor Camboinha;Pizzaria Bom Sabor Camboinha Jardim Camboinha R. Prof. João Lelis de Luna Freire (83) 99680-7485 Cabedelo PB Instagram;;yellow;61;instagram;organic;Photo by Pizzaria Bom Sabor🍕 on May 14, 2020.;https://instagram.com/p/CAL52iEl656;instagram_p_not_profile|instagram_profile_not_canonicalizable|city_not_confirmed
eae14867-4b70-4fb0-93eb-303b35931ab3;Pizzaria Bom Sabor Camboinha;Pizzaria Bom Sabor Camboinha Jardim Camboinha R. Prof. João Lelis de Luna Freire (83) 99680-7485 Cabedelo PB Instagram;;yellow;50;pizzariabomsaborpb.com.br;organic;Pizzaria Bom Sabor PB | Cabedelo - Jacaré;https://pizzariabomsaborpb.com.br;
eae14867-4b70-4fb0-93eb-303b35931ab3;Pizzaria Bom Sabor Camboinha;Pizzaria Bom Sabor Camboinha Jardim Camboinha R. Prof. João Lelis de Luna Freire (83) 99680-7485 Cabedelo PB Instagram;;red;44;pizzariabomsaborcamboinha.com.br;organic;Pizzaria Bom Sabor Camboinha - Cabedelo;https://pizzariabomsaborcamboinha.com.br;
eae14867-4b70-4fb0-93eb-303b35931ab3;Pizzaria Bom Sabor Camboinha;Pizzaria Bom Sabor Camboinha Jardim Camboinha R. Prof. João Lelis de Luna Freire (83) 99680-7485 Cabedelo PB Instagram;;red;43;instagram;organic;Bom Sabor | Pizzaria on Instagram;https://instagram.com/reel/DZQiW3ZurCe;instagram_reel_not_profile|instagram_profile_not_canonicalizable|city_not_confirmed
0a91fc09-ad7d-4141-8d4d-82a732b61565;Ethic Alimentos;Ethic Alimentos n 220 Av Santa Isabel (83) 3246-1105 Cabedelo PB Instagram;yes;yellow;128;instagram;organic;Ethic Alimentos (@ethicalimentos) · Cabedelo, PB;https://instagram.com/ethicalimentos;
0a91fc09-ad7d-4141-8d4d-82a732b61565;Ethic Alimentos;Ethic Alimentos n 220 Av Santa Isabel (83) 3246-1105 Cabedelo PB Instagram;;red;28;instagram;organic;Ceia Clandestina (@ceiaclandestina);https://instagram.com/ceiaclandestina/?hl=pt;brand_not_confirmed|name_not_confirmed|city_not_confirmed
0a91fc09-ad7d-4141-8d4d-82a732b61565;Ethic Alimentos;Ethic Alimentos n 220 Av Santa Isabel (83) 3246-1105 Cabedelo PB Instagram;;red;-31;instagram;organic;"Sesc Paraíba on Instagram: ""Mais de 4 toneladas de motivos ...";https://instagram.com/reel/DVBOq8UCq0S;instagram_reel_not_profile|brand_not_confirmed|name_not_confirmed|instagram_profile_not_canonicalizable|city_not_confirmed
0a91fc09-ad7d-4141-8d4d-82a732b61565;Ethic Alimentos;Ethic Alimentos n 220 Av Santa Isabel (83) 3246-1105 Cabedelo PB Instagram;;red;-37;instagram;organic;Instagram;https://instagram.com/reel/DIkA59BPGlm;instagram_reel_not_profile|brand_not_confirmed|name_not_confirmed|instagram_profile_not_canonicalizable|city_not_confirmed
0a91fc09-ad7d-4141-8d4d-82a732b61565;Ethic Alimentos;Ethic Alimentos n 220 Av Santa Isabel (83) 3246-1105 Cabedelo PB Instagram;;red;-37;instagram;organic;Tem paixão paraense em Dubai. O nosso tradicional açaí ...;https://instagram.com/reel/C0cV27Iu7sp;instagram_reel_not_profile|brand_not_confirmed|name_not_confirmed|instagram_profile_not_canonicalizable|city_not_confirmed
0a91fc09-ad7d-4141-8d4d-82a732b61565;Ethic Alimentos;Ethic Alimentos n 220 Av Santa Isabel (83) 3246-1105 Cabedelo PB Instagram;;red;-37;instagram;organic;Sua dose de felicidade ☀️😎 Nossas lojas estão abertas ...;https://instagram.com/p/DUJbeZEjykK;instagram_p_not_profile|brand_not_confirmed|name_not_confirmed|instagram_profile_not_canonicalizable|city_not_confirmed
0a91fc09-ad7d-4141-8d4d-82a732b61565;Ethic Alimentos;Ethic Alimentos n 220 Av Santa Isabel (83) 3246-1105 Cabedelo PB Instagram;;red;-37;instagram;organic;Você é alguém que não impõe limites na sua criatividade? A ...;https://instagram.com/reel/DMyTEQzRnOx;instagram_reel_not_profile|brand_not_confirmed|name_not_confirmed|instagram_profile_not_canonicalizable|city_not_confirmed
0a91fc09-ad7d-4141-8d4d-82a732b61565;Ethic Alimentos;Ethic Alimentos n 220 Av Santa Isabel (83) 3246-1105 Cabedelo PB Instagram;;red;-37;instagram;organic;Entusiasta de uma boa comida e natural de Montenegro ...;https://instagram.com/reel/DMbRFSJOdln;instagram_reel_not_profile|brand_not_confirmed|name_not_confirmed|instagram_profile_not_canonicalizable|city_not_confirmed
49423823-d994-4263-9597-cb829e208129;Home Smash Burger;Home Smash Burger Vila Sao Joao R. Sólon de Lucena (83) 98673-5263 Cabedelo PB Instagram;yes;yellow;128;instagram;organic;HAMBURGUERIA ARTESANAL (@homesmashburguer);https://instagram.com/homesmashburguer;
49423823-d994-4263-9597-cb829e208129;Home Smash Burger;Home Smash Burger Vila Sao Joao R. Sólon de Lucena (83) 98673-5263 Cabedelo PB Instagram;;green;124;goomer;organic;Home Smash Burger - Cardápio e Delivery em Cabedelo;https://homesmashburger.goomer.app;
49423823-d994-4263-9597-cb829e208129;Home Smash Burger;Home Smash Burger Vila Sao Joao R. Sólon de Lucena (83) 98673-5263 Cabedelo PB Instagram;;yellow;104;instagram;organic;HOME BURGER • burger, fries & friends • (@homeburger.pb);https://instagram.com/homeburger.pb;city_not_confirmed
49423823-d994-4263-9597-cb829e208129;Home Smash Burger;Home Smash Burger Vila Sao Joao R. Sólon de Lucena (83) 98673-5263 Cabedelo PB Instagram;;red;43;instagram;organic;HOME SMASH BURGER® | HAMBURGUERIA ARTESANAL ...;https://instagram.com/reel/CufZ_jmuF2M;instagram_reel_not_profile|instagram_profile_not_canonicalizable|city_not_confirmed
49423823-d994-4263-9597-cb829e208129;Home Smash Burger;Home Smash Burger Vila Sao Joao R. Sólon de Lucena (83) 98673-5263 Cabedelo PB Instagram;;red;43;instagram;organic;O SEU SÁBADO MERECE UM HOME SMASH! Estamos ...;https://instagram.com/reel/CxjH7kYLpTn;instagram_reel_not_profile|instagram_profile_not_canonicalizable|city_not_confirmed
49423823-d994-4263-9597-cb829e208129;Home Smash Burger;Home Smash Burger Vila Sao Joao R. Sólon de Lucena (83) 98673-5263 Cabedelo PB Instagram;;red;38;instagram;organic;I ❤ Burguer (@iloveburguerpb);https://instagram.com/iloveburguerpb;brand_not_confirmed|name_not_confirmed
49423823-d994-4263-9597-cb829e208129;Home Smash Burger;Home Smash Burger Vila Sao Joao R. Sólon de Lucena (83) 98673-5263 Cabedelo PB Instagram;;red;28;facebook;organic;Home Smash Burguer (@homesmashburguer);https://facebook.com/homesmashburguer/?locale=pt_BR;city_not_confirmed
49423823-d994-4263-9597-cb829e208129;Home Smash Burger;Home Smash Burger Vila Sao Joao R. Sólon de Lucena (83) 98673-5263 Cabedelo PB Instagram;;red;1;instagram;organic;SMASHS IMPECÁVEIS de uma das hamburguerias que mais ...;https://instagram.com/reel/DOMjL92AF4R;instagram_reel_not_profile|brand_not_confirmed|instagram_profile_not_canonicalizable|city_not_confirmed
133ad582-46f6-4334-a2b7-34ecd3c5287b;Kikão Cachorro Quente;Kikão Cachorro Quente Lj 9 - Intermares Av. Mar Vermelho 98888-8856 Cabedelo PB Instagram;yes;yellow;120;instagram;organic;Kikão Food (@kikaofood) · Cabedelo, PB;https://instagram.com/kikaofood;
133ad582-46f6-4334-a2b7-34ecd3c5287b;Kikão Cachorro Quente;Kikão Cachorro Quente Lj 9 - Intermares Av. Mar Vermelho 98888-8856 Cabedelo PB Instagram;;yellow;51;instagram;organic;Kikão especial . . 99229-1656;https://instagram.com/p/DQnQPmKDdnU;instagram_p_not_profile|instagram_profile_not_canonicalizable|city_not_confirmed
133ad582-46f6-4334-a2b7-34ecd3c5287b;Kikão Cachorro Quente;Kikão Cachorro Quente Lj 9 - Intermares Av. Mar Vermelho 98888-8856 Cabedelo PB Instagram;;yellow;51;instagram;organic;[24 de Manaus: EPISÓDIO 6] FALTAM 18 DIAS PRO ...;https://instagram.com/reel/DPeUZ7ojYjb;instagram_reel_not_profile|instagram_profile_not_canonicalizable|city_not_confirmed
133ad582-46f6-4334-a2b7-34ecd3c5287b;Kikão Cachorro Quente;Kikão Cachorro Quente Lj 9 - Intermares Av. Mar Vermelho 98888-8856 Cabedelo PB Instagram;;yellow;51;instagram;organic;Nosso mais famoso e delicioso Kikao 3 Kikao por R$15,00;https://instagram.com/p/DLvxGtJJCam;instagram_p_not_profile|instagram_profile_not_canonicalizable|city_not_confirmed
133ad582-46f6-4334-a2b7-34ecd3c5287b;Kikão Cachorro Quente;Kikão Cachorro Quente Lj 9 - Intermares Av. Mar Vermelho 98888-8856 Cabedelo PB Instagram;;yellow;46;facebook;organic;Kikão Food - Intermares | Cabedelo PB;https://facebook.com/kikaofood;
133ad582-46f6-4334-a2b7-34ecd3c5287b;Kikão Cachorro Quente;Kikão Cachorro Quente Lj 9 - Intermares Av. Mar Vermelho 98888-8856 Cabedelo PB Instagram;;red;38;instagram;organic;ROUTE HOT DOGS (@routehotdogs) · Cabedelo, PB;https://instagram.com/routehotdogs;brand_not_confirmed|name_not_confirmed
133ad582-46f6-4334-a2b7-34ecd3c5287b;Kikão Cachorro Quente;Kikão Cachorro Quente Lj 9 - Intermares Av. Mar Vermelho 98888-8856 Cabedelo PB Instagram;;red;1;instagram;organic;🌭🤤 Kikão do jeito que a fome pede! Pão macio, salsicha ...;https://instagram.com/p/DUEgHJIiRq1;instagram_p_not_profile|brand_not_confirmed|instagram_profile_not_canonicalizable|city_not_confirmed
133ad582-46f6-4334-a2b7-34ecd3c5287b;Kikão Cachorro Quente;Kikão Cachorro Quente Lj 9 - Intermares Av. Mar Vermelho 98888-8856 Cabedelo PB Instagram;;red;1;instagram;organic;KIKÃO DO MIRANHA 🕷️ | O MELHOR KIKÃO DO TERRA ...;https://instagram.com/reel/DO117mWDr7z;instagram_reel_not_profile|brand_not_confirmed|instagram_profile_not_canonicalizable|city_not_confirmed
de5e3f48-dddc-4872-823a-71ba50fe51ab;Caldinho Prime Formosa;Caldinho Prime Formosa Vila Sao Joao Av. Cassiano da Cunha Nóbrega Cabedelo PB Instagram;yes;yellow;126;instagram;organic;Cabedelo (@caldinhoprimeformosa) - Praia Formosa;https://instagram.com/caldinhoprimeformosa/?hl=pt;
de5e3f48-dddc-4872-823a-71ba50fe51ab;Caldinho Prime Formosa;Caldinho Prime Formosa Vila Sao Joao Av. Cassiano da Cunha Nóbrega Cabedelo PB Instagram;;yellow;126;instagram;organic;Praia Formosa| Cabedelo (@caldinhoprimeformosa);https://instagram.com/caldinhoprimeformosa/reels;
de5e3f48-dddc-4872-823a-71ba50fe51ab;Caldinho Prime Formosa;Caldinho Prime Formosa Vila Sao Joao Av. Cassiano da Cunha Nóbrega Cabedelo PB Instagram;;red;5;instagram;organic;Caldinho Prime | Praia Formosa| Cabedelo;https://instagram.com/p/C5Lv_tDLG-9;instagram_p_not_profile|brand_not_confirmed|instagram_profile_not_canonicalizable
de5e3f48-dddc-4872-823a-71ba50fe51ab;Caldinho Prime Formosa;Caldinho Prime Formosa Vila Sao Joao Av. Cassiano da Cunha Nóbrega Cabedelo PB Instagram;;red;5;instagram;organic;Caldinho Prime | Praia Formosa| Cabedelo;https://instagram.com/p/DD2slnRRy43;instagram_p_not_profile|brand_not_confirmed|instagram_profile_not_canonicalizable
de5e3f48-dddc-4872-823a-71ba50fe51ab;Caldinho Prime Formosa;Caldinho Prime Formosa Vila Sao Joao Av. Cassiano da Cunha Nóbrega Cabedelo PB Instagram;;red;5;instagram;organic;Caldinho Prime | Praia Formosa| Cabedelo | Filé de Serra ...;https://instagram.com/p/CjLVysxruY8;instagram_p_not_profile|brand_not_confirmed|instagram_profile_not_canonicalizable
de5e3f48-dddc-4872-823a-71ba50fe51ab;Caldinho Prime Formosa;Caldinho Prime Formosa Vila Sao Joao Av. Cassiano da Cunha Nóbrega Cabedelo PB Instagram;;red;5;instagram;organic;Caldinho Prime | Praia Formosa| Cabedelo | 🥂✨ Feliz Ano ...;https://instagram.com/p/DS7rUeRjerW;instagram_p_not_profile|brand_not_confirmed|instagram_profile_not_canonicalizable
de5e3f48-dddc-4872-823a-71ba50fe51ab;Caldinho Prime Formosa;Caldinho Prime Formosa Vila Sao Joao Av. Cassiano da Cunha Nóbrega Cabedelo PB Instagram;;red;3;instagram;organic;Por que ainda não superamos esse dia e esse mar! 31/12 ...;https://instagram.com/p/DTDEkSpDjyV;instagram_p_not_profile|brand_not_confirmed|instagram_profile_not_canonicalizable
de5e3f48-dddc-4872-823a-71ba50fe51ab;Caldinho Prime Formosa;Caldinho Prime Formosa Vila Sao Joao Av. Cassiano da Cunha Nóbrega Cabedelo PB Instagram;;red;3;instagram;organic;13/01/3026 Camboinha Cabedelo-PB;https://instagram.com/reel/DTdg-Z7idi9;instagram_reel_not_profile|brand_not_confirmed|instagram_profile_not_canonicalizable
04f7bdf2-230d-4224-99d5-aea50cefc56f;Mary Refeições;Mary Refeições Intermares Av. Mar de Corais (83) 98880-2447 Cabedelo PB Instagram;yes;red;32;instagram;organic;Numar Bar e Restaurante (@numarbarintermares);https://instagram.com/numarbarintermares;brand_not_confirmed|name_not_confirmed
04f7bdf2-230d-4224-99d5-aea50cefc56f;Mary Refeições;Mary Refeições Intermares Av. Mar de Corais (83) 98880-2447 Cabedelo PB Instagram;;red;22;instagram;organic;PRIMO RICO (@primoricopb) • Instagram photos and videos;https://instagram.com/primoricopb;brand_not_confirmed|name_not_confirmed|city_not_confirmed
04f7bdf2-230d-4224-99d5-aea50cefc56f;Mary Refeições;Mary Refeições Intermares Av. Mar de Corais (83) 98880-2447 Cabedelo PB Instagram;;red;-9;instagram;organic;O cardápio de hoje do melhor self service aqui de Intermares ...;https://instagram.com/reel/DMAuaLrOUYe;instagram_reel_not_profile|brand_not_confirmed|name_not_confirmed|instagram_profile_not_canonicalizable
04f7bdf2-230d-4224-99d5-aea50cefc56f;Mary Refeições;Mary Refeições Intermares Av. Mar de Corais (83) 98880-2447 Cabedelo PB Instagram;;red;-15;instagram;organic;"Cibelly Mar | Restaurante Flutuante on Instagram: ""Por trás do ...";https://instagram.com/reel/DNSoMcHOUO0;instagram_reel_not_profile|brand_not_confirmed|name_not_confirmed|instagram_profile_not_canonicalizable
04f7bdf2-230d-4224-99d5-aea50cefc56f;Mary Refeições;Mary Refeições Intermares Av. Mar de Corais (83) 98880-2447 Cabedelo PB Instagram;;red;-15;instagram;organic;Intermares / Cabedelo / PB Entre o mangue,o rio e um mar ...;https://instagram.com/reel/C2fq4S3RqzI;instagram_reel_not_profile|brand_not_confirmed|name_not_confirmed|instagram_profile_not_canonicalizable
04f7bdf2-230d-4224-99d5-aea50cefc56f;Mary Refeições;Mary Refeições Intermares Av. Mar de Corais (83) 98880-2447 Cabedelo PB Instagram;;red;-15;instagram;organic;Neste 07 de Setembro estaremos funcionando ...;https://instagram.com/reel/Cw48JqUrnCY;instagram_reel_not_profile|brand_not_confirmed|name_not_confirmed|instagram_profile_not_canonicalizable
04f7bdf2-230d-4224-99d5-aea50cefc56f;Mary Refeições;Mary Refeições Intermares Av. Mar de Corais (83) 98880-2447 Cabedelo PB Instagram;;red;-21;instagram;organic;Intermares é um bairro de Cabedelo (cidade que pertence ...;https://instagram.com/reel/CmZ9a00q_NI;instagram_reel_not_profile|brand_not_confirmed|name_not_confirmed|instagram_profile_not_canonicalizable
04f7bdf2-230d-4224-99d5-aea50cefc56f;Mary Refeições;Mary Refeições Intermares Av. Mar de Corais (83) 98880-2447 Cabedelo PB Instagram;;red;-37;instagram;organic;Sábado é dia de saborear o melhor da culinária! 😍 Venha ...;https://instagram.com/p/C3dCz29rTm4;instagram_p_not_profile|brand_not_confirmed|name_not_confirmed|instagram_profile_not_canonicalizable|city_not_confirmed
dd73fc2d-69a5-4a76-8e1e-7aa2b68f7869;Route Hot Dogs;Route Hot Dogs Cabedelo Av. Mar das Antilhas - Intermares (83) 99878-4228 Cabedelo PB Instagram;yes;yellow;132;instagram;organic;ROUTE HOT DOGS (@routehotdogs) · Cabedelo, PB;https://instagram.com/routehotdogs;
dd73fc2d-69a5-4a76-8e1e-7aa2b68f7869;Route Hot Dogs;Route Hot Dogs Cabedelo Av. Mar das Antilhas - Intermares (83) 99878-4228 Cabedelo PB Instagram;;yellow;85;instagram;organic;ROUTE HOT DOGS;https://instagram.com/p/CsPR3oNJ-ep;instagram_p_not_profile|instagram_profile_not_canonicalizable
dd73fc2d-69a5-4a76-8e1e-7aa2b68f7869;Route Hot Dogs;Route Hot Dogs Cabedelo Av. Mar das Antilhas - Intermares (83) 99878-4228 Cabedelo PB Instagram;;yellow;85;instagram;organic;ROUTE HOT DOGS | Os melhores ingredientes, aquele sabor ...;https://instagram.com/reel/DMoGhcmPb-A;instagram_reel_not_profile|instagram_profile_not_canonicalizable
dd73fc2d-69a5-4a76-8e1e-7aa2b68f7869;Route Hot Dogs;Route Hot Dogs Cabedelo Av. Mar das Antilhas - Intermares (83) 99878-4228 Cabedelo PB Instagram;;yellow;73;instagram;organic;ROUTE HOT DOGS | Hot Dog estilo Cabedelo, venha você ...;https://instagram.com/p/Cips8scL5o-;instagram_p_not_profile|instagram_profile_not_canonicalizable
dd73fc2d-69a5-4a76-8e1e-7aa2b68f7869;Route Hot Dogs;Route Hot Dogs Cabedelo Av. Mar das Antilhas - Intermares (83) 99878-4228 Cabedelo PB Instagram;;yellow;73;instagram;organic;ROUTE HOT DOGS | Reúna os amigos, vista a camisa e ...;https://instagram.com/reel/DZQ_YcFJ8LD;instagram_reel_not_profile|instagram_profile_not_canonicalizable
dd73fc2d-69a5-4a76-8e1e-7aa2b68f7869;Route Hot Dogs;Route Hot Dogs Cabedelo Av. Mar das Antilhas - Intermares (83) 99878-4228 Cabedelo PB Instagram;;yellow;65;instagram;organic;Nº 938 - Enseada (Anexo a Zbru malhas );https://instagram.com/p/DRTJRN2DsqA;instagram_p_not_profile|instagram_profile_not_canonicalizable
dd73fc2d-69a5-4a76-8e1e-7aa2b68f7869;Route Hot Dogs;Route Hot Dogs Cabedelo Av. Mar das Antilhas - Intermares (83) 99878-4228 Cabedelo PB Instagram;;yellow;63;instagram;organic;ROUTE HOT DOGS | 📢 Faça seu pedido e retire com ...;https://instagram.com/p/DIURp0ov8x3;instagram_p_not_profile|instagram_profile_not_canonicalizable|city_not_confirmed
dd73fc2d-69a5-4a76-8e1e-7aa2b68f7869;Route Hot Dogs;Route Hot Dogs Cabedelo Av. Mar das Antilhas - Intermares (83) 99878-4228 Cabedelo PB Instagram;;yellow;46;amigoacougueiro.com.br;organic;Route Hot Dogs - Amigo Açougueiro;https://amigoacougueiro.com.br/anuncio/cabedelo,pb/hamburgueria/route-hot-dogs;
ec6b2565-934c-4278-9a8a-63168eb819f2;DAWN BURGUER;DAWN BURGUER Vila Sao Joao R. Augusto Firmo Paulo (83) 99638-6080 Cabedelo PB Instagram;yes;yellow;134;instagram;organic;HAMBURGUERIA ARTESANAL (@dawn.burguer);https://instagram.com/dawn.burguer;
ec6b2565-934c-4278-9a8a-63168eb819f2;DAWN BURGUER;DAWN BURGUER Vila Sao Joao R. Augusto Firmo Paulo (83) 99638-6080 Cabedelo PB Instagram;;green;130;anota_ai;organic;Dawn Burguer | Delivery em Cabedelo | Pedido online;https://pedido.anota.ai/loja/dawn-burguer;
ec6b2565-934c-4278-9a8a-63168eb819f2;DAWN BURGUER;DAWN BURGUER Vila Sao Joao R. Augusto Firmo Paulo (83) 99638-6080 Cabedelo PB Instagram;;yellow;116;instagram;organic;I ❤ Burguer (@iloveburguerpb);https://instagram.com/iloveburguerpb;city_not_confirmed
ec6b2565-934c-4278-9a8a-63168eb819f2;DAWN BURGUER;DAWN BURGUER Vila Sao Joao R. Augusto Firmo Paulo (83) 99638-6080 Cabedelo PB Instagram;;yellow;65;instagram;organic;DAWN BURGUER | HAMBURGUERIA ARTESANAL;https://instagram.com/reel/DXAqKZ6DrlK;instagram_reel_not_profile|instagram_profile_not_canonicalizable
ec6b2565-934c-4278-9a8a-63168eb819f2;DAWN BURGUER;DAWN BURGUER Vila Sao Joao R. Augusto Firmo Paulo (83) 99638-6080 Cabedelo PB Instagram;;yellow;55;instagram;organic;DAWN BURGUER | HAMBURGUERIA ARTESANAL;https://instagram.com/reel/C3bR17jrawI;instagram_reel_not_profile|instagram_profile_not_canonicalizable|city_not_confirmed
ec6b2565-934c-4278-9a8a-63168eb819f2;DAWN BURGUER;DAWN BURGUER Vila Sao Joao R. Augusto Firmo Paulo (83) 99638-6080 Cabedelo PB Instagram;;red;43;instagram;organic;DAWN BURGUER | HAMBURGUERIA ARTESANAL;https://instagram.com/reel/DWAjgWJjrFO;instagram_reel_not_profile|instagram_profile_not_canonicalizable|city_not_confirmed
ec6b2565-934c-4278-9a8a-63168eb819f2;DAWN BURGUER;DAWN BURGUER Vila Sao Joao R. Augusto Firmo Paulo (83) 99638-6080 Cabedelo PB Instagram;;red;43;instagram;organic;DAWN BURGUER | HAMBURGUERIA ARTESANAL;https://instagram.com/reel/DYhra9COMoz;instagram_reel_not_profile|instagram_profile_not_canonicalizable|city_not_confirmed
ec6b2565-934c-4278-9a8a-63168eb819f2;DAWN BURGUER;DAWN BURGUER Vila Sao Joao R. Augusto Firmo Paulo (83) 99638-6080 Cabedelo PB Instagram;;red;43;instagram;organic;DAWN BURGUER | HAMBURGUERIA ARTESANAL;https://instagram.com/p/DY-UAxfioaD;instagram_p_not_profile|instagram_profile_not_canonicalizable|city_not_confirmed
2d89c5e8-5bf4-4d1f-9720-58513e1ab377;Chapa Quente Lanches e Refeições;Chapa Quente Lanches e Refeições Jacaré R. Novo Horizonte (83) 98870-6504 Cabedelo PB Instagram;yes;yellow;118;instagram;organic;CHAPA QUENTE (@chapaquenteoficial1);https://instagram.com/chapaquenteoficial1;city_not_confirmed
2d89c5e8-5bf4-4d1f-9720-58513e1ab377;Chapa Quente Lanches e Refeições;Chapa Quente Lanches e Refeições Jacaré R. Novo Horizonte (83) 98870-6504 Cabedelo PB Instagram;;yellow;118;instagram;organic;CHAPA QUENTE BURGUER (@chapa_quente_burguer_22);https://instagram.com/chapa_quente_burguer_22;city_not_confirmed
2d89c5e8-5bf4-4d1f-9720-58513e1ab377;Chapa Quente Lanches e Refeições;Chapa Quente Lanches e Refeições Jacaré R. Novo Horizonte (83) 98870-6504 Cabedelo PB Instagram;;yellow;55;instagram;organic;Bateu aquela fome? Chama no WhatsApp do Chapa ...;https://instagram.com/p/DTd2GZrkkor;instagram_p_not_profile|instagram_profile_not_canonicalizable|city_not_confirmed
2d89c5e8-5bf4-4d1f-9720-58513e1ab377;Chapa Quente Lanches e Refeições;Chapa Quente Lanches e Refeições Jacaré R. Novo Horizonte (83) 98870-6504 Cabedelo PB Instagram;;red;43;instagram;organic;Chapa Quente Lanches on Instagram;https://instagram.com/p/DRQGkJnkm-q;instagram_p_not_profile|instagram_profile_not_canonicalizable|city_not_confirmed
2d89c5e8-5bf4-4d1f-9720-58513e1ab377;Chapa Quente Lanches e Refeições;Chapa Quente Lanches e Refeições Jacaré R. Novo Horizonte (83) 98870-6504 Cabedelo PB Instagram;;red;43;instagram;organic;Só escolher e clicar o vídeo que você quiser!!;https://instagram.com/reel/DXSv25RDYgb;instagram_reel_not_profile|instagram_profile_not_canonicalizable|city_not_confirmed
2d89c5e8-5bf4-4d1f-9720-58513e1ab377;Chapa Quente Lanches e Refeições;Chapa Quente Lanches e Refeições Jacaré R. Novo Horizonte (83) 98870-6504 Cabedelo PB Instagram;;red;43;instagram;organic;Chapa quente lanches Tel.3822 0314 Zap 35 98867 3002;https://instagram.com/p/DXkceCBkkDb;instagram_p_not_profile|instagram_profile_not_canonicalizable|city_not_confirmed
2d89c5e8-5bf4-4d1f-9720-58513e1ab377;Chapa Quente Lanches e Refeições;Chapa Quente Lanches e Refeições Jacaré R. Novo Horizonte (83) 98870-6504 Cabedelo PB Instagram;;red;43;instagram;organic;Chapa quente, sabor que conquista! 🔥 Carne suculenta ...;https://instagram.com/p/DVHUz_MD98s;instagram_p_not_profile|instagram_profile_not_canonicalizable|city_not_confirmed
2d89c5e8-5bf4-4d1f-9720-58513e1ab377;Chapa Quente Lanches e Refeições;Chapa Quente Lanches e Refeições Jacaré R. Novo Horizonte (83) 98870-6504 Cabedelo PB Instagram;;red;43;instagram;organic;Aqui no Chapa Quente do Bosque é assim: Comida boa ...;https://instagram.com/reel/DN3whymXgw2;instagram_reel_not_profile|instagram_profile_not_canonicalizable|city_not_confirmed
e593d18c-792e-4c38-b9c4-4b34d62f7aa6;South Beach | Açaí, Sorveteria e Cremes;South Beach | Açaí, Sorveteria e Cremes Intermares Av. Oceano Atlântico (83) 3032-7901 Cabedelo PB Instagram;yes;yellow;128;instagram;organic;South Beach | Açaí & Sorvete (@southbeachacaiteria);https://instagram.com/southbeachacaiteria;
e593d18c-792e-4c38-b9c4-4b34d62f7aa6;South Beach | Açaí, Sorveteria e Cremes;South Beach | Açaí, Sorveteria e Cremes Intermares Av. Oceano Atlântico (83) 3032-7901 Cabedelo PB Instagram;;yellow;65;instagram;organic;"Açaí & Sorvete on Instagram: ""É HOJE! A South Beach abre as ...";https://instagram.com/reel/DM0VmAIO6y9;instagram_reel_not_profile|instagram_profile_not_canonicalizable
e593d18c-792e-4c38-b9c4-4b34d62f7aa6;South Beach | Açaí, Sorveteria e Cremes;South Beach | Açaí, Sorveteria e Cremes Intermares Av. Oceano Atlântico (83) 3032-7901 Cabedelo PB Instagram;;red;43;instagram;organic;"Açaí & Sorvete on Instagram: ""Pertinho de você, na orla de ...";https://instagram.com/reel/DYVB45HiQod;instagram_reel_not_profile|instagram_profile_not_canonicalizable|city_not_confirmed
e593d18c-792e-4c38-b9c4-4b34d62f7aa6;South Beach | Açaí, Sorveteria e Cremes;South Beach | Açaí, Sorveteria e Cremes Intermares Av. Oceano Atlântico (83) 3032-7901 Cabedelo PB Instagram;;red;43;instagram;organic;South Beach;https://instagram.com/p/DM0_mJku5Da;instagram_p_not_profile|instagram_profile_not_canonicalizable|city_not_confirmed
e593d18c-792e-4c38-b9c4-4b34d62f7aa6;South Beach | Açaí, Sorveteria e Cremes;South Beach | Açaí, Sorveteria e Cremes Intermares Av. Oceano Atlântico (83) 3032-7901 Cabedelo PB Instagram;;red;43;instagram;organic;No coração da orla de Intermares, de frente pro mar, o novo ...;https://instagram.com/reel/DMx4x0zuDKJ;instagram_reel_not_profile|instagram_profile_not_canonicalizable|city_not_confirmed
e593d18c-792e-4c38-b9c4-4b34d62f7aa6;South Beach | Açaí, Sorveteria e Cremes;South Beach | Açaí, Sorveteria e Cremes Intermares Av. Oceano Atlântico (83) 3032-7901 Cabedelo PB Instagram;;red;38;instagram;organic;ᴄᴏғғᴇᴇ ᴄᴀᴋᴇ ᴀçᴀɪᴛᴇʀɪᴀ (@coffeecakeacaiteria);https://instagram.com/coffeecakeacaiteria;brand_not_confirmed|name_not_confirmed
e593d18c-792e-4c38-b9c4-4b34d62f7aa6;South Beach | Açaí, Sorveteria e Cremes;South Beach | Açaí, Sorveteria e Cremes Intermares Av. Oceano Atlântico (83) 3032-7901 Cabedelo PB Instagram;;red;32;wanderboat.ai;organic;South Beach | Açaí, Sorveteria e Cremes in Região Geográfica ...;https://wanderboat.ai/restaurants/brazil/regi%C3%A3o-geogr%C3%A1fica-imediata-de-jo%C3%A3o-pessoa/south-beach-%7C-a%C3%A7a%C3%AD%2C-sorveteria-e-cremes/Q-P7HJxAR6Gu5_ZmTzB81A;city_not_confirmed
e593d18c-792e-4c38-b9c4-4b34d62f7aa6;South Beach | Açaí, Sorveteria e Cremes;South Beach | Açaí, Sorveteria e Cremes Intermares Av. Oceano Atlântico (83) 3032-7901 Cabedelo PB Instagram;;red;16;instagram;organic;Tropical Açaí Intermares (@tropicalacaiintermares);https://instagram.com/tropicalacaiintermares;brand_not_confirmed|name_not_confirmed|city_not_confirmed
e794929f-0b9f-43b8-a5c6-6d37a38dcb23;Chié artesanato e comedoria;Chié artesanato e comedoria Cabedelo R. Praia do Jacaré - Intermares (83) 98885-0093 Cabedelo PB Instagram;yes;yellow;132;instagram;organic;Artesanato e Comida Típica (@chieartesanatoecomedoria);https://instagram.com/chieartesanatoecomedoria;
e794929f-0b9f-43b8-a5c6-6d37a38dcb23;Chié artesanato e comedoria;Chié artesanato e comedoria Cabedelo R. Praia do Jacaré - Intermares (83) 98885-0093 Cabedelo PB Instagram;;yellow;57;instagram;organic;São Francisco de vários modelos! ❤️ Enviamos para todo o ...;https://instagram.com/reel/C7hw53Wvwsg;instagram_reel_not_profile|instagram_profile_not_canonicalizable
e794929f-0b9f-43b8-a5c6-6d37a38dcb23;Chié artesanato e comedoria;Chié artesanato e comedoria Cabedelo R. Praia do Jacaré - Intermares (83) 98885-0093 Cabedelo PB Instagram;;yellow;57;instagram;organic;A Feirinha da Praia do Jacaré, em Cabedelo (PB), é um ponto ...;https://instagram.com/reel/DSvVtQFksMH;instagram_reel_not_profile|instagram_profile_not_canonicalizable
e794929f-0b9f-43b8-a5c6-6d37a38dcb23;Chié artesanato e comedoria;Chié artesanato e comedoria Cabedelo R. Praia do Jacaré - Intermares (83) 98885-0093 Cabedelo PB Instagram;;yellow;51;instagram;organic;Chié loja de artesanato e comedoria. Local: Praia do Jacaré;https://instagram.com/p/DXQWiNGDaCO/?img_index=9;instagram_p_not_profile|instagram_profile_not_canonicalizable|city_not_confirmed
e794929f-0b9f-43b8-a5c6-6d37a38dcb23;Chié artesanato e comedoria;Chié artesanato e comedoria Cabedelo R. Praia do Jacaré - Intermares (83) 98885-0093 Cabedelo PB Instagram;;red;38;instagram;organic;Cibelly Mar | Restaurante Flutuante (@cibellymarr);https://instagram.com/cibellymarr;brand_not_confirmed|name_not_confirmed
e794929f-0b9f-43b8-a5c6-6d37a38dcb23;Chié artesanato e comedoria;Chié artesanato e comedoria Cabedelo R. Praia do Jacaré - Intermares (83) 98885-0093 Cabedelo PB Instagram;;red;38;instagram;organic;SECULT Cabedelo/PB - Brasil (@secultcabedelo);https://instagram.com/secultcabedelo;brand_not_confirmed|name_not_confirmed
e794929f-0b9f-43b8-a5c6-6d37a38dcb23;Chié artesanato e comedoria;Chié artesanato e comedoria Cabedelo R. Praia do Jacaré - Intermares (83) 98885-0093 Cabedelo PB Instagram;;red;35;instagram;organic;Fui conhecer a feirinha de artesanato da praia do jacaré, lá o ...;https://instagram.com/reel/DVgh5ZoDqFK;instagram_reel_not_profile|instagram_profile_not_canonicalizable|city_not_confirmed
e794929f-0b9f-43b8-a5c6-6d37a38dcb23;Chié artesanato e comedoria;Chié artesanato e comedoria Cabedelo R. Praia do Jacaré - Intermares (83) 98885-0093 Cabedelo PB Instagram;;red;2;instagram;organic;Feirinha de artesanato de Tambaú | João Pessoa PB ...;https://instagram.com/p/C92WOHapHIA;instagram_p_not_profile|conflicting_location:joao pessoa pb|instagram_profile_not_canonicalizable
9aed5c42-1ab1-47f0-9010-788da722a399;Sorveteria Frutos de Goiás - Cabedelo;Sorveteria Frutos de Goiás - Cabedelo Centro R. Sólon de Lucena (83) 99313-6243 Cabedelo PB Instagram;yes;yellow;134;instagram;organic;Frutos de Goiás Cabedelo (@frutoscabedelo);https://instagram.com/frutoscabedelo;
9aed5c42-1ab1-47f0-9010-788da722a399;Sorveteria Frutos de Goiás - Cabedelo;Sorveteria Frutos de Goiás - Cabedelo Centro R. Sólon de Lucena (83) 99313-6243 Cabedelo PB Instagram;;yellow;118;instagram;organic;Frutos de Goiás - João Pessoa (@frutosjampa);https://instagram.com/frutosjampa;city_not_confirmed
9aed5c42-1ab1-47f0-9010-788da722a399;Sorveteria Frutos de Goiás - Cabedelo;Sorveteria Frutos de Goiás - Cabedelo Centro R. Sólon de Lucena (83) 99313-6243 Cabedelo PB Instagram;;green;112;whatsmenu;organic;Frutos de Goiás Cabedelo;https://whatsmenu.com.br/frutoscabedelo;
9aed5c42-1ab1-47f0-9010-788da722a399;Sorveteria Frutos de Goiás - Cabedelo;Sorveteria Frutos de Goiás - Cabedelo Centro R. Sólon de Lucena (83) 99313-6243 Cabedelo PB Instagram;;yellow;65;instagram;organic;"Frutos de Goiás Cabedelo on Instagram: ""A espera acabou ...";https://instagram.com/reel/DMvLJ64RG8B;instagram_reel_not_profile|instagram_profile_not_canonicalizable
9aed5c42-1ab1-47f0-9010-788da722a399;Sorveteria Frutos de Goiás - Cabedelo;Sorveteria Frutos de Goiás - Cabedelo Centro R. Sólon de Lucena (83) 99313-6243 Cabedelo PB Instagram;;yellow;59;instagram;organic;Chegou em Cabedelo a sorveteria Frutos de Goiás . Uma ...;https://instagram.com/reel/DM5rDjTJTuu;instagram_reel_not_profile|instagram_profile_not_canonicalizable
9aed5c42-1ab1-47f0-9010-788da722a399;Sorveteria Frutos de Goiás - Cabedelo;Sorveteria Frutos de Goiás - Cabedelo Centro R. Sólon de Lucena (83) 99313-6243 Cabedelo PB Instagram;;yellow;59;instagram;organic;Chegou em Cabedelo a sorveteria Frutos de Goiás;https://instagram.com/p/DM5rDjTJTuu;instagram_p_not_profile|instagram_profile_not_canonicalizable
9aed5c42-1ab1-47f0-9010-788da722a399;Sorveteria Frutos de Goiás - Cabedelo;Sorveteria Frutos de Goiás - Cabedelo Centro R. Sólon de Lucena (83) 99313-6243 Cabedelo PB Instagram;;yellow;56;tripadvisor;organic;FRUTOS DE GOIÁS CABEDELO - Menu, Prices & ...;https://tripadvisor.com/Restaurant_Review-g793398-d33775602-Reviews-Frutos_de_Goias_Cabedelo-Cabedelo_State_of_Paraiba.html;
9aed5c42-1ab1-47f0-9010-788da722a399;Sorveteria Frutos de Goiás - Cabedelo;Sorveteria Frutos de Goiás - Cabedelo Centro R. Sólon de Lucena (83) 99313-6243 Cabedelo PB Instagram;;red;43;instagram;organic;"Frutos de Goiás on Instagram: ""A maior prova de amor ...";https://instagram.com/reel/DZfjlimORy4;instagram_reel_not_profile|instagram_profile_not_canonicalizable|city_not_confirmed
6b65edcc-4d44-4dd4-82c8-36291fdef22b;Caiçara Bar e Restaurante;Caiçara Bar e Restaurante Rua Cassiano Praia de (83) 98843-8076 Cabedelo PB Instagram;yes;yellow;114;instagram;organic;Caiçara Bar e Restaurante (@caicarabarerestaurante);https://instagram.com/caicarabarerestaurante;
6b65edcc-4d44-4dd4-82c8-36291fdef22b;Caiçara Bar e Restaurante;Caiçara Bar e Restaurante Rua Cassiano Praia de (83) 98843-8076 Cabedelo PB Instagram;;yellow;57;instagram;organic;Vem conhecer o Caiçara Bar e Restaurante! 🏖️☀️ 📸 @ ...;https://instagram.com/reel/DVoz-tkiYZF;instagram_reel_not_profile|instagram_profile_not_canonicalizable
6b65edcc-4d44-4dd4-82c8-36291fdef22b;Caiçara Bar e Restaurante;Caiçara Bar e Restaurante Rua Cassiano Praia de (83) 98843-8076 Cabedelo PB Instagram;;yellow;57;instagram;organic;Essas delícias você só encontra aqui em Cabedelo/PB no ...;https://instagram.com/p/C_8ajXNpeDB/?hl=tr;instagram_p_not_profile|instagram_profile_not_canonicalizable
6b65edcc-4d44-4dd4-82c8-36291fdef22b;Caiçara Bar e Restaurante;Caiçara Bar e Restaurante Rua Cassiano Praia de (83) 98843-8076 Cabedelo PB Instagram;;yellow;55;instagram;organic;Ildo Lima Gomes (@ildolimagomes) · João Pessoa, PB;https://instagram.com/ildolimagomes;conflicting_location:joao pessoa, pb
6b65edcc-4d44-4dd4-82c8-36291fdef22b;Caiçara Bar e Restaurante;Caiçara Bar e Restaurante Rua Cassiano Praia de (83) 98843-8076 Cabedelo PB Instagram;;yellow;48;instagram;derived_instagram_handle;Instagram profile @flyupmaker;https://instagram.com/flyupmaker;derived_handle_brand_not_confirmed|city_not_confirmed
6b65edcc-4d44-4dd4-82c8-36291fdef22b;Caiçara Bar e Restaurante;Caiçara Bar e Restaurante Rua Cassiano Praia de (83) 98843-8076 Cabedelo PB Instagram;;red;35;instagram;organic;Reel by Caiçara Bar e Restaurante (@caicarabarerestaurante ...;https://instagram.com/reel/DZQkAaRJZIN;instagram_reel_not_profile|instagram_profile_not_canonicalizable|city_not_confirmed
6b65edcc-4d44-4dd4-82c8-36291fdef22b;Caiçara Bar e Restaurante;Caiçara Bar e Restaurante Rua Cassiano Praia de (83) 98843-8076 Cabedelo PB Instagram;;red;35;instagram;organic;"Caiçara Bar e Restaurante on Instagram: ""Vem conhecer ...";https://instagram.com/reel/DITwXWIg78T;instagram_reel_not_profile|instagram_profile_not_canonicalizable|city_not_confirmed
6b65edcc-4d44-4dd4-82c8-36291fdef22b;Caiçara Bar e Restaurante;Caiçara Bar e Restaurante Rua Cassiano Praia de (83) 98843-8076 Cabedelo PB Instagram;;red;24;mindtrip.ai;organic;Caiçara Bar e Restaurante | brazilian | Ask Anything;https://mindtrip.ai/restaurant/cabedelo-state-paraiba/caicara-bar-e-restaurante/re-6JSYiHpu;
da4479b5-3306-409a-808e-b65982c120f8;Sonne Haus Hambúrgueria;Sonne Haus Hambúrgueria Jardim America R. José Bartolomeu Cabral (83) 99405-1627 Cabedelo PB Instagram;yes;yellow;128;instagram;organic;Hamburgueria Sonne Haus Pub | Cervejaria em João ...;https://instagram.com/sonnehaushamburgueria;
da4479b5-3306-409a-808e-b65982c120f8;Sonne Haus Hambúrgueria;Sonne Haus Hambúrgueria Jardim America R. José Bartolomeu Cabral (83) 99405-1627 Cabedelo PB Instagram;;yellow;122;instagram;organic;SONNE HAUS COMEDY (@sonnehauscomedy);https://instagram.com/sonnehauscomedy;
da4479b5-3306-409a-808e-b65982c120f8;Sonne Haus Hambúrgueria;Sonne Haus Hambúrgueria Jardim America R. José Bartolomeu Cabral (83) 99405-1627 Cabedelo PB Instagram;;yellow;49;instagram;organic;Hamburgueria Sonne Haus Pub | Cervejaria em João ...;https://instagram.com/reel/C8iIvSgpXcm;instagram_reel_not_profile|instagram_profile_not_canonicalizable|city_not_confirmed
da4479b5-3306-409a-808e-b65982c120f8;Sonne Haus Hambúrgueria;Sonne Haus Hambúrgueria Jardim America R. José Bartolomeu Cabral (83) 99405-1627 Cabedelo PB Instagram;;red;43;instagram;organic;Um pouco da nossa história... Somos Gaúchos e ...;https://instagram.com/p/C9NVUwoJ9tr;instagram_p_not_profile|instagram_profile_not_canonicalizable|city_not_confirmed
da4479b5-3306-409a-808e-b65982c120f8;Sonne Haus Hambúrgueria;Sonne Haus Hambúrgueria Jardim America R. José Bartolomeu Cabral (83) 99405-1627 Cabedelo PB Instagram;;red;28;instagram;organic;CHAPA QUENTE (@chapaquenteoficial1);https://instagram.com/chapaquenteoficial1;brand_not_confirmed|name_not_confirmed|city_not_confirmed
da4479b5-3306-409a-808e-b65982c120f8;Sonne Haus Hambúrgueria;Sonne Haus Hambúrgueria Jardim America R. José Bartolomeu Cabral (83) 99405-1627 Cabedelo PB Instagram;;red;16;wanderboat.ai;organic;Sonne Haus Hambúrgueria - R. José Bartolomeu Cabral, 40;https://wanderboat.ai/restaurants/brazil/regi%C3%A3o-geogr%C3%A1fica-imediata-de-jo%C3%A3o-pessoa/sonne-haus-hamb%C3%BArgueria/JFP5U7RhSPyn9pj8S304vw;city_not_confirmed
da4479b5-3306-409a-808e-b65982c120f8;Sonne Haus Hambúrgueria;Sonne Haus Hambúrgueria Jardim America R. José Bartolomeu Cabral (83) 99405-1627 Cabedelo PB Instagram;;red;-15;instagram;organic;CABEDELO/PB Umas das muitas coisas boas de fazer ...;https://instagram.com/reel/DWCkMp8EUgV;instagram_reel_not_profile|brand_not_confirmed|name_not_confirmed|instagram_profile_not_canonicalizable
da4479b5-3306-409a-808e-b65982c120f8;Sonne Haus Hambúrgueria;Sonne Haus Hambúrgueria Jardim America R. José Bartolomeu Cabral (83) 99405-1627 Cabedelo PB Instagram;;red;-25;instagram;organic;Então, pessoal… chegou o grande dia! Amanhã, às ...;https://instagram.com/reel/DaWthv-vVUa;instagram_reel_not_profile|brand_not_confirmed|name_not_confirmed|instagram_profile_not_canonicalizable|city_not_confirmed
3efd7101-b736-4135-9e5e-9787a854ec0e;Espaço Do Sushi;Espaço Do Sushi Cabedelo R. Juarez Távora - Camalaú Cabedelo PB Instagram;yes;yellow;98;instagram;organic;Espaço do Sushi (@espacodosushi);https://instagram.com/espacodosushi/reels;city_not_confirmed
3efd7101-b736-4135-9e5e-9787a854ec0e;Espaço Do Sushi;Espaço Do Sushi Cabedelo R. Juarez Távora - Camalaú Cabedelo PB Instagram;;yellow;51;instagram;organic;"Espaço do Sushi on Instagram: "" Resume esse temaki em ...";https://instagram.com/reel/Cf7fI2rDmH2;instagram_reel_not_profile|instagram_profile_not_canonicalizable
3efd7101-b736-4135-9e5e-9787a854ec0e;Espaço Do Sushi;Espaço Do Sushi Cabedelo R. Juarez Távora - Camalaú Cabedelo PB Instagram;;yellow;51;instagram;organic;Sushi a partir de 1$ 🙀🙀 em Cabedelo?? Isso mesmo!! 🍣🍣;https://instagram.com/p/CKZ3R-uFnVf;instagram_p_not_profile|instagram_profile_not_canonicalizable
3efd7101-b736-4135-9e5e-9787a854ec0e;Espaço Do Sushi;Espaço Do Sushi Cabedelo R. Juarez Távora - Camalaú Cabedelo PB Instagram;;yellow;51;instagram;organic;Atum Vermelho 🍣🍤😋;https://instagram.com/p/CH3sHVKly1y;instagram_p_not_profile|instagram_profile_not_canonicalizable
3efd7101-b736-4135-9e5e-9787a854ec0e;Espaço Do Sushi;Espaço Do Sushi Cabedelo R. Juarez Távora - Camalaú Cabedelo PB Instagram;;red;35;instagram;organic;"Sushi do Bom on Instagram: ""Enquanto os adultos aproveitam ...";https://instagram.com/reel/DQxEtmbk39b;instagram_reel_not_profile|instagram_profile_not_canonicalizable|city_not_confirmed
3efd7101-b736-4135-9e5e-9787a854ec0e;Espaço Do Sushi;Espaço Do Sushi Cabedelo R. Juarez Távora - Camalaú Cabedelo PB Instagram;;red;0;tripadvisor;organic;Os melhores restaurantes sushi Cabedelo;https://tripadvisor.com.br/Restaurants-g793398-c38-Cabedelo_State_of_Paraiba.html;brand_not_confirmed
3efd7101-b736-4135-9e5e-9787a854ec0e;Espaço Do Sushi;Espaço Do Sushi Cabedelo R. Juarez Távora - Camalaú Cabedelo PB Instagram;;red;-12;saketemaki.com;organic;Sakê - Restaurante Japonês em João Pessoa e Cabedelo;https://saketemaki.com;brand_not_confirmed
3efd7101-b736-4135-9e5e-9787a854ec0e;Espaço Do Sushi;Espaço Do Sushi Cabedelo R. Juarez Távora - Camalaú Cabedelo PB Instagram;;red;-19;instagram;organic;Pra quem ainda não conhece, essa é a nossa unidade Bessa ...;https://instagram.com/reel/DY7rFrTNtcM;instagram_reel_not_profile|brand_not_confirmed|instagram_profile_not_canonicalizable|city_not_confirmed
28b2ef44-31b3-47b1-bd94-5c69a5a42f17;Lanchonete e Pizzaria Popular;Lanchonete e Pizzaria Popular Jacaré R. Santa Maria Madalena (83) 98794-7442 Cabedelo PB Instagram;yes;yellow;56;instagram;organic;Eu Quero Pizza - Food Truck 🍕 (@euqueropizzafoodtruck);https://instagram.com/euqueropizzafoodtruck;brand_not_confirmed
28b2ef44-31b3-47b1-bd94-5c69a5a42f17;Lanchonete e Pizzaria Popular;Lanchonete e Pizzaria Popular Jacaré R. Santa Maria Madalena (83) 98794-7442 Cabedelo PB Instagram;;yellow;56;instagram;organic;Cibelly Mar | Restaurante Flutuante (@cibellymarr);https://instagram.com/cibellymarr;brand_not_confirmed
28b2ef44-31b3-47b1-bd94-5c69a5a42f17;Lanchonete e Pizzaria Popular;Lanchonete e Pizzaria Popular Jacaré R. Santa Maria Madalena (83) 98794-7442 Cabedelo PB Instagram;;red;30;cabedelo.pb.gov.br;organic;Prefeitura de Cabedelo inaugura Restaurante Popular na ...;https://cabedelo.pb.gov.br/prefeitura-de-cabedelo-inaugura-restaurante-popular-na-cidade-com-refeicoes-a-r-1;
28b2ef44-31b3-47b1-bd94-5c69a5a42f17;Lanchonete e Pizzaria Popular;Lanchonete e Pizzaria Popular Jacaré R. Santa Maria Madalena (83) 98794-7442 Cabedelo PB Instagram;;red;30;serpapi.com;local;Pizzaria Jacaré;https://serpapi.com/search.json?device=desktop&engine=google&gl=br&google_domain=google.com.br&hl=pt-br&ludocid=7371133304158833268&q=Lanchonete+e+Pizzaria+Popular+Jacar%C3%A9+R.+Santa+Maria+Madalena+%2883%29+98794-7442+Cabedelo+PB+Instagram;
28b2ef44-31b3-47b1-bd94-5c69a5a42f17;Lanchonete e Pizzaria Popular;Lanchonete e Pizzaria Popular Jacaré R. Santa Maria Madalena (83) 98794-7442 Cabedelo PB Instagram;;red;30;serpapi.com;local;Pizzaria Bom Sabor;https://serpapi.com/search.json?device=desktop&engine=google&gl=br&google_domain=google.com.br&hl=pt-br&ludocid=3399859600685491685&q=Lanchonete+e+Pizzaria+Popular+Jacar%C3%A9+R.+Santa+Maria+Madalena+%2883%29+98794-7442+Cabedelo+PB+Instagram;
28b2ef44-31b3-47b1-bd94-5c69a5a42f17;Lanchonete e Pizzaria Popular;Lanchonete e Pizzaria Popular Jacaré R. Santa Maria Madalena (83) 98794-7442 Cabedelo PB Instagram;;red;30;serpapi.com;local;Pizzaria tá no ponto;https://serpapi.com/search.json?device=desktop&engine=google&gl=br&google_domain=google.com.br&hl=pt-br&ludocid=4352018426993406155&q=Lanchonete+e+Pizzaria+Popular+Jacar%C3%A9+R.+Santa+Maria+Madalena+%2883%29+98794-7442+Cabedelo+PB+Instagram;
28b2ef44-31b3-47b1-bd94-5c69a5a42f17;Lanchonete e Pizzaria Popular;Lanchonete e Pizzaria Popular Jacaré R. Santa Maria Madalena (83) 98794-7442 Cabedelo PB Instagram;;red;-1;instagram;organic;Lasca de Pizza | João Pessoa-PB;https://instagram.com/p/DTTqg0GkcBW;instagram_p_not_profile|brand_not_confirmed|instagram_profile_not_canonicalizable|city_not_confirmed
28b2ef44-31b3-47b1-bd94-5c69a5a42f17;Lanchonete e Pizzaria Popular;Lanchonete e Pizzaria Popular Jacaré R. Santa Maria Madalena (83) 98794-7442 Cabedelo PB Instagram;;red;-6;instagram;derived_instagram_handle;Instagram profile @mandacarucafe.oficial;https://instagram.com/mandacarucafe.oficial;brand_not_confirmed|derived_handle_brand_not_confirmed|city_not_confirmed
98a3b276-2cfa-4c15-902a-aedb022cc215;Caldeirão Nordestino - Caldinho e Nhoques Cabedelo;Caldeirão Nordestino - Caldinho e Nhoques Cabedelo Cabedelo Areia Dourada (83) 98916-4925 Cabedelo PB Instagram;yes;yellow;128;instagram;derived_instagram_handle;Instagram profile @caldeiraonordestinopb;https://instagram.com/caldeiraonordestinopb;
98a3b276-2cfa-4c15-902a-aedb022cc215;Caldeirão Nordestino - Caldinho e Nhoques Cabedelo;Caldeirão Nordestino - Caldinho e Nhoques Cabedelo Cabedelo Areia Dourada (83) 98916-4925 Cabedelo PB Instagram;;yellow;128;instagram;organic;caldeirao.nordestino - Caldinho Cabedelo/JP;https://instagram.com/caldeirao.nordestino;
98a3b276-2cfa-4c15-902a-aedb022cc215;Caldeirão Nordestino - Caldinho e Nhoques Cabedelo;Caldeirão Nordestino - Caldinho e Nhoques Cabedelo Cabedelo Areia Dourada (83) 98916-4925 Cabedelo PB Instagram;;yellow;65;instagram;organic;@caldeiraonordestinopb;https://instagram.com/reel/DXmPCPbjgQs;instagram_reel_not_profile|instagram_profile_not_canonicalizable
98a3b276-2cfa-4c15-902a-aedb022cc215;Caldeirão Nordestino - Caldinho e Nhoques Cabedelo;Caldeirão Nordestino - Caldinho e Nhoques Cabedelo Cabedelo Areia Dourada (83) 98916-4925 Cabedelo PB Instagram;;yellow;59;instagram;organic;Photo by Caldeirão Nordestino | Caldinho Cabedelo/JP ...;https://instagram.com/p/DG0IyyoObMf;instagram_p_not_profile|instagram_profile_not_canonicalizable
98a3b276-2cfa-4c15-902a-aedb022cc215;Caldeirão Nordestino - Caldinho e Nhoques Cabedelo;Caldeirão Nordestino - Caldinho e Nhoques Cabedelo Cabedelo Areia Dourada (83) 98916-4925 Cabedelo PB Instagram;;red;32;instagram;organic;Ilha Dourada (@ilhadouradarestaurante);https://instagram.com/ilhadouradarestaurante;brand_not_confirmed|name_not_confirmed
98a3b276-2cfa-4c15-902a-aedb022cc215;Caldeirão Nordestino - Caldinho e Nhoques Cabedelo;Caldeirão Nordestino - Caldinho e Nhoques Cabedelo Cabedelo Areia Dourada (83) 98916-4925 Cabedelo PB Instagram;;red;-3;instagram;organic;"Hoje tem em João Pessoa! on Instagram: ""Marca aí seus ...";https://instagram.com/reel/DSNZV_eDebF;instagram_reel_not_profile|brand_not_confirmed|name_not_confirmed|instagram_profile_not_canonicalizable
98a3b276-2cfa-4c15-902a-aedb022cc215;Caldeirão Nordestino - Caldinho e Nhoques Cabedelo;Caldeirão Nordestino - Caldinho e Nhoques Cabedelo Cabedelo Areia Dourada (83) 98916-4925 Cabedelo PB Instagram;;red;-15;instagram;organic;"Ilha Dourada on Instagram: ""Delícias como essa todos os dias ...";https://instagram.com/reel/DJC3IZZxGn6;instagram_reel_not_profile|brand_not_confirmed|name_not_confirmed|instagram_profile_not_canonicalizable
98a3b276-2cfa-4c15-902a-aedb022cc215;Caldeirão Nordestino - Caldinho e Nhoques Cabedelo;Caldeirão Nordestino - Caldinho e Nhoques Cabedelo Cabedelo Areia Dourada (83) 98916-4925 Cabedelo PB Instagram;;red;-15;instagram;organic;Marca aí seus amigos que precisam saber disso! O ...;https://instagram.com/reel/DGBICvhxBFw;instagram_reel_not_profile|brand_not_confirmed|name_not_confirmed|instagram_profile_not_canonicalizable
297a6b03-242d-4d91-9f64-73e736972946;Oxi Burguer Cabedelo;Oxi Burguer Cabedelo Cabedelo R. Maria das Neves Silva - Ponta de Campina (83) 98793-1915 Cabedelo PB Instagram;yes;yellow;140;instagram;organic;Oxi Burguer Cabedelo (@oxicabedelo);https://instagram.com/oxicabedelo;
297a6b03-242d-4d91-9f64-73e736972946;Oxi Burguer Cabedelo;Oxi Burguer Cabedelo Cabedelo R. Maria das Neves Silva - Ponta de Campina (83) 98793-1915 Cabedelo PB Instagram;;green;130;brendi;organic;Oxi Burguer - Cabedelo, PB;https://pedido.brendi.com.br/oxiburguercabedelo;
297a6b03-242d-4d91-9f64-73e736972946;Oxi Burguer Cabedelo;Oxi Burguer Cabedelo Cabedelo R. Maria das Neves Silva - Ponta de Campina (83) 98793-1915 Cabedelo PB Instagram;;yellow;116;instagram;organic;I ❤ Burguer (@iloveburguerpb);https://instagram.com/iloveburguerpb;city_not_confirmed
297a6b03-242d-4d91-9f64-73e736972946;Oxi Burguer Cabedelo;Oxi Burguer Cabedelo Cabedelo R. Maria das Neves Silva - Ponta de Campina (83) 98793-1915 Cabedelo PB Instagram;;yellow;110;instagram;organic;Ox Burguer Hamburgueria (@ox_burguer_hamburgueria);https://instagram.com/ox_burguer_hamburgueria;city_not_confirmed
297a6b03-242d-4d91-9f64-73e736972946;Oxi Burguer Cabedelo;Oxi Burguer Cabedelo Cabedelo R. Maria das Neves Silva - Ponta de Campina (83) 98793-1915 Cabedelo PB Instagram;;yellow;57;instagram;organic;CABEDELO/PB Umas das muitas coisas boas de fazer esse ...;https://instagram.com/reel/DWCkMp8EUgV;instagram_reel_not_profile|instagram_profile_not_canonicalizable
297a6b03-242d-4d91-9f64-73e736972946;Oxi Burguer Cabedelo;Oxi Burguer Cabedelo Cabedelo R. Maria das Neves Silva - Ponta de Campina (83) 98793-1915 Cabedelo PB Instagram;;yellow;57;instagram;organic;O melhor Hambúrguer artesanal! Vem 📍Estamos na Rua ...;https://instagram.com/p/DKK_aUXvOQ1;instagram_p_not_profile|instagram_profile_not_canonicalizable
297a6b03-242d-4d91-9f64-73e736972946;Oxi Burguer Cabedelo;Oxi Burguer Cabedelo Cabedelo R. Maria das Neves Silva - Ponta de Campina (83) 98793-1915 Cabedelo PB Instagram;;red;38;instagram;organic;CABEDELO/PB Umas das muitas coisas boas de fazer esse ...;https://instagram.com/boralimaiseu/reel/DWCkMp8EUgV/?hl=ha-ng;brand_not_confirmed|name_not_confirmed
297a6b03-242d-4d91-9f64-73e736972946;Oxi Burguer Cabedelo;Oxi Burguer Cabedelo Cabedelo R. Maria das Neves Silva - Ponta de Campina (83) 98793-1915 Cabedelo PB Instagram;;red;35;instagram;organic;SEXTOU, viu? 😎🔥 E se for pra começar o fim de semana ...;https://instagram.com/p/DQNG33ngRFF;instagram_p_not_profile|instagram_profile_not_canonicalizable|city_not_confirmed
5ba77eda-968b-407b-aaa9-4c6d641e66cb;Tropical Burgz;Tropical Burgz Cabedelo Av. Oceano Pacífico - Intermares Cabedelo PB Instagram;yes;yellow;128;instagram;organic;TROPICAL BURGZ (@tropicalburgz);https://instagram.com/tropicalburgz;
5ba77eda-968b-407b-aaa9-4c6d641e66cb;Tropical Burgz;Tropical Burgz Cabedelo Av. Oceano Pacífico - Intermares Cabedelo PB Instagram;;yellow;59;instagram;organic;TROPICAL BURGZ on Instagram;https://instagram.com/p/DJaMRJySOpU;instagram_p_not_profile|instagram_profile_not_canonicalizable
5ba77eda-968b-407b-aaa9-4c6d641e66cb;Tropical Burgz;Tropical Burgz Cabedelo Av. Oceano Pacífico - Intermares Cabedelo PB Instagram;;yellow;59;instagram;organic;Reel by TROPICAL BURGZ (@tropicalburgz) · May 6, 2025;https://instagram.com/reel/DJVDkChSwV1;instagram_reel_not_profile|instagram_profile_not_canonicalizable
5ba77eda-968b-407b-aaa9-4c6d641e66cb;Tropical Burgz;Tropical Burgz Cabedelo Av. Oceano Pacífico - Intermares Cabedelo PB Instagram;;red;43;instagram;organic;Reel by TROPICAL BURGZ (@tropicalburgz);https://instagram.com/p/DSfbIZfjp4E;instagram_p_not_profile|instagram_profile_not_canonicalizable|city_not_confirmed
5ba77eda-968b-407b-aaa9-4c6d641e66cb;Tropical Burgz;Tropical Burgz Cabedelo Av. Oceano Pacífico - Intermares Cabedelo PB Instagram;;red;43;instagram;organic;@tropicalburgz;https://instagram.com/reel/DZ0_EoapJ5I;instagram_reel_not_profile|instagram_profile_not_canonicalizable|city_not_confirmed
5ba77eda-968b-407b-aaa9-4c6d641e66cb;Tropical Burgz;Tropical Burgz Cabedelo Av. Oceano Pacífico - Intermares Cabedelo PB Instagram;;red;35;instagram;organic;Ta batizadooo, TROPICAL BURGER TA ON EM TODAS ...;https://instagram.com/p/DW1VP7fFZGy;instagram_p_not_profile|instagram_profile_not_canonicalizable|city_not_confirmed
5ba77eda-968b-407b-aaa9-4c6d641e66cb;Tropical Burgz;Tropical Burgz Cabedelo Av. Oceano Pacífico - Intermares Cabedelo PB Instagram;;red;35;instagram;organic;🌴🍔 Já conhece o nosso Tropical? Um hambúrguer ...;https://instagram.com/p/DPR30RIk6Xk;instagram_p_not_profile|instagram_profile_not_canonicalizable|city_not_confirmed
5ba77eda-968b-407b-aaa9-4c6d641e66cb;Tropical Burgz;Tropical Burgz Cabedelo Av. Oceano Pacífico - Intermares Cabedelo PB Instagram;;red;35;instagram;organic;Tropical Burger o lanche que fez o maior sucesso na ...;https://instagram.com/p/DPhWVMnkYYb;instagram_p_not_profile|instagram_profile_not_canonicalizable|city_not_confirmed
9c83d3fb-60df-4b9a-8687-05e889cfef48;Nena Doceria & Salgaderia;Nena Doceria & Salgaderia Vila Sao Joao R. Juarez Távora (83) 99629-9367 Cabedelo PB Instagram;yes;yellow;128;instagram;organic;Nena Doceria (@nena_doceria);https://instagram.com/nena_doceria;
9c83d3fb-60df-4b9a-8687-05e889cfef48;Nena Doceria & Salgaderia;Nena Doceria & Salgaderia Vila Sao Joao R. Juarez Távora (83) 99629-9367 Cabedelo PB Instagram;;yellow;98;instagram;organic;Blend Doceria (@blenddoceria);https://instagram.com/blenddoceria;city_not_confirmed
9c83d3fb-60df-4b9a-8687-05e889cfef48;Nena Doceria & Salgaderia;Nena Doceria & Salgaderia Vila Sao Joao R. Juarez Távora (83) 99629-9367 Cabedelo PB Instagram;;yellow;46;facebook;organic;Nena Doceria & Salgaderia | Cabedelo PB;https://ar-ar.facebook.com/Nena.Doceria.Salgaderia;
9c83d3fb-60df-4b9a-8687-05e889cfef48;Nena Doceria & Salgaderia;Nena Doceria & Salgaderia Vila Sao Joao R. Juarez Távora (83) 99629-9367 Cabedelo PB Instagram;;yellow;46;facebook;organic;Nena Doceria & Salgaderia | Cabedelo PB;https://ro-ro.facebook.com/Nena.Doceria.Salgaderia;
9c83d3fb-60df-4b9a-8687-05e889cfef48;Nena Doceria & Salgaderia;Nena Doceria & Salgaderia Vila Sao Joao R. Juarez Távora (83) 99629-9367 Cabedelo PB Instagram;;red;39;instagram;organic;Sonho Doce (@sonhodoce) · João Pessoa, PB;https://instagram.com/sonhodoce;conflicting_location:joao pessoa, pb|city_not_confirmed
9c83d3fb-60df-4b9a-8687-05e889cfef48;Nena Doceria & Salgaderia;Nena Doceria & Salgaderia Vila Sao Joao R. Juarez Távora (83) 99629-9367 Cabedelo PB Instagram;;red;38;instagram;organic;Tia Graça Doces e Salgados® (@tiagracadocesesalgados);https://instagram.com/tiagracadocesesalgados;brand_not_confirmed|name_not_confirmed
9c83d3fb-60df-4b9a-8687-05e889cfef48;Nena Doceria & Salgaderia;Nena Doceria & Salgaderia Vila Sao Joao R. Juarez Távora (83) 99629-9367 Cabedelo PB Instagram;;red;16;instagram;organic;Zeny Doces e Salgados (@zenydoces);https://instagram.com/zenydoces;brand_not_confirmed|name_not_confirmed|city_not_confirmed
9c83d3fb-60df-4b9a-8687-05e889cfef48;Nena Doceria & Salgaderia;Nena Doceria & Salgaderia Vila Sao Joao R. Juarez Távora (83) 99629-9367 Cabedelo PB Instagram;;red;-31;instagram;organic;por menos de R$20 tem salgado + torta no festival da Dona ...;https://instagram.com/reel/DPrIrhoja8Z;instagram_reel_not_profile|brand_not_confirmed|name_not_confirmed|instagram_profile_not_canonicalizable|city_not_confirmed
c73bb2a7-5e2a-4f2e-8334-daaea6b12b84;Mão Branca bar e resturante;Mão Branca bar e resturante R. Vitorino Cardoso Rua Luna Pedrosa (83) 92178-1050 Cabedelo PB Instagram;yes;yellow;106;instagram;organic;maobrancabarerestaurante;https://instagram.com/maobrancabarerestaurante;city_not_confirmed
c73bb2a7-5e2a-4f2e-8334-daaea6b12b84;Mão Branca bar e resturante;Mão Branca bar e resturante R. Vitorino Cardoso Rua Luna Pedrosa (83) 92178-1050 Cabedelo PB Instagram;;yellow;59;instagram;organic;Tem lugar que não é só pra comer. É pra sentir o vento ...;https://instagram.com/p/DUYK3_Rkmcu;instagram_p_not_profile|instagram_profile_not_canonicalizable
c73bb2a7-5e2a-4f2e-8334-daaea6b12b84;Mão Branca bar e resturante;Mão Branca bar e resturante R. Vitorino Cardoso Rua Luna Pedrosa (83) 92178-1050 Cabedelo PB Instagram;;red;-37;instagram;organic;Todo dia é dia de viver bons momentos no Moman. 🖤;https://instagram.com/p/DZA9mvCTUOc;instagram_p_not_profile|brand_not_confirmed|name_not_confirmed|instagram_profile_not_canonicalizable|city_not_confirmed
c73bb2a7-5e2a-4f2e-8334-daaea6b12b84;Mão Branca bar e resturante;Mão Branca bar e resturante R. Vitorino Cardoso Rua Luna Pedrosa (83) 92178-1050 Cabedelo PB Instagram;;red;-37;instagram;organic;SEMANA MAIS AGUARDADA DO ...;https://instagram.com/p/DZY-A8KDKzU;instagram_p_not_profile|brand_not_confirmed|name_not_confirmed|instagram_profile_not_canonicalizable|city_not_confirmed
2ebf5453-9be4-469d-afd8-be3ac7833f00;Restaurante e pizzaria chapa quente;Restaurante e pizzaria chapa quente Centro R. Nova Descoberta (83) 99988-8764 Cabedelo PB Instagram;yes;yellow;118;instagram;organic;CHAPA QUENTE (@chapaquenteoficial1);https://instagram.com/chapaquenteoficial1;city_not_confirmed
2ebf5453-9be4-469d-afd8-be3ac7833f00;Restaurante e pizzaria chapa quente;Restaurante e pizzaria chapa quente Centro R. Nova Descoberta (83) 99988-8764 Cabedelo PB Instagram;;yellow;106;instagram;organic;Chapa Quente - Restaurante & bar (@chapaquenteviamao);https://instagram.com/chapaquenteviamao;city_not_confirmed
2ebf5453-9be4-469d-afd8-be3ac7833f00;Restaurante e pizzaria chapa quente;Restaurante e pizzaria chapa quente Centro R. Nova Descoberta (83) 99988-8764 Cabedelo PB Instagram;;yellow;106;instagram;organic;Chapa Quente - Restaurante & bar (@chapaquentepoa);https://instagram.com/chapaquentepoa;city_not_confirmed
2ebf5453-9be4-469d-afd8-be3ac7833f00;Restaurante e pizzaria chapa quente;Restaurante e pizzaria chapa quente Centro R. Nova Descoberta (83) 99988-8764 Cabedelo PB Instagram;;yellow;55;instagram;organic;Chapa Quente delivery , pizzaria, hamburgueria. | Tudo é ...;https://instagram.com/reel/DR0M05nib1f;instagram_reel_not_profile|instagram_profile_not_canonicalizable|city_not_confirmed
2ebf5453-9be4-469d-afd8-be3ac7833f00;Restaurante e pizzaria chapa quente;Restaurante e pizzaria chapa quente Centro R. Nova Descoberta (83) 99988-8764 Cabedelo PB Instagram;;yellow;55;instagram;organic;Restaurante Chapa Quente | Vem pro Chapa!;https://instagram.com/p/DOtOAnzgLnv;instagram_p_not_profile|instagram_profile_not_canonicalizable|city_not_confirmed
2ebf5453-9be4-469d-afd8-be3ac7833f00;Restaurante e pizzaria chapa quente;Restaurante e pizzaria chapa quente Centro R. Nova Descoberta (83) 99988-8764 Cabedelo PB Instagram;;red;43;instagram;organic;Um momento para lembrar! Celebre conosco! Realize a sua ...;https://instagram.com/reel/DCb4-Jeubwv;instagram_reel_not_profile|instagram_profile_not_canonicalizable|city_not_confirmed
2ebf5453-9be4-469d-afd8-be3ac7833f00;Restaurante e pizzaria chapa quente;Restaurante e pizzaria chapa quente Centro R. Nova Descoberta (83) 99988-8764 Cabedelo PB Instagram;;red;43;instagram;organic;O chapa quente existe quem é exigente e gosta de ...;https://instagram.com/p/DX45YoAkXLI;instagram_p_not_profile|instagram_profile_not_canonicalizable|city_not_confirmed
2ebf5453-9be4-469d-afd8-be3ac7833f00;Restaurante e pizzaria chapa quente;Restaurante e pizzaria chapa quente Centro R. Nova Descoberta (83) 99988-8764 Cabedelo PB Instagram;;red;43;instagram;organic;Chapa Quente Lanches on Instagram;https://instagram.com/p/DRQGkJnkm-q;instagram_p_not_profile|instagram_profile_not_canonicalizable|city_not_confirmed
166ab094-fea7-412e-9386-d0517895dbb4;Bras Coffee;Bras Coffee Jardim America Av. Maria José Alexandre de Lucena Cabedelo PB Instagram;yes;yellow;98;instagram;organic;coffeelab (@coffeelab_br) • Instagram photos and videos;https://instagram.com/coffeelab_br;city_not_confirmed
166ab094-fea7-412e-9386-d0517895dbb4;Bras Coffee;Bras Coffee Jardim America Av. Maria José Alexandre de Lucena Cabedelo PB Instagram;;red;43;instagram;organic;"Sebrae Nacional on Instagram: ""O Brasil ama um cafezinho e ...";https://instagram.com/reel/DYuPWc6Ob_x;instagram_reel_not_profile|instagram_profile_not_canonicalizable|city_not_confirmed
166ab094-fea7-412e-9386-d0517895dbb4;Bras Coffee;Bras Coffee Jardim America Av. Maria José Alexandre de Lucena Cabedelo PB Instagram;;red;43;instagram;organic;Se a vida anda amarga, deixa o Café Brasil trazer um doce ...;https://instagram.com/reel/DPCh_k7jZZM;instagram_reel_not_profile|instagram_profile_not_canonicalizable|city_not_confirmed
166ab094-fea7-412e-9386-d0517895dbb4;Bras Coffee;Bras Coffee Jardim America Av. Maria José Alexandre de Lucena Cabedelo PB Instagram;;red;35;instagram;organic;"Maria Maria Cafe on Instagram: ""A melhor coisa que você ...";https://instagram.com/reel/DVyU9m5Ef3k;instagram_reel_not_profile|instagram_profile_not_canonicalizable|city_not_confirmed
166ab094-fea7-412e-9386-d0517895dbb4;Bras Coffee;Bras Coffee Jardim America Av. Maria José Alexandre de Lucena Cabedelo PB Instagram;;red;-11;instagram;organic;Delicie-se com o melhor do café brasileiro! ☕🇧🇷 O ...;https://instagram.com/p/DWg03vZiqpg;instagram_p_not_profile|brand_not_confirmed|instagram_profile_not_canonicalizable|city_not_confirmed
166ab094-fea7-412e-9386-d0517895dbb4;Bras Coffee;Bras Coffee Jardim America Av. Maria José Alexandre de Lucena Cabedelo PB Instagram;;red;-11;instagram;organic;Pé quente é tomar um café filtrado no método V60 Suiren ...;https://instagram.com/reel/DZ-gEsChkZi;instagram_reel_not_profile|brand_not_confirmed|instagram_profile_not_canonicalizable|city_not_confirmed
166ab094-fea7-412e-9386-d0517895dbb4;Bras Coffee;Bras Coffee Jardim America Av. Maria José Alexandre de Lucena Cabedelo PB Instagram;;red;-11;instagram;organic;Sua semana começa mais gostosa e cheia de energia com ...;https://instagram.com/p/DaK0TIVl-Ac;instagram_p_not_profile|brand_not_confirmed|instagram_profile_not_canonicalizable|city_not_confirmed
166ab094-fea7-412e-9386-d0517895dbb4;Bras Coffee;Bras Coffee Jardim America Av. Maria José Alexandre de Lucena Cabedelo PB Instagram;;red;-37;instagram;organic;Bora beber muito café pra comemorar ☕️☕️☕️;https://instagram.com/p/DXG1VmBDf_D;instagram_p_not_profile|brand_not_confirmed|name_not_confirmed|instagram_profile_not_canonicalizable|city_not_confirmed
8bae41e4-1365-4def-9857-34e4abdbf329;Eu Quero Pizza;Eu Quero Pizza Cabedelo R. da Enseada - Ponta de Campina (83) 99857-3813 Cabedelo PB Instagram;yes;yellow;120;instagram;organic;Eu Quero Pizza - Food Truck 🍕 (@euqueropizzafoodtruck);https://instagram.com/euqueropizzafoodtruck;
8bae41e4-1365-4def-9857-34e4abdbf329;Eu Quero Pizza;Eu Quero Pizza Cabedelo R. da Enseada - Ponta de Campina (83) 99857-3813 Cabedelo PB Instagram;;yellow;120;instagram;organic;Eu Quero Pizza - Food Truck 🍕 (@euqueropizzafoodtruck);https://instagram.com/euqueropizzafoodtruck/reels;
8bae41e4-1365-4def-9857-34e4abdbf329;Eu Quero Pizza;Eu Quero Pizza Cabedelo R. da Enseada - Ponta de Campina (83) 99857-3813 Cabedelo PB Instagram;;red;6;pizzariabomsaborpb.com.br;organic;Pizzaria Bom Sabor PB | Cabedelo - Jacaré;https://pizzariabomsaborpb.com.br;brand_not_confirmed
8bae41e4-1365-4def-9857-34e4abdbf329;Eu Quero Pizza;Eu Quero Pizza Cabedelo R. da Enseada - Ponta de Campina (83) 99857-3813 Cabedelo PB Instagram;;red;3;instagram;organic;A melhor pizza artesanal! . Vem Estamos na Rua da Enseada ...;https://instagram.com/reel/DIr2VbSxYSx;instagram_reel_not_profile|brand_not_confirmed|instagram_profile_not_canonicalizable
8bae41e4-1365-4def-9857-34e4abdbf329;Eu Quero Pizza;Eu Quero Pizza Cabedelo R. da Enseada - Ponta de Campina (83) 99857-3813 Cabedelo PB Instagram;;red;3;instagram;organic;A melhor pizza da região! Vem;https://instagram.com/reel/DI7MjnAhbcG;instagram_reel_not_profile|brand_not_confirmed|instagram_profile_not_canonicalizable
8bae41e4-1365-4def-9857-34e4abdbf329;Eu Quero Pizza;Eu Quero Pizza Cabedelo R. da Enseada - Ponta de Campina (83) 99857-3813 Cabedelo PB Instagram;;red;3;instagram;organic;A melhor pizza Artesanal da região! . Estamos na Rua da ...;https://instagram.com/reel/DBKNF6jyA-0;instagram_reel_not_profile|brand_not_confirmed|instagram_profile_not_canonicalizable
8bae41e4-1365-4def-9857-34e4abdbf329;Eu Quero Pizza;Eu Quero Pizza Cabedelo R. da Enseada - Ponta de Campina (83) 99857-3813 Cabedelo PB Instagram;;red;3;instagram;organic;Pizza Grande a partir de R$49,90;https://instagram.com/p/DDscupHB_zX;instagram_p_not_profile|brand_not_confirmed|instagram_profile_not_canonicalizable
8bae41e4-1365-4def-9857-34e4abdbf329;Eu Quero Pizza;Eu Quero Pizza Cabedelo R. da Enseada - Ponta de Campina (83) 99857-3813 Cabedelo PB Instagram;;red;3;instagram;organic;A melhor pizza Artesanal!;https://instagram.com/p/DFqjryhhYIK;instagram_p_not_profile|brand_not_confirmed|instagram_profile_not_canonicalizable
a6c05dbd-0f69-41b7-8d08-0a9f8bcb8dc2;Coffee Cake Açaiteria;Coffee Cake Açaiteria Sala Av. Oceano Atlântico (83) 99961-5054 Cabedelo PB Instagram;yes;yellow;122;instagram;organic;ᴄᴏғғᴇᴇ ᴄᴀᴋᴇ ᴀçᴀɪᴛᴇʀɪᴀ (@coffeecakeacaiteria);https://instagram.com/coffeecakeacaiteria;
a6c05dbd-0f69-41b7-8d08-0a9f8bcb8dc2;Coffee Cake Açaiteria;Coffee Cake Açaiteria Sala Av. Oceano Atlântico (83) 99961-5054 Cabedelo PB Instagram;;yellow;106;instagram;organic;Coffee & Cake (@coffeecakebd);https://instagram.com/coffeecakebd;city_not_confirmed
a6c05dbd-0f69-41b7-8d08-0a9f8bcb8dc2;Coffee Cake Açaiteria;Coffee Cake Açaiteria Sala Av. Oceano Atlântico (83) 99961-5054 Cabedelo PB Instagram;;yellow;65;instagram;organic;Feliz dia dos país !!! @coffeecakeacaiteria;https://instagram.com/p/B1BwLJbp3Ak;instagram_p_not_profile|instagram_profile_not_canonicalizable
a6c05dbd-0f69-41b7-8d08-0a9f8bcb8dc2;Coffee Cake Açaiteria;Coffee Cake Açaiteria Sala Av. Oceano Atlântico (83) 99961-5054 Cabedelo PB Instagram;;yellow;65;instagram;organic;Pagar Boletos ✅ Recaregar celular (Oi, Vivo, Claro e Tim) ...;https://instagram.com/p/CSZvG-KjhjI;instagram_p_not_profile|instagram_profile_not_canonicalizable
a6c05dbd-0f69-41b7-8d08-0a9f8bcb8dc2;Coffee Cake Açaiteria;Coffee Cake Açaiteria Sala Av. Oceano Atlântico (83) 99961-5054 Cabedelo PB Instagram;;red;43;instagram;organic;"Cafeteria Coffee Cake Sabor e Arte on Instagram: ""A ...";https://instagram.com/reel/C9AWkUgubKl;instagram_reel_not_profile|instagram_profile_not_canonicalizable|city_not_confirmed
a6c05dbd-0f69-41b7-8d08-0a9f8bcb8dc2;Coffee Cake Açaiteria;Coffee Cake Açaiteria Sala Av. Oceano Atlântico (83) 99961-5054 Cabedelo PB Instagram;;red;43;instagram;organic;"Chiffon Cake ® on Instagram: ""Today at Chiffon Cake Um café ...";https://instagram.com/reel/DZqar1EjGyZ;instagram_reel_not_profile|instagram_profile_not_canonicalizable|city_not_confirmed
a6c05dbd-0f69-41b7-8d08-0a9f8bcb8dc2;Coffee Cake Açaiteria;Coffee Cake Açaiteria Sala Av. Oceano Atlântico (83) 99961-5054 Cabedelo PB Instagram;;red;38;facebook;organic;Coffee Cake Açaiteria | Cabedelo PB;https://facebook.com/Coffeecakeacaiteria;
a6c05dbd-0f69-41b7-8d08-0a9f8bcb8dc2;Coffee Cake Açaiteria;Coffee Cake Açaiteria Sala Av. Oceano Atlântico (83) 99961-5054 Cabedelo PB Instagram;;red;-11;instagram;organic;Horário de funcionamento da coffe cake ☕️🍰;https://instagram.com/p/DDP8lhIJlqy;instagram_p_not_profile|brand_not_confirmed|instagram_profile_not_canonicalizable|city_not_confirmed
646b1437-0afa-4aef-b8e4-7a83bce3f43f;Sol e mar restaurante e self service;Sol e mar restaurante e self service Camboinha R. Márcia Travassos (83) 99157-8255 Cabedelo PB Instagram;yes;yellow;120;instagram;organic;gigantedomaroficial • Instagram photos and videos;https://instagram.com/gigantedomaroficial;
646b1437-0afa-4aef-b8e4-7a83bce3f43f;Sol e mar restaurante e self service;Sol e mar restaurante e self service Camboinha R. Márcia Travassos (83) 99157-8255 Cabedelo PB Instagram;;yellow;114;instagram;derived_instagram_handle;Instagram profile @restaurantesolamar;https://instagram.com/restaurantesolamar;city_not_confirmed
646b1437-0afa-4aef-b8e4-7a83bce3f43f;Sol e mar restaurante e self service;Sol e mar restaurante e self service Camboinha R. Márcia Travassos (83) 99157-8255 Cabedelo PB Instagram;;yellow;114;instagram;organic;Sol e Mar Restaurante Self-service (@restaurantesolemar__);https://instagram.com/restaurantesolemar__;city_not_confirmed
646b1437-0afa-4aef-b8e4-7a83bce3f43f;Sol e mar restaurante e self service;Sol e mar restaurante e self service Camboinha R. Márcia Travassos (83) 99157-8255 Cabedelo PB Instagram;;yellow;110;instagram;organic;PRIMO RICO (@primoricopb) • Instagram photos and videos;https://instagram.com/primoricopb;city_not_confirmed
646b1437-0afa-4aef-b8e4-7a83bce3f43f;Sol e mar restaurante e self service;Sol e mar restaurante e self service Camboinha R. Márcia Travassos (83) 99157-8255 Cabedelo PB Instagram;;yellow;96;instagram;organic;Dom Carlos Restaurante (@domcarlosrestaurante);https://instagram.com/domcarlosrestaurante/?hl=pt-br;city_not_confirmed
646b1437-0afa-4aef-b8e4-7a83bce3f43f;Sol e mar restaurante e self service;Sol e mar restaurante e self service Camboinha R. Márcia Travassos (83) 99157-8255 Cabedelo PB Instagram;;yellow;63;instagram;organic;O cardápio de hoje do melhor self service aqui de Intermares ...;https://instagram.com/reel/DMAuaLrOUYe;instagram_reel_not_profile|instagram_profile_not_canonicalizable|city_not_confirmed
646b1437-0afa-4aef-b8e4-7a83bce3f43f;Sol e mar restaurante e self service;Sol e mar restaurante e self service Camboinha R. Márcia Travassos (83) 99157-8255 Cabedelo PB Instagram;;yellow;59;instagram;organic;Nossas unidades hoje estão com opções deliciosas! Unidade ...;https://instagram.com/reel/DGs0F8mRruh;instagram_reel_not_profile|instagram_profile_not_canonicalizable|city_not_confirmed
646b1437-0afa-4aef-b8e4-7a83bce3f43f;Sol e mar restaurante e self service;Sol e mar restaurante e self service Camboinha R. Márcia Travassos (83) 99157-8255 Cabedelo PB Instagram;;yellow;59;instagram;organic;Buffet de hoje! 😋;https://instagram.com/p/DShxht7AAsd;instagram_p_not_profile|instagram_profile_not_canonicalizable|city_not_confirmed
2386896b-b1f2-4d3a-9a12-edb93d96a24f;Tapiocaria da zeti;Tapiocaria da zeti Cabedelo Av. Pôr do Sol Cabedelo PB Instagram;yes;yellow;62;instagram;organic;TAPIOCARIA DO DINHO 🔥 (@tapiocariadinho);https://instagram.com/tapiocariadinho;brand_not_confirmed
2386896b-b1f2-4d3a-9a12-edb93d96a24f;Tapiocaria da zeti;Tapiocaria da zeti Cabedelo Av. Pôr do Sol Cabedelo PB Instagram;;yellow;56;instagram;organic;Tapioca da Leuda (@tapiocadaleuda);https://instagram.com/tapiocadaleuda;brand_not_confirmed
2386896b-b1f2-4d3a-9a12-edb93d96a24f;Tapiocaria da zeti;Tapiocaria da zeti Cabedelo Av. Pôr do Sol Cabedelo PB Instagram;;red;16;instagram;derived_instagram_handle;Instagram profile @michelleapoene;https://instagram.com/michelleapoene;brand_not_confirmed|derived_handle_brand_not_confirmed
2386896b-b1f2-4d3a-9a12-edb93d96a24f;Tapiocaria da zeti;Tapiocaria da zeti Cabedelo Av. Pôr do Sol Cabedelo PB Instagram;;red;3;instagram;organic;Se esse vídeo apareceu pra você… é porque alguém te deve ...;https://instagram.com/reel/DRpQWTfCb0n;instagram_reel_not_profile|brand_not_confirmed|instagram_profile_not_canonicalizable
2386896b-b1f2-4d3a-9a12-edb93d96a24f;Tapiocaria da zeti;Tapiocaria da zeti Cabedelo Av. Pôr do Sol Cabedelo PB Instagram;;red;3;instagram;organic;Por do Sol do Jacaré - Cabedelo PB 🌤;https://instagram.com/p/DUQ1VOpETsI/?img_index=3;instagram_p_not_profile|brand_not_confirmed|instagram_profile_not_canonicalizable
2386896b-b1f2-4d3a-9a12-edb93d96a24f;Tapiocaria da zeti;Tapiocaria da zeti Cabedelo Av. Pôr do Sol Cabedelo PB Instagram;;red;3;instagram;organic;parar, respirar e estar presente. Um dos pôr do sol mais ...;https://instagram.com/p/DXkfUCqEcVr;instagram_p_not_profile|brand_not_confirmed|instagram_profile_not_canonicalizable
2386896b-b1f2-4d3a-9a12-edb93d96a24f;Tapiocaria da zeti;Tapiocaria da zeti Cabedelo Av. Pôr do Sol Cabedelo PB Instagram;;red;-3;instagram;organic;Venham experimentar nossa tapioca que é referência aqui ...;https://instagram.com/reel/DX31SVoA32Z;instagram_reel_not_profile|brand_not_confirmed|instagram_profile_not_canonicalizable
2386896b-b1f2-4d3a-9a12-edb93d96a24f;Tapiocaria da zeti;Tapiocaria da zeti Cabedelo Av. Pôr do Sol Cabedelo PB Instagram;;red;-11;instagram;organic;Encontrei a melhor tapioqueira de João Pessoa. ...;https://instagram.com/p/DBFWuk7OluR;instagram_p_not_profile|brand_not_confirmed|instagram_profile_not_canonicalizable|city_not_confirmed
72606188-4454-4890-a671-a65d4d08f024;Casa Do Pastel;Casa Do Pastel Recanto do Poço R. Honório Patrício dos Santos (83) 98663-1487 Cabedelo PB Instagram;yes;yellow;132;instagram;organic;lacasadepastelpb (@lacasadepastelpbof) · Cabedelo, PB;https://instagram.com/lacasadepastelpbof;
72606188-4454-4890-a671-a65d4d08f024;Casa Do Pastel;Casa Do Pastel Recanto do Poço R. Honório Patrício dos Santos (83) 98663-1487 Cabedelo PB Instagram;;yellow;110;instagram;organic;CASA DO PASTEL (@casadopastel83);https://instagram.com/casadopastel83;city_not_confirmed
72606188-4454-4890-a671-a65d4d08f024;Casa Do Pastel;Casa Do Pastel Recanto do Poço R. Honório Patrício dos Santos (83) 98663-1487 Cabedelo PB Instagram;;yellow;98;instagram;organic;CASA DO PASTEL (@_casadopastel);https://instagram.com/_casadopastel;city_not_confirmed
72606188-4454-4890-a671-a65d4d08f024;Casa Do Pastel;Casa Do Pastel Recanto do Poço R. Honório Patrício dos Santos (83) 98663-1487 Cabedelo PB Instagram;;yellow;46;instagram;organic;Recanto do Pastel (@recantodopastelbr);https://instagram.com/recantodopastelbr/reels;brand_not_confirmed|city_not_confirmed
72606188-4454-4890-a671-a65d4d08f024;Casa Do Pastel;Casa Do Pastel Recanto do Poço R. Honório Patrício dos Santos (83) 98663-1487 Cabedelo PB Instagram;;red;3;instagram;organic;O melhor pastel de Camboinha te espera!🤩 Agora ficou ...;https://instagram.com/reel/DD5Jy4gvTd5;instagram_reel_not_profile|brand_not_confirmed|instagram_profile_not_canonicalizable
72606188-4454-4890-a671-a65d4d08f024;Casa Do Pastel;Casa Do Pastel Recanto do Poço R. Honório Patrício dos Santos (83) 98663-1487 Cabedelo PB Instagram;;red;2;serpapi.com;local;Casa Do Pastel;https://serpapi.com/search.json?device=desktop&engine=google&gl=br&google_domain=google.com.br&hl=pt-br&ludocid=4005056368201330055&q=Casa+Do+Pastel+Recanto+do+Po%C3%A7o+R.+Hon%C3%B3rio+Patr%C3%ADcio+dos+Santos+%2883%29+98663-1487+Cabedelo+PB+Instagram;brand_not_confirmed
72606188-4454-4890-a671-a65d4d08f024;Casa Do Pastel;Casa Do Pastel Recanto do Poço R. Honório Patrício dos Santos (83) 98663-1487 Cabedelo PB Instagram;;red;2;serpapi.com;local;Recanto do Pastel;https://serpapi.com/search.json?device=desktop&engine=google&gl=br&google_domain=google.com.br&hl=pt-br&ludocid=18209538833555224756&q=Casa+Do+Pastel+Recanto+do+Po%C3%A7o+R.+Hon%C3%B3rio+Patr%C3%ADcio+dos+Santos+%2883%29+98663-1487+Cabedelo+PB+Instagram;brand_not_confirmed
72606188-4454-4890-a671-a65d4d08f024;Casa Do Pastel;Casa Do Pastel Recanto do Poço R. Honório Patrício dos Santos (83) 98663-1487 Cabedelo PB Instagram;;red;-11;instagram;organic;link da bio ou 97206-2053 ➡ Rodízio de pastéis: de terça a ...;https://instagram.com/reel/DBjVEohPQCw;instagram_reel_not_profile|brand_not_confirmed|instagram_profile_not_canonicalizable|city_not_confirmed