status;name;type;address;rating;reviews;place_id;google_maps_url;query;area;ll;reason
already_in_database;Pastelaria Litorânea;Pastelaria brasileira;R. Sólon de Lucena, 19 - Vila Sao Joao, Cabedelo - PB, 58310-000;4.3;280;ChIJMwgi824grQcR0OCGiSGQ4Oc;https://www.google.com/maps/place/?q=place_id:ChIJMwgi824grQcR0OCGiSGQ4Oc;pastelaria Cabedelo PB;Centro Cabedelo;@-6.9748,-34.8373,15z;already_in_database
already_in_database;La casa de pastel e La Pizza Premium;Pastelaria brasileira;Rua por trás do Campo Municipal, R. Primo José Viana, 463 - Centro, Cabedelo - PB, 58100-521;4.1;261;ChIJYSxGk8ghrQcRk9Nz0uySHBE;https://www.google.com/maps/place/?q=place_id:ChIJYSxGk8ghrQcRk9Nz0uySHBE;pastelaria Cabedelo PB;Centro Cabedelo;@-6.9748,-34.8373,15z;already_in_database
accepted;Pastelaria em família;Pastelaria brasileira;R. São Miguel - Camalaú, Cabedelo - PB, 58103-212;5;1;ChIJS7zdL3bfrAcRkHxwCEWiiBQ;https://www.google.com/maps/place/?q=place_id:ChIJS7zdL3bfrAcRkHxwCEWiiBQ;pastelaria Cabedelo PB;Centro Cabedelo;@-6.9748,-34.8373,15z;food_scope
accepted;Pastel do Thiago;Pastelaria brasileira;R. Sólon de Lucena - Ponta de Matos, Cabedelo - PB, 58100-570;4;9;ChIJkRCA8QQhrQcRdarr_EmBcBI;https://www.google.com/maps/place/?q=place_id:ChIJkRCA8QQhrQcRdarr_EmBcBI;pastelaria Cabedelo PB;Centro Cabedelo;@-6.9748,-34.8373,15z;food_scope
accepted;Casa Do Pastel;Pastelaria brasileira;R. Honório Patrício dos Santos, 328 - Recanto do Poço, Cabedelo - PB, 58310-000;4.2;20;ChIJoc8jbkrerAcRh20OFIzRlDc;https://www.google.com/maps/place/?q=place_id:ChIJoc8jbkrerAcRh20OFIzRlDc;pastelaria Cabedelo PB;Centro Cabedelo;@-6.9748,-34.8373,15z;food_scope
already_in_database;PARCEIRO Rosa Lanches;Lanchonete;R. Ten. Antônio Pontes, 139 - Ponta de Matos, Cabedelo - PB, 58100-645;4.5;120;ChIJKfbziSchrQcRUM5eTvB19FU;https://www.google.com/maps/place/?q=place_id:ChIJKfbziSchrQcRUM5eTvB19FU;pastelaria Cabedelo PB;Centro Cabedelo;@-6.9748,-34.8373,15z;already_in_database
rejected;Panificadora do Poço;Padaria;R. Carolino Cardoso, 177-245 - Lot. Vitorino Cardoso, Cabedelo - PB, 58310-000;4.2;293;ChIJD-aUzE3erAcRIs-tCW7mU0Q;https://www.google.com/maps/place/?q=place_id:ChIJD-aUzE3erAcRIs-tCW7mU0Q;pastelaria Cabedelo PB;Centro Cabedelo;@-6.9748,-34.8373,15z;excluded_category_or_name
accepted;Recanto do Pastel;Pastelaria brasileira;R. Gov. Antônio Mariz, 76 - Recanto do Poço, Cabedelo - PB, 58105-126;5;2;ChIJTbQRGwDfrAcRtHi9QRdHtfw;https://www.google.com/maps/place/?q=place_id:ChIJTbQRGwDfrAcRtHi9QRdHtfw;pastelaria Cabedelo PB;Centro Cabedelo;@-6.9748,-34.8373,15z;food_scope
accepted;Big lanches camboinha;Pastelaria brasileira;R. Márcia Travassos, 165 - Camboinha, Cabedelo - PB, 58103-718;5;6;ChIJg_1fFG3frAcRQ_tg6GDYS08;https://www.google.com/maps/place/?q=place_id:ChIJg_1fFG3frAcRQ_tg6GDYS08;pastelaria Cabedelo PB;Centro Cabedelo;@-6.9748,-34.8373,15z;food_scope
rejected;Cabedelo-PB;Desenvolvimento de moradias;R. Cel. José Téles - Vila Sao Joao, Cabedelo - PB, 58100-503;4.9;15;ChIJ3wT1750hrQcRs2veaxaoWXo;https://www.google.com/maps/place/?q=place_id:ChIJ3wT1750hrQcRs2veaxaoWXo;pastelaria Cabedelo PB;Centro Cabedelo;@-6.9748,-34.8373,15z;not_clearly_food_establishment
accepted;Pastelaria Arretada;Pastelaria brasileira;R. Jair Cunha Cavalcanti - Jacaré, Cabedelo - PB, 58105-700;;;ChIJu3uW1J3frAcRSD7yg4vEUJg;https://www.google.com/maps/place/?q=place_id:ChIJu3uW1J3frAcRSD7yg4vEUJg;pastelaria Cabedelo PB;Centro Cabedelo;@-6.9748,-34.8373,15z;food_scope
rejected;Padaria Pandine;Padaria;Av. Mar Vermelho, 357 - Intermares, Cabedelo - PB, 58102-120;4.4;1096;ChIJP6gJ7w3erAcREADxKhazvuY;https://www.google.com/maps/place/?q=place_id:ChIJP6gJ7w3erAcREADxKhazvuY;pastelaria Cabedelo PB;Centro Cabedelo;@-6.9748,-34.8373,15z;excluded_category_or_name
rejected;Pista de Skate Praça G Menezes;Pista de skate;R. Arthur Santos Viana, 279 - Vila Sao Joao, Cabedelo - PB, 58310-000;4;163;ChIJV9bufG4grQcR-CKQS9WJMCM;https://www.google.com/maps/place/?q=place_id:ChIJV9bufG4grQcR-CKQS9WJMCM;pastelaria Cabedelo PB;Centro Cabedelo;@-6.9748,-34.8373,15z;not_clearly_food_establishment
rejected;Padaria Eldorado Intermares;Padaria;Av. Mar Vermelho, 263 - Intermares, Cabedelo - PB, 58102-120;4.3;573;ChIJ8fLcFhXfrAcRa8uPR7mcTcU;https://www.google.com/maps/place/?q=place_id:ChIJ8fLcFhXfrAcRa8uPR7mcTcU;pastelaria Cabedelo PB;Centro Cabedelo;@-6.9748,-34.8373,15z;excluded_category_or_name
accepted;Pastelle (Pastelaria artesanal);Pastelaria brasileira;R. Raul Seixas - Renascer, Cabedelo - PB, 58108-122;4.8;6;ChIJKdiJIC7drAcRSmw3uvlT1t0;https://www.google.com/maps/place/?q=place_id:ChIJKdiJIC7drAcRSmw3uvlT1t0;pastelaria Cabedelo PB;Centro Cabedelo;@-6.9748,-34.8373,15z;food_scope
already_in_database;Churrascaria do Caicó;Churrascaria;R, Av. Pastor José Alves de Oliveira, 365 - Centro, Cabedelo - PB, 58100-222;4.3;753;ChIJVaKROncgrQcR5lpnht-FotI;https://www.google.com/maps/place/?q=place_id:ChIJVaKROncgrQcR5lpnht-FotI;churrascaria Cabedelo PB;Centro Cabedelo;@-6.9748,-34.8373,15z;already_in_database
rejected;A Ferro Y Fogo Churrasco & Burger Artesanal na Brasa;Restaurante;Av. Oceano Atlântico, 1592 - Shopping GetMall - Ponta de Campina, Cabedelo - PB, 58101-650;3.9;39;ChIJNWudC1nfrAcRZp_VOIvsXTQ;https://www.google.com/maps/place/?q=place_id:ChIJNWudC1nfrAcRZp_VOIvsXTQ;churrascaria Cabedelo PB;Centro Cabedelo;@-6.9748,-34.8373,15z;excluded_category_or_name
already_in_database;Ilha Dourada Restaurante;Restaurante de frutos do mar;BR -230, R. José Américo de Almeida Filho, s/n - Areia Dourada, Cabedelo - PB, 58101-212;4.2;3161;ChIJ19PDcIXfrAcRzBwfL7gvIIs;https://www.google.com/maps/place/?q=place_id:ChIJ19PDcIXfrAcRzBwfL7gvIIs;churrascaria Cabedelo PB;Centro Cabedelo;@-6.9748,-34.8373,15z;already_in_database
already_in_database;Bar das Meninas Restaurante;Restaurante de frutos do mar;R. Des. Onaldo N Montenegro, 368 - Vila Sao Joao, Cabedelo - PB, 58109-342;4.2;3174;ChIJodwqQ2kgrQcR4ABUUI60O8Y;https://www.google.com/maps/place/?q=place_id:ChIJodwqQ2kgrQcR4ABUUI60O8Y;churrascaria Cabedelo PB;Centro Cabedelo;@-6.9748,-34.8373,15z;already_in_database
already_in_database;CTG Saudade Da Querência;Restaurante;R. João Santos Coelho Filho, 125 - Lot. Praia Grande, Cabedelo - PB, 58310-000;4.6;293;ChIJv8vnDLPfrAcR2d01H7Lb744;https://www.google.com/maps/place/?q=place_id:ChIJv8vnDLPfrAcR2d01H7Lb744;churrascaria Cabedelo PB;Centro Cabedelo;@-6.9748,-34.8373,15z;already_in_database
already_in_database;churrascaria do biu;Churrascaria;R. Carolino Cardoso, 248-328 - Lot. Vitorino Cardoso, Cabedelo - PB, 58310-000;4.2;142;ChIJi2YYOkzerAcRnZgoaC-xOvY;https://www.google.com/maps/place/?q=place_id:ChIJi2YYOkzerAcRnZgoaC-xOvY;churrascaria Cabedelo PB;Centro Cabedelo;@-6.9748,-34.8373,15z;already_in_database
already_in_database;Restaurante Recanto do Picuí Intermares;Churrascaria;R. Golfo Sidra, 72 - Intermares, Cabedelo - PB, 58310-000;4.5;1267;ChIJ7xU6NRLerAcRpPuWqjv1L7c;https://www.google.com/maps/place/?q=place_id:ChIJ7xU6NRLerAcRpPuWqjv1L7c;churrascaria Cabedelo PB;Centro Cabedelo;@-6.9748,-34.8373,15z;already_in_database
already_in_database;Skama Bar e Restaurante;Restaurante;Av. Cassiano da Cunha Nóbrega, 18 - Ponta de Matos, Cabedelo - PB, 58100-965;4.2;397;ChIJl-GtFGkgrQcROqBgkhHbHuA;https://www.google.com/maps/place/?q=place_id:ChIJl-GtFGkgrQcROqBgkhHbHuA;churrascaria Cabedelo PB;Centro Cabedelo;@-6.9748,-34.8373,15z;already_in_database
rejected;Verano Praia Bar;Bar;Av. Pastor José Alves de Oliveira, 848 - Areia Dourada, Cabedelo - PB, 58101-205;4.4;324;ChIJh0FVTwvfrAcRloIZE5Iit7w;https://www.google.com/maps/place/?q=place_id:ChIJh0FVTwvfrAcRloIZE5Iit7w;churrascaria Cabedelo PB;Centro Cabedelo;@-6.9748,-34.8373,15z;not_clearly_food_establishment
accepted;Restaurante;Churrascaria;R. Cel. José Téles - Vila Sao Joao, Cabedelo - PB, 58100-503;5;1;ChIJ4dEibQAhrQcRtfjKFtmWxZs;https://www.google.com/maps/place/?q=place_id:ChIJ4dEibQAhrQcRtfjKFtmWxZs;churrascaria Cabedelo PB;Centro Cabedelo;@-6.9748,-34.8373,15z;food_scope
already_in_database;Caiçara Bar e Restaurante;Restaurante;Praia de, Rua Cassiano, Av. Cassiano da Cunha Nóbrega - Ponta de Matos, Cabedelo - PB, 58100-695;4.7;39;ChIJ6UAYvCohrQcRzW-CciJ0DB0;https://www.google.com/maps/place/?q=place_id:ChIJ6UAYvCohrQcRzW-CciJ0DB0;churrascaria Cabedelo PB;Centro Cabedelo;@-6.9748,-34.8373,15z;already_in_database
already_in_database;Lovina Ponta de Campina | Bar | Restaurante em Cabedelo;Restaurante;R. Vitorino Cardoso, 908 - Ponta de Campina, Cabedelo - PB, 58101-510;4.4;10742;ChIJdbKCxUTerAcRNmBt0eRrdX8;https://www.google.com/maps/place/?q=place_id:ChIJdbKCxUTerAcRNmBt0eRrdX8;churrascaria Cabedelo PB;Centro Cabedelo;@-6.9748,-34.8373,15z;already_in_database
accepted;Meio Quilo;Restaurante self-service;R. Aderbal Piragibe, 13 - Centro, Cabedelo - PB, 58100-110;4.4;160;ChIJhzOrgHIgrQcRTCBeQ_9JM-8;https://www.google.com/maps/place/?q=place_id:ChIJhzOrgHIgrQcRTCBeQ_9JM-8;churrascaria Cabedelo PB;Centro Cabedelo;@-6.9748,-34.8373,15z;food_scope
accepted;Esquina do galeto;Churrascaria;Rua Rosa vieira,245-B praia do poço, Cabedelo - PB;5;1;ChIJW2UlHc_frAcRt9uoQzA6qyY;https://www.google.com/maps/place/?q=place_id:ChIJW2UlHc_frAcRt9uoQzA6qyY;churrascaria Cabedelo PB;Centro Cabedelo;@-6.9748,-34.8373,15z;food_scope
already_in_database;Ancoradouro Ponta de Campina;Restaurante;R. Henrique Siqueira, 242 - Ponta de Campina, Cabedelo - PB, 58310-000;3.9;495;ChIJZ2RoyxLfrAcRupeEWBQrnEc;https://www.google.com/maps/place/?q=place_id:ChIJZ2RoyxLfrAcRupeEWBQrnEc;churrascaria Cabedelo PB;Centro Cabedelo;@-6.9748,-34.8373,15z;already_in_database
accepted;Restaurante Self Sabor;Restaurante self-service;R. Carolino Cardoso, 361 - Lot. Vitorino Cardoso, Cabedelo - PB, 58101-502;5;1;ChIJCauHMEbfrAcRkfIWALUqaWo;https://www.google.com/maps/place/?q=place_id:ChIJCauHMEbfrAcRkfIWALUqaWo;churrascaria Cabedelo PB;Centro Cabedelo;@-6.9748,-34.8373,15z;food_scope
already_in_database;Bar e Restaurante Solânense;Restaurante;R. Sólon de Lucena, 364 - Centro, Cabedelo - PB, 58100-570;4.6;77;ChIJr1gT2-chrQcRL1coXnrt0YE;https://www.google.com/maps/place/?q=place_id:ChIJr1gT2-chrQcRL1coXnrt0YE;churrascaria Cabedelo PB;Centro Cabedelo;@-6.9748,-34.8373,15z;already_in_database
accepted;Churrascaria Do Gaúcho;Restaurante;Ponta de Matos, Cabedelo - PB, 58100-521;;;ChIJF9Ldc20grQcRA89vYj431xM;https://www.google.com/maps/place/?q=place_id:ChIJF9Ldc20grQcRA89vYj431xM;churrascaria Cabedelo PB;Centro Cabedelo;@-6.9748,-34.8373,15z;food_scope
already_in_database;Melhor Sabor - Churrascaria e Self-Service;Churrascaria;R. João Clementino Gomes, 638 - Renascer, Cabedelo - PB, 58108-088;4.8;18;ChIJm6UA9qrdrAcR5Z_cuLUAO4k;https://www.google.com/maps/place/?q=place_id:ChIJm6UA9qrdrAcR5Z_cuLUAO4k;churrascaria Cabedelo PB;Centro Cabedelo;@-6.9748,-34.8373,15z;already_in_database
accepted;Churrascaria do Pernambucano;Restaurante familiar;R. Cleto Campêlo, 613 - Vila Sao Joao, Cabedelo - PB, 58310-000;5;1;ChIJ4WDFCCUhrQcRhMUDpf3hgM8;https://www.google.com/maps/place/?q=place_id:ChIJ4WDFCCUhrQcRhMUDpf3hgM8;churrascaria Cabedelo PB;Centro Cabedelo;@-6.9748,-34.8373,15z;food_scope
already_in_database;Sushiyaki Restaurante;Restaurante japonês;R. Ten. Antônio Pontes, 381 - Ponta de Matos, Cabedelo - PB, 58100-645;4.7;10;ChIJoZsj3b7frAcRjoZUr5Cg7Uw;https://www.google.com/maps/place/?q=place_id:ChIJoZsj3b7frAcRjoZUr5Cg7Uw;comida japonesa Cabedelo PB;Centro Cabedelo;@-6.9748,-34.8373,15z;already_in_database
already_in_database;Espaço Do Sushi;Restaurante;R. Juarez Távora - Camalaú, Cabedelo - PB, 58310-000;4.2;33;ChIJLZuM-3YgrQcRxc7_zhcQ3Y0;https://www.google.com/maps/place/?q=place_id:ChIJLZuM-3YgrQcRxc7_zhcQ3Y0;comida japonesa Cabedelo PB;Centro Cabedelo;@-6.9748,-34.8373,15z;already_in_database
already_in_database;Sakê Temakeria Ponta de Campina, Cabedelo;Restaurante japonês;Av. Oceano Atlântico, 1592 - Sl 16 E 17 - Ponta de Campina, Cabedelo - PB, 58310-000;4.7;261;ChIJ2Xj63j_drAcRrllAg3GcmOU;https://www.google.com/maps/place/?q=place_id:ChIJ2Xj63j_drAcRrllAg3GcmOU;comida japonesa Cabedelo PB;Centro Cabedelo;@-6.9748,-34.8373,15z;already_in_database
already_in_database;Viciados em Sushi;Restaurante japonês;R. Pedro Aleixo Moura, 34 - Centro, Cabedelo - PB, 58100-210;4.4;193;ChIJ_c5MVHEgrQcRB4CuNV0soio;https://www.google.com/maps/place/?q=place_id:ChIJ_c5MVHEgrQcRB4CuNV0soio;comida japonesa Cabedelo PB;Centro Cabedelo;@-6.9748,-34.8373,15z;already_in_database
already_in_database;A Casa do Temakinho;Restaurante;Av. Mar da Irlanda, 222 - Intermares, Cabedelo - PB, 58310-000;4.9;150;ChIJK77pAsvfrAcRDJoNP1VhTVo;https://www.google.com/maps/place/?q=place_id:ChIJK77pAsvfrAcRDJoNP1VhTVo;comida japonesa Cabedelo PB;Centro Cabedelo;@-6.9748,-34.8373,15z;already_in_database
rejected;Novo Oriente Intermares;Restaurante de sushi;Av. Mar Vermelho, 35 - Intermares, Cabedelo - PB, 58102-120;4.2;1378;ChIJN9JFAA7erAcR7c6fN6tma_g;https://www.google.com/maps/place/?q=place_id:ChIJN9JFAA7erAcR7c6fN6tma_g;comida japonesa Cabedelo PB;Centro Cabedelo;@-6.9748,-34.8373,15z;excluded_category_or_name
already_in_database;Pipa Sushi & Temakeria;Restaurante de sushi;Av. Mar das Antilhas - Intermares, Cabedelo - PB, 58310-000;4.3;292;ChIJm1Mywg3erAcRAs4OIMpvJqk;https://www.google.com/maps/place/?q=place_id:ChIJm1Mywg3erAcRAs4OIMpvJqk;comida japonesa Cabedelo PB;Centro Cabedelo;@-6.9748,-34.8373,15z;already_in_database
already_in_database;Sushiyaki Restaurante;Restaurante japonês;R. Ten. Antônio Pontes, 381 - Ponta de Matos, Cabedelo - PB, 58100-645;4.7;10;ChIJoZsj3b7frAcRjoZUr5Cg7Uw;https://www.google.com/maps/place/?q=place_id:ChIJoZsj3b7frAcRjoZUr5Cg7Uw;japones Cabedelo PB;Centro Cabedelo;@-6.9748,-34.8373,15z;already_in_database
already_in_database;Espaço Do Sushi;Restaurante;R. Juarez Távora - Camalaú, Cabedelo - PB, 58310-000;4.2;33;ChIJLZuM-3YgrQcRxc7_zhcQ3Y0;https://www.google.com/maps/place/?q=place_id:ChIJLZuM-3YgrQcRxc7_zhcQ3Y0;japones Cabedelo PB;Centro Cabedelo;@-6.9748,-34.8373,15z;already_in_database
already_in_database;Viciados em Sushi;Restaurante japonês;R. Pedro Aleixo Moura, 34 - Centro, Cabedelo - PB, 58100-210;4.4;193;ChIJ_c5MVHEgrQcRB4CuNV0soio;https://www.google.com/maps/place/?q=place_id:ChIJ_c5MVHEgrQcRB4CuNV0soio;japones Cabedelo PB;Centro Cabedelo;@-6.9748,-34.8373,15z;already_in_database
already_in_database;Sakê Temakeria Ponta de Campina, Cabedelo;Restaurante japonês;Av. Oceano Atlântico, 1592 - Sl 16 E 17 - Ponta de Campina, Cabedelo - PB, 58310-000;4.7;261;ChIJ2Xj63j_drAcRrllAg3GcmOU;https://www.google.com/maps/place/?q=place_id:ChIJ2Xj63j_drAcRrllAg3GcmOU;japones Cabedelo PB;Centro Cabedelo;@-6.9748,-34.8373,15z;already_in_database
already_in_database;A Casa do Temakinho;Restaurante;Av. Mar da Irlanda, 222 - Intermares, Cabedelo - PB, 58310-000;4.9;150;ChIJK77pAsvfrAcRDJoNP1VhTVo;https://www.google.com/maps/place/?q=place_id:ChIJK77pAsvfrAcRDJoNP1VhTVo;japones Cabedelo PB;Centro Cabedelo;@-6.9748,-34.8373,15z;already_in_database
already_in_database;Pipa Sushi & Temakeria;Restaurante de sushi;Av. Mar das Antilhas - Intermares, Cabedelo - PB, 58310-000;4.3;292;ChIJm1Mywg3erAcRAs4OIMpvJqk;https://www.google.com/maps/place/?q=place_id:ChIJm1Mywg3erAcRAs4OIMpvJqk;japones Cabedelo PB;Centro Cabedelo;@-6.9748,-34.8373,15z;already_in_database
rejected;Novo Oriente Intermares;Restaurante de sushi;Av. Mar Vermelho, 35 - Intermares, Cabedelo - PB, 58102-120;4.2;1378;ChIJN9JFAA7erAcR7c6fN6tma_g;https://www.google.com/maps/place/?q=place_id:ChIJN9JFAA7erAcR7c6fN6tma_g;japones Cabedelo PB;Centro Cabedelo;@-6.9748,-34.8373,15z;excluded_category_or_name
already_in_database;Tapiocaria do Dinho;Restaurante;Av. Ambrósio Miranda de Araújo - Renascer, Cabedelo - PB, 58033-455;4.6;154;ChIJZyUKWFjdrAcRuY-QSDtiyL8;https://www.google.com/maps/place/?q=place_id:ChIJZyUKWFjdrAcRuY-QSDtiyL8;tapiocaria Cabedelo PB;Centro Cabedelo;@-6.9748,-34.8373,15z;already_in_database
accepted;Tapioca Sabor Natural;Restaurante;R. Dr. João Mata, 25 - Vila Sao Joao, Cabedelo - PB, 58310-000;5;1;ChIJ9QK8THIgrQcRvo8cmxxpnWg;https://www.google.com/maps/place/?q=place_id:ChIJ9QK8THIgrQcRvo8cmxxpnWg;tapiocaria Cabedelo PB;Centro Cabedelo;@-6.9748,-34.8373,15z;food_scope
rejected;Tapioca Da Cleide- Onda Mar;Lanchonete;Onda Mar Praia Shopping, 58102-120, Av. Mar Vermelho, 357 - Intermares, Cabedelo - PB, 58102-120;4.5;51;ChIJDcsJwQ3erAcR04pQAVkyyEM;https://www.google.com/maps/place/?q=place_id:ChIJDcsJwQ3erAcR04pQAVkyyEM;tapiocaria Cabedelo PB;Centro Cabedelo;@-6.9748,-34.8373,15z;excluded_category_or_name
accepted;Tapiocaria da moça;Lanchonete;Na, Juarez Távora, praça padre cicero - Camalaú, Cabedelo - PB, 58328-000;3;2;ChIJvdD_Pj4hrQcRy4Mgdq9GZi4;https://www.google.com/maps/place/?q=place_id:ChIJvdD_Pj4hrQcRy4Mgdq9GZi4;tapiocaria Cabedelo PB;Centro Cabedelo;@-6.9748,-34.8373,15z;food_scope
already_in_database;Tapiocaria da zeti;Lanchonete;Av. Pôr do Sol, Cabedelo - PB, 58310-000;5;20;ChIJYwNhcVnfrAcRJ4jZPLua8uw;https://www.google.com/maps/place/?q=place_id:ChIJYwNhcVnfrAcRJ4jZPLua8uw;tapiocaria Cabedelo PB;Centro Cabedelo;@-6.9748,-34.8373,15z;already_in_database
rejected;Panificadora Interpão;Padaria;Av. Pastor José Alves de Oliveira, 229 - Vila Sao Joao, Cabedelo - PB, 58310-000;4.4;310;ChIJRToIKKwhrQcRiu88YL4MkcA;https://www.google.com/maps/place/?q=place_id:ChIJRToIKKwhrQcRiu88YL4MkcA;tapiocaria Cabedelo PB;Centro Cabedelo;@-6.9748,-34.8373,15z;excluded_category_or_name
rejected;Sertão Raiz - Box 33;Loja de produtos naturais;Mercado Público de, R. Elizabeth Alves Galvão, Box 33 - Vila Sao Joao, Cabedelo - PB, 58100-140;5;2;ChIJNWzDDikhrQcRVz-jB83y8Cw;https://www.google.com/maps/place/?q=place_id:ChIJNWzDDikhrQcRVz-jB83y8Cw;tapiocaria Cabedelo PB;Centro Cabedelo;@-6.9748,-34.8373,15z;excluded_category_or_name
already_in_database;Tia Graça Cafeteria e Doceria;Cafeteria;R. Golfo da China, 326 - Intermares, Cabedelo - PB, 58310-000;4.5;67;ChIJV8XbnLXfrAcRTzFbB-0OVFg;https://www.google.com/maps/place/?q=place_id:ChIJV8XbnLXfrAcRTzFbB-0OVFg;tapiocaria Cabedelo PB;Centro Cabedelo;@-6.9748,-34.8373,15z;already_in_database
rejected;Tapiocaria Tambau;Lanchonete;Av. Sen. Ruy Carneiro, 17 - Manaíra, João Pessoa - PB, 58039-181;4.6;167;ChIJCTDizSPdrAcREkvCI1z9gU0;https://www.google.com/maps/place/?q=place_id:ChIJCTDizSPdrAcREkvCI1z9gU0;tapiocaria Cabedelo PB;Centro Cabedelo;@-6.9748,-34.8373,15z;outside_cabedelo_or_location_uncertain
accepted;Tapiocaria da Edna Paraiba;Lanchonete;R. Praia do Jacaré - Jacaré, Cabedelo - PB, 58310-000;3.5;8;ChIJUY5qWRvfrAcRK8-qD7N9ni4;https://www.google.com/maps/place/?q=place_id:ChIJUY5qWRvfrAcRK8-qD7N9ni4;tapiocaria Cabedelo PB;Centro Cabedelo;@-6.9748,-34.8373,15z;food_scope
accepted;Bonitinha das tapiocas;Café;Av. Pôr do Sol, Cabedelo - PB, 58310-000;4.2;9;ChIJ5WIHvhrfrAcRFwG3RLaJgCA;https://www.google.com/maps/place/?q=place_id:ChIJ5WIHvhrfrAcRFwG3RLaJgCA;tapiocaria Cabedelo PB;Centro Cabedelo;@-6.9748,-34.8373,15z;food_scope
already_in_database;Rainha da tapioca;Cafeteria;R. Milton Macedo da Cruz - Lot. Oceania, Cabedelo - PB, 58105-565;;;ChIJ93ysPw3frAcRBYFSISTdBS4;https://www.google.com/maps/place/?q=place_id:ChIJ93ysPw3frAcRBYFSISTdBS4;tapiocaria Cabedelo PB;Centro Cabedelo;@-6.9748,-34.8373,15z;already_in_database
already_in_database;Praçaí - Intermares;Lanchonete;Av. Oceano Pacífico, s/n - Intermares, Cabedelo - PB, 58310-000;4.5;238;ChIJ1cAVK23erAcRCUpJ50T3ULs;https://www.google.com/maps/place/?q=place_id:ChIJ1cAVK23erAcRCUpJ50T3ULs;tapiocaria Cabedelo PB;Centro Cabedelo;@-6.9748,-34.8373,15z;already_in_database
already_in_database;Chié artesanato e comedoria;Café;R. Praia do Jacaré - Intermares, Cabedelo - PB, 58310-000;4;40;ChIJTwa4MA_frAcR4t0Vizs3ozY;https://www.google.com/maps/place/?q=place_id:ChIJTwa4MA_frAcR4t0Vizs3ozY;tapiocaria Cabedelo PB;Centro Cabedelo;@-6.9748,-34.8373,15z;already_in_database
rejected;TreeHouse Bar Lounge - Por do sol João Pessoa;Bar;R. Pôr do Sol, s/n, Cabedelo - PB, 58310-000;4.5;1125;ChIJ33JsoxverAcRwnzfHW9fJTI;https://www.google.com/maps/place/?q=place_id:ChIJ33JsoxverAcRwnzfHW9fJTI;tapiocaria Cabedelo PB;Centro Cabedelo;@-6.9748,-34.8373,15z;excluded_category_or_name
rejected;Supermercado Assis;Supermercado;R. João Vitaliano, 39 - Camalaú, Cabedelo - PB, 58310-000;4.3;1794;ChIJ0cBL53EgrQcRzMAuzIdb_4I;https://www.google.com/maps/place/?q=place_id:ChIJ0cBL53EgrQcRzMAuzIdb_4I;tapiocaria Cabedelo PB;Centro Cabedelo;@-6.9748,-34.8373,15z;excluded_category_or_name
rejected;Ralacoko Tapiocaria - João Pessoa;Cafeteria;Av. Arthur Monteiro de Paiva, 425 - Bessa, João Pessoa - PB, 58035-010;4;62;ChIJg73doTvdrAcRYQwQ1CbwgiM;https://www.google.com/maps/place/?q=place_id:ChIJg73doTvdrAcRYQwQ1CbwgiM;tapiocaria Cabedelo PB;Centro Cabedelo;@-6.9748,-34.8373,15z;outside_cabedelo_or_location_uncertain
already_in_database;Sax Café - Por do Sol da Praia do Jacaré Cabedelo/PB;Restaurante;Pôr do Sol, R. Praia do Jacaré, Cabedelo - PB, 58310-000;4.5;102;ChIJ42uw2z3frAcRpvqGhKXp_LM;https://www.google.com/maps/place/?q=place_id:ChIJ42uw2z3frAcRpvqGhKXp_LM;tapiocaria Cabedelo PB;Centro Cabedelo;@-6.9748,-34.8373,15z;already_in_database
rejected;Mercado Público de Cabedelo;Mercado;R. Elizabeth Alves Galvão - Vila Sao Joao, Cabedelo - PB, 58310-000;4;2563;ChIJcdlFQXIgrQcRdvr3iVM-Uu0;https://www.google.com/maps/place/?q=place_id:ChIJcdlFQXIgrQcRdvr3iVM-Uu0;tapiocaria Cabedelo PB;Centro Cabedelo;@-6.9748,-34.8373,15z;excluded_category_or_name
already_in_database;Lovina Ponta de Campina | Bar | Restaurante em Cabedelo;Restaurante;R. Vitorino Cardoso, 908 - Ponta de Campina, Cabedelo - PB, 58101-510;4.4;10742;ChIJdbKCxUTerAcRNmBt0eRrdX8;https://www.google.com/maps/place/?q=place_id:ChIJdbKCxUTerAcRNmBt0eRrdX8;tapiocaria Cabedelo PB;Centro Cabedelo;@-6.9748,-34.8373,15z;already_in_database
already_in_database;La casa de pastel e La Pizza Premium;Pastelaria brasileira;Rua por trás do Campo Municipal, R. Primo José Viana, 463 - Centro, Cabedelo - PB, 58100-521;4.1;261;ChIJYSxGk8ghrQcRk9Nz0uySHBE;https://www.google.com/maps/place/?q=place_id:ChIJYSxGk8ghrQcRk9Nz0uySHBE;esfiharia Cabedelo PB;Centro Cabedelo;@-6.9748,-34.8373,15z;already_in_database
accepted;ESFIELDS;Delivery;Av. Oceano Atlântico - Ponta de Campina, Cabedelo - PB, 58101-650;4.4;12;ChIJDwCxzV7frAcR4SxYIDnucFw;https://www.google.com/maps/place/?q=place_id:ChIJDwCxzV7frAcR4SxYIDnucFw;esfiharia Cabedelo PB;Centro Cabedelo;@-6.9748,-34.8373,15z;food_scope
already_in_database;Pizza do Paulinho;Pizzaria;Av. Monsenhor José da Silva Coutinho, 113 - Vila Sao Joao, Cabedelo - PB, 58103-332;5;11;ChIJTUFjldDfrAcRXmp9tl8_VOc;https://www.google.com/maps/place/?q=place_id:ChIJTUFjldDfrAcRXmp9tl8_VOc;esfiharia Cabedelo PB;Centro Cabedelo;@-6.9748,-34.8373,15z;already_in_database
already_in_database;Pizzaria Bom Sabor Camboinha;Pizzaria;R. Prof. João Lelis de Luna Freire, 288 - Jardim Camboinha, Cabedelo - PB, 58310-000;4.1;54;ChIJ23LpoCvfrAcRK0glALWQRYA;https://www.google.com/maps/place/?q=place_id:ChIJ23LpoCvfrAcRK0glALWQRYA;esfiharia Cabedelo PB;Centro Cabedelo;@-6.9748,-34.8373,15z;already_in_database
already_in_database;Viciados em Sushi;Restaurante japonês;R. Pedro Aleixo Moura, 34 - Centro, Cabedelo - PB, 58100-210;4.4;193;ChIJ_c5MVHEgrQcRB4CuNV0soio;https://www.google.com/maps/place/?q=place_id:ChIJ_c5MVHEgrQcRB4CuNV0soio;esfiharia Cabedelo PB;Centro Cabedelo;@-6.9748,-34.8373,15z;already_in_database
already_in_database;Pizza Família Cipriano;Delivery de Pizza;R. Golfo Danzig, 56 - Intermares, Cabedelo - PB, 58102-133;5;13;ChIJBw8J2x3frAcR-t64wKV4XEg;https://www.google.com/maps/place/?q=place_id:ChIJBw8J2x3frAcR-t64wKV4XEg;esfiharia Cabedelo PB;Centro Cabedelo;@-6.9748,-34.8373,15z;already_in_database
already_in_database;Pizzaria Bom Sabor;Pizzaria;R. Jair Cunha Cavalcanti, 248 - Lot. Oceania, Cabedelo - PB, 58105-700;4;134;ChIJJwFhsjXfrAcR5WUPKUu6Li8;https://www.google.com/maps/place/?q=place_id:ChIJJwFhsjXfrAcR5WUPKUu6Li8;esfiharia Cabedelo PB;Centro Cabedelo;@-6.9748,-34.8373,15z;already_in_database
rejected;GETMall;Praça de alimentação;Av. Oceano Atlântico, 1592 - Ponta de Campina, Cabedelo - PB, 58310-000;4.3;103;ChIJX7HMo6rdrAcRCeFWODir8Rw;https://www.google.com/maps/place/?q=place_id:ChIJX7HMo6rdrAcRCeFWODir8Rw;esfiharia Cabedelo PB;Centro Cabedelo;@-6.9748,-34.8373,15z;excluded_category_or_name
already_in_database;Mega Pizza;Pizzaria;Av. Mar Vermelho, 357 - Intermares, Cabedelo - PB, 58310-000;4;506;ChIJP6gJ7w3erAcRPbZmhVXL0gQ;https://www.google.com/maps/place/?q=place_id:ChIJP6gJ7w3erAcRPbZmhVXL0gQ;esfiharia Cabedelo PB;Centro Cabedelo;@-6.9748,-34.8373,15z;already_in_database
rejected;Pérsia Esfiha Diferente;Esfiharia;Av. Umbuzeiro, 1099 - Manaíra, João Pessoa - PB, 58038-182;4.7;1345;ChIJXaMZFSLdrAcRDcClKwtA6h0;https://www.google.com/maps/place/?q=place_id:ChIJXaMZFSLdrAcRDcClKwtA6h0;esfiharia Cabedelo PB;Centro Cabedelo;@-6.9748,-34.8373,15z;outside_cabedelo_or_location_uncertain
already_in_database;Pizzaria Jacaré;Pizzaria;R. Arco Íris, 250 - Lot. Oceania VI, Cabedelo - PB, 58310-000;4.5;59;ChIJLSlV8DrerAcRdEpwqq-GS2Y;https://www.google.com/maps/place/?q=place_id:ChIJLSlV8DrerAcRdEpwqq-GS2Y;esfiharia Cabedelo PB;Centro Cabedelo;@-6.9748,-34.8373,15z;already_in_database
rejected;Hórus Esfihas e Gelados;Esfiharia;R. Bacharel Irenaldo de Albuquerque Chaves, 825 - Aeroclube, João Pessoa - PB, 58036-460;4.9;27;ChIJWYMEcFLdrAcRJ7ODRj95ups;https://www.google.com/maps/place/?q=place_id:ChIJWYMEcFLdrAcRJ7ODRj95ups;esfiharia Cabedelo PB;Centro Cabedelo;@-6.9748,-34.8373,15z;outside_cabedelo_or_location_uncertain
rejected;Sahara Árabe Food;Delivery;Manaíra, João Pessoa - PB, 58038-001;3.6;13;ChIJ91h89NXdrAcR_azzHqsnFAI;https://www.google.com/maps/place/?q=place_id:ChIJ91h89NXdrAcR_azzHqsnFAI;esfiharia Cabedelo PB;Centro Cabedelo;@-6.9748,-34.8373,15z;outside_cabedelo_or_location_uncertain
already_in_database;Chié artesanato e comedoria;Café;R. Praia do Jacaré - Intermares, Cabedelo - PB, 58310-000;4;40;ChIJTwa4MA_frAcR4t0Vizs3ozY;https://www.google.com/maps/place/?q=place_id:ChIJTwa4MA_frAcR4t0Vizs3ozY;esfiharia Cabedelo PB;Centro Cabedelo;@-6.9748,-34.8373,15z;already_in_database
rejected;Pérsia Esfiha Diferente Bancários;Lanchonete;R. Antônio Miguel Duarte, 281 - Bancários, João Pessoa - PB, 58051-125;4.7;989;ChIJUQmh1rrDrAcR1TW_EN9r6ng;https://www.google.com/maps/place/?q=place_id:ChIJUQmh1rrDrAcR1TW_EN9r6ng;esfiharia Cabedelo PB;Centro Cabedelo;@-6.9748,-34.8373,15z;outside_cabedelo_or_location_uncertain
accepted;Sarau Pizza Bar;Delivery de Pizza;Av. Oceano Índico, 250 - Intermares, Cabedelo - PB, 58102-222;4.6;74;ChIJD-87p8zfrAcRwHD2v5gO-2c;https://www.google.com/maps/place/?q=place_id:ChIJD-87p8zfrAcRwHD2v5gO-2c;esfiharia Cabedelo PB;Centro Cabedelo;@-6.9748,-34.8373,15z;food_scope
rejected;Esfiha Do Matuto Esfiharia;Restaurante;R. Carlos Alverga, 157 - Manaíra, João Pessoa - PB, 58038-020;5;4;ChIJexihRgDdrAcRK-wQ7jtHfmM;https://www.google.com/maps/place/?q=place_id:ChIJexihRgDdrAcRK-wQ7jtHfmM;esfiharia Cabedelo PB;Centro Cabedelo;@-6.9748,-34.8373,15z;outside_cabedelo_or_location_uncertain
rejected;Toka da Esfiha - Cozinha Árabe;Restaurante do Oriente Médio;Av. Olinda, 57 - Tambaú, João Pessoa - PB, 58039-121;4.4;85;ChIJRZ3NAybdrAcRvEvUW3_kZkM;https://www.google.com/maps/place/?q=place_id:ChIJRZ3NAybdrAcRvEvUW3_kZkM;esfiharia Cabedelo PB;Centro Cabedelo;@-6.9748,-34.8373,15z;outside_cabedelo_or_location_uncertain
rejected;Pôr do Sol do Jacaré;Atração turística;Av. Pôr do Sol - Jacaré, Cabedelo - PB, 58105-820;4.8;5597;ChIJiSlKohverAcRs6qL-6MnGJE;https://www.google.com/maps/place/?q=place_id:ChIJiSlKohverAcRs6qL-6MnGJE;esfiharia Cabedelo PB;Centro Cabedelo;@-6.9748,-34.8373,15z;not_clearly_food_establishment
rejected;Imperial Pizza | Pizzaria e Esfiharia;Pizzaria;R. Mírian Barreto Rabelo, 831 - Lj 07 - Aeroclube, João Pessoa - PB, 58036-690;5;4;ChIJF29c5KbdrAcR31XffAjRMJ8;https://www.google.com/maps/place/?q=place_id:ChIJF29c5KbdrAcR31XffAjRMJ8;esfiharia Cabedelo PB;Centro Cabedelo;@-6.9748,-34.8373,15z;outside_cabedelo_or_location_uncertain
rejected;Comida Caseira da Elly;Restaurante;Mercado Público de Cabedelo, BOX 138, Centro, Cabedelo - PB, 58100-140;5;19;ChIJBfEE9CwhrQcR2xtfopCJ34w;https://www.google.com/maps/place/?q=place_id:ChIJBfEE9CwhrQcR2xtfopCJ34w;marmitaria Cabedelo PB;Centro Cabedelo;@-6.9748,-34.8373,15z;excluded_category_or_name
accepted;Self-service da nany;Restaurante self-service;R. Monsenhor Valfredo Leal - Vila Sao Joao, Cabedelo - PB, 58310-000;4.8;6;ChIJwauUWwAhrQcRq05-xtkVPo8;https://www.google.com/maps/place/?q=place_id:ChIJwauUWwAhrQcRq05-xtkVPo8;marmitaria Cabedelo PB;Centro Cabedelo;@-6.9748,-34.8373,15z;food_scope
already_in_database;Churrascaria do Caicó;Churrascaria;R, Av. Pastor José Alves de Oliveira, 365 - Centro, Cabedelo - PB, 58100-222;4.3;753;ChIJVaKROncgrQcR5lpnht-FotI;https://www.google.com/maps/place/?q=place_id:ChIJVaKROncgrQcR5lpnht-FotI;marmitaria Cabedelo PB;Centro Cabedelo;@-6.9748,-34.8373,15z;already_in_database
already_in_database;NutriFit Marmita Fitness Congeladas;Restaurante de comida natural;Intermares, Cabedelo - PB, 58102-032;5;18;ChIJN2Qo5azfrAcR6duVymUfuQ0;https://www.google.com/maps/place/?q=place_id:ChIJN2Qo5azfrAcR6duVymUfuQ0;marmitaria Cabedelo PB;Centro Cabedelo;@-6.9748,-34.8373,15z;already_in_database
duplicate_in_run;Meio Quilo;Restaurante self-service;R. Aderbal Piragibe, 13 - Centro, Cabedelo - PB, 58100-110;4.4;160;ChIJhzOrgHIgrQcRTCBeQ_9JM-8;https://www.google.com/maps/place/?q=place_id:ChIJhzOrgHIgrQcRTCBeQ_9JM-8;marmitaria Cabedelo PB;Centro Cabedelo;@-6.9748,-34.8373,15z;duplicate_in_run
already_in_database;Ilha Dourada Restaurante;Restaurante de frutos do mar;BR -230, R. José Américo de Almeida Filho, s/n - Areia Dourada, Cabedelo - PB, 58101-212;4.2;3161;ChIJ19PDcIXfrAcRzBwfL7gvIIs;https://www.google.com/maps/place/?q=place_id:ChIJ19PDcIXfrAcRzBwfL7gvIIs;marmitaria Cabedelo PB;Centro Cabedelo;@-6.9748,-34.8373,15z;already_in_database
already_in_database;PARCEIRO Rosa Lanches;Lanchonete;R. Ten. Antônio Pontes, 139 - Ponta de Matos, Cabedelo - PB, 58100-645;4.5;120;ChIJKfbziSchrQcRUM5eTvB19FU;https://www.google.com/maps/place/?q=place_id:ChIJKfbziSchrQcRUM5eTvB19FU;marmitaria Cabedelo PB;Centro Cabedelo;@-6.9748,-34.8373,15z;already_in_database
accepted;MB Marmitas | Marmitaria em João Pessoa;Restaurante;R. Alfredo Chaves, 126 - Poço, Cabedelo - PB, 58101-582;5;2;ChIJ_XODgJ7frAcR2n1xL5ijuX4;https://www.google.com/maps/place/?q=place_id:ChIJ_XODgJ7frAcR2n1xL5ijuX4;marmitaria Cabedelo PB;Centro Cabedelo;@-6.9748,-34.8373,15z;food_scope
accepted;Kioske Cantinho do Sabor;Restaurante;R. Cleto Campêlo - Vila Sao Joao, Cabedelo - PB, 58310-000;;;ChIJL7ngB3YgrQcRkndKsVUtpfw;https://www.google.com/maps/place/?q=place_id:ChIJL7ngB3YgrQcRkndKsVUtpfw;marmitaria Cabedelo PB;Centro Cabedelo;@-6.9748,-34.8373,15z;food_scope
already_in_database;Sol e mar restaurante e self service;Restaurante self-service;R. Márcia Travassos, 331 - Camboinha, Cabedelo - PB, 58310-000;4.6;22;ChIJC7wrAbDfrAcRL094F_SfelU;https://www.google.com/maps/place/?q=place_id:ChIJC7wrAbDfrAcRL094F_SfelU;marmitaria Cabedelo PB;Centro Cabedelo;@-6.9748,-34.8373,15z;already_in_database
already_in_database;Tempero De Casa;Restaurante;R. Maurício de Alençar Cavalcante - Jardim America, Cabedelo - PB, 58310-000;4.5;65;ChIJlzh1S-zdrAcRiCUL7fIKsMI;https://www.google.com/maps/place/?q=place_id:ChIJlzh1S-zdrAcRiCUL7fIKsMI;marmitaria Cabedelo PB;Centro Cabedelo;@-6.9748,-34.8373,15z;already_in_database
already_in_database;Sorveteria Frutos de Goiás - Cabedelo;Sorveteria;R. Sólon de Lucena, 30B - Centro, Cabedelo - PB, 58100-570;4.9;40;ChIJpR3-bsYhrQcRFzba--9mhwU;https://www.google.com/maps/place/?q=place_id:ChIJpR3-bsYhrQcRFzba--9mhwU;marmitaria Cabedelo PB;Centro Cabedelo;@-6.9748,-34.8373,15z;already_in_database
already_in_database;Lovina Ponta de Campina | Bar | Restaurante em Cabedelo;Restaurante;R. Vitorino Cardoso, 908 - Ponta de Campina, Cabedelo - PB, 58101-510;4.4;10742;ChIJdbKCxUTerAcRNmBt0eRrdX8;https://www.google.com/maps/place/?q=place_id:ChIJdbKCxUTerAcRNmBt0eRrdX8;marmitaria Cabedelo PB;Centro Cabedelo;@-6.9748,-34.8373,15z;already_in_database
rejected;Mercado Público de Cabedelo;Mercado;R. Elizabeth Alves Galvão - Vila Sao Joao, Cabedelo - PB, 58310-000;4;2563;ChIJcdlFQXIgrQcRdvr3iVM-Uu0;https://www.google.com/maps/place/?q=place_id:ChIJcdlFQXIgrQcRdvr3iVM-Uu0;marmitaria Cabedelo PB;Centro Cabedelo;@-6.9748,-34.8373,15z;excluded_category_or_name
accepted;Mary Refeições;Restaurante;Av. Mar de Corais, 08 - Intermares, Cabedelo - PB, 58102-262;4.6;45;ChIJ2eQ7vvbfrAcRI7MW-9PBLJ8;https://www.google.com/maps/place/?q=place_id:ChIJ2eQ7vvbfrAcRI7MW-9PBLJ8;marmitaria Cabedelo PB;Centro Cabedelo;@-6.9748,-34.8373,15z;food_scope
already_in_database;Bom Tempero Restaurante;Restaurante self-service;Av. Maria de Oliveira Gomes - Portal do Poço, Cabedelo - PB, 58310-000;4.7;17;ChIJQwyZx_vfrAcRqBvYbKyyPhQ;https://www.google.com/maps/place/?q=place_id:ChIJQwyZx_vfrAcRqBvYbKyyPhQ;marmitaria Cabedelo PB;Centro Cabedelo;@-6.9748,-34.8373,15z;already_in_database
rejected;Barber Shop;Barbearia;Rua Monsenhor Walfredo Leal, 78 - Centro, Cabedelo - PB, 58100-248;;;ChIJJyhwrgshrQcRM_Ar_0VfmpE;https://www.google.com/maps/place/?q=place_id:ChIJJyhwrgshrQcRM_Ar_0VfmpE;marmitaria Cabedelo PB;Centro Cabedelo;@-6.9748,-34.8373,15z;excluded_category_or_name
accepted;D Lay Refeições - Marmitaria;Restaurante de almoço;Av. Ambrósio Miranda de Araújo - Renascer, Cabedelo - PB, 58310-000;;;ChIJ7x-TOz7drAcRBMvOXw4vkwg;https://www.google.com/maps/place/?q=place_id:ChIJ7x-TOz7drAcRBMvOXw4vkwg;marmitaria Cabedelo PB;Centro Cabedelo;@-6.9748,-34.8373,15z;food_scope
accepted;M E Refeição;Restaurante;Intermares, Cabedelo - PB, 58033-455;5;3;ChIJc3fKUeHfrAcRDLLyfWij5xk;https://www.google.com/maps/place/?q=place_id:ChIJc3fKUeHfrAcRDLLyfWij5xk;marmitaria Cabedelo PB;Centro Cabedelo;@-6.9748,-34.8373,15z;food_scope
already_in_database;Gigante Do Mar Beach;Restaurante de frutos do mar;Av. Max Zagel, 450 - Camboinha, Cabedelo - PB, 58033-455;4.2;3378;ChIJ47lgZ6TfrAcR21h_sELDBwk;https://www.google.com/maps/place/?q=place_id:ChIJ47lgZ6TfrAcR21h_sELDBwk;marmitaria Cabedelo PB;Centro Cabedelo;@-6.9748,-34.8373,15z;already_in_database
rejected;Verano Praia Bar;Bar;Av. Pastor José Alves de Oliveira, 848 - Areia Dourada, Cabedelo - PB, 58101-205;4.4;324;ChIJh0FVTwvfrAcRloIZE5Iit7w;https://www.google.com/maps/place/?q=place_id:ChIJh0FVTwvfrAcRloIZE5Iit7w;espetinho Cabedelo PB;Centro Cabedelo;@-6.9748,-34.8373,15z;not_clearly_food_establishment
rejected;Espetinho da galega;Bar;Av. São Sebastião, 124 - Camalaú, Cabedelo - PB, 58310-000;5;2;ChIJJVi9GnPfrAcRIXE-8OdZZLQ;https://www.google.com/maps/place/?q=place_id:ChIJJVi9GnPfrAcRIXE-8OdZZLQ;espetinho Cabedelo PB;Centro Cabedelo;@-6.9748,-34.8373,15z;not_clearly_food_establishment
rejected;Espetinho da Rafa Camboinha;Bar;Av. Max Zagel, 16 - Jardim Jerico, Cabedelo - PB, 58310-000;4.9;19;ChIJOWgbm17frAcRk4X3wNNiTBA;https://www.google.com/maps/place/?q=place_id:ChIJOWgbm17frAcRk4X3wNNiTBA;espetinho Cabedelo PB;Centro Cabedelo;@-6.9748,-34.8373,15z;not_clearly_food_establishment
already_in_database;Espetinho da praia Intermares;Restaurante brasileiro;Av. Oceano Atlântico, 1972 - Intermares, Cabedelo - PB, 58310-000;4.4;772;ChIJE-mcRMTfrAcRBThGnfI6x2c;https://www.google.com/maps/place/?q=place_id:ChIJE-mcRMTfrAcRBThGnfI6x2c;espetinho Cabedelo PB;Centro Cabedelo;@-6.9748,-34.8373,15z;already_in_database
rejected;Iran Bebidas;Bar;Av. Pastor José Alves de Oliveira - Vila Sao Joao, Cabedelo - PB, 58101-150;4.9;23;ChIJc9X4a60hrQcRO_mzcZWuCtY;https://www.google.com/maps/place/?q=place_id:ChIJc9X4a60hrQcRO_mzcZWuCtY;espetinho Cabedelo PB;Centro Cabedelo;@-6.9748,-34.8373,15z;not_clearly_food_establishment
rejected;Espetinho do Mudinho;;R. Sólon de Lucena, 250 - Vila Sao Joao, Cabedelo - PB, 58310-000;;;ChIJhT-ofm4grQcRvMQNW_e1rs0;https://www.google.com/maps/place/?q=place_id:ChIJhT-ofm4grQcRvMQNW_e1rs0;espetinho Cabedelo PB;Centro Cabedelo;@-6.9748,-34.8373,15z;not_clearly_food_establishment
already_in_database;Tenda Formosa Bar & Restaurante;Restaurante;Av. Cassiano da Cunha Nóbrega, 98 - Praia Formosa, Cabedelo - PB, 58100-685;4.1;1507;ChIJIc-iXWUgrQcReqjiUbw742w;https://www.google.com/maps/place/?q=place_id:ChIJIc-iXWUgrQcReqjiUbw742w;espetinho Cabedelo PB;Centro Cabedelo;@-6.9748,-34.8373,15z;already_in_database
accepted;Rope Espetos;Restaurante de churrasquinho;Av. Oceano Atlântico, 422 - Intermares, Cabedelo - PB, 58102-252;4.5;13;ChIJmbbN-K3frAcRsyfJ94pu17s;https://www.google.com/maps/place/?q=place_id:ChIJmbbN-K3frAcRsyfJ94pu17s;espetinho Cabedelo PB;Centro Cabedelo;@-6.9748,-34.8373,15z;food_scope
already_in_database;Sport Marina;Restaurante de frutos do mar;Av. Pastor José Alves de Oliveira, 848 - Areia Dourada, Cabedelo - PB, 58101-232;4.5;503;ChIJpSulOXggrQcR1X8-11zV034;https://www.google.com/maps/place/?q=place_id:ChIJpSulOXggrQcR1X8-11zV034;espetinho Cabedelo PB;Centro Cabedelo;@-6.9748,-34.8373,15z;already_in_database
already_in_database;Oliver Grill e Espetos;Restaurante brasileiro;Av. Oceano Índico, 928 - Intermares, Cabedelo - PB, 58102-222;4.9;54;ChIJf5cN1cDfrAcRCKHM1M2eY_Y;https://www.google.com/maps/place/?q=place_id:ChIJf5cN1cDfrAcRCKHM1M2eY_Y;espetinho Cabedelo PB;Centro Cabedelo;@-6.9748,-34.8373,15z;already_in_database
rejected;Espetinho da Neide (galega );Área para churrasco;R. Jair Cunha Cavalcanti - Lot. Oceania VI, Cabedelo - PB, 58310-000;5;3;ChIJkS4yB_jfrAcRqBXX8hyz1d4;https://www.google.com/maps/place/?q=place_id:ChIJkS4yB_jfrAcRqBXX8hyz1d4;espetinho Cabedelo PB;Centro Cabedelo;@-6.9748,-34.8373,15z;not_clearly_food_establishment
rejected;Badionaldo;Bar;R. Vitorino Cardoso, 780 - Lot. Vitorino Cardoso, Cabedelo - PB, 58101-510;3.7;111;ChIJLV_DEEPfrAcRnoTIdvp3Ch0;https://www.google.com/maps/place/?q=place_id:ChIJLV_DEEPfrAcRnoTIdvp3Ch0;espetinho Cabedelo PB;Centro Cabedelo;@-6.9748,-34.8373,15z;not_clearly_food_establishment
rejected;Espetinho Do Jorge;;R. Carolino Cardoso - Lot. Vitorino Cardoso, Cabedelo - PB, 58101-502;4;2;ChIJ07vP-0verAcRwU1RGY6vTT4;https://www.google.com/maps/place/?q=place_id:ChIJ07vP-0verAcRwU1RGY6vTT4;espetinho Cabedelo PB;Centro Cabedelo;@-6.9748,-34.8373,15z;not_clearly_food_establishment
accepted;Espetinho lá Brasil;Restaurante de churrasquinho;Av. Oceano Pacífico - Intermares, Cabedelo - PB, 58102-236;4;4;ChIJnV7DIgbfrAcR2KjlFmSKYJ8;https://www.google.com/maps/place/?q=place_id:ChIJnV7DIgbfrAcR2KjlFmSKYJ8;espetinho Cabedelo PB;Centro Cabedelo;@-6.9748,-34.8373,15z;food_scope
accepted;Espetinh;Lanchonete;R. Nilo Montenegro - Jardim Camboinha, Cabedelo - PB, 58103-676;3.7;3;ChIJuToxFxPfrAcRAaoTNj0a6wo;https://www.google.com/maps/place/?q=place_id:ChIJuToxFxPfrAcRAaoTNj0a6wo;espetinho Cabedelo PB;Centro Cabedelo;@-6.9748,-34.8373,15z;food_scope
accepted;Bar e Restaurante do Pessoinha;Restaurante;PB-011, 178 - Forte Velho, Santa Rita - PB, 58304-300;4.5;499;ChIJ4XsN-wfhrAcRxkkYL52xlIM;https://www.google.com/maps/place/?q=place_id:ChIJ4XsN-wfhrAcRxkkYL52xlIM;espetinho Cabedelo PB;Centro Cabedelo;@-6.9748,-34.8373,15z;food_scope
rejected;ESPETINHO DO GAUCHO;;R. Honório Patrício dos Santos, 44 - Recanto do Poço, Cabedelo - PB, 58105-084;;;ChIJQf5xz0verAcRud7oMR4ySFI;https://www.google.com/maps/place/?q=place_id:ChIJQf5xz0verAcRud7oMR4ySFI;espetinho Cabedelo PB;Centro Cabedelo;@-6.9748,-34.8373,15z;not_clearly_food_establishment
rejected;Espetinho Do Mago;Bar;Forte Velho, Santa Rita - PB;4.7;3;ChIJq3Ql4-DhrAcRVOlmPkbKwng;https://www.google.com/maps/place/?q=place_id:ChIJq3Ql4-DhrAcRVOlmPkbKwng;espetinho Cabedelo PB;Centro Cabedelo;@-6.9748,-34.8373,15z;not_clearly_food_establishment
accepted;Espetinho do xandao;Churrascaria;R. da Enseada, 1215 - Ponta de Campina, Cabedelo - PB, 58101-640;4;4;ChIJCcURbQDfrAcRhFrZD2Ih3qI;https://www.google.com/maps/place/?q=place_id:ChIJCcURbQDfrAcRhFrZD2Ih3qI;espetinho Cabedelo PB;Centro Cabedelo;@-6.9748,-34.8373,15z;food_scope
accepted;Espetinho São Paulo;Churrascaria;R. Severina Souto Batista, 11 - Planta de Lucena, Lucena - PB, 58315-000;;;ChIJK3fELgAfrQcRtB4AcNwaTUc;https://www.google.com/maps/place/?q=place_id:ChIJK3fELgAfrQcRtB4AcNwaTUc;espetinho Cabedelo PB;Centro Cabedelo;@-6.9748,-34.8373,15z;food_scope
already_in_database;Pastelaria Litorânea;Pastelaria brasileira;R. Sólon de Lucena, 19 - Vila Sao Joao, Cabedelo - PB, 58310-000;4.3;280;ChIJMwgi824grQcR0OCGiSGQ4Oc;https://www.google.com/maps/place/?q=place_id:ChIJMwgi824grQcR0OCGiSGQ4Oc;pastelaria Cabedelo PB;Porto/Cabedelo;@-6.9665,-34.8405,15z;already_in_database
already_in_database;La casa de pastel e La Pizza Premium;Pastelaria brasileira;Rua por trás do Campo Municipal, R. Primo José Viana, 463 - Centro, Cabedelo - PB, 58100-521;4.1;261;ChIJYSxGk8ghrQcRk9Nz0uySHBE;https://www.google.com/maps/place/?q=place_id:ChIJYSxGk8ghrQcRk9Nz0uySHBE;pastelaria Cabedelo PB;Porto/Cabedelo;@-6.9665,-34.8405,15z;already_in_database
rejected;Tia Graça Doces E Salgados;Doceria;R. Pedro Aleixo Moura, 26 - Vila Sao Joao, Cabedelo - PB, 58310-000;4.6;414;ChIJazVfCHEgrQcRref-q7f7tNA;https://www.google.com/maps/place/?q=place_id:ChIJazVfCHEgrQcRref-q7f7tNA;pastelaria Cabedelo PB;Porto/Cabedelo;@-6.9665,-34.8405,15z;not_clearly_food_establishment
rejected;Doce Amore;Confeitaria;R. Severino Teixeira de Oliveira, 44 - Ponta de Matos, Cabedelo - PB, 58100-665;4.8;19;ChIJcZIaMW4grQcR07Eo2rlVxiQ;https://www.google.com/maps/place/?q=place_id:ChIJcZIaMW4grQcR07Eo2rlVxiQ;pastelaria Cabedelo PB;Porto/Cabedelo;@-6.9665,-34.8405,15z;not_clearly_food_establishment
duplicate_in_run;Pastelaria em família;Pastelaria brasileira;R. São Miguel - Camalaú, Cabedelo - PB, 58103-212;5;1;ChIJS7zdL3bfrAcRkHxwCEWiiBQ;https://www.google.com/maps/place/?q=place_id:ChIJS7zdL3bfrAcRkHxwCEWiiBQ;pastelaria Cabedelo PB;Porto/Cabedelo;@-6.9665,-34.8405,15z;duplicate_in_run
duplicate_in_run;Pastel do Thiago;Pastelaria brasileira;R. Sólon de Lucena - Ponta de Matos, Cabedelo - PB, 58100-570;4;9;ChIJkRCA8QQhrQcRdarr_EmBcBI;https://www.google.com/maps/place/?q=place_id:ChIJkRCA8QQhrQcRdarr_EmBcBI;pastelaria Cabedelo PB;Porto/Cabedelo;@-6.9665,-34.8405,15z;duplicate_in_run
rejected;P&B Doces e SALGADOS;Loja de bolos;Rua José Henrique de Miranda, 152 - Camalaú, Cabedelo - PB, 58103-122;4.9;10;ChIJm9ob5uzfrAcRiqnXg9Nwd2U;https://www.google.com/maps/place/?q=place_id:ChIJm9ob5uzfrAcRiqnXg9Nwd2U;pastelaria Cabedelo PB;Porto/Cabedelo;@-6.9665,-34.8405,15z;excluded_category_or_name
already_in_database;PARCEIRO Rosa Lanches;Lanchonete;R. Ten. Antônio Pontes, 139 - Ponta de Matos, Cabedelo - PB, 58100-645;4.5;120;ChIJKfbziSchrQcRUM5eTvB19FU;https://www.google.com/maps/place/?q=place_id:ChIJKfbziSchrQcRUM5eTvB19FU;pastelaria Cabedelo PB;Porto/Cabedelo;@-6.9665,-34.8405,15z;already_in_database
duplicate_in_run;Casa Do Pastel;Pastelaria brasileira;R. Honório Patrício dos Santos, 328 - Recanto do Poço, Cabedelo - PB, 58310-000;4.2;20;ChIJoc8jbkrerAcRh20OFIzRlDc;https://www.google.com/maps/place/?q=place_id:ChIJoc8jbkrerAcRh20OFIzRlDc;pastelaria Cabedelo PB;Porto/Cabedelo;@-6.9665,-34.8405,15z;duplicate_in_run
rejected;Panificadora do Poço;Padaria;R. Carolino Cardoso, 177-245 - Lot. Vitorino Cardoso, Cabedelo - PB, 58310-000;4.2;293;ChIJD-aUzE3erAcRIs-tCW7mU0Q;https://www.google.com/maps/place/?q=place_id:ChIJD-aUzE3erAcRIs-tCW7mU0Q;pastelaria Cabedelo PB;Porto/Cabedelo;@-6.9665,-34.8405,15z;excluded_category_or_name
duplicate_in_run;Recanto do Pastel;Pastelaria brasileira;R. Gov. Antônio Mariz, 76 - Recanto do Poço, Cabedelo - PB, 58105-126;5;2;ChIJTbQRGwDfrAcRtHi9QRdHtfw;https://www.google.com/maps/place/?q=place_id:ChIJTbQRGwDfrAcRtHi9QRdHtfw;pastelaria Cabedelo PB;Porto/Cabedelo;@-6.9665,-34.8405,15z;duplicate_in_run
already_in_database;Tia Graça Cafeteria e Doceria;Cafeteria;R. Golfo da China, 326 - Intermares, Cabedelo - PB, 58310-000;4.5;67;ChIJV8XbnLXfrAcRTzFbB-0OVFg;https://www.google.com/maps/place/?q=place_id:ChIJV8XbnLXfrAcRTzFbB-0OVFg;pastelaria Cabedelo PB;Porto/Cabedelo;@-6.9665,-34.8405,15z;already_in_database
rejected;Cabedelo-PB;Desenvolvimento de moradias;R. Cel. José Téles - Vila Sao Joao, Cabedelo - PB, 58100-503;4.9;15;ChIJ3wT1750hrQcRs2veaxaoWXo;https://www.google.com/maps/place/?q=place_id:ChIJ3wT1750hrQcRs2veaxaoWXo;pastelaria Cabedelo PB;Porto/Cabedelo;@-6.9665,-34.8405,15z;not_clearly_food_establishment
duplicate_in_run;Big lanches camboinha;Pastelaria brasileira;R. Márcia Travassos, 165 - Camboinha, Cabedelo - PB, 58103-718;5;6;ChIJg_1fFG3frAcRQ_tg6GDYS08;https://www.google.com/maps/place/?q=place_id:ChIJg_1fFG3frAcRQ_tg6GDYS08;pastelaria Cabedelo PB;Porto/Cabedelo;@-6.9665,-34.8405,15z;duplicate_in_run
rejected;Padaria Pandine;Padaria;Av. Mar Vermelho, 357 - Intermares, Cabedelo - PB, 58102-120;4.4;1096;ChIJP6gJ7w3erAcREADxKhazvuY;https://www.google.com/maps/place/?q=place_id:ChIJP6gJ7w3erAcREADxKhazvuY;pastelaria Cabedelo PB;Porto/Cabedelo;@-6.9665,-34.8405,15z;excluded_category_or_name
duplicate_in_run;Pastelaria Arretada;Pastelaria brasileira;R. Jair Cunha Cavalcanti - Jacaré, Cabedelo - PB, 58105-700;;;ChIJu3uW1J3frAcRSD7yg4vEUJg;https://www.google.com/maps/place/?q=place_id:ChIJu3uW1J3frAcRSD7yg4vEUJg;pastelaria Cabedelo PB;Porto/Cabedelo;@-6.9665,-34.8405,15z;duplicate_in_run
rejected;Pista de Skate Praça G Menezes;Pista de skate;R. Arthur Santos Viana, 279 - Vila Sao Joao, Cabedelo - PB, 58310-000;4;163;ChIJV9bufG4grQcR-CKQS9WJMCM;https://www.google.com/maps/place/?q=place_id:ChIJV9bufG4grQcR-CKQS9WJMCM;pastelaria Cabedelo PB;Porto/Cabedelo;@-6.9665,-34.8405,15z;not_clearly_food_establishment
rejected;Padaria Eldorado Intermares;Padaria;Av. Mar Vermelho, 263 - Intermares, Cabedelo - PB, 58102-120;4.3;573;ChIJ8fLcFhXfrAcRa8uPR7mcTcU;https://www.google.com/maps/place/?q=place_id:ChIJ8fLcFhXfrAcRa8uPR7mcTcU;pastelaria Cabedelo PB;Porto/Cabedelo;@-6.9665,-34.8405,15z;excluded_category_or_name
duplicate_in_run;Pastelle (Pastelaria artesanal);Pastelaria brasileira;R. Raul Seixas - Renascer, Cabedelo - PB, 58108-122;4.8;6;ChIJKdiJIC7drAcRSmw3uvlT1t0;https://www.google.com/maps/place/?q=place_id:ChIJKdiJIC7drAcRSmw3uvlT1t0;pastelaria Cabedelo PB;Porto/Cabedelo;@-6.9665,-34.8405,15z;duplicate_in_run
already_in_database;Churrascaria do Caicó;Churrascaria;R, Av. Pastor José Alves de Oliveira, 365 - Centro, Cabedelo - PB, 58100-222;4.3;753;ChIJVaKROncgrQcR5lpnht-FotI;https://www.google.com/maps/place/?q=place_id:ChIJVaKROncgrQcR5lpnht-FotI;churrascaria Cabedelo PB;Porto/Cabedelo;@-6.9665,-34.8405,15z;already_in_database
already_in_database;Ilha Dourada Restaurante;Restaurante de frutos do mar;BR -230, R. José Américo de Almeida Filho, s/n - Areia Dourada, Cabedelo - PB, 58101-212;4.2;3161;ChIJ19PDcIXfrAcRzBwfL7gvIIs;https://www.google.com/maps/place/?q=place_id:ChIJ19PDcIXfrAcRzBwfL7gvIIs;churrascaria Cabedelo PB;Porto/Cabedelo;@-6.9665,-34.8405,15z;already_in_database
rejected;A Ferro Y Fogo Churrasco & Burger Artesanal na Brasa;Restaurante;Av. Oceano Atlântico, 1592 - Shopping GetMall - Ponta de Campina, Cabedelo - PB, 58101-650;3.9;39;ChIJNWudC1nfrAcRZp_VOIvsXTQ;https://www.google.com/maps/place/?q=place_id:ChIJNWudC1nfrAcRZp_VOIvsXTQ;churrascaria Cabedelo PB;Porto/Cabedelo;@-6.9665,-34.8405,15z;excluded_category_or_name
already_in_database;Bar das Meninas Restaurante;Restaurante de frutos do mar;R. Des. Onaldo N Montenegro, 368 - Vila Sao Joao, Cabedelo - PB, 58109-342;4.2;3174;ChIJodwqQ2kgrQcR4ABUUI60O8Y;https://www.google.com/maps/place/?q=place_id:ChIJodwqQ2kgrQcR4ABUUI60O8Y;churrascaria Cabedelo PB;Porto/Cabedelo;@-6.9665,-34.8405,15z;already_in_database
already_in_database;Skama Bar e Restaurante;Restaurante;Av. Cassiano da Cunha Nóbrega, 18 - Ponta de Matos, Cabedelo - PB, 58100-965;4.2;397;ChIJl-GtFGkgrQcROqBgkhHbHuA;https://www.google.com/maps/place/?q=place_id:ChIJl-GtFGkgrQcROqBgkhHbHuA;churrascaria Cabedelo PB;Porto/Cabedelo;@-6.9665,-34.8405,15z;already_in_database
rejected;Verano Praia Bar;Bar;Av. Pastor José Alves de Oliveira, 848 - Areia Dourada, Cabedelo - PB, 58101-205;4.4;324;ChIJh0FVTwvfrAcRloIZE5Iit7w;https://www.google.com/maps/place/?q=place_id:ChIJh0FVTwvfrAcRloIZE5Iit7w;churrascaria Cabedelo PB;Porto/Cabedelo;@-6.9665,-34.8405,15z;not_clearly_food_establishment
already_in_database;CTG Saudade Da Querência;Restaurante;R. João Santos Coelho Filho, 125 - Lot. Praia Grande, Cabedelo - PB, 58310-000;4.6;293;ChIJv8vnDLPfrAcR2d01H7Lb744;https://www.google.com/maps/place/?q=place_id:ChIJv8vnDLPfrAcR2d01H7Lb744;churrascaria Cabedelo PB;Porto/Cabedelo;@-6.9665,-34.8405,15z;already_in_database
duplicate_in_run;Restaurante;Churrascaria;R. Cel. José Téles - Vila Sao Joao, Cabedelo - PB, 58100-503;5;1;ChIJ4dEibQAhrQcRtfjKFtmWxZs;https://www.google.com/maps/place/?q=place_id:ChIJ4dEibQAhrQcRtfjKFtmWxZs;churrascaria Cabedelo PB;Porto/Cabedelo;@-6.9665,-34.8405,15z;duplicate_in_run
already_in_database;Restaurante Recanto do Picuí Intermares;Churrascaria;R. Golfo Sidra, 72 - Intermares, Cabedelo - PB, 58310-000;4.5;1267;ChIJ7xU6NRLerAcRpPuWqjv1L7c;https://www.google.com/maps/place/?q=place_id:ChIJ7xU6NRLerAcRpPuWqjv1L7c;churrascaria Cabedelo PB;Porto/Cabedelo;@-6.9665,-34.8405,15z;already_in_database
already_in_database;churrascaria do biu;Churrascaria;R. Carolino Cardoso, 248-328 - Lot. Vitorino Cardoso, Cabedelo - PB, 58310-000;4.2;142;ChIJi2YYOkzerAcRnZgoaC-xOvY;https://www.google.com/maps/place/?q=place_id:ChIJi2YYOkzerAcRnZgoaC-xOvY;churrascaria Cabedelo PB;Porto/Cabedelo;@-6.9665,-34.8405,15z;already_in_database
already_in_database;Caiçara Bar e Restaurante;Restaurante;Praia de, Rua Cassiano, Av. Cassiano da Cunha Nóbrega - Ponta de Matos, Cabedelo - PB, 58100-695;4.7;39;ChIJ6UAYvCohrQcRzW-CciJ0DB0;https://www.google.com/maps/place/?q=place_id:ChIJ6UAYvCohrQcRzW-CciJ0DB0;churrascaria Cabedelo PB;Porto/Cabedelo;@-6.9665,-34.8405,15z;already_in_database
duplicate_in_run;Meio Quilo;Restaurante self-service;R. Aderbal Piragibe, 13 - Centro, Cabedelo - PB, 58100-110;4.4;160;ChIJhzOrgHIgrQcRTCBeQ_9JM-8;https://www.google.com/maps/place/?q=place_id:ChIJhzOrgHIgrQcRTCBeQ_9JM-8;churrascaria Cabedelo PB;Porto/Cabedelo;@-6.9665,-34.8405,15z;duplicate_in_run
already_in_database;Lovina Ponta de Campina | Bar | Restaurante em Cabedelo;Restaurante;R. Vitorino Cardoso, 908 - Ponta de Campina, Cabedelo - PB, 58101-510;4.4;10742;ChIJdbKCxUTerAcRNmBt0eRrdX8;https://www.google.com/maps/place/?q=place_id:ChIJdbKCxUTerAcRNmBt0eRrdX8;churrascaria Cabedelo PB;Porto/Cabedelo;@-6.9665,-34.8405,15z;already_in_database
already_in_database;Bar e Restaurante Solânense;Restaurante;R. Sólon de Lucena, 364 - Centro, Cabedelo - PB, 58100-570;4.6;77;ChIJr1gT2-chrQcRL1coXnrt0YE;https://www.google.com/maps/place/?q=place_id:ChIJr1gT2-chrQcRL1coXnrt0YE;churrascaria Cabedelo PB;Porto/Cabedelo;@-6.9665,-34.8405,15z;already_in_database
already_in_database;Ancoradouro Ponta de Campina;Restaurante;R. Henrique Siqueira, 242 - Ponta de Campina, Cabedelo - PB, 58310-000;3.9;495;ChIJZ2RoyxLfrAcRupeEWBQrnEc;https://www.google.com/maps/place/?q=place_id:ChIJZ2RoyxLfrAcRupeEWBQrnEc;churrascaria Cabedelo PB;Porto/Cabedelo;@-6.9665,-34.8405,15z;already_in_database
duplicate_in_run;Churrascaria Do Gaúcho;Restaurante;Ponta de Matos, Cabedelo - PB, 58100-521;;;ChIJF9Ldc20grQcRA89vYj431xM;https://www.google.com/maps/place/?q=place_id:ChIJF9Ldc20grQcRA89vYj431xM;churrascaria Cabedelo PB;Porto/Cabedelo;@-6.9665,-34.8405,15z;duplicate_in_run
duplicate_in_run;Restaurante Self Sabor;Restaurante self-service;R. Carolino Cardoso, 361 - Lot. Vitorino Cardoso, Cabedelo - PB, 58101-502;5;1;ChIJCauHMEbfrAcRkfIWALUqaWo;https://www.google.com/maps/place/?q=place_id:ChIJCauHMEbfrAcRkfIWALUqaWo;churrascaria Cabedelo PB;Porto/Cabedelo;@-6.9665,-34.8405,15z;duplicate_in_run
already_in_database;Bar E Restaurante Do Nal;Restaurante;R. Cel. José Téles - praia miramar, Cabedelo - PB, 58310-000;5;1;ChIJUWA5rmsgrQcRYTvI8tV5kGs;https://www.google.com/maps/place/?q=place_id:ChIJUWA5rmsgrQcRYTvI8tV5kGs;churrascaria Cabedelo PB;Porto/Cabedelo;@-6.9665,-34.8405,15z;already_in_database
already_in_database;Sport Marina;Restaurante de frutos do mar;Av. Pastor José Alves de Oliveira, 848 - Areia Dourada, Cabedelo - PB, 58101-232;4.5;503;ChIJpSulOXggrQcR1X8-11zV034;https://www.google.com/maps/place/?q=place_id:ChIJpSulOXggrQcR1X8-11zV034;churrascaria Cabedelo PB;Porto/Cabedelo;@-6.9665,-34.8405,15z;already_in_database
duplicate_in_run;Self-service da nany;Restaurante self-service;R. Monsenhor Valfredo Leal - Vila Sao Joao, Cabedelo - PB, 58310-000;4.8;6;ChIJwauUWwAhrQcRq05-xtkVPo8;https://www.google.com/maps/place/?q=place_id:ChIJwauUWwAhrQcRq05-xtkVPo8;churrascaria Cabedelo PB;Porto/Cabedelo;@-6.9665,-34.8405,15z;duplicate_in_run
already_in_database;Espaço Do Sushi;Restaurante;R. Juarez Távora - Camalaú, Cabedelo - PB, 58310-000;4.2;33;ChIJLZuM-3YgrQcRxc7_zhcQ3Y0;https://www.google.com/maps/place/?q=place_id:ChIJLZuM-3YgrQcRxc7_zhcQ3Y0;comida japonesa Cabedelo PB;Porto/Cabedelo;@-6.9665,-34.8405,15z;already_in_database
already_in_database;Sushiyaki Restaurante;Restaurante japonês;R. Ten. Antônio Pontes, 381 - Ponta de Matos, Cabedelo - PB, 58100-645;4.7;10;ChIJoZsj3b7frAcRjoZUr5Cg7Uw;https://www.google.com/maps/place/?q=place_id:ChIJoZsj3b7frAcRjoZUr5Cg7Uw;comida japonesa Cabedelo PB;Porto/Cabedelo;@-6.9665,-34.8405,15z;already_in_database
already_in_database;Viciados em Sushi;Restaurante japonês;R. Pedro Aleixo Moura, 34 - Centro, Cabedelo - PB, 58100-210;4.4;193;ChIJ_c5MVHEgrQcRB4CuNV0soio;https://www.google.com/maps/place/?q=place_id:ChIJ_c5MVHEgrQcRB4CuNV0soio;comida japonesa Cabedelo PB;Porto/Cabedelo;@-6.9665,-34.8405,15z;already_in_database
already_in_database;Sakê Temakeria Ponta de Campina, Cabedelo;Restaurante japonês;Av. Oceano Atlântico, 1592 - Sl 16 E 17 - Ponta de Campina, Cabedelo - PB, 58310-000;4.7;261;ChIJ2Xj63j_drAcRrllAg3GcmOU;https://www.google.com/maps/place/?q=place_id:ChIJ2Xj63j_drAcRrllAg3GcmOU;comida japonesa Cabedelo PB;Porto/Cabedelo;@-6.9665,-34.8405,15z;already_in_database
already_in_database;A Casa do Temakinho;Restaurante;Av. Mar da Irlanda, 222 - Intermares, Cabedelo - PB, 58310-000;4.9;150;ChIJK77pAsvfrAcRDJoNP1VhTVo;https://www.google.com/maps/place/?q=place_id:ChIJK77pAsvfrAcRDJoNP1VhTVo;comida japonesa Cabedelo PB;Porto/Cabedelo;@-6.9665,-34.8405,15z;already_in_database
already_in_database;La casa de pastel e La Pizza Premium;Pastelaria brasileira;Rua por trás do Campo Municipal, R. Primo José Viana, 463 - Centro, Cabedelo - PB, 58100-521;4.1;261;ChIJYSxGk8ghrQcRk9Nz0uySHBE;https://www.google.com/maps/place/?q=place_id:ChIJYSxGk8ghrQcRk9Nz0uySHBE;comida japonesa Cabedelo PB;Porto/Cabedelo;@-6.9665,-34.8405,15z;already_in_database
rejected;Novo Oriente Intermares;Restaurante de sushi;Av. Mar Vermelho, 35 - Intermares, Cabedelo - PB, 58102-120;4.2;1378;ChIJN9JFAA7erAcR7c6fN6tma_g;https://www.google.com/maps/place/?q=place_id:ChIJN9JFAA7erAcR7c6fN6tma_g;comida japonesa Cabedelo PB;Porto/Cabedelo;@-6.9665,-34.8405,15z;excluded_category_or_name
already_in_database;Pipa Sushi & Temakeria;Restaurante de sushi;Av. Mar das Antilhas - Intermares, Cabedelo - PB, 58310-000;4.3;292;ChIJm1Mywg3erAcRAs4OIMpvJqk;https://www.google.com/maps/place/?q=place_id:ChIJm1Mywg3erAcRAs4OIMpvJqk;comida japonesa Cabedelo PB;Porto/Cabedelo;@-6.9665,-34.8405,15z;already_in_database
already_in_database;Sushiyaki Restaurante;Restaurante japonês;R. Ten. Antônio Pontes, 381 - Ponta de Matos, Cabedelo - PB, 58100-645;4.7;10;ChIJoZsj3b7frAcRjoZUr5Cg7Uw;https://www.google.com/maps/place/?q=place_id:ChIJoZsj3b7frAcRjoZUr5Cg7Uw;japones Cabedelo PB;Porto/Cabedelo;@-6.9665,-34.8405,15z;already_in_database
already_in_database;Espaço Do Sushi;Restaurante;R. Juarez Távora - Camalaú, Cabedelo - PB, 58310-000;4.2;33;ChIJLZuM-3YgrQcRxc7_zhcQ3Y0;https://www.google.com/maps/place/?q=place_id:ChIJLZuM-3YgrQcRxc7_zhcQ3Y0;japones Cabedelo PB;Porto/Cabedelo;@-6.9665,-34.8405,15z;already_in_database
already_in_database;Viciados em Sushi;Restaurante japonês;R. Pedro Aleixo Moura, 34 - Centro, Cabedelo - PB, 58100-210;4.4;193;ChIJ_c5MVHEgrQcRB4CuNV0soio;https://www.google.com/maps/place/?q=place_id:ChIJ_c5MVHEgrQcRB4CuNV0soio;japones Cabedelo PB;Porto/Cabedelo;@-6.9665,-34.8405,15z;already_in_database
already_in_database;Sakê Temakeria Ponta de Campina, Cabedelo;Restaurante japonês;Av. Oceano Atlântico, 1592 - Sl 16 E 17 - Ponta de Campina, Cabedelo - PB, 58310-000;4.7;261;ChIJ2Xj63j_drAcRrllAg3GcmOU;https://www.google.com/maps/place/?q=place_id:ChIJ2Xj63j_drAcRrllAg3GcmOU;japones Cabedelo PB;Porto/Cabedelo;@-6.9665,-34.8405,15z;already_in_database
already_in_database;A Casa do Temakinho;Restaurante;Av. Mar da Irlanda, 222 - Intermares, Cabedelo - PB, 58310-000;4.9;150;ChIJK77pAsvfrAcRDJoNP1VhTVo;https://www.google.com/maps/place/?q=place_id:ChIJK77pAsvfrAcRDJoNP1VhTVo;japones Cabedelo PB;Porto/Cabedelo;@-6.9665,-34.8405,15z;already_in_database
already_in_database;Pipa Sushi & Temakeria;Restaurante de sushi;Av. Mar das Antilhas - Intermares, Cabedelo - PB, 58310-000;4.3;292;ChIJm1Mywg3erAcRAs4OIMpvJqk;https://www.google.com/maps/place/?q=place_id:ChIJm1Mywg3erAcRAs4OIMpvJqk;japones Cabedelo PB;Porto/Cabedelo;@-6.9665,-34.8405,15z;already_in_database
rejected;Novo Oriente Intermares;Restaurante de sushi;Av. Mar Vermelho, 35 - Intermares, Cabedelo - PB, 58102-120;4.2;1378;ChIJN9JFAA7erAcR7c6fN6tma_g;https://www.google.com/maps/place/?q=place_id:ChIJN9JFAA7erAcR7c6fN6tma_g;japones Cabedelo PB;Porto/Cabedelo;@-6.9665,-34.8405,15z;excluded_category_or_name
already_in_database;Tapiocaria do Dinho;Restaurante;Av. Ambrósio Miranda de Araújo - Renascer, Cabedelo - PB, 58033-455;4.6;154;ChIJZyUKWFjdrAcRuY-QSDtiyL8;https://www.google.com/maps/place/?q=place_id:ChIJZyUKWFjdrAcRuY-QSDtiyL8;tapiocaria Cabedelo PB;Porto/Cabedelo;@-6.9665,-34.8405,15z;already_in_database
duplicate_in_run;Tapioca Sabor Natural;Restaurante;R. Dr. João Mata, 25 - Vila Sao Joao, Cabedelo - PB, 58310-000;5;1;ChIJ9QK8THIgrQcRvo8cmxxpnWg;https://www.google.com/maps/place/?q=place_id:ChIJ9QK8THIgrQcRvo8cmxxpnWg;tapiocaria Cabedelo PB;Porto/Cabedelo;@-6.9665,-34.8405,15z;duplicate_in_run
rejected;Tapioca Da Cleide- Onda Mar;Lanchonete;Onda Mar Praia Shopping, 58102-120, Av. Mar Vermelho, 357 - Intermares, Cabedelo - PB, 58102-120;4.5;51;ChIJDcsJwQ3erAcR04pQAVkyyEM;https://www.google.com/maps/place/?q=place_id:ChIJDcsJwQ3erAcR04pQAVkyyEM;tapiocaria Cabedelo PB;Porto/Cabedelo;@-6.9665,-34.8405,15z;excluded_category_or_name
duplicate_in_run;Tapiocaria da moça;Lanchonete;Na, Juarez Távora, praça padre cicero - Camalaú, Cabedelo - PB, 58328-000;3;2;ChIJvdD_Pj4hrQcRy4Mgdq9GZi4;https://www.google.com/maps/place/?q=place_id:ChIJvdD_Pj4hrQcRy4Mgdq9GZi4;tapiocaria Cabedelo PB;Porto/Cabedelo;@-6.9665,-34.8405,15z;duplicate_in_run
already_in_database;Tapiocaria da zeti;Lanchonete;Av. Pôr do Sol, Cabedelo - PB, 58310-000;5;20;ChIJYwNhcVnfrAcRJ4jZPLua8uw;https://www.google.com/maps/place/?q=place_id:ChIJYwNhcVnfrAcRJ4jZPLua8uw;tapiocaria Cabedelo PB;Porto/Cabedelo;@-6.9665,-34.8405,15z;already_in_database
rejected;Panificadora Interpão;Padaria;Av. Pastor José Alves de Oliveira, 229 - Vila Sao Joao, Cabedelo - PB, 58310-000;4.4;310;ChIJRToIKKwhrQcRiu88YL4MkcA;https://www.google.com/maps/place/?q=place_id:ChIJRToIKKwhrQcRiu88YL4MkcA;tapiocaria Cabedelo PB;Porto/Cabedelo;@-6.9665,-34.8405,15z;excluded_category_or_name
duplicate_in_run;Tapiocaria da Edna Paraiba;Lanchonete;R. Praia do Jacaré - Jacaré, Cabedelo - PB, 58310-000;3.5;8;ChIJUY5qWRvfrAcRK8-qD7N9ni4;https://www.google.com/maps/place/?q=place_id:ChIJUY5qWRvfrAcRK8-qD7N9ni4;tapiocaria Cabedelo PB;Porto/Cabedelo;@-6.9665,-34.8405,15z;duplicate_in_run
already_in_database;Tia Graça Cafeteria e Doceria;Cafeteria;R. Golfo da China, 326 - Intermares, Cabedelo - PB, 58310-000;4.5;67;ChIJV8XbnLXfrAcRTzFbB-0OVFg;https://www.google.com/maps/place/?q=place_id:ChIJV8XbnLXfrAcRTzFbB-0OVFg;tapiocaria Cabedelo PB;Porto/Cabedelo;@-6.9665,-34.8405,15z;already_in_database
duplicate_in_run;Bonitinha das tapiocas;Café;Av. Pôr do Sol, Cabedelo - PB, 58310-000;4.2;9;ChIJ5WIHvhrfrAcRFwG3RLaJgCA;https://www.google.com/maps/place/?q=place_id:ChIJ5WIHvhrfrAcRFwG3RLaJgCA;tapiocaria Cabedelo PB;Porto/Cabedelo;@-6.9665,-34.8405,15z;duplicate_in_run
rejected;Tapiocaria Tambau;Lanchonete;Av. Sen. Ruy Carneiro, 17 - Manaíra, João Pessoa - PB, 58039-181;4.6;167;ChIJCTDizSPdrAcREkvCI1z9gU0;https://www.google.com/maps/place/?q=place_id:ChIJCTDizSPdrAcREkvCI1z9gU0;tapiocaria Cabedelo PB;Porto/Cabedelo;@-6.9665,-34.8405,15z;outside_cabedelo_or_location_uncertain
rejected;Sertão Raiz - Box 33;Loja de produtos naturais;Mercado Público de, R. Elizabeth Alves Galvão, Box 33 - Vila Sao Joao, Cabedelo - PB, 58100-140;5;2;ChIJNWzDDikhrQcRVz-jB83y8Cw;https://www.google.com/maps/place/?q=place_id:ChIJNWzDDikhrQcRVz-jB83y8Cw;tapiocaria Cabedelo PB;Porto/Cabedelo;@-6.9665,-34.8405,15z;excluded_category_or_name
already_in_database;Chié artesanato e comedoria;Café;R. Praia do Jacaré - Intermares, Cabedelo - PB, 58310-000;4;40;ChIJTwa4MA_frAcR4t0Vizs3ozY;https://www.google.com/maps/place/?q=place_id:ChIJTwa4MA_frAcR4t0Vizs3ozY;tapiocaria Cabedelo PB;Porto/Cabedelo;@-6.9665,-34.8405,15z;already_in_database
already_in_database;Rainha da tapioca;Cafeteria;R. Milton Macedo da Cruz - Lot. Oceania, Cabedelo - PB, 58105-565;;;ChIJ93ysPw3frAcRBYFSISTdBS4;https://www.google.com/maps/place/?q=place_id:ChIJ93ysPw3frAcRBYFSISTdBS4;tapiocaria Cabedelo PB;Porto/Cabedelo;@-6.9665,-34.8405,15z;already_in_database
already_in_database;Casa de Taipa;Restaurante;R. Vitorino Cardoso, s/n - Praia do poço, Cabedelo - PB, 58101-502;4.5;58;ChIJH9sgyE_erAcROIxiz0-fEqI;https://www.google.com/maps/place/?q=place_id:ChIJH9sgyE_erAcROIxiz0-fEqI;tapiocaria Cabedelo PB;Porto/Cabedelo;@-6.9665,-34.8405,15z;already_in_database
already_in_database;Açaí da Cris;Lanchonete;Tv. Primo José Viana - Vila Sao Joao, Cabedelo - PB, 58310-000;4.7;211;ChIJcQUFI2wgrQcRG22L9whpk4I;https://www.google.com/maps/place/?q=place_id:ChIJcQUFI2wgrQcRG22L9whpk4I;tapiocaria Cabedelo PB;Porto/Cabedelo;@-6.9665,-34.8405,15z;already_in_database
already_in_database;Praçaí - Intermares;Lanchonete;Av. Oceano Pacífico, s/n - Intermares, Cabedelo - PB, 58310-000;4.5;238;ChIJ1cAVK23erAcRCUpJ50T3ULs;https://www.google.com/maps/place/?q=place_id:ChIJ1cAVK23erAcRCUpJ50T3ULs;tapiocaria Cabedelo PB;Porto/Cabedelo;@-6.9665,-34.8405,15z;already_in_database
rejected;Ralacoko Tapiocaria - João Pessoa;Cafeteria;Av. Arthur Monteiro de Paiva, 425 - Bessa, João Pessoa - PB, 58035-010;4;62;ChIJg73doTvdrAcRYQwQ1CbwgiM;https://www.google.com/maps/place/?q=place_id:ChIJg73doTvdrAcRYQwQ1CbwgiM;tapiocaria Cabedelo PB;Porto/Cabedelo;@-6.9665,-34.8405,15z;outside_cabedelo_or_location_uncertain
rejected;TreeHouse Bar Lounge - Por do sol João Pessoa;Bar;R. Pôr do Sol, s/n, Cabedelo - PB, 58310-000;4.5;1125;ChIJ33JsoxverAcRwnzfHW9fJTI;https://www.google.com/maps/place/?q=place_id:ChIJ33JsoxverAcRwnzfHW9fJTI;tapiocaria Cabedelo PB;Porto/Cabedelo;@-6.9665,-34.8405,15z;excluded_category_or_name
already_in_database;Sax Café - Por do Sol da Praia do Jacaré Cabedelo/PB;Restaurante;Pôr do Sol, R. Praia do Jacaré, Cabedelo - PB, 58310-000;4.5;102;ChIJ42uw2z3frAcRpvqGhKXp_LM;https://www.google.com/maps/place/?q=place_id:ChIJ42uw2z3frAcRpvqGhKXp_LM;tapiocaria Cabedelo PB;Porto/Cabedelo;@-6.9665,-34.8405,15z;already_in_database
rejected;Supermercado Assis;Supermercado;R. João Vitaliano, 39 - Camalaú, Cabedelo - PB, 58310-000;4.3;1794;ChIJ0cBL53EgrQcRzMAuzIdb_4I;https://www.google.com/maps/place/?q=place_id:ChIJ0cBL53EgrQcRzMAuzIdb_4I;tapiocaria Cabedelo PB;Porto/Cabedelo;@-6.9665,-34.8405,15z;excluded_category_or_name
already_in_database;La casa de pastel e La Pizza Premium;Pastelaria brasileira;Rua por trás do Campo Municipal, R. Primo José Viana, 463 - Centro, Cabedelo - PB, 58100-521;4.1;261;ChIJYSxGk8ghrQcRk9Nz0uySHBE;https://www.google.com/maps/place/?q=place_id:ChIJYSxGk8ghrQcRk9Nz0uySHBE;esfiharia Cabedelo PB;Porto/Cabedelo;@-6.9665,-34.8405,15z;already_in_database
duplicate_in_run;ESFIELDS;Delivery;Av. Oceano Atlântico - Ponta de Campina, Cabedelo - PB, 58101-650;4.4;12;ChIJDwCxzV7frAcR4SxYIDnucFw;https://www.google.com/maps/place/?q=place_id:ChIJDwCxzV7frAcR4SxYIDnucFw;esfiharia Cabedelo PB;Porto/Cabedelo;@-6.9665,-34.8405,15z;duplicate_in_run
already_in_database;Pizza do Paulinho;Pizzaria;Av. Monsenhor José da Silva Coutinho, 113 - Vila Sao Joao, Cabedelo - PB, 58103-332;5;11;ChIJTUFjldDfrAcRXmp9tl8_VOc;https://www.google.com/maps/place/?q=place_id:ChIJTUFjldDfrAcRXmp9tl8_VOc;esfiharia Cabedelo PB;Porto/Cabedelo;@-6.9665,-34.8405,15z;already_in_database
already_in_database;Sorveteria Frutos de Goiás - Cabedelo;Sorveteria;R. Sólon de Lucena, 30B - Centro, Cabedelo - PB, 58100-570;4.9;40;ChIJpR3-bsYhrQcRFzba--9mhwU;https://www.google.com/maps/place/?q=place_id:ChIJpR3-bsYhrQcRFzba--9mhwU;esfiharia Cabedelo PB;Porto/Cabedelo;@-6.9665,-34.8405,15z;already_in_database
already_in_database;Viciados em Sushi;Restaurante japonês;R. Pedro Aleixo Moura, 34 - Centro, Cabedelo - PB, 58100-210;4.4;193;ChIJ_c5MVHEgrQcRB4CuNV0soio;https://www.google.com/maps/place/?q=place_id:ChIJ_c5MVHEgrQcRB4CuNV0soio;esfiharia Cabedelo PB;Porto/Cabedelo;@-6.9665,-34.8405,15z;already_in_database
already_in_database;Pizza Família Cipriano;Delivery de Pizza;R. Golfo Danzig, 56 - Intermares, Cabedelo - PB, 58102-133;5;13;ChIJBw8J2x3frAcR-t64wKV4XEg;https://www.google.com/maps/place/?q=place_id:ChIJBw8J2x3frAcR-t64wKV4XEg;esfiharia Cabedelo PB;Porto/Cabedelo;@-6.9665,-34.8405,15z;already_in_database
already_in_database;Pizzaria Bom Sabor Camboinha;Pizzaria;R. Prof. João Lelis de Luna Freire, 288 - Jardim Camboinha, Cabedelo - PB, 58310-000;4.1;54;ChIJ23LpoCvfrAcRK0glALWQRYA;https://www.google.com/maps/place/?q=place_id:ChIJ23LpoCvfrAcRK0glALWQRYA;esfiharia Cabedelo PB;Porto/Cabedelo;@-6.9665,-34.8405,15z;already_in_database
already_in_database;Mega Pizza;Pizzaria;Av. Mar Vermelho, 357 - Intermares, Cabedelo - PB, 58310-000;4;506;ChIJP6gJ7w3erAcRPbZmhVXL0gQ;https://www.google.com/maps/place/?q=place_id:ChIJP6gJ7w3erAcRPbZmhVXL0gQ;esfiharia Cabedelo PB;Porto/Cabedelo;@-6.9665,-34.8405,15z;already_in_database
rejected;GETMall;Praça de alimentação;Av. Oceano Atlântico, 1592 - Ponta de Campina, Cabedelo - PB, 58310-000;4.3;103;ChIJX7HMo6rdrAcRCeFWODir8Rw;https://www.google.com/maps/place/?q=place_id:ChIJX7HMo6rdrAcRCeFWODir8Rw;esfiharia Cabedelo PB;Porto/Cabedelo;@-6.9665,-34.8405,15z;excluded_category_or_name
already_in_database;Pizzaria Bom Sabor;Pizzaria;R. Jair Cunha Cavalcanti, 248 - Lot. Oceania, Cabedelo - PB, 58105-700;4;134;ChIJJwFhsjXfrAcR5WUPKUu6Li8;https://www.google.com/maps/place/?q=place_id:ChIJJwFhsjXfrAcR5WUPKUu6Li8;esfiharia Cabedelo PB;Porto/Cabedelo;@-6.9665,-34.8405,15z;already_in_database
rejected;Hórus Esfihas e Gelados;Esfiharia;R. Bacharel Irenaldo de Albuquerque Chaves, 825 - Aeroclube, João Pessoa - PB, 58036-460;4.9;27;ChIJWYMEcFLdrAcRJ7ODRj95ups;https://www.google.com/maps/place/?q=place_id:ChIJWYMEcFLdrAcRJ7ODRj95ups;esfiharia Cabedelo PB;Porto/Cabedelo;@-6.9665,-34.8405,15z;outside_cabedelo_or_location_uncertain
rejected;Pérsia Esfiha Diferente;Esfiharia;Av. Umbuzeiro, 1099 - Manaíra, João Pessoa - PB, 58038-182;4.7;1345;ChIJXaMZFSLdrAcRDcClKwtA6h0;https://www.google.com/maps/place/?q=place_id:ChIJXaMZFSLdrAcRDcClKwtA6h0;esfiharia Cabedelo PB;Porto/Cabedelo;@-6.9665,-34.8405,15z;outside_cabedelo_or_location_uncertain
already_in_database;Pizzaria Jacaré;Pizzaria;R. Arco Íris, 250 - Lot. Oceania VI, Cabedelo - PB, 58310-000;4.5;59;ChIJLSlV8DrerAcRdEpwqq-GS2Y;https://www.google.com/maps/place/?q=place_id:ChIJLSlV8DrerAcRdEpwqq-GS2Y;esfiharia Cabedelo PB;Porto/Cabedelo;@-6.9665,-34.8405,15z;already_in_database
rejected;Sahara Árabe Food;Delivery;Manaíra, João Pessoa - PB, 58038-001;3.6;13;ChIJ91h89NXdrAcR_azzHqsnFAI;https://www.google.com/maps/place/?q=place_id:ChIJ91h89NXdrAcR_azzHqsnFAI;esfiharia Cabedelo PB;Porto/Cabedelo;@-6.9665,-34.8405,15z;outside_cabedelo_or_location_uncertain
already_in_database;TCF - The Cheeseburguer Factory - Unidade Cabedelo;Lanchonete;Av. Oceano Atlântico, 1592 - Sl A15 - Ponta de Campina, Cabedelo - PB, 58310-000;4.1;13;ChIJ17zIKW_drAcRpW44MoCAPKM;https://www.google.com/maps/place/?q=place_id:ChIJ17zIKW_drAcRpW44MoCAPKM;esfiharia Cabedelo PB;Porto/Cabedelo;@-6.9665,-34.8405,15z;already_in_database
rejected;Novo Oriente Intermares;Restaurante de sushi;Av. Mar Vermelho, 35 - Intermares, Cabedelo - PB, 58102-120;4.2;1378;ChIJN9JFAA7erAcR7c6fN6tma_g;https://www.google.com/maps/place/?q=place_id:ChIJN9JFAA7erAcR7c6fN6tma_g;esfiharia Cabedelo PB;Porto/Cabedelo;@-6.9665,-34.8405,15z;excluded_category_or_name
already_in_database;Restaurante Recanto do Picuí Intermares;Restaurante;R. Golfo Sidra, 72 - Intermares, Cabedelo - PB, 58310-000;4.5;1267;ChIJ7xU6NRLerAcRpPuWqjv1L7c;https://www.google.com/maps/place/?q=place_id:ChIJ7xU6NRLerAcRpPuWqjv1L7c;esfiharia Cabedelo PB;Porto/Cabedelo;@-6.9665,-34.8405,15z;already_in_database
rejected;Hora H - Loja de conveniência;Loja de Conveniência;BR 230, km 09, 499, Intermares, Cabedelo - PB, 58102-202;4;9;ChIJqcRVDw7erAcR-rfbD81s5FA;https://www.google.com/maps/place/?q=place_id:ChIJqcRVDw7erAcR-rfbD81s5FA;esfiharia Cabedelo PB;Porto/Cabedelo;@-6.9665,-34.8405,15z;excluded_category_or_name
rejected;Esfiha Do Matuto Esfiharia;Restaurante;R. Carlos Alverga, 157 - Manaíra, João Pessoa - PB, 58038-020;5;4;ChIJexihRgDdrAcRK-wQ7jtHfmM;https://www.google.com/maps/place/?q=place_id:ChIJexihRgDdrAcRK-wQ7jtHfmM;esfiharia Cabedelo PB;Porto/Cabedelo;@-6.9665,-34.8405,15z;outside_cabedelo_or_location_uncertain
accepted;Forneria Brasil Express 🍕;Delivery de Pizza;;3;2;ChIJRaVm9q19ZScR9PGc5I1SNg0;https://www.google.com/maps/place/?q=place_id:ChIJRaVm9q19ZScR9PGc5I1SNg0;esfiharia Cabedelo PB;Porto/Cabedelo;@-6.9665,-34.8405,15z;food_scope
rejected;Comida Caseira da Elly;Restaurante;Mercado Público de Cabedelo, BOX 138, Centro, Cabedelo - PB, 58100-140;5;19;ChIJBfEE9CwhrQcR2xtfopCJ34w;https://www.google.com/maps/place/?q=place_id:ChIJBfEE9CwhrQcR2xtfopCJ34w;marmitaria Cabedelo PB;Porto/Cabedelo;@-6.9665,-34.8405,15z;excluded_category_or_name
duplicate_in_run;Self-service da nany;Restaurante self-service;R. Monsenhor Valfredo Leal - Vila Sao Joao, Cabedelo - PB, 58310-000;4.8;6;ChIJwauUWwAhrQcRq05-xtkVPo8;https://www.google.com/maps/place/?q=place_id:ChIJwauUWwAhrQcRq05-xtkVPo8;marmitaria Cabedelo PB;Porto/Cabedelo;@-6.9665,-34.8405,15z;duplicate_in_run
already_in_database;Churrascaria do Caicó;Churrascaria;R, Av. Pastor José Alves de Oliveira, 365 - Centro, Cabedelo - PB, 58100-222;4.3;753;ChIJVaKROncgrQcR5lpnht-FotI;https://www.google.com/maps/place/?q=place_id:ChIJVaKROncgrQcR5lpnht-FotI;marmitaria Cabedelo PB;Porto/Cabedelo;@-6.9665,-34.8405,15z;already_in_database
duplicate_in_run;Meio Quilo;Restaurante self-service;R. Aderbal Piragibe, 13 - Centro, Cabedelo - PB, 58100-110;4.4;160;ChIJhzOrgHIgrQcRTCBeQ_9JM-8;https://www.google.com/maps/place/?q=place_id:ChIJhzOrgHIgrQcRTCBeQ_9JM-8;marmitaria Cabedelo PB;Porto/Cabedelo;@-6.9665,-34.8405,15z;duplicate_in_run
already_in_database;NutriFit Marmita Fitness Congeladas;Restaurante de comida natural;Intermares, Cabedelo - PB, 58102-032;5;18;ChIJN2Qo5azfrAcR6duVymUfuQ0;https://www.google.com/maps/place/?q=place_id:ChIJN2Qo5azfrAcR6duVymUfuQ0;marmitaria Cabedelo PB;Porto/Cabedelo;@-6.9665,-34.8405,15z;already_in_database
already_in_database;Ilha Dourada Restaurante;Restaurante de frutos do mar;BR -230, R. José Américo de Almeida Filho, s/n - Areia Dourada, Cabedelo - PB, 58101-212;4.2;3161;ChIJ19PDcIXfrAcRzBwfL7gvIIs;https://www.google.com/maps/place/?q=place_id:ChIJ19PDcIXfrAcRzBwfL7gvIIs;marmitaria Cabedelo PB;Porto/Cabedelo;@-6.9665,-34.8405,15z;already_in_database
already_in_database;PARCEIRO Rosa Lanches;Lanchonete;R. Ten. Antônio Pontes, 139 - Ponta de Matos, Cabedelo - PB, 58100-645;4.5;120;ChIJKfbziSchrQcRUM5eTvB19FU;https://www.google.com/maps/place/?q=place_id:ChIJKfbziSchrQcRUM5eTvB19FU;marmitaria Cabedelo PB;Porto/Cabedelo;@-6.9665,-34.8405,15z;already_in_database
duplicate_in_run;Kioske Cantinho do Sabor;Restaurante;R. Cleto Campêlo - Vila Sao Joao, Cabedelo - PB, 58310-000;;;ChIJL7ngB3YgrQcRkndKsVUtpfw;https://www.google.com/maps/place/?q=place_id:ChIJL7ngB3YgrQcRkndKsVUtpfw;marmitaria Cabedelo PB;Porto/Cabedelo;@-6.9665,-34.8405,15z;duplicate_in_run
duplicate_in_run;MB Marmitas | Marmitaria em João Pessoa;Restaurante;R. Alfredo Chaves, 126 - Poço, Cabedelo - PB, 58101-582;5;2;ChIJ_XODgJ7frAcR2n1xL5ijuX4;https://www.google.com/maps/place/?q=place_id:ChIJ_XODgJ7frAcR2n1xL5ijuX4;marmitaria Cabedelo PB;Porto/Cabedelo;@-6.9665,-34.8405,15z;duplicate_in_run
already_in_database;Tempero De Casa;Restaurante;R. Maurício de Alençar Cavalcante - Jardim America, Cabedelo - PB, 58310-000;4.5;65;ChIJlzh1S-zdrAcRiCUL7fIKsMI;https://www.google.com/maps/place/?q=place_id:ChIJlzh1S-zdrAcRiCUL7fIKsMI;marmitaria Cabedelo PB;Porto/Cabedelo;@-6.9665,-34.8405,15z;already_in_database
already_in_database;Sorveteria Frutos de Goiás - Cabedelo;Sorveteria;R. Sólon de Lucena, 30B - Centro, Cabedelo - PB, 58100-570;4.9;40;ChIJpR3-bsYhrQcRFzba--9mhwU;https://www.google.com/maps/place/?q=place_id:ChIJpR3-bsYhrQcRFzba--9mhwU;marmitaria Cabedelo PB;Porto/Cabedelo;@-6.9665,-34.8405,15z;already_in_database
already_in_database;Sol e mar restaurante e self service;Restaurante self-service;R. Márcia Travassos, 331 - Camboinha, Cabedelo - PB, 58310-000;4.6;22;ChIJC7wrAbDfrAcRL094F_SfelU;https://www.google.com/maps/place/?q=place_id:ChIJC7wrAbDfrAcRL094F_SfelU;marmitaria Cabedelo PB;Porto/Cabedelo;@-6.9665,-34.8405,15z;already_in_database
rejected;Mercado Público de Cabedelo;Mercado;R. Elizabeth Alves Galvão - Vila Sao Joao, Cabedelo - PB, 58310-000;4;2563;ChIJcdlFQXIgrQcRdvr3iVM-Uu0;https://www.google.com/maps/place/?q=place_id:ChIJcdlFQXIgrQcRdvr3iVM-Uu0;marmitaria Cabedelo PB;Porto/Cabedelo;@-6.9665,-34.8405,15z;excluded_category_or_name
already_in_database;Lovina Ponta de Campina | Bar | Restaurante em Cabedelo;Restaurante;R. Vitorino Cardoso, 908 - Ponta de Campina, Cabedelo - PB, 58101-510;4.4;10742;ChIJdbKCxUTerAcRNmBt0eRrdX8;https://www.google.com/maps/place/?q=place_id:ChIJdbKCxUTerAcRNmBt0eRrdX8;marmitaria Cabedelo PB;Porto/Cabedelo;@-6.9665,-34.8405,15z;already_in_database
rejected;Barber Shop;Barbearia;Rua Monsenhor Walfredo Leal, 78 - Centro, Cabedelo - PB, 58100-248;;;ChIJJyhwrgshrQcRM_Ar_0VfmpE;https://www.google.com/maps/place/?q=place_id:ChIJJyhwrgshrQcRM_Ar_0VfmpE;marmitaria Cabedelo PB;Porto/Cabedelo;@-6.9665,-34.8405,15z;excluded_category_or_name
duplicate_in_run;Mary Refeições;Restaurante;Av. Mar de Corais, 08 - Intermares, Cabedelo - PB, 58102-262;4.6;45;ChIJ2eQ7vvbfrAcRI7MW-9PBLJ8;https://www.google.com/maps/place/?q=place_id:ChIJ2eQ7vvbfrAcRI7MW-9PBLJ8;marmitaria Cabedelo PB;Porto/Cabedelo;@-6.9665,-34.8405,15z;duplicate_in_run
duplicate_in_run;D Lay Refeições - Marmitaria;Restaurante de almoço;Av. Ambrósio Miranda de Araújo - Renascer, Cabedelo - PB, 58310-000;;;ChIJ7x-TOz7drAcRBMvOXw4vkwg;https://www.google.com/maps/place/?q=place_id:ChIJ7x-TOz7drAcRBMvOXw4vkwg;marmitaria Cabedelo PB;Porto/Cabedelo;@-6.9665,-34.8405,15z;duplicate_in_run
already_in_database;Bom Tempero Restaurante;Restaurante self-service;Av. Maria de Oliveira Gomes - Portal do Poço, Cabedelo - PB, 58310-000;4.7;17;ChIJQwyZx_vfrAcRqBvYbKyyPhQ;https://www.google.com/maps/place/?q=place_id:ChIJQwyZx_vfrAcRqBvYbKyyPhQ;marmitaria Cabedelo PB;Porto/Cabedelo;@-6.9665,-34.8405,15z;already_in_database
rejected;El sabor restaurante e marmitaria;Restaurante;R. Pres. Washington Luís, 338 - Bessa, João Pessoa - PB, 58035-340;4.6;79;ChIJ71Tv30HdrAcR40bAo1GUO-0;https://www.google.com/maps/place/?q=place_id:ChIJ71Tv30HdrAcR40bAo1GUO-0;marmitaria Cabedelo PB;Porto/Cabedelo;@-6.9665,-34.8405,15z;outside_cabedelo_or_location_uncertain
duplicate_in_run;M E Refeição;Restaurante;Intermares, Cabedelo - PB, 58033-455;5;3;ChIJc3fKUeHfrAcRDLLyfWij5xk;https://www.google.com/maps/place/?q=place_id:ChIJc3fKUeHfrAcRDLLyfWij5xk;marmitaria Cabedelo PB;Porto/Cabedelo;@-6.9665,-34.8405,15z;duplicate_in_run
rejected;Espetinho da galega;Bar;Av. São Sebastião, 124 - Camalaú, Cabedelo - PB, 58310-000;5;2;ChIJJVi9GnPfrAcRIXE-8OdZZLQ;https://www.google.com/maps/place/?q=place_id:ChIJJVi9GnPfrAcRIXE-8OdZZLQ;espetinho Cabedelo PB;Porto/Cabedelo;@-6.9665,-34.8405,15z;not_clearly_food_establishment
rejected;Verano Praia Bar;Bar;Av. Pastor José Alves de Oliveira, 848 - Areia Dourada, Cabedelo - PB, 58101-205;4.4;324;ChIJh0FVTwvfrAcRloIZE5Iit7w;https://www.google.com/maps/place/?q=place_id:ChIJh0FVTwvfrAcRloIZE5Iit7w;espetinho Cabedelo PB;Porto/Cabedelo;@-6.9665,-34.8405,15z;not_clearly_food_establishment
rejected;Espetinho da Rafa Camboinha;Bar;Av. Max Zagel, 16 - Jardim Jerico, Cabedelo - PB, 58310-000;4.9;19;ChIJOWgbm17frAcRk4X3wNNiTBA;https://www.google.com/maps/place/?q=place_id:ChIJOWgbm17frAcRk4X3wNNiTBA;espetinho Cabedelo PB;Porto/Cabedelo;@-6.9665,-34.8405,15z;not_clearly_food_establishment
already_in_database;Espetinho da praia Intermares;Restaurante;Av. Oceano Atlântico, 1972 - Intermares, Cabedelo - PB, 58310-000;4.4;772;ChIJE-mcRMTfrAcRBThGnfI6x2c;https://www.google.com/maps/place/?q=place_id:ChIJE-mcRMTfrAcRBThGnfI6x2c;espetinho Cabedelo PB;Porto/Cabedelo;@-6.9665,-34.8405,15z;already_in_database
rejected;Espetinho do Mudinho;;R. Sólon de Lucena, 250 - Vila Sao Joao, Cabedelo - PB, 58310-000;;;ChIJhT-ofm4grQcRvMQNW_e1rs0;https://www.google.com/maps/place/?q=place_id:ChIJhT-ofm4grQcRvMQNW_e1rs0;espetinho Cabedelo PB;Porto/Cabedelo;@-6.9665,-34.8405,15z;not_clearly_food_establishment
rejected;Iran Bebidas;Bar;Av. Pastor José Alves de Oliveira - Vila Sao Joao, Cabedelo - PB, 58101-150;4.9;23;ChIJc9X4a60hrQcRO_mzcZWuCtY;https://www.google.com/maps/place/?q=place_id:ChIJc9X4a60hrQcRO_mzcZWuCtY;espetinho Cabedelo PB;Porto/Cabedelo;@-6.9665,-34.8405,15z;not_clearly_food_establishment
duplicate_in_run;Rope Espetos;Restaurante de churrasquinho;Av. Oceano Atlântico, 422 - Intermares, Cabedelo - PB, 58102-252;4.5;13;ChIJmbbN-K3frAcRsyfJ94pu17s;https://www.google.com/maps/place/?q=place_id:ChIJmbbN-K3frAcRsyfJ94pu17s;espetinho Cabedelo PB;Porto/Cabedelo;@-6.9665,-34.8405,15z;duplicate_in_run
already_in_database;Ilha Dourada Restaurante;Restaurante de frutos do mar;BR -230, R. José Américo de Almeida Filho, s/n - Areia Dourada, Cabedelo - PB, 58101-212;4.2;3161;ChIJ19PDcIXfrAcRzBwfL7gvIIs;https://www.google.com/maps/place/?q=place_id:ChIJ19PDcIXfrAcRzBwfL7gvIIs;espetinho Cabedelo PB;Porto/Cabedelo;@-6.9665,-34.8405,15z;already_in_database
rejected;Espetinho da Neide (galega );Área para churrasco;R. Jair Cunha Cavalcanti - Lot. Oceania VI, Cabedelo - PB, 58310-000;5;3;ChIJkS4yB_jfrAcRqBXX8hyz1d4;https://www.google.com/maps/place/?q=place_id:ChIJkS4yB_jfrAcRqBXX8hyz1d4;espetinho Cabedelo PB;Porto/Cabedelo;@-6.9665,-34.8405,15z;not_clearly_food_establishment
duplicate_in_run;Meio Quilo;Restaurante self-service;R. Aderbal Piragibe, 13 - Centro, Cabedelo - PB, 58100-110;4.4;160;ChIJhzOrgHIgrQcRTCBeQ_9JM-8;https://www.google.com/maps/place/?q=place_id:ChIJhzOrgHIgrQcRTCBeQ_9JM-8;espetinho Cabedelo PB;Porto/Cabedelo;@-6.9665,-34.8405,15z;duplicate_in_run
already_in_database;Oliver Grill e Espetos;Restaurante brasileiro;Av. Oceano Índico, 928 - Intermares, Cabedelo - PB, 58102-222;4.9;54;ChIJf5cN1cDfrAcRCKHM1M2eY_Y;https://www.google.com/maps/place/?q=place_id:ChIJf5cN1cDfrAcRCKHM1M2eY_Y;espetinho Cabedelo PB;Porto/Cabedelo;@-6.9665,-34.8405,15z;already_in_database
rejected;Espetinho Do Jorge;;R. Carolino Cardoso - Lot. Vitorino Cardoso, Cabedelo - PB, 58101-502;4;2;ChIJ07vP-0verAcRwU1RGY6vTT4;https://www.google.com/maps/place/?q=place_id:ChIJ07vP-0verAcRwU1RGY6vTT4;espetinho Cabedelo PB;Porto/Cabedelo;@-6.9665,-34.8405,15z;not_clearly_food_establishment
duplicate_in_run;Bar e Restaurante do Pessoinha;Restaurante;PB-011, 178 - Forte Velho, Santa Rita - PB, 58304-300;4.5;499;ChIJ4XsN-wfhrAcRxkkYL52xlIM;https://www.google.com/maps/place/?q=place_id:ChIJ4XsN-wfhrAcRxkkYL52xlIM;espetinho Cabedelo PB;Porto/Cabedelo;@-6.9665,-34.8405,15z;duplicate_in_run
duplicate_in_run;Espetinh;Lanchonete;R. Nilo Montenegro - Jardim Camboinha, Cabedelo - PB, 58103-676;3.7;3;ChIJuToxFxPfrAcRAaoTNj0a6wo;https://www.google.com/maps/place/?q=place_id:ChIJuToxFxPfrAcRAaoTNj0a6wo;espetinho Cabedelo PB;Porto/Cabedelo;@-6.9665,-34.8405,15z;duplicate_in_run
rejected;Espetinho Do Mago;Bar;Forte Velho, Santa Rita - PB;4.7;3;ChIJq3Ql4-DhrAcRVOlmPkbKwng;https://www.google.com/maps/place/?q=place_id:ChIJq3Ql4-DhrAcRVOlmPkbKwng;espetinho Cabedelo PB;Porto/Cabedelo;@-6.9665,-34.8405,15z;not_clearly_food_establishment
duplicate_in_run;Espetinho lá Brasil;Restaurante de churrasquinho;Av. Oceano Pacífico - Intermares, Cabedelo - PB, 58102-236;4;4;ChIJnV7DIgbfrAcR2KjlFmSKYJ8;https://www.google.com/maps/place/?q=place_id:ChIJnV7DIgbfrAcR2KjlFmSKYJ8;espetinho Cabedelo PB;Porto/Cabedelo;@-6.9665,-34.8405,15z;duplicate_in_run
duplicate_in_run;Espetinho São Paulo;Churrascaria;R. Severina Souto Batista, 11 - Planta de Lucena, Lucena - PB, 58315-000;;;ChIJK3fELgAfrQcRtB4AcNwaTUc;https://www.google.com/maps/place/?q=place_id:ChIJK3fELgAfrQcRtB4AcNwaTUc;espetinho Cabedelo PB;Porto/Cabedelo;@-6.9665,-34.8405,15z;duplicate_in_run
rejected;ESPETINHO DO GAUCHO;;R. Honório Patrício dos Santos, 44 - Recanto do Poço, Cabedelo - PB, 58105-084;;;ChIJQf5xz0verAcRud7oMR4ySFI;https://www.google.com/maps/place/?q=place_id:ChIJQf5xz0verAcRud7oMR4ySFI;espetinho Cabedelo PB;Porto/Cabedelo;@-6.9665,-34.8405,15z;not_clearly_food_establishment
already_in_database;Gigante Do Mar Beach;Restaurante de frutos do mar;Av. Max Zagel, 450 - Camboinha, Cabedelo - PB, 58033-455;4.2;3378;ChIJ47lgZ6TfrAcR21h_sELDBwk;https://www.google.com/maps/place/?q=place_id:ChIJ47lgZ6TfrAcR21h_sELDBwk;espetinho Cabedelo PB;Porto/Cabedelo;@-6.9665,-34.8405,15z;already_in_database
duplicate_in_run;Espetinho do xandao;Churrascaria;R. da Enseada, 1215 - Ponta de Campina, Cabedelo - PB, 58101-640;4;4;ChIJCcURbQDfrAcRhFrZD2Ih3qI;https://www.google.com/maps/place/?q=place_id:ChIJCcURbQDfrAcRhFrZD2Ih3qI;espetinho Cabedelo PB;Porto/Cabedelo;@-6.9665,-34.8405,15z;duplicate_in_run
duplicate_in_run;Casa Do Pastel;Pastelaria brasileira;R. Honório Patrício dos Santos, 328 - Recanto do Poço, Cabedelo - PB, 58310-000;4.2;20;ChIJoc8jbkrerAcRh20OFIzRlDc;https://www.google.com/maps/place/?q=place_id:ChIJoc8jbkrerAcRh20OFIzRlDc;pastelaria Cabedelo PB;Jacare;@-6.9987,-34.8411,15z;duplicate_in_run
already_in_database;Pastelaria Litorânea;Pastelaria brasileira;R. Sólon de Lucena, 19 - Vila Sao Joao, Cabedelo - PB, 58310-000;4.3;280;ChIJMwgi824grQcR0OCGiSGQ4Oc;https://www.google.com/maps/place/?q=place_id:ChIJMwgi824grQcR0OCGiSGQ4Oc;pastelaria Cabedelo PB;Jacare;@-6.9987,-34.8411,15z;already_in_database
already_in_database;La casa de pastel e La Pizza Premium;Pastelaria brasileira;Rua por trás do Campo Municipal, R. Primo José Viana, 463 - Centro, Cabedelo - PB, 58100-521;4.1;261;ChIJYSxGk8ghrQcRk9Nz0uySHBE;https://www.google.com/maps/place/?q=place_id:ChIJYSxGk8ghrQcRk9Nz0uySHBE;pastelaria Cabedelo PB;Jacare;@-6.9987,-34.8411,15z;already_in_database
rejected;Tia Graça Doces E Salgados;Doceria;R. Pedro Aleixo Moura, 26 - Vila Sao Joao, Cabedelo - PB, 58310-000;4.6;414;ChIJazVfCHEgrQcRref-q7f7tNA;https://www.google.com/maps/place/?q=place_id:ChIJazVfCHEgrQcRref-q7f7tNA;pastelaria Cabedelo PB;Jacare;@-6.9987,-34.8411,15z;not_clearly_food_establishment
rejected;Panificadora do Poço;Padaria;R. Carolino Cardoso, 177-245 - Lot. Vitorino Cardoso, Cabedelo - PB, 58310-000;4.2;293;ChIJD-aUzE3erAcRIs-tCW7mU0Q;https://www.google.com/maps/place/?q=place_id:ChIJD-aUzE3erAcRIs-tCW7mU0Q;pastelaria Cabedelo PB;Jacare;@-6.9987,-34.8411,15z;excluded_category_or_name
duplicate_in_run;Recanto do Pastel;Pastelaria brasileira;R. Gov. Antônio Mariz, 76 - Recanto do Poço, Cabedelo - PB, 58105-126;5;2;ChIJTbQRGwDfrAcRtHi9QRdHtfw;https://www.google.com/maps/place/?q=place_id:ChIJTbQRGwDfrAcRtHi9QRdHtfw;pastelaria Cabedelo PB;Jacare;@-6.9987,-34.8411,15z;duplicate_in_run
duplicate_in_run;Pastelaria em família;Pastelaria brasileira;R. São Miguel - Camalaú, Cabedelo - PB, 58103-212;5;1;ChIJS7zdL3bfrAcRkHxwCEWiiBQ;https://www.google.com/maps/place/?q=place_id:ChIJS7zdL3bfrAcRkHxwCEWiiBQ;pastelaria Cabedelo PB;Jacare;@-6.9987,-34.8411,15z;duplicate_in_run
rejected;P&B Doces e SALGADOS;Loja de bolos;Rua José Henrique de Miranda, 152 - Camalaú, Cabedelo - PB, 58103-122;4.9;10;ChIJm9ob5uzfrAcRiqnXg9Nwd2U;https://www.google.com/maps/place/?q=place_id:ChIJm9ob5uzfrAcRiqnXg9Nwd2U;pastelaria Cabedelo PB;Jacare;@-6.9987,-34.8411,15z;excluded_category_or_name
rejected;Doce Amore;Confeitaria;R. Severino Teixeira de Oliveira, 44 - Ponta de Matos, Cabedelo - PB, 58100-665;4.8;19;ChIJcZIaMW4grQcR07Eo2rlVxiQ;https://www.google.com/maps/place/?q=place_id:ChIJcZIaMW4grQcR07Eo2rlVxiQ;pastelaria Cabedelo PB;Jacare;@-6.9987,-34.8411,15z;not_clearly_food_establishment
duplicate_in_run;Big lanches camboinha;Pastelaria brasileira;R. Márcia Travassos, 165 - Camboinha, Cabedelo - PB, 58103-718;5;6;ChIJg_1fFG3frAcRQ_tg6GDYS08;https://www.google.com/maps/place/?q=place_id:ChIJg_1fFG3frAcRQ_tg6GDYS08;pastelaria Cabedelo PB;Jacare;@-6.9987,-34.8411,15z;duplicate_in_run
duplicate_in_run;Pastel do Thiago;Pastelaria brasileira;R. Sólon de Lucena - Ponta de Matos, Cabedelo - PB, 58100-570;4;9;ChIJkRCA8QQhrQcRdarr_EmBcBI;https://www.google.com/maps/place/?q=place_id:ChIJkRCA8QQhrQcRdarr_EmBcBI;pastelaria Cabedelo PB;Jacare;@-6.9987,-34.8411,15z;duplicate_in_run
duplicate_in_run;Pastelaria Arretada;Pastelaria brasileira;R. Jair Cunha Cavalcanti - Jacaré, Cabedelo - PB, 58105-700;;;ChIJu3uW1J3frAcRSD7yg4vEUJg;https://www.google.com/maps/place/?q=place_id:ChIJu3uW1J3frAcRSD7yg4vEUJg;pastelaria Cabedelo PB;Jacare;@-6.9987,-34.8411,15z;duplicate_in_run
already_in_database;Tia Graça Cafeteria e Doceria;Cafeteria;R. Golfo da China, 326 - Intermares, Cabedelo - PB, 58310-000;4.5;67;ChIJV8XbnLXfrAcRTzFbB-0OVFg;https://www.google.com/maps/place/?q=place_id:ChIJV8XbnLXfrAcRTzFbB-0OVFg;pastelaria Cabedelo PB;Jacare;@-6.9987,-34.8411,15z;already_in_database
already_in_database;PARCEIRO Rosa Lanches;Lanchonete;R. Ten. Antônio Pontes, 139 - Ponta de Matos, Cabedelo - PB, 58100-645;4.5;120;ChIJKfbziSchrQcRUM5eTvB19FU;https://www.google.com/maps/place/?q=place_id:ChIJKfbziSchrQcRUM5eTvB19FU;pastelaria Cabedelo PB;Jacare;@-6.9987,-34.8411,15z;already_in_database
rejected;Padaria Pandine;Padaria;Av. Mar Vermelho, 357 - Intermares, Cabedelo - PB, 58102-120;4.4;1096;ChIJP6gJ7w3erAcREADxKhazvuY;https://www.google.com/maps/place/?q=place_id:ChIJP6gJ7w3erAcREADxKhazvuY;pastelaria Cabedelo PB;Jacare;@-6.9987,-34.8411,15z;excluded_category_or_name
rejected;Padaria Eldorado Intermares;Padaria;Av. Mar Vermelho, 263 - Intermares, Cabedelo - PB, 58102-120;4.3;573;ChIJ8fLcFhXfrAcRa8uPR7mcTcU;https://www.google.com/maps/place/?q=place_id:ChIJ8fLcFhXfrAcRa8uPR7mcTcU;pastelaria Cabedelo PB;Jacare;@-6.9987,-34.8411,15z;excluded_category_or_name
duplicate_in_run;Pastelle (Pastelaria artesanal);Pastelaria brasileira;R. Raul Seixas - Renascer, Cabedelo - PB, 58108-122;4.8;6;ChIJKdiJIC7drAcRSmw3uvlT1t0;https://www.google.com/maps/place/?q=place_id:ChIJKdiJIC7drAcRSmw3uvlT1t0;pastelaria Cabedelo PB;Jacare;@-6.9987,-34.8411,15z;duplicate_in_run
already_in_database;Primo Rico;Restaurante self-service;Av. Oceano Atlântico, S/N - Intermares, Cabedelo - PB, 58102-236;4.3;903;ChIJ7aVpYzjfrAcRexvAqkdbRwU;https://www.google.com/maps/place/?q=place_id:ChIJ7aVpYzjfrAcRexvAqkdbRwU;pastelaria Cabedelo PB;Jacare;@-6.9987,-34.8411,15z;already_in_database
rejected;Panificadora Intermares;Padaria;Av. Oceano Índico, 375 - Intermares, Cabedelo - PB, 58102-222;4.1;82;ChIJQ50DHaLfrAcRSavcugBsAmM;https://www.google.com/maps/place/?q=place_id:ChIJQ50DHaLfrAcRSavcugBsAmM;pastelaria Cabedelo PB;Jacare;@-6.9987,-34.8411,15z;excluded_category_or_name
rejected;Doces Lis;Doceria;Av. Oceano Índico - Intermares, Cabedelo - PB, 58102-222;5;21;ChIJcwmDb1DfrAcRNXjP51h-48o;https://www.google.com/maps/place/?q=place_id:ChIJcwmDb1DfrAcRNXjP51h-48o;pastelaria Cabedelo PB;Jacare;@-6.9987,-34.8411,15z;not_clearly_food_establishment
already_in_database;Churrascaria do Caicó;Churrascaria;R, Av. Pastor José Alves de Oliveira, 365 - Centro, Cabedelo - PB, 58100-222;4.3;753;ChIJVaKROncgrQcR5lpnht-FotI;https://www.google.com/maps/place/?q=place_id:ChIJVaKROncgrQcR5lpnht-FotI;churrascaria Cabedelo PB;Jacare;@-6.9987,-34.8411,15z;already_in_database
rejected;A Ferro Y Fogo Churrasco & Burger Artesanal na Brasa;Restaurante;Av. Oceano Atlântico, 1592 - Shopping GetMall - Ponta de Campina, Cabedelo - PB, 58101-650;3.9;39;ChIJNWudC1nfrAcRZp_VOIvsXTQ;https://www.google.com/maps/place/?q=place_id:ChIJNWudC1nfrAcRZp_VOIvsXTQ;churrascaria Cabedelo PB;Jacare;@-6.9987,-34.8411,15z;excluded_category_or_name
already_in_database;CTG Saudade Da Querência;Restaurante;R. João Santos Coelho Filho, 125 - Lot. Praia Grande, Cabedelo - PB, 58310-000;4.6;293;ChIJv8vnDLPfrAcR2d01H7Lb744;https://www.google.com/maps/place/?q=place_id:ChIJv8vnDLPfrAcR2d01H7Lb744;churrascaria Cabedelo PB;Jacare;@-6.9987,-34.8411,15z;already_in_database
already_in_database;churrascaria do biu;Churrascaria;R. Carolino Cardoso, 248-328 - Lot. Vitorino Cardoso, Cabedelo - PB, 58310-000;4.2;142;ChIJi2YYOkzerAcRnZgoaC-xOvY;https://www.google.com/maps/place/?q=place_id:ChIJi2YYOkzerAcRnZgoaC-xOvY;churrascaria Cabedelo PB;Jacare;@-6.9987,-34.8411,15z;already_in_database
already_in_database;Ilha Dourada Restaurante;Restaurante de frutos do mar;BR -230, R. José Américo de Almeida Filho, s/n - Areia Dourada, Cabedelo - PB, 58101-212;4.2;3161;ChIJ19PDcIXfrAcRzBwfL7gvIIs;https://www.google.com/maps/place/?q=place_id:ChIJ19PDcIXfrAcRzBwfL7gvIIs;churrascaria Cabedelo PB;Jacare;@-6.9987,-34.8411,15z;already_in_database
already_in_database;Lovina Ponta de Campina | Bar | Restaurante em Cabedelo;Restaurante;R. Vitorino Cardoso, 908 - Ponta de Campina, Cabedelo - PB, 58101-510;4.4;10742;ChIJdbKCxUTerAcRNmBt0eRrdX8;https://www.google.com/maps/place/?q=place_id:ChIJdbKCxUTerAcRNmBt0eRrdX8;churrascaria Cabedelo PB;Jacare;@-6.9987,-34.8411,15z;already_in_database
already_in_database;Restaurante Recanto do Picuí Intermares;Churrascaria;R. Golfo Sidra, 72 - Intermares, Cabedelo - PB, 58310-000;4.5;1267;ChIJ7xU6NRLerAcRpPuWqjv1L7c;https://www.google.com/maps/place/?q=place_id:ChIJ7xU6NRLerAcRpPuWqjv1L7c;churrascaria Cabedelo PB;Jacare;@-6.9987,-34.8411,15z;already_in_database
duplicate_in_run;Restaurante Self Sabor;Restaurante self-service;R. Carolino Cardoso, 361 - Lot. Vitorino Cardoso, Cabedelo - PB, 58101-502;5;1;ChIJCauHMEbfrAcRkfIWALUqaWo;https://www.google.com/maps/place/?q=place_id:ChIJCauHMEbfrAcRkfIWALUqaWo;churrascaria Cabedelo PB;Jacare;@-6.9987,-34.8411,15z;duplicate_in_run
already_in_database;Ancoradouro Ponta de Campina;Restaurante;R. Henrique Siqueira, 242 - Ponta de Campina, Cabedelo - PB, 58310-000;3.9;495;ChIJZ2RoyxLfrAcRupeEWBQrnEc;https://www.google.com/maps/place/?q=place_id:ChIJZ2RoyxLfrAcRupeEWBQrnEc;churrascaria Cabedelo PB;Jacare;@-6.9987,-34.8411,15z;already_in_database
rejected;Verano Praia Bar;Bar;Av. Pastor José Alves de Oliveira, 848 - Areia Dourada, Cabedelo - PB, 58101-205;4.4;324;ChIJh0FVTwvfrAcRloIZE5Iit7w;https://www.google.com/maps/place/?q=place_id:ChIJh0FVTwvfrAcRloIZE5Iit7w;churrascaria Cabedelo PB;Jacare;@-6.9987,-34.8411,15z;not_clearly_food_establishment
already_in_database;Self service da GG;Restaurante self-service;R. Jair Cunha Cavalcanti, 328 - Lot. Oceania VI, Cabedelo - PB, 58310-000;5;1;ChIJXSZHbgDfrAcR7WzEKqOnmgI;https://www.google.com/maps/place/?q=place_id:ChIJXSZHbgDfrAcR7WzEKqOnmgI;churrascaria Cabedelo PB;Jacare;@-6.9987,-34.8411,15z;already_in_database
already_in_database;Bar das Meninas Restaurante;Restaurante de frutos do mar;R. Des. Onaldo N Montenegro, 368 - Vila Sao Joao, Cabedelo - PB, 58109-342;4.2;3174;ChIJodwqQ2kgrQcR4ABUUI60O8Y;https://www.google.com/maps/place/?q=place_id:ChIJodwqQ2kgrQcR4ABUUI60O8Y;churrascaria Cabedelo PB;Jacare;@-6.9987,-34.8411,15z;already_in_database
duplicate_in_run;Esquina do galeto;Churrascaria;Rua Rosa vieira,245-B praia do poço, Cabedelo - PB;5;1;ChIJW2UlHc_frAcRt9uoQzA6qyY;https://www.google.com/maps/place/?q=place_id:ChIJW2UlHc_frAcRt9uoQzA6qyY;churrascaria Cabedelo PB;Jacare;@-6.9987,-34.8411,15z;duplicate_in_run
rejected;Badionaldo;Bar;R. Vitorino Cardoso, 780 - Lot. Vitorino Cardoso, Cabedelo - PB, 58101-510;3.7;111;ChIJLV_DEEPfrAcRnoTIdvp3Ch0;https://www.google.com/maps/place/?q=place_id:ChIJLV_DEEPfrAcRnoTIdvp3Ch0;churrascaria Cabedelo PB;Jacare;@-6.9987,-34.8411,15z;not_clearly_food_establishment
rejected;Buffet de Crepe | Empire Buffet em domicilio | Churrasco | Coffee Break | Feijoada;Serviço de catering;R. Antônio Neves, 284 - Poço, Cabedelo - PB, 58101-528;;;ChIJcYFXPuPfrAcRxJjoK1KOAJg;https://www.google.com/maps/place/?q=place_id:ChIJcYFXPuPfrAcRxJjoK1KOAJg;churrascaria Cabedelo PB;Jacare;@-6.9987,-34.8411,15z;excluded_category_or_name
already_in_database;Melhor Sabor - Churrascaria e Self-Service;Churrascaria;R. João Clementino Gomes, 638 - Renascer, Cabedelo - PB, 58108-088;4.8;18;ChIJm6UA9qrdrAcR5Z_cuLUAO4k;https://www.google.com/maps/place/?q=place_id:ChIJm6UA9qrdrAcR5Z_cuLUAO4k;churrascaria Cabedelo PB;Jacare;@-6.9987,-34.8411,15z;already_in_database
already_in_database;Espetinho da praia Intermares;Restaurante;Av. Oceano Atlântico, 1972 - Intermares, Cabedelo - PB, 58310-000;4.4;772;ChIJE-mcRMTfrAcRBThGnfI6x2c;https://www.google.com/maps/place/?q=place_id:ChIJE-mcRMTfrAcRBThGnfI6x2c;churrascaria Cabedelo PB;Jacare;@-6.9987,-34.8411,15z;already_in_database
already_in_database;Oliver Grill e Espetos;Restaurante brasileiro;Av. Oceano Índico, 928 - Intermares, Cabedelo - PB, 58102-222;4.9;54;ChIJf5cN1cDfrAcRCKHM1M2eY_Y;https://www.google.com/maps/place/?q=place_id:ChIJf5cN1cDfrAcRCKHM1M2eY_Y;churrascaria Cabedelo PB;Jacare;@-6.9987,-34.8411,15z;already_in_database
already_in_database;Sol e mar restaurante e self service;Restaurante self-service;R. Márcia Travassos, 331 - Camboinha, Cabedelo - PB, 58310-000;4.6;22;ChIJC7wrAbDfrAcRL094F_SfelU;https://www.google.com/maps/place/?q=place_id:ChIJC7wrAbDfrAcRL094F_SfelU;churrascaria Cabedelo PB;Jacare;@-6.9987,-34.8411,15z;already_in_database
rejected;RECANTO BOÊMIO Conveniência;Fornecedor de alimentos e bebidas para catering;R. Honório Patrício dos Santos - Recanto do Poço, Cabedelo - PB, 58105-084;4.1;41;ChIJ8ycYfTjfrAcRlPM10bJUSP4;https://www.google.com/maps/place/?q=place_id:ChIJ8ycYfTjfrAcRlPM10bJUSP4;churrascaria Cabedelo PB;Jacare;@-6.9987,-34.8411,15z;excluded_category_or_name
already_in_database;Espaço Do Sushi;Restaurante;R. Juarez Távora - Camalaú, Cabedelo - PB, 58310-000;4.2;33;ChIJLZuM-3YgrQcRxc7_zhcQ3Y0;https://www.google.com/maps/place/?q=place_id:ChIJLZuM-3YgrQcRxc7_zhcQ3Y0;comida japonesa Cabedelo PB;Jacare;@-6.9987,-34.8411,15z;already_in_database
already_in_database;Sakê Temakeria Ponta de Campina, Cabedelo;Restaurante japonês;Av. Oceano Atlântico, 1592 - Sl 16 E 17 - Ponta de Campina, Cabedelo - PB, 58310-000;4.7;261;ChIJ2Xj63j_drAcRrllAg3GcmOU;https://www.google.com/maps/place/?q=place_id:ChIJ2Xj63j_drAcRrllAg3GcmOU;comida japonesa Cabedelo PB;Jacare;@-6.9987,-34.8411,15z;already_in_database
already_in_database;Sushiyaki Restaurante;Restaurante japonês;R. Ten. Antônio Pontes, 381 - Ponta de Matos, Cabedelo - PB, 58100-645;4.7;10;ChIJoZsj3b7frAcRjoZUr5Cg7Uw;https://www.google.com/maps/place/?q=place_id:ChIJoZsj3b7frAcRjoZUr5Cg7Uw;comida japonesa Cabedelo PB;Jacare;@-6.9987,-34.8411,15z;already_in_database
already_in_database;Viciados em Sushi;Restaurante japonês;R. Pedro Aleixo Moura, 34 - Centro, Cabedelo - PB, 58100-210;4.4;193;ChIJ_c5MVHEgrQcRB4CuNV0soio;https://www.google.com/maps/place/?q=place_id:ChIJ_c5MVHEgrQcRB4CuNV0soio;comida japonesa Cabedelo PB;Jacare;@-6.9987,-34.8411,15z;already_in_database
already_in_database;A Casa do Temakinho;Restaurante;Av. Mar da Irlanda, 222 - Intermares, Cabedelo - PB, 58310-000;4.9;150;ChIJK77pAsvfrAcRDJoNP1VhTVo;https://www.google.com/maps/place/?q=place_id:ChIJK77pAsvfrAcRDJoNP1VhTVo;comida japonesa Cabedelo PB;Jacare;@-6.9987,-34.8411,15z;already_in_database
rejected;Novo Oriente Intermares;Restaurante de sushi;Av. Mar Vermelho, 35 - Intermares, Cabedelo - PB, 58102-120;4.2;1378;ChIJN9JFAA7erAcR7c6fN6tma_g;https://www.google.com/maps/place/?q=place_id:ChIJN9JFAA7erAcR7c6fN6tma_g;comida japonesa Cabedelo PB;Jacare;@-6.9987,-34.8411,15z;excluded_category_or_name
already_in_database;Pipa Sushi & Temakeria;Restaurante de sushi;Av. Mar das Antilhas - Intermares, Cabedelo - PB, 58310-000;4.3;292;ChIJm1Mywg3erAcRAs4OIMpvJqk;https://www.google.com/maps/place/?q=place_id:ChIJm1Mywg3erAcRAs4OIMpvJqk;comida japonesa Cabedelo PB;Jacare;@-6.9987,-34.8411,15z;already_in_database
already_in_database;Espaço Do Sushi;Restaurante;R. Juarez Távora - Camalaú, Cabedelo - PB, 58310-000;4.2;33;ChIJLZuM-3YgrQcRxc7_zhcQ3Y0;https://www.google.com/maps/place/?q=place_id:ChIJLZuM-3YgrQcRxc7_zhcQ3Y0;japones Cabedelo PB;Jacare;@-6.9987,-34.8411,15z;already_in_database
already_in_database;Sakê Temakeria Ponta de Campina, Cabedelo;Restaurante japonês;Av. Oceano Atlântico, 1592 - Sl 16 E 17 - Ponta de Campina, Cabedelo - PB, 58310-000;4.7;261;ChIJ2Xj63j_drAcRrllAg3GcmOU;https://www.google.com/maps/place/?q=place_id:ChIJ2Xj63j_drAcRrllAg3GcmOU;japones Cabedelo PB;Jacare;@-6.9987,-34.8411,15z;already_in_database
already_in_database;Sushiyaki Restaurante;Restaurante japonês;R. Ten. Antônio Pontes, 381 - Ponta de Matos, Cabedelo - PB, 58100-645;4.7;10;ChIJoZsj3b7frAcRjoZUr5Cg7Uw;https://www.google.com/maps/place/?q=place_id:ChIJoZsj3b7frAcRjoZUr5Cg7Uw;japones Cabedelo PB;Jacare;@-6.9987,-34.8411,15z;already_in_database
already_in_database;Viciados em Sushi;Restaurante japonês;R. Pedro Aleixo Moura, 34 - Centro, Cabedelo - PB, 58100-210;4.4;193;ChIJ_c5MVHEgrQcRB4CuNV0soio;https://www.google.com/maps/place/?q=place_id:ChIJ_c5MVHEgrQcRB4CuNV0soio;japones Cabedelo PB;Jacare;@-6.9987,-34.8411,15z;already_in_database
already_in_database;A Casa do Temakinho;Restaurante;Av. Mar da Irlanda, 222 - Intermares, Cabedelo - PB, 58310-000;4.9;150;ChIJK77pAsvfrAcRDJoNP1VhTVo;https://www.google.com/maps/place/?q=place_id:ChIJK77pAsvfrAcRDJoNP1VhTVo;japones Cabedelo PB;Jacare;@-6.9987,-34.8411,15z;already_in_database
already_in_database;Pipa Sushi & Temakeria;Restaurante de sushi;Av. Mar das Antilhas - Intermares, Cabedelo - PB, 58310-000;4.3;292;ChIJm1Mywg3erAcRAs4OIMpvJqk;https://www.google.com/maps/place/?q=place_id:ChIJm1Mywg3erAcRAs4OIMpvJqk;japones Cabedelo PB;Jacare;@-6.9987,-34.8411,15z;already_in_database
rejected;Novo Oriente Intermares;Restaurante de sushi;Av. Mar Vermelho, 35 - Intermares, Cabedelo - PB, 58102-120;4.2;1378;ChIJN9JFAA7erAcR7c6fN6tma_g;https://www.google.com/maps/place/?q=place_id:ChIJN9JFAA7erAcR7c6fN6tma_g;japones Cabedelo PB;Jacare;@-6.9987,-34.8411,15z;excluded_category_or_name
already_in_database;Tapiocaria do Dinho;Restaurante;Av. Ambrósio Miranda de Araújo - Renascer, Cabedelo - PB, 58033-455;4.6;154;ChIJZyUKWFjdrAcRuY-QSDtiyL8;https://www.google.com/maps/place/?q=place_id:ChIJZyUKWFjdrAcRuY-QSDtiyL8;tapiocaria Cabedelo PB;Jacare;@-6.9987,-34.8411,15z;already_in_database
rejected;Tapioca Da Cleide- Onda Mar;Lanchonete;Onda Mar Praia Shopping, 58102-120, Av. Mar Vermelho, 357 - Intermares, Cabedelo - PB, 58102-120;4.5;51;ChIJDcsJwQ3erAcR04pQAVkyyEM;https://www.google.com/maps/place/?q=place_id:ChIJDcsJwQ3erAcR04pQAVkyyEM;tapiocaria Cabedelo PB;Jacare;@-6.9987,-34.8411,15z;excluded_category_or_name
already_in_database;Tapiocaria da zeti;Lanchonete;Av. Pôr do Sol, Cabedelo - PB, 58310-000;5;20;ChIJYwNhcVnfrAcRJ4jZPLua8uw;https://www.google.com/maps/place/?q=place_id:ChIJYwNhcVnfrAcRJ4jZPLua8uw;tapiocaria Cabedelo PB;Jacare;@-6.9987,-34.8411,15z;already_in_database
duplicate_in_run;Tapiocaria da moça;Lanchonete;Na, Juarez Távora, praça padre cicero - Camalaú, Cabedelo - PB, 58328-000;3;2;ChIJvdD_Pj4hrQcRy4Mgdq9GZi4;https://www.google.com/maps/place/?q=place_id:ChIJvdD_Pj4hrQcRy4Mgdq9GZi4;tapiocaria Cabedelo PB;Jacare;@-6.9987,-34.8411,15z;duplicate_in_run
duplicate_in_run;Tapioca Sabor Natural;Restaurante;R. Dr. João Mata, 25 - Vila Sao Joao, Cabedelo - PB, 58310-000;5;1;ChIJ9QK8THIgrQcRvo8cmxxpnWg;https://www.google.com/maps/place/?q=place_id:ChIJ9QK8THIgrQcRvo8cmxxpnWg;tapiocaria Cabedelo PB;Jacare;@-6.9987,-34.8411,15z;duplicate_in_run
duplicate_in_run;Tapiocaria da Edna Paraiba;Lanchonete;R. Praia do Jacaré - Jacaré, Cabedelo - PB, 58310-000;3.5;8;ChIJUY5qWRvfrAcRK8-qD7N9ni4;https://www.google.com/maps/place/?q=place_id:ChIJUY5qWRvfrAcRK8-qD7N9ni4;tapiocaria Cabedelo PB;Jacare;@-6.9987,-34.8411,15z;duplicate_in_run
already_in_database;Rainha da tapioca;Cafeteria;R. Milton Macedo da Cruz - Lot. Oceania, Cabedelo - PB, 58105-565;;;ChIJ93ysPw3frAcRBYFSISTdBS4;https://www.google.com/maps/place/?q=place_id:ChIJ93ysPw3frAcRBYFSISTdBS4;tapiocaria Cabedelo PB;Jacare;@-6.9987,-34.8411,15z;already_in_database
duplicate_in_run;Bonitinha das tapiocas;Café;Av. Pôr do Sol, Cabedelo - PB, 58310-000;4.2;9;ChIJ5WIHvhrfrAcRFwG3RLaJgCA;https://www.google.com/maps/place/?q=place_id:ChIJ5WIHvhrfrAcRFwG3RLaJgCA;tapiocaria Cabedelo PB;Jacare;@-6.9987,-34.8411,15z;duplicate_in_run
already_in_database;Casa de Taipa;Restaurante;R. Vitorino Cardoso, s/n - Praia do poço, Cabedelo - PB, 58101-502;4.5;58;ChIJH9sgyE_erAcROIxiz0-fEqI;https://www.google.com/maps/place/?q=place_id:ChIJH9sgyE_erAcROIxiz0-fEqI;tapiocaria Cabedelo PB;Jacare;@-6.9987,-34.8411,15z;already_in_database
already_in_database;Lovina Ponta de Campina | Bar | Restaurante em Cabedelo;Restaurante;R. Vitorino Cardoso, 908 - Ponta de Campina, Cabedelo - PB, 58101-510;4.4;10742;ChIJdbKCxUTerAcRNmBt0eRrdX8;https://www.google.com/maps/place/?q=place_id:ChIJdbKCxUTerAcRNmBt0eRrdX8;tapiocaria Cabedelo PB;Jacare;@-6.9987,-34.8411,15z;already_in_database
already_in_database;Praçaí - Intermares;Lanchonete;Av. Oceano Pacífico, s/n - Intermares, Cabedelo - PB, 58310-000;4.5;238;ChIJ1cAVK23erAcRCUpJ50T3ULs;https://www.google.com/maps/place/?q=place_id:ChIJ1cAVK23erAcRCUpJ50T3ULs;tapiocaria Cabedelo PB;Jacare;@-6.9987,-34.8411,15z;already_in_database
already_in_database;Tia Graça Cafeteria e Doceria;Cafeteria;R. Golfo da China, 326 - Intermares, Cabedelo - PB, 58310-000;4.5;67;ChIJV8XbnLXfrAcRTzFbB-0OVFg;https://www.google.com/maps/place/?q=place_id:ChIJV8XbnLXfrAcRTzFbB-0OVFg;tapiocaria Cabedelo PB;Jacare;@-6.9987,-34.8411,15z;already_in_database
rejected;Tapiocaria Tambau;Lanchonete;Av. Sen. Ruy Carneiro, 17 - Manaíra, João Pessoa - PB, 58039-181;4.6;167;ChIJCTDizSPdrAcREkvCI1z9gU0;https://www.google.com/maps/place/?q=place_id:ChIJCTDizSPdrAcREkvCI1z9gU0;tapiocaria Cabedelo PB;Jacare;@-6.9987,-34.8411,15z;outside_cabedelo_or_location_uncertain
already_in_database;Sax Café - Por do Sol da Praia do Jacaré Cabedelo/PB;Restaurante;Pôr do Sol, R. Praia do Jacaré, Cabedelo - PB, 58310-000;4.5;102;ChIJ42uw2z3frAcRpvqGhKXp_LM;https://www.google.com/maps/place/?q=place_id:ChIJ42uw2z3frAcRpvqGhKXp_LM;tapiocaria Cabedelo PB;Jacare;@-6.9987,-34.8411,15z;already_in_database
already_in_database;Chié artesanato e comedoria;Café;R. Praia do Jacaré - Intermares, Cabedelo - PB, 58310-000;4;40;ChIJTwa4MA_frAcR4t0Vizs3ozY;https://www.google.com/maps/place/?q=place_id:ChIJTwa4MA_frAcR4t0Vizs3ozY;tapiocaria Cabedelo PB;Jacare;@-6.9987,-34.8411,15z;already_in_database
rejected;TreeHouse Bar Lounge - Por do sol João Pessoa;Bar;R. Pôr do Sol, s/n, Cabedelo - PB, 58310-000;4.5;1125;ChIJ33JsoxverAcRwnzfHW9fJTI;https://www.google.com/maps/place/?q=place_id:ChIJ33JsoxverAcRwnzfHW9fJTI;tapiocaria Cabedelo PB;Jacare;@-6.9987,-34.8411,15z;excluded_category_or_name
rejected;Tapiocaria da Leuda;Loja de comidas naturais;;4;1;ChIJ71V6ieLfrAcRTnwSGZtpHW8;https://www.google.com/maps/place/?q=place_id:ChIJ71V6ieLfrAcRTnwSGZtpHW8;tapiocaria Cabedelo PB;Jacare;@-6.9987,-34.8411,15z;outside_cabedelo_or_location_uncertain
duplicate_in_run;ESFIELDS;Delivery;Av. Oceano Atlântico - Ponta de Campina, Cabedelo - PB, 58101-650;4.4;12;ChIJDwCxzV7frAcR4SxYIDnucFw;https://www.google.com/maps/place/?q=place_id:ChIJDwCxzV7frAcR4SxYIDnucFw;esfiharia Cabedelo PB;Jacare;@-6.9987,-34.8411,15z;duplicate_in_run
already_in_database;Lary's pizzaria e lanchonete;Pizzaria;R. Antônia Fernandes Oliveira, 810 - Jardim Camboinha, Cabedelo - PB, 58103-706;4.3;88;ChIJ1zlHHqffrAcRvEgStdnRDMs;https://www.google.com/maps/place/?q=place_id:ChIJ1zlHHqffrAcRvEgStdnRDMs;esfiharia Cabedelo PB;Jacare;@-6.9987,-34.8411,15z;already_in_database
already_in_database;Pizzaria Bom Sabor Camboinha;Pizzaria;R. Prof. João Lelis de Luna Freire, 288 - Jardim Camboinha, Cabedelo - PB, 58310-000;4.1;54;ChIJ23LpoCvfrAcRK0glALWQRYA;https://www.google.com/maps/place/?q=place_id:ChIJ23LpoCvfrAcRK0glALWQRYA;esfiharia Cabedelo PB;Jacare;@-6.9987,-34.8411,15z;already_in_database
already_in_database;La casa de pastel e La Pizza Premium;Pastelaria brasileira;Rua por trás do Campo Municipal, R. Primo José Viana, 463 - Centro, Cabedelo - PB, 58100-521;4.1;261;ChIJYSxGk8ghrQcRk9Nz0uySHBE;https://www.google.com/maps/place/?q=place_id:ChIJYSxGk8ghrQcRk9Nz0uySHBE;esfiharia Cabedelo PB;Jacare;@-6.9987,-34.8411,15z;already_in_database
already_in_database;Pizza do Paulinho;Pizzaria;Av. Monsenhor José da Silva Coutinho, 113 - Vila Sao Joao, Cabedelo - PB, 58103-332;5;11;ChIJTUFjldDfrAcRXmp9tl8_VOc;https://www.google.com/maps/place/?q=place_id:ChIJTUFjldDfrAcRXmp9tl8_VOc;esfiharia Cabedelo PB;Jacare;@-6.9987,-34.8411,15z;already_in_database
already_in_database;Pizzaria Bom Sabor;Pizzaria;R. Jair Cunha Cavalcanti, 248 - Lot. Oceania, Cabedelo - PB, 58105-700;4;134;ChIJJwFhsjXfrAcR5WUPKUu6Li8;https://www.google.com/maps/place/?q=place_id:ChIJJwFhsjXfrAcR5WUPKUu6Li8;esfiharia Cabedelo PB;Jacare;@-6.9987,-34.8411,15z;already_in_database
already_in_database;Pizza Família Cipriano;Delivery de Pizza;R. Golfo Danzig, 56 - Intermares, Cabedelo - PB, 58102-133;5;13;ChIJBw8J2x3frAcR-t64wKV4XEg;https://www.google.com/maps/place/?q=place_id:ChIJBw8J2x3frAcR-t64wKV4XEg;esfiharia Cabedelo PB;Jacare;@-6.9987,-34.8411,15z;already_in_database
rejected;GETMall;Praça de alimentação;Av. Oceano Atlântico, 1592 - Ponta de Campina, Cabedelo - PB, 58310-000;4.3;103;ChIJX7HMo6rdrAcRCeFWODir8Rw;https://www.google.com/maps/place/?q=place_id:ChIJX7HMo6rdrAcRCeFWODir8Rw;esfiharia Cabedelo PB;Jacare;@-6.9987,-34.8411,15z;excluded_category_or_name
already_in_database;Mega Pizza;Pizzaria;Av. Mar Vermelho, 357 - Intermares, Cabedelo - PB, 58310-000;4;506;ChIJP6gJ7w3erAcRPbZmhVXL0gQ;https://www.google.com/maps/place/?q=place_id:ChIJP6gJ7w3erAcRPbZmhVXL0gQ;esfiharia Cabedelo PB;Jacare;@-6.9987,-34.8411,15z;already_in_database
already_in_database;Pizzaria Jacaré;Pizzaria;R. Arco Íris, 250 - Lot. Oceania VI, Cabedelo - PB, 58310-000;4.5;59;ChIJLSlV8DrerAcRdEpwqq-GS2Y;https://www.google.com/maps/place/?q=place_id:ChIJLSlV8DrerAcRdEpwqq-GS2Y;esfiharia Cabedelo PB;Jacare;@-6.9987,-34.8411,15z;already_in_database
already_in_database;Viciados em Sushi;Restaurante japonês;R. Pedro Aleixo Moura, 34 - Centro, Cabedelo - PB, 58100-210;4.4;193;ChIJ_c5MVHEgrQcRB4CuNV0soio;https://www.google.com/maps/place/?q=place_id:ChIJ_c5MVHEgrQcRB4CuNV0soio;esfiharia Cabedelo PB;Jacare;@-6.9987,-34.8411,15z;already_in_database
already_in_database;Sorveteria Frutos de Goiás - Cabedelo;Sorveteria;R. Sólon de Lucena, 30B - Centro, Cabedelo - PB, 58100-570;4.9;40;ChIJpR3-bsYhrQcRFzba--9mhwU;https://www.google.com/maps/place/?q=place_id:ChIJpR3-bsYhrQcRFzba--9mhwU;esfiharia Cabedelo PB;Jacare;@-6.9987,-34.8411,15z;already_in_database
already_in_database;TCF - The Cheeseburguer Factory - Unidade Cabedelo;Lanchonete;Av. Oceano Atlântico, 1592 - Sl A15 - Ponta de Campina, Cabedelo - PB, 58310-000;4.1;13;ChIJ17zIKW_drAcRpW44MoCAPKM;https://www.google.com/maps/place/?q=place_id:ChIJ17zIKW_drAcRpW44MoCAPKM;esfiharia Cabedelo PB;Jacare;@-6.9987,-34.8411,15z;already_in_database
rejected;Hórus Esfihas e Gelados;Esfiharia;R. Bacharel Irenaldo de Albuquerque Chaves, 825 - Aeroclube, João Pessoa - PB, 58036-460;4.9;27;ChIJWYMEcFLdrAcRJ7ODRj95ups;https://www.google.com/maps/place/?q=place_id:ChIJWYMEcFLdrAcRJ7ODRj95ups;esfiharia Cabedelo PB;Jacare;@-6.9987,-34.8411,15z;outside_cabedelo_or_location_uncertain
rejected;Novo Oriente Intermares;Restaurante de sushi;Av. Mar Vermelho, 35 - Intermares, Cabedelo - PB, 58102-120;4.2;1378;ChIJN9JFAA7erAcR7c6fN6tma_g;https://www.google.com/maps/place/?q=place_id:ChIJN9JFAA7erAcR7c6fN6tma_g;esfiharia Cabedelo PB;Jacare;@-6.9987,-34.8411,15z;excluded_category_or_name
rejected;Pérsia Esfiha Diferente;Esfiharia;Av. Umbuzeiro, 1099 - Manaíra, João Pessoa - PB, 58038-182;4.7;1345;ChIJXaMZFSLdrAcRDcClKwtA6h0;https://www.google.com/maps/place/?q=place_id:ChIJXaMZFSLdrAcRDcClKwtA6h0;esfiharia Cabedelo PB;Jacare;@-6.9987,-34.8411,15z;outside_cabedelo_or_location_uncertain
already_in_database;Restaurante Recanto do Picuí Intermares;Restaurante;R. Golfo Sidra, 72 - Intermares, Cabedelo - PB, 58310-000;4.5;1267;ChIJ7xU6NRLerAcRpPuWqjv1L7c;https://www.google.com/maps/place/?q=place_id:ChIJ7xU6NRLerAcRpPuWqjv1L7c;esfiharia Cabedelo PB;Jacare;@-6.9987,-34.8411,15z;already_in_database
rejected;Sahara Árabe Food;Delivery;Manaíra, João Pessoa - PB, 58038-001;3.6;13;ChIJ91h89NXdrAcR_azzHqsnFAI;https://www.google.com/maps/place/?q=place_id:ChIJ91h89NXdrAcR_azzHqsnFAI;esfiharia Cabedelo PB;Jacare;@-6.9987,-34.8411,15z;outside_cabedelo_or_location_uncertain
rejected;Hora H - Loja de conveniência;Loja de Conveniência;BR 230, km 09, 499, Intermares, Cabedelo - PB, 58102-202;4;9;ChIJqcRVDw7erAcR-rfbD81s5FA;https://www.google.com/maps/place/?q=place_id:ChIJqcRVDw7erAcR-rfbD81s5FA;esfiharia Cabedelo PB;Jacare;@-6.9987,-34.8411,15z;excluded_category_or_name
already_in_database;Pipa Sushi & Temakeria;Restaurante de sushi;Av. Mar das Antilhas - Intermares, Cabedelo - PB, 58310-000;4.3;292;ChIJm1Mywg3erAcRAs4OIMpvJqk;https://www.google.com/maps/place/?q=place_id:ChIJm1Mywg3erAcRAs4OIMpvJqk;esfiharia Cabedelo PB;Jacare;@-6.9987,-34.8411,15z;already_in_database
rejected;Comida Caseira da Elly;Restaurante;Mercado Público de Cabedelo, BOX 138, Centro, Cabedelo - PB, 58100-140;5;19;ChIJBfEE9CwhrQcR2xtfopCJ34w;https://www.google.com/maps/place/?q=place_id:ChIJBfEE9CwhrQcR2xtfopCJ34w;marmitaria Cabedelo PB;Jacare;@-6.9987,-34.8411,15z;excluded_category_or_name
duplicate_in_run;MB Marmitas | Marmitaria em João Pessoa;Restaurante;R. Alfredo Chaves, 126 - Poço, Cabedelo - PB, 58101-582;5;2;ChIJ_XODgJ7frAcR2n1xL5ijuX4;https://www.google.com/maps/place/?q=place_id:ChIJ_XODgJ7frAcR2n1xL5ijuX4;marmitaria Cabedelo PB;Jacare;@-6.9987,-34.8411,15z;duplicate_in_run
already_in_database;NutriFit Marmita Fitness Congeladas;Restaurante de comida natural;Intermares, Cabedelo - PB, 58102-032;5;18;ChIJN2Qo5azfrAcR6duVymUfuQ0;https://www.google.com/maps/place/?q=place_id:ChIJN2Qo5azfrAcR6duVymUfuQ0;marmitaria Cabedelo PB;Jacare;@-6.9987,-34.8411,15z;already_in_database
already_in_database;Sol e mar restaurante e self service;Restaurante self-service;R. Márcia Travassos, 331 - Camboinha, Cabedelo - PB, 58310-000;4.6;22;ChIJC7wrAbDfrAcRL094F_SfelU;https://www.google.com/maps/place/?q=place_id:ChIJC7wrAbDfrAcRL094F_SfelU;marmitaria Cabedelo PB;Jacare;@-6.9987,-34.8411,15z;already_in_database
already_in_database;Churrascaria do Caicó;Churrascaria;R, Av. Pastor José Alves de Oliveira, 365 - Centro, Cabedelo - PB, 58100-222;4.3;753;ChIJVaKROncgrQcR5lpnht-FotI;https://www.google.com/maps/place/?q=place_id:ChIJVaKROncgrQcR5lpnht-FotI;marmitaria Cabedelo PB;Jacare;@-6.9987,-34.8411,15z;already_in_database
duplicate_in_run;Self-service da nany;Restaurante self-service;R. Monsenhor Valfredo Leal - Vila Sao Joao, Cabedelo - PB, 58310-000;4.8;6;ChIJwauUWwAhrQcRq05-xtkVPo8;https://www.google.com/maps/place/?q=place_id:ChIJwauUWwAhrQcRq05-xtkVPo8;marmitaria Cabedelo PB;Jacare;@-6.9987,-34.8411,15z;duplicate_in_run
already_in_database;Ilha Dourada Restaurante;Restaurante de frutos do mar;BR -230, R. José Américo de Almeida Filho, s/n - Areia Dourada, Cabedelo - PB, 58101-212;4.2;3161;ChIJ19PDcIXfrAcRzBwfL7gvIIs;https://www.google.com/maps/place/?q=place_id:ChIJ19PDcIXfrAcRzBwfL7gvIIs;marmitaria Cabedelo PB;Jacare;@-6.9987,-34.8411,15z;already_in_database
already_in_database;Tempero De Casa;Restaurante;R. Maurício de Alençar Cavalcante - Jardim America, Cabedelo - PB, 58310-000;4.5;65;ChIJlzh1S-zdrAcRiCUL7fIKsMI;https://www.google.com/maps/place/?q=place_id:ChIJlzh1S-zdrAcRiCUL7fIKsMI;marmitaria Cabedelo PB;Jacare;@-6.9987,-34.8411,15z;already_in_database
already_in_database;Lovina Ponta de Campina | Bar | Restaurante em Cabedelo;Restaurante;R. Vitorino Cardoso, 908 - Ponta de Campina, Cabedelo - PB, 58101-510;4.4;10742;ChIJdbKCxUTerAcRNmBt0eRrdX8;https://www.google.com/maps/place/?q=place_id:ChIJdbKCxUTerAcRNmBt0eRrdX8;marmitaria Cabedelo PB;Jacare;@-6.9987,-34.8411,15z;already_in_database
already_in_database;Bom Tempero Restaurante;Restaurante self-service;Av. Maria de Oliveira Gomes - Portal do Poço, Cabedelo - PB, 58310-000;4.7;17;ChIJQwyZx_vfrAcRqBvYbKyyPhQ;https://www.google.com/maps/place/?q=place_id:ChIJQwyZx_vfrAcRqBvYbKyyPhQ;marmitaria Cabedelo PB;Jacare;@-6.9987,-34.8411,15z;already_in_database
duplicate_in_run;Kioske Cantinho do Sabor;Restaurante;R. Cleto Campêlo - Vila Sao Joao, Cabedelo - PB, 58310-000;;;ChIJL7ngB3YgrQcRkndKsVUtpfw;https://www.google.com/maps/place/?q=place_id:ChIJL7ngB3YgrQcRkndKsVUtpfw;marmitaria Cabedelo PB;Jacare;@-6.9987,-34.8411,15z;duplicate_in_run
duplicate_in_run;Meio Quilo;Restaurante self-service;R. Aderbal Piragibe, 13 - Centro, Cabedelo - PB, 58100-110;4.4;160;ChIJhzOrgHIgrQcRTCBeQ_9JM-8;https://www.google.com/maps/place/?q=place_id:ChIJhzOrgHIgrQcRTCBeQ_9JM-8;marmitaria Cabedelo PB;Jacare;@-6.9987,-34.8411,15z;duplicate_in_run
duplicate_in_run;Mary Refeições;Restaurante;Av. Mar de Corais, 08 - Intermares, Cabedelo - PB, 58102-262;4.6;45;ChIJ2eQ7vvbfrAcRI7MW-9PBLJ8;https://www.google.com/maps/place/?q=place_id:ChIJ2eQ7vvbfrAcRI7MW-9PBLJ8;marmitaria Cabedelo PB;Jacare;@-6.9987,-34.8411,15z;duplicate_in_run
already_in_database;Gigante Do Mar Beach;Restaurante de frutos do mar;Av. Max Zagel, 450 - Camboinha, Cabedelo - PB, 58033-455;4.2;3378;ChIJ47lgZ6TfrAcR21h_sELDBwk;https://www.google.com/maps/place/?q=place_id:ChIJ47lgZ6TfrAcR21h_sELDBwk;marmitaria Cabedelo PB;Jacare;@-6.9987,-34.8411,15z;already_in_database
duplicate_in_run;M E Refeição;Restaurante;Intermares, Cabedelo - PB, 58033-455;5;3;ChIJc3fKUeHfrAcRDLLyfWij5xk;https://www.google.com/maps/place/?q=place_id:ChIJc3fKUeHfrAcRDLLyfWij5xk;marmitaria Cabedelo PB;Jacare;@-6.9987,-34.8411,15z;duplicate_in_run
already_in_database;PARCEIRO Rosa Lanches;Lanchonete;R. Ten. Antônio Pontes, 139 - Ponta de Matos, Cabedelo - PB, 58100-645;4.5;120;ChIJKfbziSchrQcRUM5eTvB19FU;https://www.google.com/maps/place/?q=place_id:ChIJKfbziSchrQcRUM5eTvB19FU;marmitaria Cabedelo PB;Jacare;@-6.9987,-34.8411,15z;already_in_database
duplicate_in_run;D Lay Refeições - Marmitaria;Restaurante de almoço;Av. Ambrósio Miranda de Araújo - Renascer, Cabedelo - PB, 58310-000;;;ChIJ7x-TOz7drAcRBMvOXw4vkwg;https://www.google.com/maps/place/?q=place_id:ChIJ7x-TOz7drAcRBMvOXw4vkwg;marmitaria Cabedelo PB;Jacare;@-6.9987,-34.8411,15z;duplicate_in_run
accepted;Marmitaria Jacaré;Restaurante;R. Jair Cunha Cavalcanti - Lot. Oceania VI, Cabedelo - PB, 58105-700;4;7;ChIJLbuvLDrerAcRPu-x6bYXe_4;https://www.google.com/maps/place/?q=place_id:ChIJLbuvLDrerAcRPu-x6bYXe_4;marmitaria Cabedelo PB;Jacare;@-6.9987,-34.8411,15z;food_scope
rejected;Espetinho da Rafa Camboinha;Bar;Av. Max Zagel, 16 - Jardim Jerico, Cabedelo - PB, 58310-000;4.9;19;ChIJOWgbm17frAcRk4X3wNNiTBA;https://www.google.com/maps/place/?q=place_id:ChIJOWgbm17frAcRk4X3wNNiTBA;espetinho Cabedelo PB;Jacare;@-6.9987,-34.8411,15z;not_clearly_food_establishment
rejected;Verano Praia Bar;Bar;Av. Pastor José Alves de Oliveira, 848 - Areia Dourada, Cabedelo - PB, 58101-205;4.4;324;ChIJh0FVTwvfrAcRloIZE5Iit7w;https://www.google.com/maps/place/?q=place_id:ChIJh0FVTwvfrAcRloIZE5Iit7w;espetinho Cabedelo PB;Jacare;@-6.9987,-34.8411,15z;not_clearly_food_establishment
already_in_database;Espetinho da praia Intermares;Restaurante;Av. Oceano Atlântico, 1972 - Intermares, Cabedelo - PB, 58310-000;4.4;772;ChIJE-mcRMTfrAcRBThGnfI6x2c;https://www.google.com/maps/place/?q=place_id:ChIJE-mcRMTfrAcRBThGnfI6x2c;espetinho Cabedelo PB;Jacare;@-6.9987,-34.8411,15z;already_in_database
already_in_database;Caldinho Prime Formosa;Restaurante;Av. Cassiano da Cunha Nóbrega, 555 - Vila Sao Joao, Cabedelo - PB, 58310-000;4.7;46;ChIJo3IrDQAhrQcRuau8CF_J1oc;https://www.google.com/maps/place/?q=place_id:ChIJo3IrDQAhrQcRuau8CF_J1oc;espetinho Cabedelo PB;Jacare;@-6.9987,-34.8411,15z;already_in_database
rejected;Espetinho da galega;Bar;Av. São Sebastião, 124 - Camalaú, Cabedelo - PB, 58310-000;5;2;ChIJJVi9GnPfrAcRIXE-8OdZZLQ;https://www.google.com/maps/place/?q=place_id:ChIJJVi9GnPfrAcRIXE-8OdZZLQ;espetinho Cabedelo PB;Jacare;@-6.9987,-34.8411,15z;not_clearly_food_establishment
duplicate_in_run;Rope Espetos;Restaurante de churrasquinho;Av. Oceano Atlântico, 422 - Intermares, Cabedelo - PB, 58102-252;4.5;13;ChIJmbbN-K3frAcRsyfJ94pu17s;https://www.google.com/maps/place/?q=place_id:ChIJmbbN-K3frAcRsyfJ94pu17s;espetinho Cabedelo PB;Jacare;@-6.9987,-34.8411,15z;duplicate_in_run
rejected;Badionaldo;Bar;R. Vitorino Cardoso, 780 - Lot. Vitorino Cardoso, Cabedelo - PB, 58101-510;3.7;111;ChIJLV_DEEPfrAcRnoTIdvp3Ch0;https://www.google.com/maps/place/?q=place_id:ChIJLV_DEEPfrAcRnoTIdvp3Ch0;espetinho Cabedelo PB;Jacare;@-6.9987,-34.8411,15z;not_clearly_food_establishment
rejected;Espetinho Do Jorge;;R. Carolino Cardoso - Lot. Vitorino Cardoso, Cabedelo - PB, 58101-502;4;2;ChIJ07vP-0verAcRwU1RGY6vTT4;https://www.google.com/maps/place/?q=place_id:ChIJ07vP-0verAcRwU1RGY6vTT4;espetinho Cabedelo PB;Jacare;@-6.9987,-34.8411,15z;not_clearly_food_establishment
rejected;ESPETINHO DO GAUCHO;;R. Honório Patrício dos Santos, 44 - Recanto do Poço, Cabedelo - PB, 58105-084;;;ChIJQf5xz0verAcRud7oMR4ySFI;https://www.google.com/maps/place/?q=place_id:ChIJQf5xz0verAcRud7oMR4ySFI;espetinho Cabedelo PB;Jacare;@-6.9987,-34.8411,15z;not_clearly_food_establishment
rejected;Espetinho da Neide (galega );Área para churrasco;R. Jair Cunha Cavalcanti - Lot. Oceania VI, Cabedelo - PB, 58310-000;5;3;ChIJkS4yB_jfrAcRqBXX8hyz1d4;https://www.google.com/maps/place/?q=place_id:ChIJkS4yB_jfrAcRqBXX8hyz1d4;espetinho Cabedelo PB;Jacare;@-6.9987,-34.8411,15z;not_clearly_food_establishment
rejected;Iran Bebidas;Bar;Av. Pastor José Alves de Oliveira - Vila Sao Joao, Cabedelo - PB, 58101-150;4.9;23;ChIJc9X4a60hrQcRO_mzcZWuCtY;https://www.google.com/maps/place/?q=place_id:ChIJc9X4a60hrQcRO_mzcZWuCtY;espetinho Cabedelo PB;Jacare;@-6.9987,-34.8411,15z;not_clearly_food_establishment
duplicate_in_run;Espetinho lá Brasil;Restaurante de churrasquinho;Av. Oceano Pacífico - Intermares, Cabedelo - PB, 58102-236;4;4;ChIJnV7DIgbfrAcR2KjlFmSKYJ8;https://www.google.com/maps/place/?q=place_id:ChIJnV7DIgbfrAcR2KjlFmSKYJ8;espetinho Cabedelo PB;Jacare;@-6.9987,-34.8411,15z;duplicate_in_run
already_in_database;Oliver Grill e Espetos;Restaurante brasileiro;Av. Oceano Índico, 928 - Intermares, Cabedelo - PB, 58102-222;4.9;54;ChIJf5cN1cDfrAcRCKHM1M2eY_Y;https://www.google.com/maps/place/?q=place_id:ChIJf5cN1cDfrAcRCKHM1M2eY_Y;espetinho Cabedelo PB;Jacare;@-6.9987,-34.8411,15z;already_in_database
duplicate_in_run;Espetinh;Lanchonete;R. Nilo Montenegro - Jardim Camboinha, Cabedelo - PB, 58103-676;3.7;3;ChIJuToxFxPfrAcRAaoTNj0a6wo;https://www.google.com/maps/place/?q=place_id:ChIJuToxFxPfrAcRAaoTNj0a6wo;espetinho Cabedelo PB;Jacare;@-6.9987,-34.8411,15z;duplicate_in_run
already_in_database;Lovina Ponta de Campina | Bar | Restaurante em Cabedelo;Restaurante;R. Vitorino Cardoso, 908 - Ponta de Campina, Cabedelo - PB, 58101-510;4.4;10742;ChIJdbKCxUTerAcRNmBt0eRrdX8;https://www.google.com/maps/place/?q=place_id:ChIJdbKCxUTerAcRNmBt0eRrdX8;espetinho Cabedelo PB;Jacare;@-6.9987,-34.8411,15z;already_in_database
duplicate_in_run;Espetinho do xandao;Churrascaria;R. da Enseada, 1215 - Ponta de Campina, Cabedelo - PB, 58101-640;4;4;ChIJCcURbQDfrAcRhFrZD2Ih3qI;https://www.google.com/maps/place/?q=place_id:ChIJCcURbQDfrAcRhFrZD2Ih3qI;espetinho Cabedelo PB;Jacare;@-6.9987,-34.8411,15z;duplicate_in_run
rejected;Quiosque no Antigo Bar do Belo;Bar;R. Márcia Travassos, 2 - Jardim Jerico, Cabedelo - PB, 58310-000;4.2;203;ChIJ2xEtPPjfrAcRphRFB4pQe4o;https://www.google.com/maps/place/?q=place_id:ChIJ2xEtPPjfrAcRphRFB4pQe4o;espetinho Cabedelo PB;Jacare;@-6.9987,-34.8411,15z;not_clearly_food_establishment
already_in_database;Sport Marina;Restaurante de frutos do mar;Av. Pastor José Alves de Oliveira, 848 - Areia Dourada, Cabedelo - PB, 58101-232;4.5;503;ChIJpSulOXggrQcR1X8-11zV034;https://www.google.com/maps/place/?q=place_id:ChIJpSulOXggrQcR1X8-11zV034;espetinho Cabedelo PB;Jacare;@-6.9987,-34.8411,15z;already_in_database
rejected;Espetinho do Mudinho;;R. Sólon de Lucena, 250 - Vila Sao Joao, Cabedelo - PB, 58310-000;;;ChIJhT-ofm4grQcRvMQNW_e1rs0;https://www.google.com/maps/place/?q=place_id:ChIJhT-ofm4grQcRvMQNW_e1rs0;espetinho Cabedelo PB;Jacare;@-6.9987,-34.8411,15z;not_clearly_food_establishment
rejected;Espetinho união;;Passarela Peixe Boi, R. da Enseada - Ponta de Campina, Cabedelo - PB, 58310-000;5;2;ChIJ9UaKIgDfrAcRVSYGCG9IG8s;https://www.google.com/maps/place/?q=place_id:ChIJ9UaKIgDfrAcRVSYGCG9IG8s;espetinho Cabedelo PB;Jacare;@-6.9987,-34.8411,15z;not_clearly_food_establishment
duplicate_in_run;Casa Do Pastel;Pastelaria brasileira;R. Honório Patrício dos Santos, 328 - Recanto do Poço, Cabedelo - PB, 58310-000;4.2;20;ChIJoc8jbkrerAcRh20OFIzRlDc;https://www.google.com/maps/place/?q=place_id:ChIJoc8jbkrerAcRh20OFIzRlDc;pastelaria Cabedelo PB;Poco;@-7.0205,-34.8426,15z;duplicate_in_run
rejected;Padaria Pandine;Padaria;Av. Mar Vermelho, 357 - Intermares, Cabedelo - PB, 58102-120;4.4;1096;ChIJP6gJ7w3erAcREADxKhazvuY;https://www.google.com/maps/place/?q=place_id:ChIJP6gJ7w3erAcREADxKhazvuY;pastelaria Cabedelo PB;Poco;@-7.0205,-34.8426,15z;excluded_category_or_name
duplicate_in_run;Pastelaria Arretada;Pastelaria brasileira;R. Jair Cunha Cavalcanti - Jacaré, Cabedelo - PB, 58105-700;;;ChIJu3uW1J3frAcRSD7yg4vEUJg;https://www.google.com/maps/place/?q=place_id:ChIJu3uW1J3frAcRSD7yg4vEUJg;pastelaria Cabedelo PB;Poco;@-7.0205,-34.8426,15z;duplicate_in_run
rejected;Panificadora do Poço;Padaria;R. Carolino Cardoso, 177-245 - Lot. Vitorino Cardoso, Cabedelo - PB, 58310-000;4.2;293;ChIJD-aUzE3erAcRIs-tCW7mU0Q;https://www.google.com/maps/place/?q=place_id:ChIJD-aUzE3erAcRIs-tCW7mU0Q;pastelaria Cabedelo PB;Poco;@-7.0205,-34.8426,15z;excluded_category_or_name
duplicate_in_run;Recanto do Pastel;Pastelaria brasileira;R. Gov. Antônio Mariz, 76 - Recanto do Poço, Cabedelo - PB, 58105-126;5;2;ChIJTbQRGwDfrAcRtHi9QRdHtfw;https://www.google.com/maps/place/?q=place_id:ChIJTbQRGwDfrAcRtHi9QRdHtfw;pastelaria Cabedelo PB;Poco;@-7.0205,-34.8426,15z;duplicate_in_run
already_in_database;Pastelaria Litorânea;Pastelaria brasileira;R. Sólon de Lucena, 19 - Vila Sao Joao, Cabedelo - PB, 58310-000;4.3;280;ChIJMwgi824grQcR0OCGiSGQ4Oc;https://www.google.com/maps/place/?q=place_id:ChIJMwgi824grQcR0OCGiSGQ4Oc;pastelaria Cabedelo PB;Poco;@-7.0205,-34.8426,15z;already_in_database
rejected;Padaria Eldorado Intermares;Padaria;Av. Mar Vermelho, 263 - Intermares, Cabedelo - PB, 58102-120;4.3;573;ChIJ8fLcFhXfrAcRa8uPR7mcTcU;https://www.google.com/maps/place/?q=place_id:ChIJ8fLcFhXfrAcRa8uPR7mcTcU;pastelaria Cabedelo PB;Poco;@-7.0205,-34.8426,15z;excluded_category_or_name
already_in_database;La casa de pastel e La Pizza Premium;Pastelaria brasileira;Rua por trás do Campo Municipal, R. Primo José Viana, 463 - Centro, Cabedelo - PB, 58100-521;4.1;261;ChIJYSxGk8ghrQcRk9Nz0uySHBE;https://www.google.com/maps/place/?q=place_id:ChIJYSxGk8ghrQcRk9Nz0uySHBE;pastelaria Cabedelo PB;Poco;@-7.0205,-34.8426,15z;already_in_database
already_in_database;Primo Rico;Restaurante self-service;Av. Oceano Atlântico, S/N - Intermares, Cabedelo - PB, 58102-236;4.3;903;ChIJ7aVpYzjfrAcRexvAqkdbRwU;https://www.google.com/maps/place/?q=place_id:ChIJ7aVpYzjfrAcRexvAqkdbRwU;pastelaria Cabedelo PB;Poco;@-7.0205,-34.8426,15z;already_in_database
rejected;Panificadora Intermares;Padaria;Av. Oceano Índico, 375 - Intermares, Cabedelo - PB, 58102-222;4.1;82;ChIJQ50DHaLfrAcRSavcugBsAmM;https://www.google.com/maps/place/?q=place_id:ChIJQ50DHaLfrAcRSavcugBsAmM;pastelaria Cabedelo PB;Poco;@-7.0205,-34.8426,15z;excluded_category_or_name
duplicate_in_run;Big lanches camboinha;Pastelaria brasileira;R. Márcia Travassos, 165 - Camboinha, Cabedelo - PB, 58103-718;5;6;ChIJg_1fFG3frAcRQ_tg6GDYS08;https://www.google.com/maps/place/?q=place_id:ChIJg_1fFG3frAcRQ_tg6GDYS08;pastelaria Cabedelo PB;Poco;@-7.0205,-34.8426,15z;duplicate_in_run
already_in_database;Mega Pizza;Pizzaria;Av. Mar Vermelho, 357 - Intermares, Cabedelo - PB, 58310-000;4;506;ChIJP6gJ7w3erAcRPbZmhVXL0gQ;https://www.google.com/maps/place/?q=place_id:ChIJP6gJ7w3erAcRPbZmhVXL0gQ;pastelaria Cabedelo PB;Poco;@-7.0205,-34.8426,15z;already_in_database
duplicate_in_run;Pastelaria em família;Pastelaria brasileira;R. São Miguel - Camalaú, Cabedelo - PB, 58103-212;5;1;ChIJS7zdL3bfrAcRkHxwCEWiiBQ;https://www.google.com/maps/place/?q=place_id:ChIJS7zdL3bfrAcRkHxwCEWiiBQ;pastelaria Cabedelo PB;Poco;@-7.0205,-34.8426,15z;duplicate_in_run
duplicate_in_run;Pastelle (Pastelaria artesanal);Pastelaria brasileira;R. Raul Seixas - Renascer, Cabedelo - PB, 58108-122;4.8;6;ChIJKdiJIC7drAcRSmw3uvlT1t0;https://www.google.com/maps/place/?q=place_id:ChIJKdiJIC7drAcRSmw3uvlT1t0;pastelaria Cabedelo PB;Poco;@-7.0205,-34.8426,15z;duplicate_in_run
duplicate_in_run;Pastel do Thiago;Pastelaria brasileira;R. Sólon de Lucena - Ponta de Matos, Cabedelo - PB, 58100-570;4;9;ChIJkRCA8QQhrQcRdarr_EmBcBI;https://www.google.com/maps/place/?q=place_id:ChIJkRCA8QQhrQcRdarr_EmBcBI;pastelaria Cabedelo PB;Poco;@-7.0205,-34.8426,15z;duplicate_in_run
accepted;Rodizio de caldo do carioca;Pastelaria brasileira;Rod. Br Duzentos e Trinta, 187 - Renascer, Cabedelo - PB, 58102-171;;;ChIJ6_RJWwDdrAcRxuNt1Q9C4Cc;https://www.google.com/maps/place/?q=place_id:ChIJ6_RJWwDdrAcRxuNt1Q9C4Cc;pastelaria Cabedelo PB;Poco;@-7.0205,-34.8426,15z;food_scope
already_in_database;PARCEIRO Rosa Lanches;Lanchonete;R. Ten. Antônio Pontes, 139 - Ponta de Matos, Cabedelo - PB, 58100-645;4.5;120;ChIJKfbziSchrQcRUM5eTvB19FU;https://www.google.com/maps/place/?q=place_id:ChIJKfbziSchrQcRUM5eTvB19FU;pastelaria Cabedelo PB;Poco;@-7.0205,-34.8426,15z;already_in_database
rejected;Casa grill Restaurante e Lanchonete;Lanchonete;de brito, R. Hortência Helena Amorim Brito - Jardim Alfa, Cabedelo - PB, 58000-000;4.5;11;ChIJKad3l7ndrAcRgsGXszeXY2A;https://www.google.com/maps/place/?q=place_id:ChIJKad3l7ndrAcRgsGXszeXY2A;pastelaria Cabedelo PB;Poco;@-7.0205,-34.8426,15z;outside_cabedelo_or_location_uncertain
rejected;Caldo de Cana e Pastelaria do Irmão Raminho;Lanchonete;R. São José, 148 - Lot. Parque Esperanca, Cabedelo - PB, 58108-511;;;ChIJPQ9w3ovdrAcRZV9IK2ZsYO4;https://www.google.com/maps/place/?q=place_id:ChIJPQ9w3ovdrAcRZV9IK2ZsYO4;pastelaria Cabedelo PB;Poco;@-7.0205,-34.8426,15z;outside_cabedelo_or_location_uncertain
rejected;Coelhossalgados;Pastelaria brasileira;Sao José, Cabedelo - PB, 58108-212;;;ChIJDT3UhGndrAcRaTfDVOpLNfk;https://www.google.com/maps/place/?q=place_id:ChIJDT3UhGndrAcRaTfDVOpLNfk;pastelaria Cabedelo PB;Poco;@-7.0205,-34.8426,15z;outside_cabedelo_or_location_uncertain
rejected;A Ferro Y Fogo Churrasco & Burger Artesanal na Brasa;Restaurante brasileiro;Av. Oceano Atlântico, 1592 - Shopping GetMall - Ponta de Campina, Cabedelo - PB, 58101-650;3.9;39;ChIJNWudC1nfrAcRZp_VOIvsXTQ;https://www.google.com/maps/place/?q=place_id:ChIJNWudC1nfrAcRZp_VOIvsXTQ;churrascaria Cabedelo PB;Poco;@-7.0205,-34.8426,15z;excluded_category_or_name
already_in_database;Restaurante Recanto do Picuí Intermares;Churrascaria;R. Golfo Sidra, 72 - Intermares, Cabedelo - PB, 58310-000;4.5;1267;ChIJ7xU6NRLerAcRpPuWqjv1L7c;https://www.google.com/maps/place/?q=place_id:ChIJ7xU6NRLerAcRpPuWqjv1L7c;churrascaria Cabedelo PB;Poco;@-7.0205,-34.8426,15z;already_in_database
already_in_database;CTG Saudade Da Querência;Restaurante;R. João Santos Coelho Filho, 125 - Lot. Praia Grande, Cabedelo - PB, 58310-000;4.6;293;ChIJv8vnDLPfrAcR2d01H7Lb744;https://www.google.com/maps/place/?q=place_id:ChIJv8vnDLPfrAcR2d01H7Lb744;churrascaria Cabedelo PB;Poco;@-7.0205,-34.8426,15z;already_in_database
already_in_database;churrascaria do biu;Churrascaria;R. Carolino Cardoso, 248-328 - Lot. Vitorino Cardoso, Cabedelo - PB, 58310-000;4.2;142;ChIJi2YYOkzerAcRnZgoaC-xOvY;https://www.google.com/maps/place/?q=place_id:ChIJi2YYOkzerAcRnZgoaC-xOvY;churrascaria Cabedelo PB;Poco;@-7.0205,-34.8426,15z;already_in_database
already_in_database;Lovina Ponta de Campina | Bar | Restaurante em Cabedelo;Restaurante;R. Vitorino Cardoso, 908 - Ponta de Campina, Cabedelo - PB, 58101-510;4.4;10742;ChIJdbKCxUTerAcRNmBt0eRrdX8;https://www.google.com/maps/place/?q=place_id:ChIJdbKCxUTerAcRNmBt0eRrdX8;churrascaria Cabedelo PB;Poco;@-7.0205,-34.8426,15z;already_in_database
already_in_database;Churrascaria do Caicó;Churrascaria;R, Av. Pastor José Alves de Oliveira, 365 - Centro, Cabedelo - PB, 58100-222;4.3;753;ChIJVaKROncgrQcR5lpnht-FotI;https://www.google.com/maps/place/?q=place_id:ChIJVaKROncgrQcR5lpnht-FotI;churrascaria Cabedelo PB;Poco;@-7.0205,-34.8426,15z;already_in_database
already_in_database;Ancoradouro Ponta de Campina;Restaurante;R. Henrique Siqueira, 242 - Ponta de Campina, Cabedelo - PB, 58310-000;3.9;495;ChIJZ2RoyxLfrAcRupeEWBQrnEc;https://www.google.com/maps/place/?q=place_id:ChIJZ2RoyxLfrAcRupeEWBQrnEc;churrascaria Cabedelo PB;Poco;@-7.0205,-34.8426,15z;already_in_database
already_in_database;Oliver Grill e Espetos;Restaurante brasileiro;Av. Oceano Índico, 928 - Intermares, Cabedelo - PB, 58102-222;4.9;54;ChIJf5cN1cDfrAcRCKHM1M2eY_Y;https://www.google.com/maps/place/?q=place_id:ChIJf5cN1cDfrAcRCKHM1M2eY_Y;churrascaria Cabedelo PB;Poco;@-7.0205,-34.8426,15z;already_in_database
already_in_database;Espetinho da praia Intermares;Restaurante brasileiro;Av. Oceano Atlântico, 1972 - Intermares, Cabedelo - PB, 58310-000;4.4;772;ChIJE-mcRMTfrAcRBThGnfI6x2c;https://www.google.com/maps/place/?q=place_id:ChIJE-mcRMTfrAcRBThGnfI6x2c;churrascaria Cabedelo PB;Poco;@-7.0205,-34.8426,15z;already_in_database
already_in_database;Galeteria D'intermares;Restaurante de carne;R. Golfo Veneza, 28 - Intermares, Cabedelo - PB, 58102-122;4.1;470;ChIJu2aD0g7erAcRzicvJXx-8yI;https://www.google.com/maps/place/?q=place_id:ChIJu2aD0g7erAcRzicvJXx-8yI;churrascaria Cabedelo PB;Poco;@-7.0205,-34.8426,15z;already_in_database
already_in_database;Ilha Dourada Restaurante;Restaurante de frutos do mar;BR -230, R. José Américo de Almeida Filho, s/n - Areia Dourada, Cabedelo - PB, 58101-212;4.2;3161;ChIJ19PDcIXfrAcRzBwfL7gvIIs;https://www.google.com/maps/place/?q=place_id:ChIJ19PDcIXfrAcRzBwfL7gvIIs;churrascaria Cabedelo PB;Poco;@-7.0205,-34.8426,15z;already_in_database
duplicate_in_run;Restaurante Self Sabor;Restaurante self-service;R. Carolino Cardoso, 361 - Lot. Vitorino Cardoso, Cabedelo - PB, 58101-502;5;1;ChIJCauHMEbfrAcRkfIWALUqaWo;https://www.google.com/maps/place/?q=place_id:ChIJCauHMEbfrAcRkfIWALUqaWo;churrascaria Cabedelo PB;Poco;@-7.0205,-34.8426,15z;duplicate_in_run
already_in_database;Melhor Sabor - Churrascaria e Self-Service;Churrascaria;R. João Clementino Gomes, 638 - Renascer, Cabedelo - PB, 58108-088;4.8;18;ChIJm6UA9qrdrAcR5Z_cuLUAO4k;https://www.google.com/maps/place/?q=place_id:ChIJm6UA9qrdrAcR5Z_cuLUAO4k;churrascaria Cabedelo PB;Poco;@-7.0205,-34.8426,15z;already_in_database
already_in_database;Primo Rico;Restaurante self-service;Av. Oceano Atlântico, S/N - Intermares, Cabedelo - PB, 58102-236;4.3;903;ChIJ7aVpYzjfrAcRexvAqkdbRwU;https://www.google.com/maps/place/?q=place_id:ChIJ7aVpYzjfrAcRexvAqkdbRwU;churrascaria Cabedelo PB;Poco;@-7.0205,-34.8426,15z;already_in_database
already_in_database;Big Jack comida de rua com INSPIRAÇÃO texana;Churrascaria;Av. Mar Vermelho, QUADRA 12 - LOTE 01 - Intermares, Cabedelo - PB, 58102-120;4.8;353;ChIJCTY1v6rfrAcRD3ZYZu4I32E;https://www.google.com/maps/place/?q=place_id:ChIJCTY1v6rfrAcRD3ZYZu4I32E;churrascaria Cabedelo PB;Poco;@-7.0205,-34.8426,15z;already_in_database
already_in_database;Self service da GG;Restaurante self-service;R. Jair Cunha Cavalcanti, 328 - Lot. Oceania VI, Cabedelo - PB, 58310-000;5;1;ChIJXSZHbgDfrAcR7WzEKqOnmgI;https://www.google.com/maps/place/?q=place_id:ChIJXSZHbgDfrAcR7WzEKqOnmgI;churrascaria Cabedelo PB;Poco;@-7.0205,-34.8426,15z;already_in_database
rejected;Rei das Carnes - Intermares;Açougue;Av. Mar Vermelho, 380 - Intermares, Cabedelo - PB, 58102-110;4.6;655;ChIJwaFzfgXfrAcRBX_ecdbOCMo;https://www.google.com/maps/place/?q=place_id:ChIJwaFzfgXfrAcRBX_ecdbOCMo;churrascaria Cabedelo PB;Poco;@-7.0205,-34.8426,15z;excluded_category_or_name
already_in_database;Bom Tempero Restaurante;Restaurante self-service;Av. Maria de Oliveira Gomes - Portal do Poço, Cabedelo - PB, 58310-000;4.7;17;ChIJQwyZx_vfrAcRqBvYbKyyPhQ;https://www.google.com/maps/place/?q=place_id:ChIJQwyZx_vfrAcRqBvYbKyyPhQ;churrascaria Cabedelo PB;Poco;@-7.0205,-34.8426,15z;already_in_database
duplicate_in_run;Esquina do galeto;Churrascaria;Rua Rosa vieira,245-B praia do poço, Cabedelo - PB;5;1;ChIJW2UlHc_frAcRt9uoQzA6qyY;https://www.google.com/maps/place/?q=place_id:ChIJW2UlHc_frAcRt9uoQzA6qyY;churrascaria Cabedelo PB;Poco;@-7.0205,-34.8426,15z;duplicate_in_run
rejected;Novo Oriente Intermares;Restaurante de sushi;Av. Mar Vermelho, 35 - Intermares, Cabedelo - PB, 58102-120;4.2;1378;ChIJN9JFAA7erAcR7c6fN6tma_g;https://www.google.com/maps/place/?q=place_id:ChIJN9JFAA7erAcR7c6fN6tma_g;churrascaria Cabedelo PB;Poco;@-7.0205,-34.8426,15z;excluded_category_or_name
already_in_database;Sakê Temakeria Ponta de Campina, Cabedelo;Restaurante japonês;Av. Oceano Atlântico, 1592 - Sl 16 E 17 - Ponta de Campina, Cabedelo - PB, 58310-000;4.7;261;ChIJ2Xj63j_drAcRrllAg3GcmOU;https://www.google.com/maps/place/?q=place_id:ChIJ2Xj63j_drAcRrllAg3GcmOU;comida japonesa Cabedelo PB;Poco;@-7.0205,-34.8426,15z;already_in_database
already_in_database;A Casa do Temakinho;Restaurante;Av. Mar da Irlanda, 222 - Intermares, Cabedelo - PB, 58310-000;4.9;150;ChIJK77pAsvfrAcRDJoNP1VhTVo;https://www.google.com/maps/place/?q=place_id:ChIJK77pAsvfrAcRDJoNP1VhTVo;comida japonesa Cabedelo PB;Poco;@-7.0205,-34.8426,15z;already_in_database
rejected;Novo Oriente Intermares;Restaurante de sushi;Av. Mar Vermelho, 35 - Intermares, Cabedelo - PB, 58102-120;4.2;1378;ChIJN9JFAA7erAcR7c6fN6tma_g;https://www.google.com/maps/place/?q=place_id:ChIJN9JFAA7erAcR7c6fN6tma_g;comida japonesa Cabedelo PB;Poco;@-7.0205,-34.8426,15z;excluded_category_or_name
already_in_database;Pipa Sushi & Temakeria;Restaurante de sushi;Av. Mar das Antilhas - Intermares, Cabedelo - PB, 58310-000;4.3;292;ChIJm1Mywg3erAcRAs4OIMpvJqk;https://www.google.com/maps/place/?q=place_id:ChIJm1Mywg3erAcRAs4OIMpvJqk;comida japonesa Cabedelo PB;Poco;@-7.0205,-34.8426,15z;already_in_database
already_in_database;Espaço Do Sushi;Restaurante;R. Juarez Távora - Camalaú, Cabedelo - PB, 58310-000;4.2;33;ChIJLZuM-3YgrQcRxc7_zhcQ3Y0;https://www.google.com/maps/place/?q=place_id:ChIJLZuM-3YgrQcRxc7_zhcQ3Y0;comida japonesa Cabedelo PB;Poco;@-7.0205,-34.8426,15z;already_in_database
already_in_database;Sushiyaki Restaurante;Restaurante japonês;R. Ten. Antônio Pontes, 381 - Ponta de Matos, Cabedelo - PB, 58100-645;4.7;10;ChIJoZsj3b7frAcRjoZUr5Cg7Uw;https://www.google.com/maps/place/?q=place_id:ChIJoZsj3b7frAcRjoZUr5Cg7Uw;comida japonesa Cabedelo PB;Poco;@-7.0205,-34.8426,15z;already_in_database
already_in_database;Restaurante Recanto do Picuí Intermares;Restaurante;R. Golfo Sidra, 72 - Intermares, Cabedelo - PB, 58310-000;4.5;1267;ChIJ7xU6NRLerAcRpPuWqjv1L7c;https://www.google.com/maps/place/?q=place_id:ChIJ7xU6NRLerAcRpPuWqjv1L7c;comida japonesa Cabedelo PB;Poco;@-7.0205,-34.8426,15z;already_in_database
rejected;GETMall;Praça de alimentação;Av. Oceano Atlântico, 1592 - Ponta de Campina, Cabedelo - PB, 58310-000;4.3;103;ChIJX7HMo6rdrAcRCeFWODir8Rw;https://www.google.com/maps/place/?q=place_id:ChIJX7HMo6rdrAcRCeFWODir8Rw;comida japonesa Cabedelo PB;Poco;@-7.0205,-34.8426,15z;excluded_category_or_name
rejected;Union | Motel Em João Pessoa;Hotel de beira de estrada;R. Jair Cunha Cavalcanti, 694 - Praia do Jacaré, Cabedelo - PB, 58106-371;4.7;879;ChIJAQAAcRrerAcRQhVqvZI0gdM;https://www.google.com/maps/place/?q=place_id:ChIJAQAAcRrerAcRQhVqvZI0gdM;comida japonesa Cabedelo PB;Poco;@-7.0205,-34.8426,15z;excluded_category_or_name
already_in_database;Viciados em Sushi;Restaurante japonês;R. Pedro Aleixo Moura, 34 - Centro, Cabedelo - PB, 58100-210;4.4;193;ChIJ_c5MVHEgrQcRB4CuNV0soio;https://www.google.com/maps/place/?q=place_id:ChIJ_c5MVHEgrQcRB4CuNV0soio;comida japonesa Cabedelo PB;Poco;@-7.0205,-34.8426,15z;already_in_database
already_in_database;Sakê Temakeria Ponta de Campina, Cabedelo;Restaurante japonês;Av. Oceano Atlântico, 1592 - Sl 16 E 17 - Ponta de Campina, Cabedelo - PB, 58310-000;4.7;261;ChIJ2Xj63j_drAcRrllAg3GcmOU;https://www.google.com/maps/place/?q=place_id:ChIJ2Xj63j_drAcRrllAg3GcmOU;japones Cabedelo PB;Poco;@-7.0205,-34.8426,15z;already_in_database
already_in_database;A Casa do Temakinho;Restaurante;Av. Mar da Irlanda, 222 - Intermares, Cabedelo - PB, 58310-000;4.9;150;ChIJK77pAsvfrAcRDJoNP1VhTVo;https://www.google.com/maps/place/?q=place_id:ChIJK77pAsvfrAcRDJoNP1VhTVo;japones Cabedelo PB;Poco;@-7.0205,-34.8426,15z;already_in_database
rejected;Novo Oriente Intermares;Restaurante de sushi;Av. Mar Vermelho, 35 - Intermares, Cabedelo - PB, 58102-120;4.2;1378;ChIJN9JFAA7erAcR7c6fN6tma_g;https://www.google.com/maps/place/?q=place_id:ChIJN9JFAA7erAcR7c6fN6tma_g;japones Cabedelo PB;Poco;@-7.0205,-34.8426,15z;excluded_category_or_name
already_in_database;Pipa Sushi & Temakeria;Restaurante de sushi;Av. Mar das Antilhas - Intermares, Cabedelo - PB, 58310-000;4.3;292;ChIJm1Mywg3erAcRAs4OIMpvJqk;https://www.google.com/maps/place/?q=place_id:ChIJm1Mywg3erAcRAs4OIMpvJqk;japones Cabedelo PB;Poco;@-7.0205,-34.8426,15z;already_in_database
already_in_database;Sushiyaki Restaurante;Restaurante japonês;R. Ten. Antônio Pontes, 381 - Ponta de Matos, Cabedelo - PB, 58100-645;4.7;10;ChIJoZsj3b7frAcRjoZUr5Cg7Uw;https://www.google.com/maps/place/?q=place_id:ChIJoZsj3b7frAcRjoZUr5Cg7Uw;japones Cabedelo PB;Poco;@-7.0205,-34.8426,15z;already_in_database
already_in_database;Espaço Do Sushi;Restaurante;R. Juarez Távora - Camalaú, Cabedelo - PB, 58310-000;4.2;33;ChIJLZuM-3YgrQcRxc7_zhcQ3Y0;https://www.google.com/maps/place/?q=place_id:ChIJLZuM-3YgrQcRxc7_zhcQ3Y0;japones Cabedelo PB;Poco;@-7.0205,-34.8426,15z;already_in_database
rejected;GETMall;Praça de alimentação;Av. Oceano Atlântico, 1592 - Ponta de Campina, Cabedelo - PB, 58310-000;4.3;103;ChIJX7HMo6rdrAcRCeFWODir8Rw;https://www.google.com/maps/place/?q=place_id:ChIJX7HMo6rdrAcRCeFWODir8Rw;japones Cabedelo PB;Poco;@-7.0205,-34.8426,15z;excluded_category_or_name
already_in_database;Viciados em Sushi;Restaurante japonês;R. Pedro Aleixo Moura, 34 - Centro, Cabedelo - PB, 58100-210;4.4;193;ChIJ_c5MVHEgrQcRB4CuNV0soio;https://www.google.com/maps/place/?q=place_id:ChIJ_c5MVHEgrQcRB4CuNV0soio;japones Cabedelo PB;Poco;@-7.0205,-34.8426,15z;already_in_database
duplicate_in_run;Sarau Pizza Bar;Delivery de Pizza;Av. Oceano Índico, 250 - Intermares, Cabedelo - PB, 58102-222;4.6;74;ChIJD-87p8zfrAcRwHD2v5gO-2c;https://www.google.com/maps/place/?q=place_id:ChIJD-87p8zfrAcRwHD2v5gO-2c;japones Cabedelo PB;Poco;@-7.0205,-34.8426,15z;duplicate_in_run
rejected;Tapioca Da Cleide- Onda Mar;Lanchonete;Onda Mar Praia Shopping, 58102-120, Av. Mar Vermelho, 357 - Intermares, Cabedelo - PB, 58102-120;4.5;51;ChIJDcsJwQ3erAcR04pQAVkyyEM;https://www.google.com/maps/place/?q=place_id:ChIJDcsJwQ3erAcR04pQAVkyyEM;tapiocaria Cabedelo PB;Poco;@-7.0205,-34.8426,15z;excluded_category_or_name
already_in_database;Tapiocaria da zeti;Lanchonete;Av. Pôr do Sol, Cabedelo - PB, 58310-000;5;20;ChIJYwNhcVnfrAcRJ4jZPLua8uw;https://www.google.com/maps/place/?q=place_id:ChIJYwNhcVnfrAcRJ4jZPLua8uw;tapiocaria Cabedelo PB;Poco;@-7.0205,-34.8426,15z;already_in_database
already_in_database;Tapiocaria do Dinho;Restaurante;Av. Ambrósio Miranda de Araújo - Renascer, Cabedelo - PB, 58033-455;4.6;154;ChIJZyUKWFjdrAcRuY-QSDtiyL8;https://www.google.com/maps/place/?q=place_id:ChIJZyUKWFjdrAcRuY-QSDtiyL8;tapiocaria Cabedelo PB;Poco;@-7.0205,-34.8426,15z;already_in_database
already_in_database;Praçaí - Intermares;Lanchonete;Av. Oceano Pacífico, s/n - Intermares, Cabedelo - PB, 58310-000;4.5;238;ChIJ1cAVK23erAcRCUpJ50T3ULs;https://www.google.com/maps/place/?q=place_id:ChIJ1cAVK23erAcRCUpJ50T3ULs;tapiocaria Cabedelo PB;Poco;@-7.0205,-34.8426,15z;already_in_database
already_in_database;Chié artesanato e comedoria;Café;R. Praia do Jacaré - Intermares, Cabedelo - PB, 58310-000;4;40;ChIJTwa4MA_frAcR4t0Vizs3ozY;https://www.google.com/maps/place/?q=place_id:ChIJTwa4MA_frAcR4t0Vizs3ozY;tapiocaria Cabedelo PB;Poco;@-7.0205,-34.8426,15z;already_in_database
duplicate_in_run;Tapiocaria da Edna Paraiba;Lanchonete;R. Praia do Jacaré - Jacaré, Cabedelo - PB, 58310-000;3.5;8;ChIJUY5qWRvfrAcRK8-qD7N9ni4;https://www.google.com/maps/place/?q=place_id:ChIJUY5qWRvfrAcRK8-qD7N9ni4;tapiocaria Cabedelo PB;Poco;@-7.0205,-34.8426,15z;duplicate_in_run
duplicate_in_run;Bonitinha das tapiocas;Café;Av. Pôr do Sol, Cabedelo - PB, 58310-000;4.2;9;ChIJ5WIHvhrfrAcRFwG3RLaJgCA;https://www.google.com/maps/place/?q=place_id:ChIJ5WIHvhrfrAcRFwG3RLaJgCA;tapiocaria Cabedelo PB;Poco;@-7.0205,-34.8426,15z;duplicate_in_run
rejected;TreeHouse Bar Lounge - Por do sol João Pessoa;Bar;R. Pôr do Sol, s/n, Cabedelo - PB, 58310-000;4.5;1125;ChIJ33JsoxverAcRwnzfHW9fJTI;https://www.google.com/maps/place/?q=place_id:ChIJ33JsoxverAcRwnzfHW9fJTI;tapiocaria Cabedelo PB;Poco;@-7.0205,-34.8426,15z;excluded_category_or_name
rejected;Praça do açaí de Intermares;Playground;1548, Av. Oceano Atlântico, 1164 - Intermares, Cabedelo - PB, 58310-000;4.5;176;ChIJ-60_Km3erAcRRKoxlE8MUyc;https://www.google.com/maps/place/?q=place_id:ChIJ-60_Km3erAcRRKoxlE8MUyc;tapiocaria Cabedelo PB;Poco;@-7.0205,-34.8426,15z;excluded_category_or_name
already_in_database;Rainha da tapioca;Cafeteria;R. Milton Macedo da Cruz - Lot. Oceania, Cabedelo - PB, 58105-565;;;ChIJ93ysPw3frAcRBYFSISTdBS4;https://www.google.com/maps/place/?q=place_id:ChIJ93ysPw3frAcRBYFSISTdBS4;tapiocaria Cabedelo PB;Poco;@-7.0205,-34.8426,15z;already_in_database
already_in_database;Casa de Taipa;Restaurante;R. Vitorino Cardoso, s/n - Praia do poço, Cabedelo - PB, 58101-502;4.5;58;ChIJH9sgyE_erAcROIxiz0-fEqI;https://www.google.com/maps/place/?q=place_id:ChIJH9sgyE_erAcROIxiz0-fEqI;tapiocaria Cabedelo PB;Poco;@-7.0205,-34.8426,15z;already_in_database
already_in_database;Tia Graça Cafeteria e Doceria;Cafeteria;R. Golfo da China, 326 - Intermares, Cabedelo - PB, 58310-000;4.5;67;ChIJV8XbnLXfrAcRTzFbB-0OVFg;https://www.google.com/maps/place/?q=place_id:ChIJV8XbnLXfrAcRTzFbB-0OVFg;tapiocaria Cabedelo PB;Poco;@-7.0205,-34.8426,15z;already_in_database
already_in_database;Sax Café - Por do Sol da Praia do Jacaré Cabedelo/PB;Restaurante;Pôr do Sol, R. Praia do Jacaré, Cabedelo - PB, 58310-000;4.5;102;ChIJ42uw2z3frAcRpvqGhKXp_LM;https://www.google.com/maps/place/?q=place_id:ChIJ42uw2z3frAcRpvqGhKXp_LM;tapiocaria Cabedelo PB;Poco;@-7.0205,-34.8426,15z;already_in_database
already_in_database;Lovina Ponta de Campina | Bar | Restaurante em Cabedelo;Restaurante;R. Vitorino Cardoso, 908 - Ponta de Campina, Cabedelo - PB, 58101-510;4.4;10742;ChIJdbKCxUTerAcRNmBt0eRrdX8;https://www.google.com/maps/place/?q=place_id:ChIJdbKCxUTerAcRNmBt0eRrdX8;tapiocaria Cabedelo PB;Poco;@-7.0205,-34.8426,15z;already_in_database
rejected;Padaria Pandine;Padaria;Av. Mar Vermelho, 357 - Intermares, Cabedelo - PB, 58102-120;4.4;1096;ChIJP6gJ7w3erAcREADxKhazvuY;https://www.google.com/maps/place/?q=place_id:ChIJP6gJ7w3erAcREADxKhazvuY;tapiocaria Cabedelo PB;Poco;@-7.0205,-34.8426,15z;excluded_category_or_name
rejected;Feira de Artesanato do Jacaré;Feira de artesanato;Pôr do Sol do Jacaré, R. Praia do Jacaré, 76, Cabedelo - PB, 58310-000;4.7;3453;ChIJC2LpUhrerAcRdOHDGQGTnqU;https://www.google.com/maps/place/?q=place_id:ChIJC2LpUhrerAcRdOHDGQGTnqU;tapiocaria Cabedelo PB;Poco;@-7.0205,-34.8426,15z;not_clearly_food_establishment
rejected;Pôr do Sol do Jacaré;Atração turística;Av. Pôr do Sol - Jacaré, Cabedelo - PB, 58105-820;4.8;5597;ChIJiSlKohverAcRs6qL-6MnGJE;https://www.google.com/maps/place/?q=place_id:ChIJiSlKohverAcRs6qL-6MnGJE;tapiocaria Cabedelo PB;Poco;@-7.0205,-34.8426,15z;not_clearly_food_establishment
rejected;Tapiocaria da Leuda;Loja de comidas naturais;;4;1;ChIJ71V6ieLfrAcRTnwSGZtpHW8;https://www.google.com/maps/place/?q=place_id:ChIJ71V6ieLfrAcRTnwSGZtpHW8;tapiocaria Cabedelo PB;Poco;@-7.0205,-34.8426,15z;outside_cabedelo_or_location_uncertain
rejected;Casa Nordeste;Empório gourmet;Av. Pôr do Sol, 837 - Jacaré, Cabedelo - PB, 58105-810;4;45;ChIJJ4RbuxverAcRQWpPGChF8BA;https://www.google.com/maps/place/?q=place_id:ChIJJ4RbuxverAcRQWpPGChF8BA;tapiocaria Cabedelo PB;Poco;@-7.0205,-34.8426,15z;not_clearly_food_establishment
rejected;Jacaré Parque;Praça de alimentação;Av. Pôr do Sol, 1028 - Jacaré, Cabedelo - PB, 58105-820;4.7;565;ChIJRZugNb3frAcRodwb1J-NYZ8;https://www.google.com/maps/place/?q=place_id:ChIJRZugNb3frAcRodwb1J-NYZ8;tapiocaria Cabedelo PB;Poco;@-7.0205,-34.8426,15z;not_clearly_food_establishment
duplicate_in_run;ESFIELDS;Delivery;Av. Oceano Atlântico - Ponta de Campina, Cabedelo - PB, 58101-650;4.4;12;ChIJDwCxzV7frAcR4SxYIDnucFw;https://www.google.com/maps/place/?q=place_id:ChIJDwCxzV7frAcR4SxYIDnucFw;esfiharia Cabedelo PB;Poco;@-7.0205,-34.8426,15z;duplicate_in_run
already_in_database;Pizza Família Cipriano;Pizzaria;R. Golfo Danzig, 56 - Intermares, Cabedelo - PB, 58102-133;5;13;ChIJBw8J2x3frAcR-t64wKV4XEg;https://www.google.com/maps/place/?q=place_id:ChIJBw8J2x3frAcR-t64wKV4XEg;esfiharia Cabedelo PB;Poco;@-7.0205,-34.8426,15z;already_in_database
already_in_database;Mega Pizza;Pizzaria;Av. Mar Vermelho, 357 - Intermares, Cabedelo - PB, 58310-000;4;506;ChIJP6gJ7w3erAcRPbZmhVXL0gQ;https://www.google.com/maps/place/?q=place_id:ChIJP6gJ7w3erAcRPbZmhVXL0gQ;esfiharia Cabedelo PB;Poco;@-7.0205,-34.8426,15z;already_in_database
already_in_database;Pizzaria Bom Sabor;Pizzaria;R. Jair Cunha Cavalcanti, 248 - Lot. Oceania, Cabedelo - PB, 58105-700;4;134;ChIJJwFhsjXfrAcR5WUPKUu6Li8;https://www.google.com/maps/place/?q=place_id:ChIJJwFhsjXfrAcR5WUPKUu6Li8;esfiharia Cabedelo PB;Poco;@-7.0205,-34.8426,15z;already_in_database
already_in_database;Lary's pizzaria e lanchonete;Pizzaria;R. Antônia Fernandes Oliveira, 810 - Jardim Camboinha, Cabedelo - PB, 58103-706;4.3;88;ChIJ1zlHHqffrAcRvEgStdnRDMs;https://www.google.com/maps/place/?q=place_id:ChIJ1zlHHqffrAcRvEgStdnRDMs;esfiharia Cabedelo PB;Poco;@-7.0205,-34.8426,15z;already_in_database
rejected;GETMall;Praça de alimentação;Av. Oceano Atlântico, 1592 - Ponta de Campina, Cabedelo - PB, 58310-000;4.3;103;ChIJX7HMo6rdrAcRCeFWODir8Rw;https://www.google.com/maps/place/?q=place_id:ChIJX7HMo6rdrAcRCeFWODir8Rw;esfiharia Cabedelo PB;Poco;@-7.0205,-34.8426,15z;excluded_category_or_name
already_in_database;Pizzaria Bom Sabor Camboinha;Pizzaria;R. Prof. João Lelis de Luna Freire, 288 - Jardim Camboinha, Cabedelo - PB, 58310-000;4.1;54;ChIJ23LpoCvfrAcRK0glALWQRYA;https://www.google.com/maps/place/?q=place_id:ChIJ23LpoCvfrAcRK0glALWQRYA;esfiharia Cabedelo PB;Poco;@-7.0205,-34.8426,15z;already_in_database
rejected;Novo Oriente Intermares;Restaurante de sushi;Av. Mar Vermelho, 35 - Intermares, Cabedelo - PB, 58102-120;4.2;1378;ChIJN9JFAA7erAcR7c6fN6tma_g;https://www.google.com/maps/place/?q=place_id:ChIJN9JFAA7erAcR7c6fN6tma_g;esfiharia Cabedelo PB;Poco;@-7.0205,-34.8426,15z;excluded_category_or_name
already_in_database;Pizzaria Jacaré;Pizzaria;R. Arco Íris, 250 - Lot. Oceania VI, Cabedelo - PB, 58310-000;4.5;59;ChIJLSlV8DrerAcRdEpwqq-GS2Y;https://www.google.com/maps/place/?q=place_id:ChIJLSlV8DrerAcRdEpwqq-GS2Y;esfiharia Cabedelo PB;Poco;@-7.0205,-34.8426,15z;already_in_database
already_in_database;TCF - The Cheeseburguer Factory - Unidade Cabedelo;Lanchonete;Av. Oceano Atlântico, 1592 - Sl A15 - Ponta de Campina, Cabedelo - PB, 58310-000;4.1;13;ChIJ17zIKW_drAcRpW44MoCAPKM;https://www.google.com/maps/place/?q=place_id:ChIJ17zIKW_drAcRpW44MoCAPKM;esfiharia Cabedelo PB;Poco;@-7.0205,-34.8426,15z;already_in_database
rejected;Hora H - Loja de conveniência;Loja de Conveniência;BR 230, km 09, 499, Intermares, Cabedelo - PB, 58102-202;4;9;ChIJqcRVDw7erAcR-rfbD81s5FA;https://www.google.com/maps/place/?q=place_id:ChIJqcRVDw7erAcR-rfbD81s5FA;esfiharia Cabedelo PB;Poco;@-7.0205,-34.8426,15z;excluded_category_or_name
already_in_database;Restaurante Recanto do Picuí Intermares;Restaurante;R. Golfo Sidra, 72 - Intermares, Cabedelo - PB, 58310-000;4.5;1267;ChIJ7xU6NRLerAcRpPuWqjv1L7c;https://www.google.com/maps/place/?q=place_id:ChIJ7xU6NRLerAcRpPuWqjv1L7c;esfiharia Cabedelo PB;Poco;@-7.0205,-34.8426,15z;already_in_database
already_in_database;Pipa Sushi & Temakeria;Restaurante de sushi;Av. Mar das Antilhas - Intermares, Cabedelo - PB, 58310-000;4.3;292;ChIJm1Mywg3erAcRAs4OIMpvJqk;https://www.google.com/maps/place/?q=place_id:ChIJm1Mywg3erAcRAs4OIMpvJqk;esfiharia Cabedelo PB;Poco;@-7.0205,-34.8426,15z;already_in_database
already_in_database;La casa de pastel e La Pizza Premium;Pizzaria;Rua por trás do Campo Municipal, R. Primo José Viana, 463 - Centro, Cabedelo - PB, 58100-521;4.1;261;ChIJYSxGk8ghrQcRk9Nz0uySHBE;https://www.google.com/maps/place/?q=place_id:ChIJYSxGk8ghrQcRk9Nz0uySHBE;esfiharia Cabedelo PB;Poco;@-7.0205,-34.8426,15z;already_in_database
rejected;Hórus Esfihas e Gelados;Esfiharia;R. Bacharel Irenaldo de Albuquerque Chaves, 825 - Aeroclube, João Pessoa - PB, 58036-460;4.9;27;ChIJWYMEcFLdrAcRJ7ODRj95ups;https://www.google.com/maps/place/?q=place_id:ChIJWYMEcFLdrAcRJ7ODRj95ups;esfiharia Cabedelo PB;Poco;@-7.0205,-34.8426,15z;outside_cabedelo_or_location_uncertain
duplicate_in_run;Forneria Brasil Express 🍕;Delivery de Pizza;;3;2;ChIJRaVm9q19ZScR9PGc5I1SNg0;https://www.google.com/maps/place/?q=place_id:ChIJRaVm9q19ZScR9PGc5I1SNg0;esfiharia Cabedelo PB;Poco;@-7.0205,-34.8426,15z;duplicate_in_run
already_in_database;Pizza do Paulinho;Pizzaria;Av. Monsenhor José da Silva Coutinho, 113 - Vila Sao Joao, Cabedelo - PB, 58103-332;5;11;ChIJTUFjldDfrAcRXmp9tl8_VOc;https://www.google.com/maps/place/?q=place_id:ChIJTUFjldDfrAcRXmp9tl8_VOc;esfiharia Cabedelo PB;Poco;@-7.0205,-34.8426,15z;already_in_database
rejected;Pérsia Esfiha Diferente;Esfiharia;Av. Umbuzeiro, 1099 - Manaíra, João Pessoa - PB, 58038-182;4.7;1345;ChIJXaMZFSLdrAcRDcClKwtA6h0;https://www.google.com/maps/place/?q=place_id:ChIJXaMZFSLdrAcRDcClKwtA6h0;esfiharia Cabedelo PB;Poco;@-7.0205,-34.8426,15z;outside_cabedelo_or_location_uncertain
already_in_database;NutriFit Marmita Fitness Congeladas;Restaurante de comida natural;Intermares, Cabedelo - PB, 58102-032;5;18;ChIJN2Qo5azfrAcR6duVymUfuQ0;https://www.google.com/maps/place/?q=place_id:ChIJN2Qo5azfrAcR6duVymUfuQ0;marmitaria Cabedelo PB;Poco;@-7.0205,-34.8426,15z;already_in_database
duplicate_in_run;MB Marmitas | Marmitaria em João Pessoa;Restaurante;R. Alfredo Chaves, 126 - Poço, Cabedelo - PB, 58101-582;5;2;ChIJ_XODgJ7frAcR2n1xL5ijuX4;https://www.google.com/maps/place/?q=place_id:ChIJ_XODgJ7frAcR2n1xL5ijuX4;marmitaria Cabedelo PB;Poco;@-7.0205,-34.8426,15z;duplicate_in_run
duplicate_in_run;M E Refeição;Restaurante;Intermares, Cabedelo - PB, 58033-455;5;3;ChIJc3fKUeHfrAcRDLLyfWij5xk;https://www.google.com/maps/place/?q=place_id:ChIJc3fKUeHfrAcRDLLyfWij5xk;marmitaria Cabedelo PB;Poco;@-7.0205,-34.8426,15z;duplicate_in_run
already_in_database;Bom Tempero Restaurante;Restaurante self-service;Av. Maria de Oliveira Gomes - Portal do Poço, Cabedelo - PB, 58310-000;4.7;17;ChIJQwyZx_vfrAcRqBvYbKyyPhQ;https://www.google.com/maps/place/?q=place_id:ChIJQwyZx_vfrAcRqBvYbKyyPhQ;marmitaria Cabedelo PB;Poco;@-7.0205,-34.8426,15z;already_in_database
already_in_database;Lovina Ponta de Campina | Bar | Restaurante em Cabedelo;Restaurante;R. Vitorino Cardoso, 908 - Ponta de Campina, Cabedelo - PB, 58101-510;4.4;10742;ChIJdbKCxUTerAcRNmBt0eRrdX8;https://www.google.com/maps/place/?q=place_id:ChIJdbKCxUTerAcRNmBt0eRrdX8;marmitaria Cabedelo PB;Poco;@-7.0205,-34.8426,15z;already_in_database
rejected;Aroma & Sabor Self-Service;Restaurante self-service;Onda Mar Praia Shopping, Av. Mar Vermelho, 357 - 11 - Intermares, Cabedelo - PB, 58102-120;4.3;50;ChIJE-Tnww3erAcRSEMi9ezCmjc;https://www.google.com/maps/place/?q=place_id:ChIJE-Tnww3erAcRSEMi9ezCmjc;marmitaria Cabedelo PB;Poco;@-7.0205,-34.8426,15z;excluded_category_or_name
already_in_database;Primo Rico;Restaurante self-service;Av. Oceano Atlântico, S/N - Intermares, Cabedelo - PB, 58102-236;4.3;903;ChIJ7aVpYzjfrAcRexvAqkdbRwU;https://www.google.com/maps/place/?q=place_id:ChIJ7aVpYzjfrAcRexvAqkdbRwU;marmitaria Cabedelo PB;Poco;@-7.0205,-34.8426,15z;already_in_database
already_in_database;Tempero De Casa;Restaurante;R. Maurício de Alençar Cavalcante - Jardim America, Cabedelo - PB, 58310-000;4.5;65;ChIJlzh1S-zdrAcRiCUL7fIKsMI;https://www.google.com/maps/place/?q=place_id:ChIJlzh1S-zdrAcRiCUL7fIKsMI;marmitaria Cabedelo PB;Poco;@-7.0205,-34.8426,15z;already_in_database
already_in_database;Sol e mar restaurante e self service;Restaurante self-service;R. Márcia Travassos, 331 - Camboinha, Cabedelo - PB, 58310-000;4.6;22;ChIJC7wrAbDfrAcRL094F_SfelU;https://www.google.com/maps/place/?q=place_id:ChIJC7wrAbDfrAcRL094F_SfelU;marmitaria Cabedelo PB;Poco;@-7.0205,-34.8426,15z;already_in_database
already_in_database;Galeteria D'intermares;Restaurante de carne;R. Golfo Veneza, 28 - Intermares, Cabedelo - PB, 58102-122;4.1;470;ChIJu2aD0g7erAcRzicvJXx-8yI;https://www.google.com/maps/place/?q=place_id:ChIJu2aD0g7erAcRzicvJXx-8yI;marmitaria Cabedelo PB;Poco;@-7.0205,-34.8426,15z;already_in_database
duplicate_in_run;Mary Refeições;Restaurante;Av. Mar de Corais, 08 - Intermares, Cabedelo - PB, 58102-262;4.6;45;ChIJ2eQ7vvbfrAcRI7MW-9PBLJ8;https://www.google.com/maps/place/?q=place_id:ChIJ2eQ7vvbfrAcRI7MW-9PBLJ8;marmitaria Cabedelo PB;Poco;@-7.0205,-34.8426,15z;duplicate_in_run
already_in_database;Restaurante Recanto do Picuí Intermares;Restaurante;R. Golfo Sidra, 72 - Intermares, Cabedelo - PB, 58310-000;4.5;1267;ChIJ7xU6NRLerAcRpPuWqjv1L7c;https://www.google.com/maps/place/?q=place_id:ChIJ7xU6NRLerAcRpPuWqjv1L7c;marmitaria Cabedelo PB;Poco;@-7.0205,-34.8426,15z;already_in_database
rejected;Comida Caseira da Elly;Restaurante;Mercado Público de Cabedelo, BOX 138, Centro, Cabedelo - PB, 58100-140;5;19;ChIJBfEE9CwhrQcR2xtfopCJ34w;https://www.google.com/maps/place/?q=place_id:ChIJBfEE9CwhrQcR2xtfopCJ34w;marmitaria Cabedelo PB;Poco;@-7.0205,-34.8426,15z;excluded_category_or_name
rejected;Padaria Eldorado Intermares;Padaria;Av. Mar Vermelho, 263 - Intermares, Cabedelo - PB, 58102-120;4.3;573;ChIJ8fLcFhXfrAcRa8uPR7mcTcU;https://www.google.com/maps/place/?q=place_id:ChIJ8fLcFhXfrAcRa8uPR7mcTcU;marmitaria Cabedelo PB;Poco;@-7.0205,-34.8426,15z;excluded_category_or_name
accepted;Bom apetite;Restaurante;Jacaré, Cabedelo - PB, 58106-162;3.3;4;ChIJg_V2FQDfrAcRTnLbwll2mZk;https://www.google.com/maps/place/?q=place_id:ChIJg_V2FQDfrAcRTnLbwll2mZk;marmitaria Cabedelo PB;Poco;@-7.0205,-34.8426,15z;food_scope
rejected;El sabor restaurante e marmitaria;Restaurante;R. Pres. Washington Luís, 338 - Bessa, João Pessoa - PB, 58035-340;4.6;79;ChIJ71Tv30HdrAcR40bAo1GUO-0;https://www.google.com/maps/place/?q=place_id:ChIJ71Tv30HdrAcR40bAo1GUO-0;marmitaria Cabedelo PB;Poco;@-7.0205,-34.8426,15z;outside_cabedelo_or_location_uncertain
duplicate_in_run;D Lay Refeições - Marmitaria;Restaurante de almoço;Av. Ambrósio Miranda de Araújo - Renascer, Cabedelo - PB, 58310-000;;;ChIJ7x-TOz7drAcRBMvOXw4vkwg;https://www.google.com/maps/place/?q=place_id:ChIJ7x-TOz7drAcRBMvOXw4vkwg;marmitaria Cabedelo PB;Poco;@-7.0205,-34.8426,15z;duplicate_in_run
duplicate_in_run;Marmitaria Jacaré;Restaurante;R. Jair Cunha Cavalcanti - Lot. Oceania VI, Cabedelo - PB, 58105-700;4;7;ChIJLbuvLDrerAcRPu-x6bYXe_4;https://www.google.com/maps/place/?q=place_id:ChIJLbuvLDrerAcRPu-x6bYXe_4;marmitaria Cabedelo PB;Poco;@-7.0205,-34.8426,15z;duplicate_in_run
accepted;LeFit - Comida Saudável;Delivery;Av. Oceano Pacífico - Intermares, Cabedelo - PB, 58102-236;1;1;ChIJ9x9S-G_frAcR3U7k4qp8dSQ;https://www.google.com/maps/place/?q=place_id:ChIJ9x9S-G_frAcR3U7k4qp8dSQ;marmitaria Cabedelo PB;Poco;@-7.0205,-34.8426,15z;food_scope
already_in_database;Espetinho da praia Intermares;Restaurante;Av. Oceano Atlântico, 1972 - Intermares, Cabedelo - PB, 58310-000;4.4;772;ChIJE-mcRMTfrAcRBThGnfI6x2c;https://www.google.com/maps/place/?q=place_id:ChIJE-mcRMTfrAcRBThGnfI6x2c;espetinho Cabedelo PB;Poco;@-7.0205,-34.8426,15z;already_in_database
rejected;Espetinho da Rafa Camboinha;Bar;Av. Max Zagel, 16 - Jardim Jerico, Cabedelo - PB, 58310-000;4.9;19;ChIJOWgbm17frAcRk4X3wNNiTBA;https://www.google.com/maps/place/?q=place_id:ChIJOWgbm17frAcRk4X3wNNiTBA;espetinho Cabedelo PB;Poco;@-7.0205,-34.8426,15z;not_clearly_food_establishment
duplicate_in_run;Rope Espetos;Restaurante de churrasquinho;Av. Oceano Atlântico, 422 - Intermares, Cabedelo - PB, 58102-252;4.5;13;ChIJmbbN-K3frAcRsyfJ94pu17s;https://www.google.com/maps/place/?q=place_id:ChIJmbbN-K3frAcRsyfJ94pu17s;espetinho Cabedelo PB;Poco;@-7.0205,-34.8426,15z;duplicate_in_run
already_in_database;Oliver Grill e Espetos;Restaurante brasileiro;Av. Oceano Índico, 928 - Intermares, Cabedelo - PB, 58102-222;4.9;54;ChIJf5cN1cDfrAcRCKHM1M2eY_Y;https://www.google.com/maps/place/?q=place_id:ChIJf5cN1cDfrAcRCKHM1M2eY_Y;espetinho Cabedelo PB;Poco;@-7.0205,-34.8426,15z;already_in_database
duplicate_in_run;Espetinho lá Brasil;Restaurante de churrasquinho;Av. Oceano Pacífico - Intermares, Cabedelo - PB, 58102-236;4;4;ChIJnV7DIgbfrAcR2KjlFmSKYJ8;https://www.google.com/maps/place/?q=place_id:ChIJnV7DIgbfrAcR2KjlFmSKYJ8;espetinho Cabedelo PB;Poco;@-7.0205,-34.8426,15z;duplicate_in_run
already_in_database;Lovina Ponta de Campina | Bar | Restaurante em Cabedelo;Restaurante;R. Vitorino Cardoso, 908 - Ponta de Campina, Cabedelo - PB, 58101-510;4.4;10742;ChIJdbKCxUTerAcRNmBt0eRrdX8;https://www.google.com/maps/place/?q=place_id:ChIJdbKCxUTerAcRNmBt0eRrdX8;espetinho Cabedelo PB;Poco;@-7.0205,-34.8426,15z;already_in_database
rejected;Espetinho da Neide (galega );Área para churrasco;R. Jair Cunha Cavalcanti - Lot. Oceania VI, Cabedelo - PB, 58310-000;5;3;ChIJkS4yB_jfrAcRqBXX8hyz1d4;https://www.google.com/maps/place/?q=place_id:ChIJkS4yB_jfrAcRqBXX8hyz1d4;espetinho Cabedelo PB;Poco;@-7.0205,-34.8426,15z;not_clearly_food_establishment
rejected;Espetinho união;;Passarela Peixe Boi, R. da Enseada - Ponta de Campina, Cabedelo - PB, 58310-000;5;2;ChIJ9UaKIgDfrAcRVSYGCG9IG8s;https://www.google.com/maps/place/?q=place_id:ChIJ9UaKIgDfrAcRVSYGCG9IG8s;espetinho Cabedelo PB;Poco;@-7.0205,-34.8426,15z;not_clearly_food_establishment
already_in_database;Numar Bar e Restaurante;Bar;Av. Oceano Atlântico, 878 - Intermares, Cabedelo - PB, 58310-000;4.5;1370;ChIJ29wxE1zfrAcRAXclbUaSW8w;https://www.google.com/maps/place/?q=place_id:ChIJ29wxE1zfrAcRAXclbUaSW8w;espetinho Cabedelo PB;Poco;@-7.0205,-34.8426,15z;already_in_database
duplicate_in_run;Espetinho do xandao;Churrascaria;R. da Enseada, 1215 - Ponta de Campina, Cabedelo - PB, 58101-640;4;4;ChIJCcURbQDfrAcRhFrZD2Ih3qI;https://www.google.com/maps/place/?q=place_id:ChIJCcURbQDfrAcRhFrZD2Ih3qI;espetinho Cabedelo PB;Poco;@-7.0205,-34.8426,15z;duplicate_in_run
rejected;Badionaldo;Bar;R. Vitorino Cardoso, 780 - Lot. Vitorino Cardoso, Cabedelo - PB, 58101-510;3.7;111;ChIJLV_DEEPfrAcRnoTIdvp3Ch0;https://www.google.com/maps/place/?q=place_id:ChIJLV_DEEPfrAcRnoTIdvp3Ch0;espetinho Cabedelo PB;Poco;@-7.0205,-34.8426,15z;not_clearly_food_establishment
rejected;Espetinho Do Jorge;;R. Carolino Cardoso - Lot. Vitorino Cardoso, Cabedelo - PB, 58101-502;4;2;ChIJ07vP-0verAcRwU1RGY6vTT4;https://www.google.com/maps/place/?q=place_id:ChIJ07vP-0verAcRwU1RGY6vTT4;espetinho Cabedelo PB;Poco;@-7.0205,-34.8426,15z;not_clearly_food_establishment
already_in_database;Ancoradouro Ponta de Campina;Restaurante;R. Henrique Siqueira, 242 - Ponta de Campina, Cabedelo - PB, 58310-000;3.9;495;ChIJZ2RoyxLfrAcRupeEWBQrnEc;https://www.google.com/maps/place/?q=place_id:ChIJZ2RoyxLfrAcRupeEWBQrnEc;espetinho Cabedelo PB;Poco;@-7.0205,-34.8426,15z;already_in_database
rejected;ESPETINHO DO GAUCHO;;R. Honório Patrício dos Santos, 44 - Recanto do Poço, Cabedelo - PB, 58105-084;;;ChIJQf5xz0verAcRud7oMR4ySFI;https://www.google.com/maps/place/?q=place_id:ChIJQf5xz0verAcRud7oMR4ySFI;espetinho Cabedelo PB;Poco;@-7.0205,-34.8426,15z;not_clearly_food_establishment
rejected;Verano Praia Bar;Bar;Av. Pastor José Alves de Oliveira, 848 - Areia Dourada, Cabedelo - PB, 58101-205;4.4;324;ChIJh0FVTwvfrAcRloIZE5Iit7w;https://www.google.com/maps/place/?q=place_id:ChIJh0FVTwvfrAcRloIZE5Iit7w;espetinho Cabedelo PB;Poco;@-7.0205,-34.8426,15z;not_clearly_food_establishment
rejected;Espetinho da nathy;Bar;R. Milton Macedo da Cruz - Lot. Oceania VI, Cabedelo - PB, 58105-565;;;ChIJzXGoDwDfrAcRBVtdioezIwc;https://www.google.com/maps/place/?q=place_id:ChIJzXGoDwDfrAcRBVtdioezIwc;espetinho Cabedelo PB;Poco;@-7.0205,-34.8426,15z;not_clearly_food_establishment
already_in_database;Restaurante Recanto do Picuí Intermares;Restaurante;R. Golfo Sidra, 72 - Intermares, Cabedelo - PB, 58310-000;4.5;1267;ChIJ7xU6NRLerAcRpPuWqjv1L7c;https://www.google.com/maps/place/?q=place_id:ChIJ7xU6NRLerAcRpPuWqjv1L7c;espetinho Cabedelo PB;Poco;@-7.0205,-34.8426,15z;already_in_database
already_in_database;Praçaí - Intermares;Lanchonete;Av. Oceano Pacífico, s/n - Intermares, Cabedelo - PB, 58310-000;4.5;238;ChIJ1cAVK23erAcRCUpJ50T3ULs;https://www.google.com/maps/place/?q=place_id:ChIJ1cAVK23erAcRCUpJ50T3ULs;espetinho Cabedelo PB;Poco;@-7.0205,-34.8426,15z;already_in_database
already_in_database;Primo Rico;Restaurante self-service;Av. Oceano Atlântico, S/N - Intermares, Cabedelo - PB, 58102-236;4.3;903;ChIJ7aVpYzjfrAcRexvAqkdbRwU;https://www.google.com/maps/place/?q=place_id:ChIJ7aVpYzjfrAcRexvAqkdbRwU;espetinho Cabedelo PB;Poco;@-7.0205,-34.8426,15z;already_in_database
already_in_database;Cibelly Bar & Restaurante;Bar e restaurante de ostras;Rua Luna Pedrosa, 1260 - Poço, Cabedelo - PB, 58101-574;4.1;4295;ChIJ63V170_erAcRZ2vvWZseSgE;https://www.google.com/maps/place/?q=place_id:ChIJ63V170_erAcRZ2vvWZseSgE;espetinho Cabedelo PB;Poco;@-7.0205,-34.8426,15z;already_in_database
duplicate_in_run;Casa Do Pastel;Pastelaria brasileira;R. Honório Patrício dos Santos, 328 - Recanto do Poço, Cabedelo - PB, 58310-000;4.2;20;ChIJoc8jbkrerAcRh20OFIzRlDc;https://www.google.com/maps/place/?q=place_id:ChIJoc8jbkrerAcRh20OFIzRlDc;pastelaria Cabedelo PB;Camboinha;@-7.0125,-34.8302,15z;duplicate_in_run
already_in_database;Pastelaria Litorânea;Pastelaria brasileira;R. Sólon de Lucena, 19 - Vila Sao Joao, Cabedelo - PB, 58310-000;4.3;280;ChIJMwgi824grQcR0OCGiSGQ4Oc;https://www.google.com/maps/place/?q=place_id:ChIJMwgi824grQcR0OCGiSGQ4Oc;pastelaria Cabedelo PB;Camboinha;@-7.0125,-34.8302,15z;already_in_database
duplicate_in_run;Recanto do Pastel;Pastelaria brasileira;R. Gov. Antônio Mariz, 76 - Recanto do Poço, Cabedelo - PB, 58105-126;5;2;ChIJTbQRGwDfrAcRtHi9QRdHtfw;https://www.google.com/maps/place/?q=place_id:ChIJTbQRGwDfrAcRtHi9QRdHtfw;pastelaria Cabedelo PB;Camboinha;@-7.0125,-34.8302,15z;duplicate_in_run
already_in_database;La casa de pastel e La Pizza Premium;Pastelaria brasileira;Rua por trás do Campo Municipal, R. Primo José Viana, 463 - Centro, Cabedelo - PB, 58100-521;4.1;261;ChIJYSxGk8ghrQcRk9Nz0uySHBE;https://www.google.com/maps/place/?q=place_id:ChIJYSxGk8ghrQcRk9Nz0uySHBE;pastelaria Cabedelo PB;Camboinha;@-7.0125,-34.8302,15z;already_in_database
duplicate_in_run;Pastelaria em família;Pastelaria brasileira;R. São Miguel - Camalaú, Cabedelo - PB, 58103-212;5;1;ChIJS7zdL3bfrAcRkHxwCEWiiBQ;https://www.google.com/maps/place/?q=place_id:ChIJS7zdL3bfrAcRkHxwCEWiiBQ;pastelaria Cabedelo PB;Camboinha;@-7.0125,-34.8302,15z;duplicate_in_run
duplicate_in_run;Pastelaria Arretada;Pastelaria brasileira;R. Jair Cunha Cavalcanti - Jacaré, Cabedelo - PB, 58105-700;;;ChIJu3uW1J3frAcRSD7yg4vEUJg;https://www.google.com/maps/place/?q=place_id:ChIJu3uW1J3frAcRSD7yg4vEUJg;pastelaria Cabedelo PB;Camboinha;@-7.0125,-34.8302,15z;duplicate_in_run
rejected;Panificadora do Poço;Padaria;R. Carolino Cardoso, 177-245 - Lot. Vitorino Cardoso, Cabedelo - PB, 58310-000;4.2;293;ChIJD-aUzE3erAcRIs-tCW7mU0Q;https://www.google.com/maps/place/?q=place_id:ChIJD-aUzE3erAcRIs-tCW7mU0Q;pastelaria Cabedelo PB;Camboinha;@-7.0125,-34.8302,15z;excluded_category_or_name
duplicate_in_run;Big lanches camboinha;Pastelaria brasileira;R. Márcia Travassos, 165 - Camboinha, Cabedelo - PB, 58103-718;5;6;ChIJg_1fFG3frAcRQ_tg6GDYS08;https://www.google.com/maps/place/?q=place_id:ChIJg_1fFG3frAcRQ_tg6GDYS08;pastelaria Cabedelo PB;Camboinha;@-7.0125,-34.8302,15z;duplicate_in_run
rejected;P&B Doces e SALGADOS;Loja de bolos;Rua José Henrique de Miranda, 152 - Camalaú, Cabedelo - PB, 58103-122;4.9;10;ChIJm9ob5uzfrAcRiqnXg9Nwd2U;https://www.google.com/maps/place/?q=place_id:ChIJm9ob5uzfrAcRiqnXg9Nwd2U;pastelaria Cabedelo PB;Camboinha;@-7.0125,-34.8302,15z;excluded_category_or_name
rejected;Padaria Pandine;Padaria;Av. Mar Vermelho, 357 - Intermares, Cabedelo - PB, 58102-120;4.4;1096;ChIJP6gJ7w3erAcREADxKhazvuY;https://www.google.com/maps/place/?q=place_id:ChIJP6gJ7w3erAcREADxKhazvuY;pastelaria Cabedelo PB;Camboinha;@-7.0125,-34.8302,15z;excluded_category_or_name
rejected;Doce Amore;Confeitaria;R. Severino Teixeira de Oliveira, 44 - Ponta de Matos, Cabedelo - PB, 58100-665;4.8;19;ChIJcZIaMW4grQcR07Eo2rlVxiQ;https://www.google.com/maps/place/?q=place_id:ChIJcZIaMW4grQcR07Eo2rlVxiQ;pastelaria Cabedelo PB;Camboinha;@-7.0125,-34.8302,15z;not_clearly_food_establishment
already_in_database;Tia Graça Cafeteria e Doceria;Cafeteria;R. Golfo da China, 326 - Intermares, Cabedelo - PB, 58310-000;4.5;67;ChIJV8XbnLXfrAcRTzFbB-0OVFg;https://www.google.com/maps/place/?q=place_id:ChIJV8XbnLXfrAcRTzFbB-0OVFg;pastelaria Cabedelo PB;Camboinha;@-7.0125,-34.8302,15z;already_in_database
rejected;Tia Graça Doces E Salgados;Doceria;R. Pedro Aleixo Moura, 26 - Vila Sao Joao, Cabedelo - PB, 58310-000;4.6;414;ChIJazVfCHEgrQcRref-q7f7tNA;https://www.google.com/maps/place/?q=place_id:ChIJazVfCHEgrQcRref-q7f7tNA;pastelaria Cabedelo PB;Camboinha;@-7.0125,-34.8302,15z;not_clearly_food_establishment
duplicate_in_run;Pastelle (Pastelaria artesanal);Pastelaria brasileira;R. Raul Seixas - Renascer, Cabedelo - PB, 58108-122;4.8;6;ChIJKdiJIC7drAcRSmw3uvlT1t0;https://www.google.com/maps/place/?q=place_id:ChIJKdiJIC7drAcRSmw3uvlT1t0;pastelaria Cabedelo PB;Camboinha;@-7.0125,-34.8302,15z;duplicate_in_run
duplicate_in_run;Pastel do Thiago;Pastelaria brasileira;R. Sólon de Lucena - Ponta de Matos, Cabedelo - PB, 58100-570;4;9;ChIJkRCA8QQhrQcRdarr_EmBcBI;https://www.google.com/maps/place/?q=place_id:ChIJkRCA8QQhrQcRdarr_EmBcBI;pastelaria Cabedelo PB;Camboinha;@-7.0125,-34.8302,15z;duplicate_in_run
already_in_database;Primo Rico;Restaurante self-service;Av. Oceano Atlântico, S/N - Intermares, Cabedelo - PB, 58102-236;4.3;903;ChIJ7aVpYzjfrAcRexvAqkdbRwU;https://www.google.com/maps/place/?q=place_id:ChIJ7aVpYzjfrAcRexvAqkdbRwU;pastelaria Cabedelo PB;Camboinha;@-7.0125,-34.8302,15z;already_in_database
rejected;Panificadora Intermares;Padaria;Av. Oceano Índico, 375 - Intermares, Cabedelo - PB, 58102-222;4.1;82;ChIJQ50DHaLfrAcRSavcugBsAmM;https://www.google.com/maps/place/?q=place_id:ChIJQ50DHaLfrAcRSavcugBsAmM;pastelaria Cabedelo PB;Camboinha;@-7.0125,-34.8302,15z;excluded_category_or_name
rejected;Padaria Eldorado Intermares;Padaria;Av. Mar Vermelho, 263 - Intermares, Cabedelo - PB, 58102-120;4.3;573;ChIJ8fLcFhXfrAcRa8uPR7mcTcU;https://www.google.com/maps/place/?q=place_id:ChIJ8fLcFhXfrAcRa8uPR7mcTcU;pastelaria Cabedelo PB;Camboinha;@-7.0125,-34.8302,15z;excluded_category_or_name
rejected;Doces Lis;Doceria;Av. Oceano Índico - Intermares, Cabedelo - PB, 58102-222;5;21;ChIJcwmDb1DfrAcRNXjP51h-48o;https://www.google.com/maps/place/?q=place_id:ChIJcwmDb1DfrAcRNXjP51h-48o;pastelaria Cabedelo PB;Camboinha;@-7.0125,-34.8302,15z;not_clearly_food_establishment
already_in_database;Mega Pizza;Pizzaria;Av. Mar Vermelho, 357 - Intermares, Cabedelo - PB, 58310-000;4;506;ChIJP6gJ7w3erAcRPbZmhVXL0gQ;https://www.google.com/maps/place/?q=place_id:ChIJP6gJ7w3erAcRPbZmhVXL0gQ;pastelaria Cabedelo PB;Camboinha;@-7.0125,-34.8302,15z;already_in_database
rejected;A Ferro Y Fogo Churrasco & Burger Artesanal na Brasa;Restaurante;Av. Oceano Atlântico, 1592 - Shopping GetMall - Ponta de Campina, Cabedelo - PB, 58101-650;3.9;39;ChIJNWudC1nfrAcRZp_VOIvsXTQ;https://www.google.com/maps/place/?q=place_id:ChIJNWudC1nfrAcRZp_VOIvsXTQ;churrascaria Cabedelo PB;Camboinha;@-7.0125,-34.8302,15z;excluded_category_or_name
already_in_database;CTG Saudade Da Querência;Restaurante;R. João Santos Coelho Filho, 125 - Lot. Praia Grande, Cabedelo - PB, 58310-000;4.6;293;ChIJv8vnDLPfrAcR2d01H7Lb744;https://www.google.com/maps/place/?q=place_id:ChIJv8vnDLPfrAcR2d01H7Lb744;churrascaria Cabedelo PB;Camboinha;@-7.0125,-34.8302,15z;already_in_database
already_in_database;churrascaria do biu;Churrascaria;R. Carolino Cardoso, 248-328 - Lot. Vitorino Cardoso, Cabedelo - PB, 58310-000;4.2;142;ChIJi2YYOkzerAcRnZgoaC-xOvY;https://www.google.com/maps/place/?q=place_id:ChIJi2YYOkzerAcRnZgoaC-xOvY;churrascaria Cabedelo PB;Camboinha;@-7.0125,-34.8302,15z;already_in_database
already_in_database;Churrascaria do Caicó;Churrascaria;R, Av. Pastor José Alves de Oliveira, 365 - Centro, Cabedelo - PB, 58100-222;4.3;753;ChIJVaKROncgrQcR5lpnht-FotI;https://www.google.com/maps/place/?q=place_id:ChIJVaKROncgrQcR5lpnht-FotI;churrascaria Cabedelo PB;Camboinha;@-7.0125,-34.8302,15z;already_in_database
already_in_database;Lovina Ponta de Campina | Bar | Restaurante em Cabedelo;Restaurante;R. Vitorino Cardoso, 908 - Ponta de Campina, Cabedelo - PB, 58101-510;4.4;10742;ChIJdbKCxUTerAcRNmBt0eRrdX8;https://www.google.com/maps/place/?q=place_id:ChIJdbKCxUTerAcRNmBt0eRrdX8;churrascaria Cabedelo PB;Camboinha;@-7.0125,-34.8302,15z;already_in_database
already_in_database;Restaurante Recanto do Picuí Intermares;Churrascaria;R. Golfo Sidra, 72 - Intermares, Cabedelo - PB, 58310-000;4.5;1267;ChIJ7xU6NRLerAcRpPuWqjv1L7c;https://www.google.com/maps/place/?q=place_id:ChIJ7xU6NRLerAcRpPuWqjv1L7c;churrascaria Cabedelo PB;Camboinha;@-7.0125,-34.8302,15z;already_in_database
already_in_database;Ancoradouro Ponta de Campina;Restaurante;R. Henrique Siqueira, 242 - Ponta de Campina, Cabedelo - PB, 58310-000;3.9;495;ChIJZ2RoyxLfrAcRupeEWBQrnEc;https://www.google.com/maps/place/?q=place_id:ChIJZ2RoyxLfrAcRupeEWBQrnEc;churrascaria Cabedelo PB;Camboinha;@-7.0125,-34.8302,15z;already_in_database
already_in_database;Ilha Dourada Restaurante;Restaurante de frutos do mar;BR -230, R. José Américo de Almeida Filho, s/n - Areia Dourada, Cabedelo - PB, 58101-212;4.2;3161;ChIJ19PDcIXfrAcRzBwfL7gvIIs;https://www.google.com/maps/place/?q=place_id:ChIJ19PDcIXfrAcRzBwfL7gvIIs;churrascaria Cabedelo PB;Camboinha;@-7.0125,-34.8302,15z;already_in_database
already_in_database;Espetinho da praia Intermares;Restaurante;Av. Oceano Atlântico, 1972 - Intermares, Cabedelo - PB, 58310-000;4.4;772;ChIJE-mcRMTfrAcRBThGnfI6x2c;https://www.google.com/maps/place/?q=place_id:ChIJE-mcRMTfrAcRBThGnfI6x2c;churrascaria Cabedelo PB;Camboinha;@-7.0125,-34.8302,15z;already_in_database
duplicate_in_run;Restaurante Self Sabor;Restaurante self-service;R. Carolino Cardoso, 361 - Lot. Vitorino Cardoso, Cabedelo - PB, 58101-502;5;1;ChIJCauHMEbfrAcRkfIWALUqaWo;https://www.google.com/maps/place/?q=place_id:ChIJCauHMEbfrAcRkfIWALUqaWo;churrascaria Cabedelo PB;Camboinha;@-7.0125,-34.8302,15z;duplicate_in_run
already_in_database;Self service da GG;Restaurante self-service;R. Jair Cunha Cavalcanti, 328 - Lot. Oceania VI, Cabedelo - PB, 58310-000;5;1;ChIJXSZHbgDfrAcR7WzEKqOnmgI;https://www.google.com/maps/place/?q=place_id:ChIJXSZHbgDfrAcR7WzEKqOnmgI;churrascaria Cabedelo PB;Camboinha;@-7.0125,-34.8302,15z;already_in_database
already_in_database;Melhor Sabor - Churrascaria e Self-Service;Churrascaria;R. João Clementino Gomes, 638 - Renascer, Cabedelo - PB, 58108-088;4.8;18;ChIJm6UA9qrdrAcR5Z_cuLUAO4k;https://www.google.com/maps/place/?q=place_id:ChIJm6UA9qrdrAcR5Z_cuLUAO4k;churrascaria Cabedelo PB;Camboinha;@-7.0125,-34.8302,15z;already_in_database
already_in_database;Bom Tempero Restaurante;Restaurante self-service;Av. Maria de Oliveira Gomes - Portal do Poço, Cabedelo - PB, 58310-000;4.7;17;ChIJQwyZx_vfrAcRqBvYbKyyPhQ;https://www.google.com/maps/place/?q=place_id:ChIJQwyZx_vfrAcRqBvYbKyyPhQ;churrascaria Cabedelo PB;Camboinha;@-7.0125,-34.8302,15z;already_in_database
rejected;Verano Praia Bar;Bar;Av. Pastor José Alves de Oliveira, 848 - Areia Dourada, Cabedelo - PB, 58101-205;4.4;324;ChIJh0FVTwvfrAcRloIZE5Iit7w;https://www.google.com/maps/place/?q=place_id:ChIJh0FVTwvfrAcRloIZE5Iit7w;churrascaria Cabedelo PB;Camboinha;@-7.0125,-34.8302,15z;not_clearly_food_establishment
duplicate_in_run;Esquina do galeto;Churrascaria;Rua Rosa vieira,245-B praia do poço, Cabedelo - PB;5;1;ChIJW2UlHc_frAcRt9uoQzA6qyY;https://www.google.com/maps/place/?q=place_id:ChIJW2UlHc_frAcRt9uoQzA6qyY;churrascaria Cabedelo PB;Camboinha;@-7.0125,-34.8302,15z;duplicate_in_run
already_in_database;Oliver Grill e Espetos;Restaurante brasileiro;Av. Oceano Índico, 928 - Intermares, Cabedelo - PB, 58102-222;4.9;54;ChIJf5cN1cDfrAcRCKHM1M2eY_Y;https://www.google.com/maps/place/?q=place_id:ChIJf5cN1cDfrAcRCKHM1M2eY_Y;churrascaria Cabedelo PB;Camboinha;@-7.0125,-34.8302,15z;already_in_database
rejected;Badionaldo;Bar;R. Vitorino Cardoso, 780 - Lot. Vitorino Cardoso, Cabedelo - PB, 58101-510;3.7;111;ChIJLV_DEEPfrAcRnoTIdvp3Ch0;https://www.google.com/maps/place/?q=place_id:ChIJLV_DEEPfrAcRnoTIdvp3Ch0;churrascaria Cabedelo PB;Camboinha;@-7.0125,-34.8302,15z;not_clearly_food_establishment
accepted;gat mal ponta de campina;Churrascaria;Av. Oceano Atlântico - Intermares, Cabedelo - PB, 58102-252;;;ChIJDSGSbgDfrAcRN4jq4u0ciKg;https://www.google.com/maps/place/?q=place_id:ChIJDSGSbgDfrAcRN4jq4u0ciKg;churrascaria Cabedelo PB;Camboinha;@-7.0125,-34.8302,15z;food_scope
already_in_database;Galeteria D'intermares;Restaurante de carne;R. Golfo Veneza, 28 - Intermares, Cabedelo - PB, 58102-122;4.1;470;ChIJu2aD0g7erAcRzicvJXx-8yI;https://www.google.com/maps/place/?q=place_id:ChIJu2aD0g7erAcRzicvJXx-8yI;churrascaria Cabedelo PB;Camboinha;@-7.0125,-34.8302,15z;already_in_database
rejected;Buffet de Crepe | Empire Buffet em domicilio | Churrasco | Coffee Break | Feijoada;Serviço de catering;R. Antônio Neves, 284 - Poço, Cabedelo - PB, 58101-528;;;ChIJcYFXPuPfrAcRxJjoK1KOAJg;https://www.google.com/maps/place/?q=place_id:ChIJcYFXPuPfrAcRxJjoK1KOAJg;churrascaria Cabedelo PB;Camboinha;@-7.0125,-34.8302,15z;excluded_category_or_name
already_in_database;Sakê Temakeria Ponta de Campina, Cabedelo;Restaurante japonês;Av. Oceano Atlântico, 1592 - Sl 16 E 17 - Ponta de Campina, Cabedelo - PB, 58310-000;4.7;261;ChIJ2Xj63j_drAcRrllAg3GcmOU;https://www.google.com/maps/place/?q=place_id:ChIJ2Xj63j_drAcRrllAg3GcmOU;comida japonesa Cabedelo PB;Camboinha;@-7.0125,-34.8302,15z;already_in_database
already_in_database;A Casa do Temakinho;Restaurante;Av. Mar da Irlanda, 222 - Intermares, Cabedelo - PB, 58310-000;4.9;150;ChIJK77pAsvfrAcRDJoNP1VhTVo;https://www.google.com/maps/place/?q=place_id:ChIJK77pAsvfrAcRDJoNP1VhTVo;comida japonesa Cabedelo PB;Camboinha;@-7.0125,-34.8302,15z;already_in_database
already_in_database;Espaço Do Sushi;Restaurante;R. Juarez Távora - Camalaú, Cabedelo - PB, 58310-000;4.2;33;ChIJLZuM-3YgrQcRxc7_zhcQ3Y0;https://www.google.com/maps/place/?q=place_id:ChIJLZuM-3YgrQcRxc7_zhcQ3Y0;comida japonesa Cabedelo PB;Camboinha;@-7.0125,-34.8302,15z;already_in_database
already_in_database;Sushiyaki Restaurante;Restaurante japonês;R. Ten. Antônio Pontes, 381 - Ponta de Matos, Cabedelo - PB, 58100-645;4.7;10;ChIJoZsj3b7frAcRjoZUr5Cg7Uw;https://www.google.com/maps/place/?q=place_id:ChIJoZsj3b7frAcRjoZUr5Cg7Uw;comida japonesa Cabedelo PB;Camboinha;@-7.0125,-34.8302,15z;already_in_database
rejected;Novo Oriente Intermares;Restaurante de sushi;Av. Mar Vermelho, 35 - Intermares, Cabedelo - PB, 58102-120;4.2;1378;ChIJN9JFAA7erAcR7c6fN6tma_g;https://www.google.com/maps/place/?q=place_id:ChIJN9JFAA7erAcR7c6fN6tma_g;comida japonesa Cabedelo PB;Camboinha;@-7.0125,-34.8302,15z;excluded_category_or_name
already_in_database;Pipa Sushi & Temakeria;Restaurante de sushi;Av. Mar das Antilhas - Intermares, Cabedelo - PB, 58310-000;4.3;292;ChIJm1Mywg3erAcRAs4OIMpvJqk;https://www.google.com/maps/place/?q=place_id:ChIJm1Mywg3erAcRAs4OIMpvJqk;comida japonesa Cabedelo PB;Camboinha;@-7.0125,-34.8302,15z;already_in_database
rejected;GETMall;Praça de alimentação;Av. Oceano Atlântico, 1592 - Ponta de Campina, Cabedelo - PB, 58310-000;4.3;103;ChIJX7HMo6rdrAcRCeFWODir8Rw;https://www.google.com/maps/place/?q=place_id:ChIJX7HMo6rdrAcRCeFWODir8Rw;comida japonesa Cabedelo PB;Camboinha;@-7.0125,-34.8302,15z;excluded_category_or_name
rejected;King Pet Shop;Pet Shop;Avenida Oceano Atlântico 1592, Shopping Get Mall, loja 09 - Ponta de Campina, Cabedelo - PB, 58101-650;4.9;28;ChIJxwSsoe_frAcRrX495qlRcCs;https://www.google.com/maps/place/?q=place_id:ChIJxwSsoe_frAcRrX495qlRcCs;comida japonesa Cabedelo PB;Camboinha;@-7.0125,-34.8302,15z;excluded_category_or_name
rejected;Pescados Frio Sul;Fornecedor;R. Nova Floresta, 5026 - Jardim Camboinha, Cabedelo - PB, 58103-743;4.6;54;ChIJP6Ulem0grQcRkkO0UWiC0_U;https://www.google.com/maps/place/?q=place_id:ChIJP6Ulem0grQcRkkO0UWiC0_U;comida japonesa Cabedelo PB;Camboinha;@-7.0125,-34.8302,15z;not_clearly_food_establishment
already_in_database;Viciados em Sushi;Restaurante japonês;R. Pedro Aleixo Moura, 34 - Centro, Cabedelo - PB, 58100-210;4.4;193;ChIJ_c5MVHEgrQcRB4CuNV0soio;https://www.google.com/maps/place/?q=place_id:ChIJ_c5MVHEgrQcRB4CuNV0soio;comida japonesa Cabedelo PB;Camboinha;@-7.0125,-34.8302,15z;already_in_database
already_in_database;Sakê Temakeria Ponta de Campina, Cabedelo;Restaurante japonês;Av. Oceano Atlântico, 1592 - Sl 16 E 17 - Ponta de Campina, Cabedelo - PB, 58310-000;4.7;261;ChIJ2Xj63j_drAcRrllAg3GcmOU;https://www.google.com/maps/place/?q=place_id:ChIJ2Xj63j_drAcRrllAg3GcmOU;japones Cabedelo PB;Camboinha;@-7.0125,-34.8302,15z;already_in_database
already_in_database;A Casa do Temakinho;Restaurante;Av. Mar da Irlanda, 222 - Intermares, Cabedelo - PB, 58310-000;4.9;150;ChIJK77pAsvfrAcRDJoNP1VhTVo;https://www.google.com/maps/place/?q=place_id:ChIJK77pAsvfrAcRDJoNP1VhTVo;japones Cabedelo PB;Camboinha;@-7.0125,-34.8302,15z;already_in_database
already_in_database;Espaço Do Sushi;Restaurante;R. Juarez Távora - Camalaú, Cabedelo - PB, 58310-000;4.2;33;ChIJLZuM-3YgrQcRxc7_zhcQ3Y0;https://www.google.com/maps/place/?q=place_id:ChIJLZuM-3YgrQcRxc7_zhcQ3Y0;japones Cabedelo PB;Camboinha;@-7.0125,-34.8302,15z;already_in_database
already_in_database;Sushiyaki Restaurante;Restaurante japonês;R. Ten. Antônio Pontes, 381 - Ponta de Matos, Cabedelo - PB, 58100-645;4.7;10;ChIJoZsj3b7frAcRjoZUr5Cg7Uw;https://www.google.com/maps/place/?q=place_id:ChIJoZsj3b7frAcRjoZUr5Cg7Uw;japones Cabedelo PB;Camboinha;@-7.0125,-34.8302,15z;already_in_database
already_in_database;Pipa Sushi & Temakeria;Restaurante de sushi;Av. Mar das Antilhas - Intermares, Cabedelo - PB, 58310-000;4.3;292;ChIJm1Mywg3erAcRAs4OIMpvJqk;https://www.google.com/maps/place/?q=place_id:ChIJm1Mywg3erAcRAs4OIMpvJqk;japones Cabedelo PB;Camboinha;@-7.0125,-34.8302,15z;already_in_database
rejected;Novo Oriente Intermares;Restaurante de sushi;Av. Mar Vermelho, 35 - Intermares, Cabedelo - PB, 58102-120;4.2;1378;ChIJN9JFAA7erAcR7c6fN6tma_g;https://www.google.com/maps/place/?q=place_id:ChIJN9JFAA7erAcR7c6fN6tma_g;japones Cabedelo PB;Camboinha;@-7.0125,-34.8302,15z;excluded_category_or_name
rejected;GETMall;Praça de alimentação;Av. Oceano Atlântico, 1592 - Ponta de Campina, Cabedelo - PB, 58310-000;4.3;103;ChIJX7HMo6rdrAcRCeFWODir8Rw;https://www.google.com/maps/place/?q=place_id:ChIJX7HMo6rdrAcRCeFWODir8Rw;japones Cabedelo PB;Camboinha;@-7.0125,-34.8302,15z;excluded_category_or_name
already_in_database;Viciados em Sushi;Restaurante japonês;R. Pedro Aleixo Moura, 34 - Centro, Cabedelo - PB, 58100-210;4.4;193;ChIJ_c5MVHEgrQcRB4CuNV0soio;https://www.google.com/maps/place/?q=place_id:ChIJ_c5MVHEgrQcRB4CuNV0soio;japones Cabedelo PB;Camboinha;@-7.0125,-34.8302,15z;already_in_database
already_in_database;Tapiocaria do Dinho;Restaurante;Av. Ambrósio Miranda de Araújo - Renascer, Cabedelo - PB, 58033-455;4.6;154;ChIJZyUKWFjdrAcRuY-QSDtiyL8;https://www.google.com/maps/place/?q=place_id:ChIJZyUKWFjdrAcRuY-QSDtiyL8;tapiocaria Cabedelo PB;Camboinha;@-7.0125,-34.8302,15z;already_in_database
rejected;Tapioca Da Cleide- Onda Mar;Lanchonete;Onda Mar Praia Shopping, 58102-120, Av. Mar Vermelho, 357 - Intermares, Cabedelo - PB, 58102-120;4.5;51;ChIJDcsJwQ3erAcR04pQAVkyyEM;https://www.google.com/maps/place/?q=place_id:ChIJDcsJwQ3erAcR04pQAVkyyEM;tapiocaria Cabedelo PB;Camboinha;@-7.0125,-34.8302,15z;excluded_category_or_name
already_in_database;Tapiocaria da zeti;Lanchonete;Av. Pôr do Sol, Cabedelo - PB, 58310-000;5;20;ChIJYwNhcVnfrAcRJ4jZPLua8uw;https://www.google.com/maps/place/?q=place_id:ChIJYwNhcVnfrAcRJ4jZPLua8uw;tapiocaria Cabedelo PB;Camboinha;@-7.0125,-34.8302,15z;already_in_database
already_in_database;Rainha da tapioca;Cafeteria;R. Milton Macedo da Cruz - Lot. Oceania, Cabedelo - PB, 58105-565;;;ChIJ93ysPw3frAcRBYFSISTdBS4;https://www.google.com/maps/place/?q=place_id:ChIJ93ysPw3frAcRBYFSISTdBS4;tapiocaria Cabedelo PB;Camboinha;@-7.0125,-34.8302,15z;already_in_database
already_in_database;Casa de Taipa;Restaurante;R. Vitorino Cardoso, s/n - Praia do poço, Cabedelo - PB, 58101-502;4.5;58;ChIJH9sgyE_erAcROIxiz0-fEqI;https://www.google.com/maps/place/?q=place_id:ChIJH9sgyE_erAcROIxiz0-fEqI;tapiocaria Cabedelo PB;Camboinha;@-7.0125,-34.8302,15z;already_in_database
duplicate_in_run;Tapiocaria da Edna Paraiba;Lanchonete;R. Praia do Jacaré - Jacaré, Cabedelo - PB, 58310-000;3.5;8;ChIJUY5qWRvfrAcRK8-qD7N9ni4;https://www.google.com/maps/place/?q=place_id:ChIJUY5qWRvfrAcRK8-qD7N9ni4;tapiocaria Cabedelo PB;Camboinha;@-7.0125,-34.8302,15z;duplicate_in_run
already_in_database;Lovina Ponta de Campina | Bar | Restaurante em Cabedelo;Restaurante;R. Vitorino Cardoso, 908 - Ponta de Campina, Cabedelo - PB, 58101-510;4.4;10742;ChIJdbKCxUTerAcRNmBt0eRrdX8;https://www.google.com/maps/place/?q=place_id:ChIJdbKCxUTerAcRNmBt0eRrdX8;tapiocaria Cabedelo PB;Camboinha;@-7.0125,-34.8302,15z;already_in_database
duplicate_in_run;Bonitinha das tapiocas;Café;Av. Pôr do Sol, Cabedelo - PB, 58310-000;4.2;9;ChIJ5WIHvhrfrAcRFwG3RLaJgCA;https://www.google.com/maps/place/?q=place_id:ChIJ5WIHvhrfrAcRFwG3RLaJgCA;tapiocaria Cabedelo PB;Camboinha;@-7.0125,-34.8302,15z;duplicate_in_run
already_in_database;Chié artesanato e comedoria;Café;R. Praia do Jacaré - Intermares, Cabedelo - PB, 58310-000;4;40;ChIJTwa4MA_frAcR4t0Vizs3ozY;https://www.google.com/maps/place/?q=place_id:ChIJTwa4MA_frAcR4t0Vizs3ozY;tapiocaria Cabedelo PB;Camboinha;@-7.0125,-34.8302,15z;already_in_database
already_in_database;Praçaí - Intermares;Lanchonete;Av. Oceano Pacífico, s/n - Intermares, Cabedelo - PB, 58310-000;4.5;238;ChIJ1cAVK23erAcRCUpJ50T3ULs;https://www.google.com/maps/place/?q=place_id:ChIJ1cAVK23erAcRCUpJ50T3ULs;tapiocaria Cabedelo PB;Camboinha;@-7.0125,-34.8302,15z;already_in_database
already_in_database;Tia Graça Cafeteria e Doceria;Cafeteria;R. Golfo da China, 326 - Intermares, Cabedelo - PB, 58310-000;4.5;67;ChIJV8XbnLXfrAcRTzFbB-0OVFg;https://www.google.com/maps/place/?q=place_id:ChIJV8XbnLXfrAcRTzFbB-0OVFg;tapiocaria Cabedelo PB;Camboinha;@-7.0125,-34.8302,15z;already_in_database
rejected;TreeHouse Bar Lounge - Por do sol João Pessoa;Bar;R. Pôr do Sol, s/n, Cabedelo - PB, 58310-000;4.5;1125;ChIJ33JsoxverAcRwnzfHW9fJTI;https://www.google.com/maps/place/?q=place_id:ChIJ33JsoxverAcRwnzfHW9fJTI;tapiocaria Cabedelo PB;Camboinha;@-7.0125,-34.8302,15z;excluded_category_or_name
already_in_database;Sax Café - Por do Sol da Praia do Jacaré Cabedelo/PB;Restaurante;Pôr do Sol, R. Praia do Jacaré, Cabedelo - PB, 58310-000;4.5;102;ChIJ42uw2z3frAcRpvqGhKXp_LM;https://www.google.com/maps/place/?q=place_id:ChIJ42uw2z3frAcRpvqGhKXp_LM;tapiocaria Cabedelo PB;Camboinha;@-7.0125,-34.8302,15z;already_in_database
rejected;Praça do açaí de Intermares;Playground;1548, Av. Oceano Atlântico, 1164 - Intermares, Cabedelo - PB, 58310-000;4.5;176;ChIJ-60_Km3erAcRRKoxlE8MUyc;https://www.google.com/maps/place/?q=place_id:ChIJ-60_Km3erAcRRKoxlE8MUyc;tapiocaria Cabedelo PB;Camboinha;@-7.0125,-34.8302,15z;excluded_category_or_name
rejected;Tapiocaria da Leuda;Loja de comidas naturais;;4;1;ChIJ71V6ieLfrAcRTnwSGZtpHW8;https://www.google.com/maps/place/?q=place_id:ChIJ71V6ieLfrAcRTnwSGZtpHW8;tapiocaria Cabedelo PB;Camboinha;@-7.0125,-34.8302,15z;outside_cabedelo_or_location_uncertain
duplicate_in_run;Tapioca Sabor Natural;Restaurante;R. Dr. João Mata, 25 - Vila Sao Joao, Cabedelo - PB, 58310-000;5;1;ChIJ9QK8THIgrQcRvo8cmxxpnWg;https://www.google.com/maps/place/?q=place_id:ChIJ9QK8THIgrQcRvo8cmxxpnWg;tapiocaria Cabedelo PB;Camboinha;@-7.0125,-34.8302,15z;duplicate_in_run
duplicate_in_run;Tapiocaria da moça;Lanchonete;Na, Juarez Távora, praça padre cicero - Camalaú, Cabedelo - PB, 58328-000;3;2;ChIJvdD_Pj4hrQcRy4Mgdq9GZi4;https://www.google.com/maps/place/?q=place_id:ChIJvdD_Pj4hrQcRy4Mgdq9GZi4;tapiocaria Cabedelo PB;Camboinha;@-7.0125,-34.8302,15z;duplicate_in_run
duplicate_in_run;ESFIELDS;Delivery;Av. Oceano Atlântico - Ponta de Campina, Cabedelo - PB, 58101-650;4.4;12;ChIJDwCxzV7frAcR4SxYIDnucFw;https://www.google.com/maps/place/?q=place_id:ChIJDwCxzV7frAcR4SxYIDnucFw;esfiharia Cabedelo PB;Camboinha;@-7.0125,-34.8302,15z;duplicate_in_run
already_in_database;Pizzaria Bom Sabor;Pizzaria;R. Jair Cunha Cavalcanti, 248 - Lot. Oceania, Cabedelo - PB, 58105-700;4;134;ChIJJwFhsjXfrAcR5WUPKUu6Li8;https://www.google.com/maps/place/?q=place_id:ChIJJwFhsjXfrAcR5WUPKUu6Li8;esfiharia Cabedelo PB;Camboinha;@-7.0125,-34.8302,15z;already_in_database
rejected;GETMall;Praça de alimentação;Av. Oceano Atlântico, 1592 - Ponta de Campina, Cabedelo - PB, 58310-000;4.3;103;ChIJX7HMo6rdrAcRCeFWODir8Rw;https://www.google.com/maps/place/?q=place_id:ChIJX7HMo6rdrAcRCeFWODir8Rw;esfiharia Cabedelo PB;Camboinha;@-7.0125,-34.8302,15z;excluded_category_or_name
already_in_database;Pizza Família Cipriano;Delivery de Pizza;R. Golfo Danzig, 56 - Intermares, Cabedelo - PB, 58102-133;5;13;ChIJBw8J2x3frAcR-t64wKV4XEg;https://www.google.com/maps/place/?q=place_id:ChIJBw8J2x3frAcR-t64wKV4XEg;esfiharia Cabedelo PB;Camboinha;@-7.0125,-34.8302,15z;already_in_database
already_in_database;Pizzaria Bom Sabor Camboinha;Pizzaria;R. Prof. João Lelis de Luna Freire, 288 - Jardim Camboinha, Cabedelo - PB, 58310-000;4.1;54;ChIJ23LpoCvfrAcRK0glALWQRYA;https://www.google.com/maps/place/?q=place_id:ChIJ23LpoCvfrAcRK0glALWQRYA;esfiharia Cabedelo PB;Camboinha;@-7.0125,-34.8302,15z;already_in_database
already_in_database;Pizzaria Jacaré;Pizzaria;R. Arco Íris, 250 - Lot. Oceania VI, Cabedelo - PB, 58310-000;4.5;59;ChIJLSlV8DrerAcRdEpwqq-GS2Y;https://www.google.com/maps/place/?q=place_id:ChIJLSlV8DrerAcRdEpwqq-GS2Y;esfiharia Cabedelo PB;Camboinha;@-7.0125,-34.8302,15z;already_in_database
already_in_database;Mega Pizza;Pizzaria;Av. Mar Vermelho, 357 - Intermares, Cabedelo - PB, 58310-000;4;506;ChIJP6gJ7w3erAcRPbZmhVXL0gQ;https://www.google.com/maps/place/?q=place_id:ChIJP6gJ7w3erAcRPbZmhVXL0gQ;esfiharia Cabedelo PB;Camboinha;@-7.0125,-34.8302,15z;already_in_database
already_in_database;La casa de pastel e La Pizza Premium;Pastelaria brasileira;Rua por trás do Campo Municipal, R. Primo José Viana, 463 - Centro, Cabedelo - PB, 58100-521;4.1;261;ChIJYSxGk8ghrQcRk9Nz0uySHBE;https://www.google.com/maps/place/?q=place_id:ChIJYSxGk8ghrQcRk9Nz0uySHBE;esfiharia Cabedelo PB;Camboinha;@-7.0125,-34.8302,15z;already_in_database
already_in_database;Chié artesanato e comedoria;Café;R. Praia do Jacaré - Intermares, Cabedelo - PB, 58310-000;4;40;ChIJTwa4MA_frAcR4t0Vizs3ozY;https://www.google.com/maps/place/?q=place_id:ChIJTwa4MA_frAcR4t0Vizs3ozY;esfiharia Cabedelo PB;Camboinha;@-7.0125,-34.8302,15z;already_in_database
already_in_database;Pizza do Paulinho;Pizzaria;Av. Monsenhor José da Silva Coutinho, 113 - Vila Sao Joao, Cabedelo - PB, 58103-332;5;11;ChIJTUFjldDfrAcRXmp9tl8_VOc;https://www.google.com/maps/place/?q=place_id:ChIJTUFjldDfrAcRXmp9tl8_VOc;esfiharia Cabedelo PB;Camboinha;@-7.0125,-34.8302,15z;already_in_database
rejected;Hórus Esfihas e Gelados;Esfiharia;R. Bacharel Irenaldo de Albuquerque Chaves, 825 - Aeroclube, João Pessoa - PB, 58036-460;4.9;27;ChIJWYMEcFLdrAcRJ7ODRj95ups;https://www.google.com/maps/place/?q=place_id:ChIJWYMEcFLdrAcRJ7ODRj95ups;esfiharia Cabedelo PB;Camboinha;@-7.0125,-34.8302,15z;outside_cabedelo_or_location_uncertain
rejected;Pérsia Esfiha Diferente;Esfiharia;Av. Umbuzeiro, 1099 - Manaíra, João Pessoa - PB, 58038-182;4.7;1345;ChIJXaMZFSLdrAcRDcClKwtA6h0;https://www.google.com/maps/place/?q=place_id:ChIJXaMZFSLdrAcRDcClKwtA6h0;esfiharia Cabedelo PB;Camboinha;@-7.0125,-34.8302,15z;outside_cabedelo_or_location_uncertain
rejected;Sahara Árabe Food;Delivery;Manaíra, João Pessoa - PB, 58038-001;3.6;13;ChIJ91h89NXdrAcR_azzHqsnFAI;https://www.google.com/maps/place/?q=place_id:ChIJ91h89NXdrAcR_azzHqsnFAI;esfiharia Cabedelo PB;Camboinha;@-7.0125,-34.8302,15z;outside_cabedelo_or_location_uncertain
duplicate_in_run;Sarau Pizza Bar;Delivery de Pizza;Av. Oceano Índico, 250 - Intermares, Cabedelo - PB, 58102-222;4.6;74;ChIJD-87p8zfrAcRwHD2v5gO-2c;https://www.google.com/maps/place/?q=place_id:ChIJD-87p8zfrAcRwHD2v5gO-2c;esfiharia Cabedelo PB;Camboinha;@-7.0125,-34.8302,15z;duplicate_in_run
rejected;Pôr do Sol do Jacaré;Atração turística;Av. Pôr do Sol - Jacaré, Cabedelo - PB, 58105-820;4.8;5597;ChIJiSlKohverAcRs6qL-6MnGJE;https://www.google.com/maps/place/?q=place_id:ChIJiSlKohverAcRs6qL-6MnGJE;esfiharia Cabedelo PB;Camboinha;@-7.0125,-34.8302,15z;not_clearly_food_establishment
already_in_database;Viciados em Sushi;Restaurante japonês;R. Pedro Aleixo Moura, 34 - Centro, Cabedelo - PB, 58100-210;4.4;193;ChIJ_c5MVHEgrQcRB4CuNV0soio;https://www.google.com/maps/place/?q=place_id:ChIJ_c5MVHEgrQcRB4CuNV0soio;esfiharia Cabedelo PB;Camboinha;@-7.0125,-34.8302,15z;already_in_database
rejected;Pérsia Esfiha Diferente Bancários;Lanchonete;R. Antônio Miguel Duarte, 281 - Bancários, João Pessoa - PB, 58051-125;4.7;989;ChIJUQmh1rrDrAcR1TW_EN9r6ng;https://www.google.com/maps/place/?q=place_id:ChIJUQmh1rrDrAcR1TW_EN9r6ng;esfiharia Cabedelo PB;Camboinha;@-7.0125,-34.8302,15z;outside_cabedelo_or_location_uncertain
rejected;Esfiha Do Matuto Esfiharia;Restaurante;R. Carlos Alverga, 157 - Manaíra, João Pessoa - PB, 58038-020;5;4;ChIJexihRgDdrAcRK-wQ7jtHfmM;https://www.google.com/maps/place/?q=place_id:ChIJexihRgDdrAcRK-wQ7jtHfmM;esfiharia Cabedelo PB;Camboinha;@-7.0125,-34.8302,15z;outside_cabedelo_or_location_uncertain
rejected;Imperial Pizza | Pizzaria e Esfiharia;Pizzaria;R. Mírian Barreto Rabelo, 831 - Lj 07 - Aeroclube, João Pessoa - PB, 58036-690;5;4;ChIJF29c5KbdrAcR31XffAjRMJ8;https://www.google.com/maps/place/?q=place_id:ChIJF29c5KbdrAcR31XffAjRMJ8;esfiharia Cabedelo PB;Camboinha;@-7.0125,-34.8302,15z;outside_cabedelo_or_location_uncertain
accepted;Laila Comida Oriente Médio;Restaurante árabe;R. da Enseada, 1215 - Lot. Bela Vista, Ponta de Campina, Cabedelo - PB, 58310-000;4.6;9;ChIJI_h-O8vfrAcRLDfid-iNmQw;https://www.google.com/maps/place/?q=place_id:ChIJI_h-O8vfrAcRLDfid-iNmQw;esfiharia Cabedelo PB;Camboinha;@-7.0125,-34.8302,15z;food_scope
duplicate_in_run;MB Marmitas | Marmitaria em João Pessoa;Restaurante;R. Alfredo Chaves, 126 - Poço, Cabedelo - PB, 58101-582;5;2;ChIJ_XODgJ7frAcR2n1xL5ijuX4;https://www.google.com/maps/place/?q=place_id:ChIJ_XODgJ7frAcR2n1xL5ijuX4;marmitaria Cabedelo PB;Camboinha;@-7.0125,-34.8302,15z;duplicate_in_run
already_in_database;NutriFit Marmita Fitness Congeladas;Restaurante de comida natural;Intermares, Cabedelo - PB, 58102-032;5;18;ChIJN2Qo5azfrAcR6duVymUfuQ0;https://www.google.com/maps/place/?q=place_id:ChIJN2Qo5azfrAcR6duVymUfuQ0;marmitaria Cabedelo PB;Camboinha;@-7.0125,-34.8302,15z;already_in_database
already_in_database;Bom Tempero Restaurante;Restaurante self-service;Av. Maria de Oliveira Gomes - Portal do Poço, Cabedelo - PB, 58310-000;4.7;17;ChIJQwyZx_vfrAcRqBvYbKyyPhQ;https://www.google.com/maps/place/?q=place_id:ChIJQwyZx_vfrAcRqBvYbKyyPhQ;marmitaria Cabedelo PB;Camboinha;@-7.0125,-34.8302,15z;already_in_database
already_in_database;Lovina Ponta de Campina | Bar | Restaurante em Cabedelo;Restaurante;R. Vitorino Cardoso, 908 - Ponta de Campina, Cabedelo - PB, 58101-510;4.4;10742;ChIJdbKCxUTerAcRNmBt0eRrdX8;https://www.google.com/maps/place/?q=place_id:ChIJdbKCxUTerAcRNmBt0eRrdX8;marmitaria Cabedelo PB;Camboinha;@-7.0125,-34.8302,15z;already_in_database
already_in_database;Sol e mar restaurante e self service;Restaurante self-service;R. Márcia Travassos, 331 - Camboinha, Cabedelo - PB, 58310-000;4.6;22;ChIJC7wrAbDfrAcRL094F_SfelU;https://www.google.com/maps/place/?q=place_id:ChIJC7wrAbDfrAcRL094F_SfelU;marmitaria Cabedelo PB;Camboinha;@-7.0125,-34.8302,15z;already_in_database
rejected;Comida Caseira da Elly;Restaurante;Mercado Público de Cabedelo, BOX 138, Centro, Cabedelo - PB, 58100-140;5;19;ChIJBfEE9CwhrQcR2xtfopCJ34w;https://www.google.com/maps/place/?q=place_id:ChIJBfEE9CwhrQcR2xtfopCJ34w;marmitaria Cabedelo PB;Camboinha;@-7.0125,-34.8302,15z;excluded_category_or_name
already_in_database;Tempero De Casa;Restaurante;R. Maurício de Alençar Cavalcante - Jardim America, Cabedelo - PB, 58310-000;4.5;65;ChIJlzh1S-zdrAcRiCUL7fIKsMI;https://www.google.com/maps/place/?q=place_id:ChIJlzh1S-zdrAcRiCUL7fIKsMI;marmitaria Cabedelo PB;Camboinha;@-7.0125,-34.8302,15z;already_in_database
duplicate_in_run;Mary Refeições;Restaurante;Av. Mar de Corais, 08 - Intermares, Cabedelo - PB, 58102-262;4.6;45;ChIJ2eQ7vvbfrAcRI7MW-9PBLJ8;https://www.google.com/maps/place/?q=place_id:ChIJ2eQ7vvbfrAcRI7MW-9PBLJ8;marmitaria Cabedelo PB;Camboinha;@-7.0125,-34.8302,15z;duplicate_in_run
already_in_database;Primo Rico;Restaurante self-service;Av. Oceano Atlântico, S/N - Intermares, Cabedelo - PB, 58102-236;4.3;903;ChIJ7aVpYzjfrAcRexvAqkdbRwU;https://www.google.com/maps/place/?q=place_id:ChIJ7aVpYzjfrAcRexvAqkdbRwU;marmitaria Cabedelo PB;Camboinha;@-7.0125,-34.8302,15z;already_in_database
already_in_database;Ilha Dourada Restaurante;Restaurante de frutos do mar;BR -230, R. José Américo de Almeida Filho, s/n - Areia Dourada, Cabedelo - PB, 58101-212;4.2;3161;ChIJ19PDcIXfrAcRzBwfL7gvIIs;https://www.google.com/maps/place/?q=place_id:ChIJ19PDcIXfrAcRzBwfL7gvIIs;marmitaria Cabedelo PB;Camboinha;@-7.0125,-34.8302,15z;already_in_database
duplicate_in_run;M E Refeição;Restaurante;Intermares, Cabedelo - PB, 58033-455;5;3;ChIJc3fKUeHfrAcRDLLyfWij5xk;https://www.google.com/maps/place/?q=place_id:ChIJc3fKUeHfrAcRDLLyfWij5xk;marmitaria Cabedelo PB;Camboinha;@-7.0125,-34.8302,15z;duplicate_in_run
already_in_database;Galeteria D'intermares;Restaurante de carne;R. Golfo Veneza, 28 - Intermares, Cabedelo - PB, 58102-122;4.1;470;ChIJu2aD0g7erAcRzicvJXx-8yI;https://www.google.com/maps/place/?q=place_id:ChIJu2aD0g7erAcRzicvJXx-8yI;marmitaria Cabedelo PB;Camboinha;@-7.0125,-34.8302,15z;already_in_database
already_in_database;Gigante Do Mar Beach;Restaurante de frutos do mar;Av. Max Zagel, 450 - Camboinha, Cabedelo - PB, 58033-455;4.2;3378;ChIJ47lgZ6TfrAcR21h_sELDBwk;https://www.google.com/maps/place/?q=place_id:ChIJ47lgZ6TfrAcR21h_sELDBwk;marmitaria Cabedelo PB;Camboinha;@-7.0125,-34.8302,15z;already_in_database
rejected;Aroma & Sabor Self-Service;Restaurante self-service;Onda Mar Praia Shopping, Av. Mar Vermelho, 357 - 11 - Intermares, Cabedelo - PB, 58102-120;4.3;50;ChIJE-Tnww3erAcRSEMi9ezCmjc;https://www.google.com/maps/place/?q=place_id:ChIJE-Tnww3erAcRSEMi9ezCmjc;marmitaria Cabedelo PB;Camboinha;@-7.0125,-34.8302,15z;excluded_category_or_name
duplicate_in_run;D Lay Refeições - Marmitaria;Restaurante de almoço;Av. Ambrósio Miranda de Araújo - Renascer, Cabedelo - PB, 58310-000;;;ChIJ7x-TOz7drAcRBMvOXw4vkwg;https://www.google.com/maps/place/?q=place_id:ChIJ7x-TOz7drAcRBMvOXw4vkwg;marmitaria Cabedelo PB;Camboinha;@-7.0125,-34.8302,15z;duplicate_in_run
duplicate_in_run;Marmitaria Jacaré;Restaurante;R. Jair Cunha Cavalcanti - Lot. Oceania VI, Cabedelo - PB, 58105-700;4;7;ChIJLbuvLDrerAcRPu-x6bYXe_4;https://www.google.com/maps/place/?q=place_id:ChIJLbuvLDrerAcRPu-x6bYXe_4;marmitaria Cabedelo PB;Camboinha;@-7.0125,-34.8302,15z;duplicate_in_run
rejected;Espetinho da Rafa Camboinha;Bar;Av. Max Zagel, 16 - Jardim Jerico, Cabedelo - PB, 58310-000;4.9;19;ChIJOWgbm17frAcRk4X3wNNiTBA;https://www.google.com/maps/place/?q=place_id:ChIJOWgbm17frAcRk4X3wNNiTBA;espetinho Cabedelo PB;Camboinha;@-7.0125,-34.8302,15z;not_clearly_food_establishment
already_in_database;Espetinho da praia Intermares;Restaurante;Av. Oceano Atlântico, 1972 - Intermares, Cabedelo - PB, 58310-000;4.4;772;ChIJE-mcRMTfrAcRBThGnfI6x2c;https://www.google.com/maps/place/?q=place_id:ChIJE-mcRMTfrAcRBThGnfI6x2c;espetinho Cabedelo PB;Camboinha;@-7.0125,-34.8302,15z;already_in_database
duplicate_in_run;Rope Espetos;Restaurante de churrasquinho;Av. Oceano Atlântico, 422 - Intermares, Cabedelo - PB, 58102-252;4.5;13;ChIJmbbN-K3frAcRsyfJ94pu17s;https://www.google.com/maps/place/?q=place_id:ChIJmbbN-K3frAcRsyfJ94pu17s;espetinho Cabedelo PB;Camboinha;@-7.0125,-34.8302,15z;duplicate_in_run
rejected;Verano Praia Bar;Bar;Av. Pastor José Alves de Oliveira, 848 - Areia Dourada, Cabedelo - PB, 58101-205;4.4;324;ChIJh0FVTwvfrAcRloIZE5Iit7w;https://www.google.com/maps/place/?q=place_id:ChIJh0FVTwvfrAcRloIZE5Iit7w;espetinho Cabedelo PB;Camboinha;@-7.0125,-34.8302,15z;not_clearly_food_establishment
duplicate_in_run;Espetinho lá Brasil;Restaurante de churrasquinho;Av. Oceano Pacífico - Intermares, Cabedelo - PB, 58102-236;4;4;ChIJnV7DIgbfrAcR2KjlFmSKYJ8;https://www.google.com/maps/place/?q=place_id:ChIJnV7DIgbfrAcR2KjlFmSKYJ8;espetinho Cabedelo PB;Camboinha;@-7.0125,-34.8302,15z;duplicate_in_run
rejected;Espetinho da Neide (galega );Área para churrasco;R. Jair Cunha Cavalcanti - Lot. Oceania VI, Cabedelo - PB, 58310-000;5;3;ChIJkS4yB_jfrAcRqBXX8hyz1d4;https://www.google.com/maps/place/?q=place_id:ChIJkS4yB_jfrAcRqBXX8hyz1d4;espetinho Cabedelo PB;Camboinha;@-7.0125,-34.8302,15z;not_clearly_food_establishment
already_in_database;Oliver Grill e Espetos;Restaurante brasileiro;Av. Oceano Índico, 928 - Intermares, Cabedelo - PB, 58102-222;4.9;54;ChIJf5cN1cDfrAcRCKHM1M2eY_Y;https://www.google.com/maps/place/?q=place_id:ChIJf5cN1cDfrAcRCKHM1M2eY_Y;espetinho Cabedelo PB;Camboinha;@-7.0125,-34.8302,15z;already_in_database
duplicate_in_run;Espetinho do xandao;Churrascaria;R. da Enseada, 1215 - Ponta de Campina, Cabedelo - PB, 58101-640;4;4;ChIJCcURbQDfrAcRhFrZD2Ih3qI;https://www.google.com/maps/place/?q=place_id:ChIJCcURbQDfrAcRhFrZD2Ih3qI;espetinho Cabedelo PB;Camboinha;@-7.0125,-34.8302,15z;duplicate_in_run
already_in_database;Lovina Ponta de Campina | Bar | Restaurante em Cabedelo;Restaurante;R. Vitorino Cardoso, 908 - Ponta de Campina, Cabedelo - PB, 58101-510;4.4;10742;ChIJdbKCxUTerAcRNmBt0eRrdX8;https://www.google.com/maps/place/?q=place_id:ChIJdbKCxUTerAcRNmBt0eRrdX8;espetinho Cabedelo PB;Camboinha;@-7.0125,-34.8302,15z;already_in_database
rejected;Espetinho união;;Passarela Peixe Boi, R. da Enseada - Ponta de Campina, Cabedelo - PB, 58310-000;5;2;ChIJ9UaKIgDfrAcRVSYGCG9IG8s;https://www.google.com/maps/place/?q=place_id:ChIJ9UaKIgDfrAcRVSYGCG9IG8s;espetinho Cabedelo PB;Camboinha;@-7.0125,-34.8302,15z;not_clearly_food_establishment
rejected;Espetinho Do Jorge;;R. Carolino Cardoso - Lot. Vitorino Cardoso, Cabedelo - PB, 58101-502;4;2;ChIJ07vP-0verAcRwU1RGY6vTT4;https://www.google.com/maps/place/?q=place_id:ChIJ07vP-0verAcRwU1RGY6vTT4;espetinho Cabedelo PB;Camboinha;@-7.0125,-34.8302,15z;not_clearly_food_establishment
rejected;Espetinho da galega;Bar;Av. São Sebastião, 124 - Camalaú, Cabedelo - PB, 58310-000;5;2;ChIJJVi9GnPfrAcRIXE-8OdZZLQ;https://www.google.com/maps/place/?q=place_id:ChIJJVi9GnPfrAcRIXE-8OdZZLQ;espetinho Cabedelo PB;Camboinha;@-7.0125,-34.8302,15z;not_clearly_food_establishment
rejected;Badionaldo;Bar;R. Vitorino Cardoso, 780 - Lot. Vitorino Cardoso, Cabedelo - PB, 58101-510;3.7;111;ChIJLV_DEEPfrAcRnoTIdvp3Ch0;https://www.google.com/maps/place/?q=place_id:ChIJLV_DEEPfrAcRnoTIdvp3Ch0;espetinho Cabedelo PB;Camboinha;@-7.0125,-34.8302,15z;not_clearly_food_establishment
rejected;ESPETINHO DO GAUCHO;;R. Honório Patrício dos Santos, 44 - Recanto do Poço, Cabedelo - PB, 58105-084;;;ChIJQf5xz0verAcRud7oMR4ySFI;https://www.google.com/maps/place/?q=place_id:ChIJQf5xz0verAcRud7oMR4ySFI;espetinho Cabedelo PB;Camboinha;@-7.0125,-34.8302,15z;not_clearly_food_establishment
rejected;Espetinho da nathy;Bar;R. Milton Macedo da Cruz - Lot. Oceania VI, Cabedelo - PB, 58105-565;;;ChIJzXGoDwDfrAcRBVtdioezIwc;https://www.google.com/maps/place/?q=place_id:ChIJzXGoDwDfrAcRBVtdioezIwc;espetinho Cabedelo PB;Camboinha;@-7.0125,-34.8302,15z;not_clearly_food_establishment
already_in_database;Gigante Do Mar Beach;Restaurante de frutos do mar;Av. Max Zagel, 450 - Camboinha, Cabedelo - PB, 58033-455;4.2;3378;ChIJ47lgZ6TfrAcR21h_sELDBwk;https://www.google.com/maps/place/?q=place_id:ChIJ47lgZ6TfrAcR21h_sELDBwk;espetinho Cabedelo PB;Camboinha;@-7.0125,-34.8302,15z;already_in_database
already_in_database;Cibelly Bar & Restaurante;Bar e restaurante de ostras;Rua Luna Pedrosa, 1260 - Poço, Cabedelo - PB, 58101-574;4.1;4295;ChIJ63V170_erAcRZ2vvWZseSgE;https://www.google.com/maps/place/?q=place_id:ChIJ63V170_erAcRZ2vvWZseSgE;espetinho Cabedelo PB;Camboinha;@-7.0125,-34.8302,15z;already_in_database
already_in_database;Ancoradouro Ponta de Campina;Restaurante;R. Henrique Siqueira, 242 - Ponta de Campina, Cabedelo - PB, 58310-000;3.9;495;ChIJZ2RoyxLfrAcRupeEWBQrnEc;https://www.google.com/maps/place/?q=place_id:ChIJZ2RoyxLfrAcRupeEWBQrnEc;espetinho Cabedelo PB;Camboinha;@-7.0125,-34.8302,15z;already_in_database
rejected;Quiosque no Antigo Bar do Belo;Bar;R. Márcia Travassos, 2 - Jardim Jerico, Cabedelo - PB, 58310-000;4.2;203;ChIJ2xEtPPjfrAcRphRFB4pQe4o;https://www.google.com/maps/place/?q=place_id:ChIJ2xEtPPjfrAcRphRFB4pQe4o;espetinho Cabedelo PB;Camboinha;@-7.0125,-34.8302,15z;not_clearly_food_establishment
already_in_database;Sport Marina;Restaurante de frutos do mar;Av. Pastor José Alves de Oliveira, 848 - Areia Dourada, Cabedelo - PB, 58101-232;4.5;503;ChIJpSulOXggrQcR1X8-11zV034;https://www.google.com/maps/place/?q=place_id:ChIJpSulOXggrQcR1X8-11zV034;espetinho Cabedelo PB;Camboinha;@-7.0125,-34.8302,15z;already_in_database
duplicate_in_run;Casa Do Pastel;Pastelaria brasileira;R. Honório Patrício dos Santos, 328 - Recanto do Poço, Cabedelo - PB, 58310-000;4.2;20;ChIJoc8jbkrerAcRh20OFIzRlDc;https://www.google.com/maps/place/?q=place_id:ChIJoc8jbkrerAcRh20OFIzRlDc;pastelaria Cabedelo PB;Ponta de Campina;@-7.0374,-34.8347,15z;duplicate_in_run
rejected;Padaria Pandine;Padaria;Av. Mar Vermelho, 357 - Intermares, Cabedelo - PB, 58102-120;4.4;1096;ChIJP6gJ7w3erAcREADxKhazvuY;https://www.google.com/maps/place/?q=place_id:ChIJP6gJ7w3erAcREADxKhazvuY;pastelaria Cabedelo PB;Ponta de Campina;@-7.0374,-34.8347,15z;excluded_category_or_name
rejected;Panificadora do Poço;Padaria;R. Carolino Cardoso, 177-245 - Lot. Vitorino Cardoso, Cabedelo - PB, 58310-000;4.2;293;ChIJD-aUzE3erAcRIs-tCW7mU0Q;https://www.google.com/maps/place/?q=place_id:ChIJD-aUzE3erAcRIs-tCW7mU0Q;pastelaria Cabedelo PB;Ponta de Campina;@-7.0374,-34.8347,15z;excluded_category_or_name
duplicate_in_run;Recanto do Pastel;Pastelaria brasileira;R. Gov. Antônio Mariz, 76 - Recanto do Poço, Cabedelo - PB, 58105-126;5;2;ChIJTbQRGwDfrAcRtHi9QRdHtfw;https://www.google.com/maps/place/?q=place_id:ChIJTbQRGwDfrAcRtHi9QRdHtfw;pastelaria Cabedelo PB;Ponta de Campina;@-7.0374,-34.8347,15z;duplicate_in_run
duplicate_in_run;Pastelaria Arretada;Pastelaria brasileira;R. Jair Cunha Cavalcanti - Jacaré, Cabedelo - PB, 58105-700;;;ChIJu3uW1J3frAcRSD7yg4vEUJg;https://www.google.com/maps/place/?q=place_id:ChIJu3uW1J3frAcRSD7yg4vEUJg;pastelaria Cabedelo PB;Ponta de Campina;@-7.0374,-34.8347,15z;duplicate_in_run
rejected;Padaria Eldorado Intermares;Padaria;Av. Mar Vermelho, 263 - Intermares, Cabedelo - PB, 58102-120;4.3;573;ChIJ8fLcFhXfrAcRa8uPR7mcTcU;https://www.google.com/maps/place/?q=place_id:ChIJ8fLcFhXfrAcRa8uPR7mcTcU;pastelaria Cabedelo PB;Ponta de Campina;@-7.0374,-34.8347,15z;excluded_category_or_name
already_in_database;Pastelaria Litorânea;Pastelaria brasileira;R. Sólon de Lucena, 19 - Vila Sao Joao, Cabedelo - PB, 58310-000;4.3;280;ChIJMwgi824grQcR0OCGiSGQ4Oc;https://www.google.com/maps/place/?q=place_id:ChIJMwgi824grQcR0OCGiSGQ4Oc;pastelaria Cabedelo PB;Ponta de Campina;@-7.0374,-34.8347,15z;already_in_database
already_in_database;Primo Rico;Restaurante self-service;Av. Oceano Atlântico, S/N - Intermares, Cabedelo - PB, 58102-236;4.3;903;ChIJ7aVpYzjfrAcRexvAqkdbRwU;https://www.google.com/maps/place/?q=place_id:ChIJ7aVpYzjfrAcRexvAqkdbRwU;pastelaria Cabedelo PB;Ponta de Campina;@-7.0374,-34.8347,15z;already_in_database
rejected;Panificadora Intermares;Padaria;Av. Oceano Índico, 375 - Intermares, Cabedelo - PB, 58102-222;4.1;82;ChIJQ50DHaLfrAcRSavcugBsAmM;https://www.google.com/maps/place/?q=place_id:ChIJQ50DHaLfrAcRSavcugBsAmM;pastelaria Cabedelo PB;Ponta de Campina;@-7.0374,-34.8347,15z;excluded_category_or_name
already_in_database;La casa de pastel e La Pizza Premium;Pastelaria brasileira;Rua por trás do Campo Municipal, R. Primo José Viana, 463 - Centro, Cabedelo - PB, 58100-521;4.1;261;ChIJYSxGk8ghrQcRk9Nz0uySHBE;https://www.google.com/maps/place/?q=place_id:ChIJYSxGk8ghrQcRk9Nz0uySHBE;pastelaria Cabedelo PB;Ponta de Campina;@-7.0374,-34.8347,15z;already_in_database
already_in_database;Mega Pizza;Pizzaria;Av. Mar Vermelho, 357 - Intermares, Cabedelo - PB, 58310-000;4;506;ChIJP6gJ7w3erAcRPbZmhVXL0gQ;https://www.google.com/maps/place/?q=place_id:ChIJP6gJ7w3erAcRPbZmhVXL0gQ;pastelaria Cabedelo PB;Ponta de Campina;@-7.0374,-34.8347,15z;already_in_database
duplicate_in_run;Pastelle (Pastelaria artesanal);Pastelaria brasileira;R. Raul Seixas - Renascer, Cabedelo - PB, 58108-122;4.8;6;ChIJKdiJIC7drAcRSmw3uvlT1t0;https://www.google.com/maps/place/?q=place_id:ChIJKdiJIC7drAcRSmw3uvlT1t0;pastelaria Cabedelo PB;Ponta de Campina;@-7.0374,-34.8347,15z;duplicate_in_run
duplicate_in_run;Big lanches camboinha;Pastelaria brasileira;R. Márcia Travassos, 165 - Camboinha, Cabedelo - PB, 58103-718;5;6;ChIJg_1fFG3frAcRQ_tg6GDYS08;https://www.google.com/maps/place/?q=place_id:ChIJg_1fFG3frAcRQ_tg6GDYS08;pastelaria Cabedelo PB;Ponta de Campina;@-7.0374,-34.8347,15z;duplicate_in_run
duplicate_in_run;Rodizio de caldo do carioca;Pastelaria brasileira;Rod. Br Duzentos e Trinta, 187 - Renascer, Cabedelo - PB, 58102-171;;;ChIJ6_RJWwDdrAcRxuNt1Q9C4Cc;https://www.google.com/maps/place/?q=place_id:ChIJ6_RJWwDdrAcRxuNt1Q9C4Cc;pastelaria Cabedelo PB;Ponta de Campina;@-7.0374,-34.8347,15z;duplicate_in_run
duplicate_in_run;Pastelaria em família;Pastelaria brasileira;R. São Miguel - Camalaú, Cabedelo - PB, 58103-212;5;1;ChIJS7zdL3bfrAcRkHxwCEWiiBQ;https://www.google.com/maps/place/?q=place_id:ChIJS7zdL3bfrAcRkHxwCEWiiBQ;pastelaria Cabedelo PB;Ponta de Campina;@-7.0374,-34.8347,15z;duplicate_in_run
rejected;Casa grill Restaurante e Lanchonete;Lanchonete;de brito, R. Hortência Helena Amorim Brito - Jardim Alfa, Cabedelo - PB, 58000-000;4.5;11;ChIJKad3l7ndrAcRgsGXszeXY2A;https://www.google.com/maps/place/?q=place_id:ChIJKad3l7ndrAcRgsGXszeXY2A;pastelaria Cabedelo PB;Ponta de Campina;@-7.0374,-34.8347,15z;outside_cabedelo_or_location_uncertain
rejected;Caldo de Cana e Pastelaria do Irmão Raminho;Lanchonete;R. São José, 148 - Lot. Parque Esperanca, Cabedelo - PB, 58108-511;;;ChIJPQ9w3ovdrAcRZV9IK2ZsYO4;https://www.google.com/maps/place/?q=place_id:ChIJPQ9w3ovdrAcRZV9IK2ZsYO4;pastelaria Cabedelo PB;Ponta de Campina;@-7.0374,-34.8347,15z;outside_cabedelo_or_location_uncertain
duplicate_in_run;Pastel do Thiago;Pastelaria brasileira;R. Sólon de Lucena - Ponta de Matos, Cabedelo - PB, 58100-570;4;9;ChIJkRCA8QQhrQcRdarr_EmBcBI;https://www.google.com/maps/place/?q=place_id:ChIJkRCA8QQhrQcRdarr_EmBcBI;pastelaria Cabedelo PB;Ponta de Campina;@-7.0374,-34.8347,15z;duplicate_in_run
rejected;Coelhossalgados;Pastelaria brasileira;Sao José, Cabedelo - PB, 58108-212;;;ChIJDT3UhGndrAcRaTfDVOpLNfk;https://www.google.com/maps/place/?q=place_id:ChIJDT3UhGndrAcRaTfDVOpLNfk;pastelaria Cabedelo PB;Ponta de Campina;@-7.0374,-34.8347,15z;outside_cabedelo_or_location_uncertain
rejected;A Ferro Y Fogo Churrasco & Burger Artesanal na Brasa;Restaurante;Av. Oceano Atlântico, 1592 - Shopping GetMall - Ponta de Campina, Cabedelo - PB, 58101-650;3.9;39;ChIJNWudC1nfrAcRZp_VOIvsXTQ;https://www.google.com/maps/place/?q=place_id:ChIJNWudC1nfrAcRZp_VOIvsXTQ;churrascaria Cabedelo PB;Ponta de Campina;@-7.0374,-34.8347,15z;excluded_category_or_name
already_in_database;Restaurante Recanto do Picuí Intermares;Churrascaria;R. Golfo Sidra, 72 - Intermares, Cabedelo - PB, 58310-000;4.5;1267;ChIJ7xU6NRLerAcRpPuWqjv1L7c;https://www.google.com/maps/place/?q=place_id:ChIJ7xU6NRLerAcRpPuWqjv1L7c;churrascaria Cabedelo PB;Ponta de Campina;@-7.0374,-34.8347,15z;already_in_database
already_in_database;CTG Saudade Da Querência;Restaurante;R. João Santos Coelho Filho, 125 - Lot. Praia Grande, Cabedelo - PB, 58310-000;4.6;293;ChIJv8vnDLPfrAcR2d01H7Lb744;https://www.google.com/maps/place/?q=place_id:ChIJv8vnDLPfrAcR2d01H7Lb744;churrascaria Cabedelo PB;Ponta de Campina;@-7.0374,-34.8347,15z;already_in_database
already_in_database;churrascaria do biu;Churrascaria;R. Carolino Cardoso, 248-328 - Lot. Vitorino Cardoso, Cabedelo - PB, 58310-000;4.2;142;ChIJi2YYOkzerAcRnZgoaC-xOvY;https://www.google.com/maps/place/?q=place_id:ChIJi2YYOkzerAcRnZgoaC-xOvY;churrascaria Cabedelo PB;Ponta de Campina;@-7.0374,-34.8347,15z;already_in_database
already_in_database;Lovina Ponta de Campina | Bar | Restaurante em Cabedelo;Restaurante;R. Vitorino Cardoso, 908 - Ponta de Campina, Cabedelo - PB, 58101-510;4.4;10742;ChIJdbKCxUTerAcRNmBt0eRrdX8;https://www.google.com/maps/place/?q=place_id:ChIJdbKCxUTerAcRNmBt0eRrdX8;churrascaria Cabedelo PB;Ponta de Campina;@-7.0374,-34.8347,15z;already_in_database
already_in_database;Ancoradouro Ponta de Campina;Restaurante;R. Henrique Siqueira, 242 - Ponta de Campina, Cabedelo - PB, 58310-000;3.9;495;ChIJZ2RoyxLfrAcRupeEWBQrnEc;https://www.google.com/maps/place/?q=place_id:ChIJZ2RoyxLfrAcRupeEWBQrnEc;churrascaria Cabedelo PB;Ponta de Campina;@-7.0374,-34.8347,15z;already_in_database
already_in_database;Churrascaria do Caicó;Churrascaria;R, Av. Pastor José Alves de Oliveira, 365 - Centro, Cabedelo - PB, 58100-222;4.3;753;ChIJVaKROncgrQcR5lpnht-FotI;https://www.google.com/maps/place/?q=place_id:ChIJVaKROncgrQcR5lpnht-FotI;churrascaria Cabedelo PB;Ponta de Campina;@-7.0374,-34.8347,15z;already_in_database
already_in_database;Oliver Grill e Espetos;Restaurante brasileiro;Av. Oceano Índico, 928 - Intermares, Cabedelo - PB, 58102-222;4.9;54;ChIJf5cN1cDfrAcRCKHM1M2eY_Y;https://www.google.com/maps/place/?q=place_id:ChIJf5cN1cDfrAcRCKHM1M2eY_Y;churrascaria Cabedelo PB;Ponta de Campina;@-7.0374,-34.8347,15z;already_in_database
already_in_database;Melhor Sabor - Churrascaria e Self-Service;Churrascaria;R. João Clementino Gomes, 638 - Renascer, Cabedelo - PB, 58108-088;4.8;18;ChIJm6UA9qrdrAcR5Z_cuLUAO4k;https://www.google.com/maps/place/?q=place_id:ChIJm6UA9qrdrAcR5Z_cuLUAO4k;churrascaria Cabedelo PB;Ponta de Campina;@-7.0374,-34.8347,15z;already_in_database
already_in_database;Espetinho da praia Intermares;Restaurante;Av. Oceano Atlântico, 1972 - Intermares, Cabedelo - PB, 58310-000;4.4;772;ChIJE-mcRMTfrAcRBThGnfI6x2c;https://www.google.com/maps/place/?q=place_id:ChIJE-mcRMTfrAcRBThGnfI6x2c;churrascaria Cabedelo PB;Ponta de Campina;@-7.0374,-34.8347,15z;already_in_database
already_in_database;Galeteria D'intermares;Restaurante de carne;R. Golfo Veneza, 28 - Intermares, Cabedelo - PB, 58102-122;4.1;470;ChIJu2aD0g7erAcRzicvJXx-8yI;https://www.google.com/maps/place/?q=place_id:ChIJu2aD0g7erAcRzicvJXx-8yI;churrascaria Cabedelo PB;Ponta de Campina;@-7.0374,-34.8347,15z;already_in_database
duplicate_in_run;Restaurante Self Sabor;Restaurante self-service;R. Carolino Cardoso, 361 - Lot. Vitorino Cardoso, Cabedelo - PB, 58101-502;5;1;ChIJCauHMEbfrAcRkfIWALUqaWo;https://www.google.com/maps/place/?q=place_id:ChIJCauHMEbfrAcRkfIWALUqaWo;churrascaria Cabedelo PB;Ponta de Campina;@-7.0374,-34.8347,15z;duplicate_in_run
rejected;Arena Meat House;Bar e Grill;BR-230, Km 10 - Lot. Bela Vista, Cabedelo - PB, 58102-970;5;27;ChIJCaRZ6I3frAcRu_sSIMT6siA;https://www.google.com/maps/place/?q=place_id:ChIJCaRZ6I3frAcRu_sSIMT6siA;churrascaria Cabedelo PB;Ponta de Campina;@-7.0374,-34.8347,15z;not_clearly_food_establishment
already_in_database;Primo Rico;Restaurante self-service;Av. Oceano Atlântico, S/N - Intermares, Cabedelo - PB, 58102-236;4.3;903;ChIJ7aVpYzjfrAcRexvAqkdbRwU;https://www.google.com/maps/place/?q=place_id:ChIJ7aVpYzjfrAcRexvAqkdbRwU;churrascaria Cabedelo PB;Ponta de Campina;@-7.0374,-34.8347,15z;already_in_database
already_in_database;Self service da GG;Restaurante self-service;R. Jair Cunha Cavalcanti, 328 - Lot. Oceania VI, Cabedelo - PB, 58310-000;5;1;ChIJXSZHbgDfrAcR7WzEKqOnmgI;https://www.google.com/maps/place/?q=place_id:ChIJXSZHbgDfrAcR7WzEKqOnmgI;churrascaria Cabedelo PB;Ponta de Campina;@-7.0374,-34.8347,15z;already_in_database
rejected;Rei das Carnes - Intermares;Açougue;Av. Mar Vermelho, 380 - Intermares, Cabedelo - PB, 58102-110;4.6;655;ChIJwaFzfgXfrAcRBX_ecdbOCMo;https://www.google.com/maps/place/?q=place_id:ChIJwaFzfgXfrAcRBX_ecdbOCMo;churrascaria Cabedelo PB;Ponta de Campina;@-7.0374,-34.8347,15z;excluded_category_or_name
already_in_database;Big Jack comida de rua com INSPIRAÇÃO texana;Restaurante;Av. Mar Vermelho, QUADRA 12 - LOTE 01 - Intermares, Cabedelo - PB, 58102-120;4.8;353;ChIJCTY1v6rfrAcRD3ZYZu4I32E;https://www.google.com/maps/place/?q=place_id:ChIJCTY1v6rfrAcRD3ZYZu4I32E;churrascaria Cabedelo PB;Ponta de Campina;@-7.0374,-34.8347,15z;already_in_database
already_in_database;Bom Tempero Restaurante;Restaurante self-service;Av. Maria de Oliveira Gomes - Portal do Poço, Cabedelo - PB, 58310-000;4.7;17;ChIJQwyZx_vfrAcRqBvYbKyyPhQ;https://www.google.com/maps/place/?q=place_id:ChIJQwyZx_vfrAcRqBvYbKyyPhQ;churrascaria Cabedelo PB;Ponta de Campina;@-7.0374,-34.8347,15z;already_in_database
already_in_database;Ilha Dourada Restaurante;Restaurante de frutos do mar;BR -230, R. José Américo de Almeida Filho, s/n - Areia Dourada, Cabedelo - PB, 58101-212;4.2;3161;ChIJ19PDcIXfrAcRzBwfL7gvIIs;https://www.google.com/maps/place/?q=place_id:ChIJ19PDcIXfrAcRzBwfL7gvIIs;churrascaria Cabedelo PB;Ponta de Campina;@-7.0374,-34.8347,15z;already_in_database
rejected;Novo Oriente Intermares;Restaurante de sushi;Av. Mar Vermelho, 35 - Intermares, Cabedelo - PB, 58102-120;4.2;1378;ChIJN9JFAA7erAcR7c6fN6tma_g;https://www.google.com/maps/place/?q=place_id:ChIJN9JFAA7erAcR7c6fN6tma_g;churrascaria Cabedelo PB;Ponta de Campina;@-7.0374,-34.8347,15z;excluded_category_or_name
already_in_database;Sakê Temakeria Ponta de Campina, Cabedelo;Restaurante japonês;Av. Oceano Atlântico, 1592 - Sl 16 E 17 - Ponta de Campina, Cabedelo - PB, 58310-000;4.7;261;ChIJ2Xj63j_drAcRrllAg3GcmOU;https://www.google.com/maps/place/?q=place_id:ChIJ2Xj63j_drAcRrllAg3GcmOU;comida japonesa Cabedelo PB;Ponta de Campina;@-7.0374,-34.8347,15z;already_in_database
rejected;Novo Oriente Intermares;Restaurante de sushi;Av. Mar Vermelho, 35 - Intermares, Cabedelo - PB, 58102-120;4.2;1378;ChIJN9JFAA7erAcR7c6fN6tma_g;https://www.google.com/maps/place/?q=place_id:ChIJN9JFAA7erAcR7c6fN6tma_g;comida japonesa Cabedelo PB;Ponta de Campina;@-7.0374,-34.8347,15z;excluded_category_or_name
already_in_database;A Casa do Temakinho;Restaurante de sushi;Av. Mar da Irlanda, 222 - Intermares, Cabedelo - PB, 58310-000;4.9;150;ChIJK77pAsvfrAcRDJoNP1VhTVo;https://www.google.com/maps/place/?q=place_id:ChIJK77pAsvfrAcRDJoNP1VhTVo;comida japonesa Cabedelo PB;Ponta de Campina;@-7.0374,-34.8347,15z;already_in_database
already_in_database;Pipa Sushi & Temakeria;Restaurante de sushi;Av. Mar das Antilhas - Intermares, Cabedelo - PB, 58310-000;4.3;292;ChIJm1Mywg3erAcRAs4OIMpvJqk;https://www.google.com/maps/place/?q=place_id:ChIJm1Mywg3erAcRAs4OIMpvJqk;comida japonesa Cabedelo PB;Ponta de Campina;@-7.0374,-34.8347,15z;already_in_database
rejected;GETMall;Praça de alimentação;Av. Oceano Atlântico, 1592 - Ponta de Campina, Cabedelo - PB, 58310-000;4.3;103;ChIJX7HMo6rdrAcRCeFWODir8Rw;https://www.google.com/maps/place/?q=place_id:ChIJX7HMo6rdrAcRCeFWODir8Rw;comida japonesa Cabedelo PB;Ponta de Campina;@-7.0374,-34.8347,15z;excluded_category_or_name
already_in_database;Espaço Do Sushi;Restaurante de sushi;R. Juarez Távora - Camalaú, Cabedelo - PB, 58310-000;4.2;33;ChIJLZuM-3YgrQcRxc7_zhcQ3Y0;https://www.google.com/maps/place/?q=place_id:ChIJLZuM-3YgrQcRxc7_zhcQ3Y0;comida japonesa Cabedelo PB;Ponta de Campina;@-7.0374,-34.8347,15z;already_in_database
already_in_database;Sushiyaki Restaurante;Restaurante japonês;R. Ten. Antônio Pontes, 381 - Ponta de Matos, Cabedelo - PB, 58100-645;4.7;10;ChIJoZsj3b7frAcRjoZUr5Cg7Uw;https://www.google.com/maps/place/?q=place_id:ChIJoZsj3b7frAcRjoZUr5Cg7Uw;comida japonesa Cabedelo PB;Ponta de Campina;@-7.0374,-34.8347,15z;already_in_database
already_in_database;Restaurante Recanto do Picuí Intermares;Restaurante;R. Golfo Sidra, 72 - Intermares, Cabedelo - PB, 58310-000;4.5;1267;ChIJ7xU6NRLerAcRpPuWqjv1L7c;https://www.google.com/maps/place/?q=place_id:ChIJ7xU6NRLerAcRpPuWqjv1L7c;comida japonesa Cabedelo PB;Ponta de Campina;@-7.0374,-34.8347,15z;already_in_database
rejected;Union | Motel Em João Pessoa;Hotel de beira de estrada;R. Jair Cunha Cavalcanti, 694 - Praia do Jacaré, Cabedelo - PB, 58106-371;4.7;879;ChIJAQAAcRrerAcRQhVqvZI0gdM;https://www.google.com/maps/place/?q=place_id:ChIJAQAAcRrerAcRQhVqvZI0gdM;comida japonesa Cabedelo PB;Ponta de Campina;@-7.0374,-34.8347,15z;excluded_category_or_name
rejected;King Pet Shop;Pet Shop;Avenida Oceano Atlântico 1592, Shopping Get Mall, loja 09 - Ponta de Campina, Cabedelo - PB, 58101-650;4.9;28;ChIJxwSsoe_frAcRrX495qlRcCs;https://www.google.com/maps/place/?q=place_id:ChIJxwSsoe_frAcRrX495qlRcCs;comida japonesa Cabedelo PB;Ponta de Campina;@-7.0374,-34.8347,15z;excluded_category_or_name
rejected;Uni Sushi Bessa | Teppanyaki, Makimonos, Uramaki e Hot Roll;Restaurante japonês;Parahyba Mall, R. Bacharel José de Oliveira Curchatuz, 850 - Lj 15 - Jardim Oceania, João Pessoa - PB, 58037-432;4.8;21;ChIJOXEnUAfdrAcRARXomgScUgE;https://www.google.com/maps/place/?q=place_id:ChIJOXEnUAfdrAcRARXomgScUgE;comida japonesa Cabedelo PB;Ponta de Campina;@-7.0374,-34.8347,15z;outside_cabedelo_or_location_uncertain
rejected;Pescados Frio Sul;Fornecedor;R. Nova Floresta, 5026 - Jardim Camboinha, Cabedelo - PB, 58103-743;4.6;54;ChIJP6Ulem0grQcRkkO0UWiC0_U;https://www.google.com/maps/place/?q=place_id:ChIJP6Ulem0grQcRkkO0UWiC0_U;comida japonesa Cabedelo PB;Ponta de Campina;@-7.0374,-34.8347,15z;not_clearly_food_establishment
rejected;Ryori João Pessoa;Restaurante japonês;R. Manoel Arruda Cavalcante, 805 - Manaíra, João Pessoa - PB, 58038-680;4.8;1004;ChIJkc7EagDdrAcRhURBYIpeAqI;https://www.google.com/maps/place/?q=place_id:ChIJkc7EagDdrAcRhURBYIpeAqI;comida japonesa Cabedelo PB;Ponta de Campina;@-7.0374,-34.8347,15z;outside_cabedelo_or_location_uncertain
rejected;Kanpai Sushi Temaki e Cia. Jd. Oceania;Restaurante japonês;R. Bacharel José de Oliveira Curchatuz, 44 - Bessa, João Pessoa - PB, 58037-432;4.8;1056;ChIJ3UsVE_LdrAcRJKDe6P_Xbew;https://www.google.com/maps/place/?q=place_id:ChIJ3UsVE_LdrAcRJKDe6P_Xbew;comida japonesa Cabedelo PB;Ponta de Campina;@-7.0374,-34.8347,15z;outside_cabedelo_or_location_uncertain
rejected;Bessa Prime SushiBar e Restaurante;Restaurante de sushi;Av. Arthur Monteiro de Paiva, 1001-1219 - Bessa, João Pessoa - PB, 58035-010;4.4;14;ChIJ3QV5bAbdrAcR4iXYq67ISJY;https://www.google.com/maps/place/?q=place_id:ChIJ3QV5bAbdrAcR4iXYq67ISJY;comida japonesa Cabedelo PB;Ponta de Campina;@-7.0374,-34.8347,15z;outside_cabedelo_or_location_uncertain
rejected;HAYTSU JAPANESE FOOD;Restaurante japonês;R. Cel. José Gomes de Sá Filho, 321 - Lj 01 - Jardim Oceania, João Pessoa - PB, 58037-345;4.2;285;ChIJZ7Jv1qPdrAcR3WxZbCfysi8;https://www.google.com/maps/place/?q=place_id:ChIJZ7Jv1qPdrAcR3WxZbCfysi8;comida japonesa Cabedelo PB;Ponta de Campina;@-7.0374,-34.8347,15z;outside_cabedelo_or_location_uncertain
already_in_database;Viciados em Sushi;Restaurante japonês;R. Pedro Aleixo Moura, 34 - Centro, Cabedelo - PB, 58100-210;4.4;193;ChIJ_c5MVHEgrQcRB4CuNV0soio;https://www.google.com/maps/place/?q=place_id:ChIJ_c5MVHEgrQcRB4CuNV0soio;comida japonesa Cabedelo PB;Ponta de Campina;@-7.0374,-34.8347,15z;already_in_database
already_in_database;Sakê Temakeria Ponta de Campina, Cabedelo;Restaurante japonês;Av. Oceano Atlântico, 1592 - Sl 16 E 17 - Ponta de Campina, Cabedelo - PB, 58310-000;4.7;261;ChIJ2Xj63j_drAcRrllAg3GcmOU;https://www.google.com/maps/place/?q=place_id:ChIJ2Xj63j_drAcRrllAg3GcmOU;japones Cabedelo PB;Ponta de Campina;@-7.0374,-34.8347,15z;already_in_database
already_in_database;A Casa do Temakinho;Restaurante;Av. Mar da Irlanda, 222 - Intermares, Cabedelo - PB, 58310-000;4.9;150;ChIJK77pAsvfrAcRDJoNP1VhTVo;https://www.google.com/maps/place/?q=place_id:ChIJK77pAsvfrAcRDJoNP1VhTVo;japones Cabedelo PB;Ponta de Campina;@-7.0374,-34.8347,15z;already_in_database
rejected;Novo Oriente Intermares;Restaurante de sushi;Av. Mar Vermelho, 35 - Intermares, Cabedelo - PB, 58102-120;4.2;1378;ChIJN9JFAA7erAcR7c6fN6tma_g;https://www.google.com/maps/place/?q=place_id:ChIJN9JFAA7erAcR7c6fN6tma_g;japones Cabedelo PB;Ponta de Campina;@-7.0374,-34.8347,15z;excluded_category_or_name
already_in_database;Pipa Sushi & Temakeria;Restaurante de sushi;Av. Mar das Antilhas - Intermares, Cabedelo - PB, 58310-000;4.3;292;ChIJm1Mywg3erAcRAs4OIMpvJqk;https://www.google.com/maps/place/?q=place_id:ChIJm1Mywg3erAcRAs4OIMpvJqk;japones Cabedelo PB;Ponta de Campina;@-7.0374,-34.8347,15z;already_in_database
already_in_database;Espaço Do Sushi;Restaurante;R. Juarez Távora - Camalaú, Cabedelo - PB, 58310-000;4.2;33;ChIJLZuM-3YgrQcRxc7_zhcQ3Y0;https://www.google.com/maps/place/?q=place_id:ChIJLZuM-3YgrQcRxc7_zhcQ3Y0;japones Cabedelo PB;Ponta de Campina;@-7.0374,-34.8347,15z;already_in_database
already_in_database;Sushiyaki Restaurante;Restaurante japonês;R. Ten. Antônio Pontes, 381 - Ponta de Matos, Cabedelo - PB, 58100-645;4.7;10;ChIJoZsj3b7frAcRjoZUr5Cg7Uw;https://www.google.com/maps/place/?q=place_id:ChIJoZsj3b7frAcRjoZUr5Cg7Uw;japones Cabedelo PB;Ponta de Campina;@-7.0374,-34.8347,15z;already_in_database
rejected;GETMall;Praça de alimentação;Av. Oceano Atlântico, 1592 - Ponta de Campina, Cabedelo - PB, 58310-000;4.3;103;ChIJX7HMo6rdrAcRCeFWODir8Rw;https://www.google.com/maps/place/?q=place_id:ChIJX7HMo6rdrAcRCeFWODir8Rw;japones Cabedelo PB;Ponta de Campina;@-7.0374,-34.8347,15z;excluded_category_or_name
rejected;Union | Motel Em João Pessoa;Hotel de beira de estrada;R. Jair Cunha Cavalcanti, 694 - Praia do Jacaré, Cabedelo - PB, 58106-371;4.7;879;ChIJAQAAcRrerAcRQhVqvZI0gdM;https://www.google.com/maps/place/?q=place_id:ChIJAQAAcRrerAcRQhVqvZI0gdM;japones Cabedelo PB;Ponta de Campina;@-7.0374,-34.8347,15z;excluded_category_or_name
rejected;Ryori João Pessoa;Restaurante japonês;R. Manoel Arruda Cavalcante, 805 - Manaíra, João Pessoa - PB, 58038-680;4.8;1004;ChIJkc7EagDdrAcRhURBYIpeAqI;https://www.google.com/maps/place/?q=place_id:ChIJkc7EagDdrAcRhURBYIpeAqI;japones Cabedelo PB;Ponta de Campina;@-7.0374,-34.8347,15z;outside_cabedelo_or_location_uncertain
already_in_database;Restaurante Recanto do Picuí Intermares;Restaurante;R. Golfo Sidra, 72 - Intermares, Cabedelo - PB, 58310-000;4.5;1267;ChIJ7xU6NRLerAcRpPuWqjv1L7c;https://www.google.com/maps/place/?q=place_id:ChIJ7xU6NRLerAcRpPuWqjv1L7c;japones Cabedelo PB;Ponta de Campina;@-7.0374,-34.8347,15z;already_in_database
rejected;Uni Sushi Bessa | Teppanyaki, Makimonos, Uramaki e Hot Roll;Restaurante japonês;Parahyba Mall, R. Bacharel José de Oliveira Curchatuz, 850 - Lj 15 - Jardim Oceania, João Pessoa - PB, 58037-432;4.8;21;ChIJOXEnUAfdrAcRARXomgScUgE;https://www.google.com/maps/place/?q=place_id:ChIJOXEnUAfdrAcRARXomgScUgE;japones Cabedelo PB;Ponta de Campina;@-7.0374,-34.8347,15z;outside_cabedelo_or_location_uncertain
rejected;Kanpai Sushi Temaki e Cia. Jd. Oceania;Restaurante japonês;R. Bacharel José de Oliveira Curchatuz, 44 - Bessa, João Pessoa - PB, 58037-432;4.8;1056;ChIJ3UsVE_LdrAcRJKDe6P_Xbew;https://www.google.com/maps/place/?q=place_id:ChIJ3UsVE_LdrAcRJKDe6P_Xbew;japones Cabedelo PB;Ponta de Campina;@-7.0374,-34.8347,15z;outside_cabedelo_or_location_uncertain
rejected;King Pet Shop;Pet Shop;Avenida Oceano Atlântico 1592, Shopping Get Mall, loja 09 - Ponta de Campina, Cabedelo - PB, 58101-650;4.9;28;ChIJxwSsoe_frAcRrX495qlRcCs;https://www.google.com/maps/place/?q=place_id:ChIJxwSsoe_frAcRrX495qlRcCs;japones Cabedelo PB;Ponta de Campina;@-7.0374,-34.8347,15z;excluded_category_or_name
already_in_database;Viciados em Sushi;Restaurante japonês;R. Pedro Aleixo Moura, 34 - Centro, Cabedelo - PB, 58100-210;4.4;193;ChIJ_c5MVHEgrQcRB4CuNV0soio;https://www.google.com/maps/place/?q=place_id:ChIJ_c5MVHEgrQcRB4CuNV0soio;japones Cabedelo PB;Ponta de Campina;@-7.0374,-34.8347,15z;already_in_database
duplicate_in_run;Sarau Pizza Bar;Delivery de Pizza;Av. Oceano Índico, 250 - Intermares, Cabedelo - PB, 58102-222;4.6;74;ChIJD-87p8zfrAcRwHD2v5gO-2c;https://www.google.com/maps/place/?q=place_id:ChIJD-87p8zfrAcRwHD2v5gO-2c;japones Cabedelo PB;Ponta de Campina;@-7.0374,-34.8347,15z;duplicate_in_run
rejected;Tapioca Da Cleide- Onda Mar;Lanchonete;Onda Mar Praia Shopping, 58102-120, Av. Mar Vermelho, 357 - Intermares, Cabedelo - PB, 58102-120;4.5;51;ChIJDcsJwQ3erAcR04pQAVkyyEM;https://www.google.com/maps/place/?q=place_id:ChIJDcsJwQ3erAcR04pQAVkyyEM;tapiocaria Cabedelo PB;Ponta de Campina;@-7.0374,-34.8347,15z;excluded_category_or_name
already_in_database;Tapiocaria do Dinho;Restaurante;Av. Ambrósio Miranda de Araújo - Renascer, Cabedelo - PB, 58033-455;4.6;154;ChIJZyUKWFjdrAcRuY-QSDtiyL8;https://www.google.com/maps/place/?q=place_id:ChIJZyUKWFjdrAcRuY-QSDtiyL8;tapiocaria Cabedelo PB;Ponta de Campina;@-7.0374,-34.8347,15z;already_in_database
already_in_database;Tapiocaria da zeti;Lanchonete;Av. Pôr do Sol, Cabedelo - PB, 58310-000;5;20;ChIJYwNhcVnfrAcRJ4jZPLua8uw;https://www.google.com/maps/place/?q=place_id:ChIJYwNhcVnfrAcRJ4jZPLua8uw;tapiocaria Cabedelo PB;Ponta de Campina;@-7.0374,-34.8347,15z;already_in_database
already_in_database;Tia Graça Cafeteria e Doceria;Cafeteria;R. Golfo da China, 326 - Intermares, Cabedelo - PB, 58310-000;4.5;67;ChIJV8XbnLXfrAcRTzFbB-0OVFg;https://www.google.com/maps/place/?q=place_id:ChIJV8XbnLXfrAcRTzFbB-0OVFg;tapiocaria Cabedelo PB;Ponta de Campina;@-7.0374,-34.8347,15z;already_in_database
already_in_database;Praçaí - Intermares;Lanchonete;Av. Oceano Pacífico, s/n - Intermares, Cabedelo - PB, 58310-000;4.5;238;ChIJ1cAVK23erAcRCUpJ50T3ULs;https://www.google.com/maps/place/?q=place_id:ChIJ1cAVK23erAcRCUpJ50T3ULs;tapiocaria Cabedelo PB;Ponta de Campina;@-7.0374,-34.8347,15z;already_in_database
already_in_database;Chié artesanato e comedoria;Café;R. Praia do Jacaré - Intermares, Cabedelo - PB, 58310-000;4;40;ChIJTwa4MA_frAcR4t0Vizs3ozY;https://www.google.com/maps/place/?q=place_id:ChIJTwa4MA_frAcR4t0Vizs3ozY;tapiocaria Cabedelo PB;Ponta de Campina;@-7.0374,-34.8347,15z;already_in_database
duplicate_in_run;Tapiocaria da Edna Paraiba;Lanchonete;R. Praia do Jacaré - Jacaré, Cabedelo - PB, 58310-000;3.5;8;ChIJUY5qWRvfrAcRK8-qD7N9ni4;https://www.google.com/maps/place/?q=place_id:ChIJUY5qWRvfrAcRK8-qD7N9ni4;tapiocaria Cabedelo PB;Ponta de Campina;@-7.0374,-34.8347,15z;duplicate_in_run
duplicate_in_run;Bonitinha das tapiocas;Café;Av. Pôr do Sol, Cabedelo - PB, 58310-000;4.2;9;ChIJ5WIHvhrfrAcRFwG3RLaJgCA;https://www.google.com/maps/place/?q=place_id:ChIJ5WIHvhrfrAcRFwG3RLaJgCA;tapiocaria Cabedelo PB;Ponta de Campina;@-7.0374,-34.8347,15z;duplicate_in_run
rejected;TreeHouse Bar Lounge - Por do sol João Pessoa;Bar;R. Pôr do Sol, s/n, Cabedelo - PB, 58310-000;4.5;1125;ChIJ33JsoxverAcRwnzfHW9fJTI;https://www.google.com/maps/place/?q=place_id:ChIJ33JsoxverAcRwnzfHW9fJTI;tapiocaria Cabedelo PB;Ponta de Campina;@-7.0374,-34.8347,15z;excluded_category_or_name
rejected;Praça do açaí de Intermares;Playground;1548, Av. Oceano Atlântico, 1164 - Intermares, Cabedelo - PB, 58310-000;4.5;176;ChIJ-60_Km3erAcRRKoxlE8MUyc;https://www.google.com/maps/place/?q=place_id:ChIJ-60_Km3erAcRRKoxlE8MUyc;tapiocaria Cabedelo PB;Ponta de Campina;@-7.0374,-34.8347,15z;excluded_category_or_name
already_in_database;Rainha da tapioca;Cafeteria;R. Milton Macedo da Cruz - Lot. Oceania, Cabedelo - PB, 58105-565;;;ChIJ93ysPw3frAcRBYFSISTdBS4;https://www.google.com/maps/place/?q=place_id:ChIJ93ysPw3frAcRBYFSISTdBS4;tapiocaria Cabedelo PB;Ponta de Campina;@-7.0374,-34.8347,15z;already_in_database
already_in_database;Casa de Taipa;Restaurante;R. Vitorino Cardoso, s/n - Praia do poço, Cabedelo - PB, 58101-502;4.5;58;ChIJH9sgyE_erAcROIxiz0-fEqI;https://www.google.com/maps/place/?q=place_id:ChIJH9sgyE_erAcROIxiz0-fEqI;tapiocaria Cabedelo PB;Ponta de Campina;@-7.0374,-34.8347,15z;already_in_database
already_in_database;Sax Café - Por do Sol da Praia do Jacaré Cabedelo/PB;Restaurante;Pôr do Sol, R. Praia do Jacaré, Cabedelo - PB, 58310-000;4.5;102;ChIJ42uw2z3frAcRpvqGhKXp_LM;https://www.google.com/maps/place/?q=place_id:ChIJ42uw2z3frAcRpvqGhKXp_LM;tapiocaria Cabedelo PB;Ponta de Campina;@-7.0374,-34.8347,15z;already_in_database
already_in_database;Lovina Ponta de Campina | Bar | Restaurante em Cabedelo;Restaurante;R. Vitorino Cardoso, 908 - Ponta de Campina, Cabedelo - PB, 58101-510;4.4;10742;ChIJdbKCxUTerAcRNmBt0eRrdX8;https://www.google.com/maps/place/?q=place_id:ChIJdbKCxUTerAcRNmBt0eRrdX8;tapiocaria Cabedelo PB;Ponta de Campina;@-7.0374,-34.8347,15z;already_in_database
rejected;Ralacoko Tapiocaria - João Pessoa;Cafeteria;Av. Arthur Monteiro de Paiva, 425 - Bessa, João Pessoa - PB, 58035-010;4;62;ChIJg73doTvdrAcRYQwQ1CbwgiM;https://www.google.com/maps/place/?q=place_id:ChIJg73doTvdrAcRYQwQ1CbwgiM;tapiocaria Cabedelo PB;Ponta de Campina;@-7.0374,-34.8347,15z;outside_cabedelo_or_location_uncertain
rejected;Padaria Pandine;Padaria;Av. Mar Vermelho, 357 - Intermares, Cabedelo - PB, 58102-120;4.4;1096;ChIJP6gJ7w3erAcREADxKhazvuY;https://www.google.com/maps/place/?q=place_id:ChIJP6gJ7w3erAcREADxKhazvuY;tapiocaria Cabedelo PB;Ponta de Campina;@-7.0374,-34.8347,15z;excluded_category_or_name
rejected;Feira de Artesanato do Jacaré;Feira de artesanato;Pôr do Sol do Jacaré, R. Praia do Jacaré, 76, Cabedelo - PB, 58310-000;4.7;3453;ChIJC2LpUhrerAcRdOHDGQGTnqU;https://www.google.com/maps/place/?q=place_id:ChIJC2LpUhrerAcRdOHDGQGTnqU;tapiocaria Cabedelo PB;Ponta de Campina;@-7.0374,-34.8347,15z;not_clearly_food_establishment
rejected;Pôr do Sol do Jacaré;Atração turística;Av. Pôr do Sol - Jacaré, Cabedelo - PB, 58105-820;4.8;5597;ChIJiSlKohverAcRs6qL-6MnGJE;https://www.google.com/maps/place/?q=place_id:ChIJiSlKohverAcRs6qL-6MnGJE;tapiocaria Cabedelo PB;Ponta de Campina;@-7.0374,-34.8347,15z;not_clearly_food_establishment
rejected;Tapiocaria da Leuda;Loja de comidas naturais;;4;1;ChIJ71V6ieLfrAcRTnwSGZtpHW8;https://www.google.com/maps/place/?q=place_id:ChIJ71V6ieLfrAcRTnwSGZtpHW8;tapiocaria Cabedelo PB;Ponta de Campina;@-7.0374,-34.8347,15z;outside_cabedelo_or_location_uncertain
rejected;Casa Nordeste;Empório gourmet;Av. Pôr do Sol, 837 - Jacaré, Cabedelo - PB, 58105-810;4;45;ChIJJ4RbuxverAcRQWpPGChF8BA;https://www.google.com/maps/place/?q=place_id:ChIJJ4RbuxverAcRQWpPGChF8BA;tapiocaria Cabedelo PB;Ponta de Campina;@-7.0374,-34.8347,15z;not_clearly_food_establishment
duplicate_in_run;ESFIELDS;Delivery;Av. Oceano Atlântico - Ponta de Campina, Cabedelo - PB, 58101-650;4.4;12;ChIJDwCxzV7frAcR4SxYIDnucFw;https://www.google.com/maps/place/?q=place_id:ChIJDwCxzV7frAcR4SxYIDnucFw;esfiharia Cabedelo PB;Ponta de Campina;@-7.0374,-34.8347,15z;duplicate_in_run
already_in_database;Pizza Família Cipriano;Delivery de Pizza;R. Golfo Danzig, 56 - Intermares, Cabedelo - PB, 58102-133;5;13;ChIJBw8J2x3frAcR-t64wKV4XEg;https://www.google.com/maps/place/?q=place_id:ChIJBw8J2x3frAcR-t64wKV4XEg;esfiharia Cabedelo PB;Ponta de Campina;@-7.0374,-34.8347,15z;already_in_database
already_in_database;Mega Pizza;Pizzaria;Av. Mar Vermelho, 357 - Intermares, Cabedelo - PB, 58310-000;4;506;ChIJP6gJ7w3erAcRPbZmhVXL0gQ;https://www.google.com/maps/place/?q=place_id:ChIJP6gJ7w3erAcRPbZmhVXL0gQ;esfiharia Cabedelo PB;Ponta de Campina;@-7.0374,-34.8347,15z;already_in_database
already_in_database;Pizzaria Bom Sabor;Pizzaria;R. Jair Cunha Cavalcanti, 248 - Lot. Oceania, Cabedelo - PB, 58105-700;4;134;ChIJJwFhsjXfrAcR5WUPKUu6Li8;https://www.google.com/maps/place/?q=place_id:ChIJJwFhsjXfrAcR5WUPKUu6Li8;esfiharia Cabedelo PB;Ponta de Campina;@-7.0374,-34.8347,15z;already_in_database
rejected;GETMall;Praça de alimentação;Av. Oceano Atlântico, 1592 - Ponta de Campina, Cabedelo - PB, 58310-000;4.3;103;ChIJX7HMo6rdrAcRCeFWODir8Rw;https://www.google.com/maps/place/?q=place_id:ChIJX7HMo6rdrAcRCeFWODir8Rw;esfiharia Cabedelo PB;Ponta de Campina;@-7.0374,-34.8347,15z;excluded_category_or_name
rejected;Hórus Esfihas e Gelados;Esfiharia;R. Bacharel Irenaldo de Albuquerque Chaves, 825 - Aeroclube, João Pessoa - PB, 58036-460;4.9;27;ChIJWYMEcFLdrAcRJ7ODRj95ups;https://www.google.com/maps/place/?q=place_id:ChIJWYMEcFLdrAcRJ7ODRj95ups;esfiharia Cabedelo PB;Ponta de Campina;@-7.0374,-34.8347,15z;outside_cabedelo_or_location_uncertain
already_in_database;Pizzaria Jacaré;Pizzaria;R. Arco Íris, 250 - Lot. Oceania VI, Cabedelo - PB, 58310-000;4.5;59;ChIJLSlV8DrerAcRdEpwqq-GS2Y;https://www.google.com/maps/place/?q=place_id:ChIJLSlV8DrerAcRdEpwqq-GS2Y;esfiharia Cabedelo PB;Ponta de Campina;@-7.0374,-34.8347,15z;already_in_database
already_in_database;Lary's pizzaria e lanchonete;Pizzaria;R. Antônia Fernandes Oliveira, 810 - Jardim Camboinha, Cabedelo - PB, 58103-706;4.3;88;ChIJ1zlHHqffrAcRvEgStdnRDMs;https://www.google.com/maps/place/?q=place_id:ChIJ1zlHHqffrAcRvEgStdnRDMs;esfiharia Cabedelo PB;Ponta de Campina;@-7.0374,-34.8347,15z;already_in_database
rejected;Pérsia Esfiha Diferente;Esfiharia;Av. Umbuzeiro, 1099 - Manaíra, João Pessoa - PB, 58038-182;4.7;1345;ChIJXaMZFSLdrAcRDcClKwtA6h0;https://www.google.com/maps/place/?q=place_id:ChIJXaMZFSLdrAcRDcClKwtA6h0;esfiharia Cabedelo PB;Ponta de Campina;@-7.0374,-34.8347,15z;outside_cabedelo_or_location_uncertain
already_in_database;Chié artesanato e comedoria;Café;R. Praia do Jacaré - Intermares, Cabedelo - PB, 58310-000;4;40;ChIJTwa4MA_frAcR4t0Vizs3ozY;https://www.google.com/maps/place/?q=place_id:ChIJTwa4MA_frAcR4t0Vizs3ozY;esfiharia Cabedelo PB;Ponta de Campina;@-7.0374,-34.8347,15z;already_in_database
already_in_database;Pizzaria Bom Sabor Camboinha;Pizzaria;R. Prof. João Lelis de Luna Freire, 288 - Jardim Camboinha, Cabedelo - PB, 58310-000;4.1;54;ChIJ23LpoCvfrAcRK0glALWQRYA;https://www.google.com/maps/place/?q=place_id:ChIJ23LpoCvfrAcRK0glALWQRYA;esfiharia Cabedelo PB;Ponta de Campina;@-7.0374,-34.8347,15z;already_in_database
already_in_database;La casa de pastel e La Pizza Premium;Pastelaria brasileira;Rua por trás do Campo Municipal, R. Primo José Viana, 463 - Centro, Cabedelo - PB, 58100-521;4.1;261;ChIJYSxGk8ghrQcRk9Nz0uySHBE;https://www.google.com/maps/place/?q=place_id:ChIJYSxGk8ghrQcRk9Nz0uySHBE;esfiharia Cabedelo PB;Ponta de Campina;@-7.0374,-34.8347,15z;already_in_database
duplicate_in_run;Laila Comida Oriente Médio;Restaurante árabe;R. da Enseada, 1215 - Lot. Bela Vista, Ponta de Campina, Cabedelo - PB, 58310-000;4.6;9;ChIJI_h-O8vfrAcRLDfid-iNmQw;https://www.google.com/maps/place/?q=place_id:ChIJI_h-O8vfrAcRLDfid-iNmQw;esfiharia Cabedelo PB;Ponta de Campina;@-7.0374,-34.8347,15z;duplicate_in_run
duplicate_in_run;Sarau Pizza Bar;Delivery de Pizza;Av. Oceano Índico, 250 - Intermares, Cabedelo - PB, 58102-222;4.6;74;ChIJD-87p8zfrAcRwHD2v5gO-2c;https://www.google.com/maps/place/?q=place_id:ChIJD-87p8zfrAcRwHD2v5gO-2c;esfiharia Cabedelo PB;Ponta de Campina;@-7.0374,-34.8347,15z;duplicate_in_run
already_in_database;NutriFit Marmita Fitness Congeladas;Restaurante de comida natural;Intermares, Cabedelo - PB, 58102-032;5;18;ChIJN2Qo5azfrAcR6duVymUfuQ0;https://www.google.com/maps/place/?q=place_id:ChIJN2Qo5azfrAcR6duVymUfuQ0;marmitaria Cabedelo PB;Ponta de Campina;@-7.0374,-34.8347,15z;already_in_database
duplicate_in_run;MB Marmitas | Marmitaria em João Pessoa;Restaurante;R. Alfredo Chaves, 126 - Poço, Cabedelo - PB, 58101-582;5;2;ChIJ_XODgJ7frAcR2n1xL5ijuX4;https://www.google.com/maps/place/?q=place_id:ChIJ_XODgJ7frAcR2n1xL5ijuX4;marmitaria Cabedelo PB;Ponta de Campina;@-7.0374,-34.8347,15z;duplicate_in_run
already_in_database;Tempero De Casa;Restaurante;R. Maurício de Alençar Cavalcante - Jardim America, Cabedelo - PB, 58310-000;4.5;65;ChIJlzh1S-zdrAcRiCUL7fIKsMI;https://www.google.com/maps/place/?q=place_id:ChIJlzh1S-zdrAcRiCUL7fIKsMI;marmitaria Cabedelo PB;Ponta de Campina;@-7.0374,-34.8347,15z;already_in_database
duplicate_in_run;Mary Refeições;Restaurante;Av. Mar de Corais, 08 - Intermares, Cabedelo - PB, 58102-262;4.6;45;ChIJ2eQ7vvbfrAcRI7MW-9PBLJ8;https://www.google.com/maps/place/?q=place_id:ChIJ2eQ7vvbfrAcRI7MW-9PBLJ8;marmitaria Cabedelo PB;Ponta de Campina;@-7.0374,-34.8347,15z;duplicate_in_run
duplicate_in_run;M E Refeição;Restaurante;Intermares, Cabedelo - PB, 58033-455;5;3;ChIJc3fKUeHfrAcRDLLyfWij5xk;https://www.google.com/maps/place/?q=place_id:ChIJc3fKUeHfrAcRDLLyfWij5xk;marmitaria Cabedelo PB;Ponta de Campina;@-7.0374,-34.8347,15z;duplicate_in_run
rejected;El sabor restaurante e marmitaria;Restaurante;R. Pres. Washington Luís, 338 - Bessa, João Pessoa - PB, 58035-340;4.6;79;ChIJ71Tv30HdrAcR40bAo1GUO-0;https://www.google.com/maps/place/?q=place_id:ChIJ71Tv30HdrAcR40bAo1GUO-0;marmitaria Cabedelo PB;Ponta de Campina;@-7.0374,-34.8347,15z;outside_cabedelo_or_location_uncertain
already_in_database;Tia Graça Cafeteria e Doceria;Cafeteria;R. Golfo da China, 326 - Intermares, Cabedelo - PB, 58310-000;4.5;67;ChIJV8XbnLXfrAcRTzFbB-0OVFg;https://www.google.com/maps/place/?q=place_id:ChIJV8XbnLXfrAcRTzFbB-0OVFg;marmitaria Cabedelo PB;Ponta de Campina;@-7.0374,-34.8347,15z;already_in_database
already_in_database;Bom Tempero Restaurante;Restaurante self-service;Av. Maria de Oliveira Gomes - Portal do Poço, Cabedelo - PB, 58310-000;4.7;17;ChIJQwyZx_vfrAcRqBvYbKyyPhQ;https://www.google.com/maps/place/?q=place_id:ChIJQwyZx_vfrAcRqBvYbKyyPhQ;marmitaria Cabedelo PB;Ponta de Campina;@-7.0374,-34.8347,15z;already_in_database
already_in_database;Primo Rico;Restaurante self-service;Av. Oceano Atlântico, S/N - Intermares, Cabedelo - PB, 58102-236;4.3;903;ChIJ7aVpYzjfrAcRexvAqkdbRwU;https://www.google.com/maps/place/?q=place_id:ChIJ7aVpYzjfrAcRexvAqkdbRwU;marmitaria Cabedelo PB;Ponta de Campina;@-7.0374,-34.8347,15z;already_in_database
rejected;Aroma & Sabor Self-Service;Restaurante self-service;Onda Mar Praia Shopping, Av. Mar Vermelho, 357 - 11 - Intermares, Cabedelo - PB, 58102-120;4.3;50;ChIJE-Tnww3erAcRSEMi9ezCmjc;https://www.google.com/maps/place/?q=place_id:ChIJE-Tnww3erAcRSEMi9ezCmjc;marmitaria Cabedelo PB;Ponta de Campina;@-7.0374,-34.8347,15z;excluded_category_or_name
already_in_database;Lovina Ponta de Campina | Bar | Restaurante em Cabedelo;Restaurante;R. Vitorino Cardoso, 908 - Ponta de Campina, Cabedelo - PB, 58101-510;4.4;10742;ChIJdbKCxUTerAcRNmBt0eRrdX8;https://www.google.com/maps/place/?q=place_id:ChIJdbKCxUTerAcRNmBt0eRrdX8;marmitaria Cabedelo PB;Ponta de Campina;@-7.0374,-34.8347,15z;already_in_database
already_in_database;Galeteria D'intermares;Restaurante de carne;R. Golfo Veneza, 28 - Intermares, Cabedelo - PB, 58102-122;4.1;470;ChIJu2aD0g7erAcRzicvJXx-8yI;https://www.google.com/maps/place/?q=place_id:ChIJu2aD0g7erAcRzicvJXx-8yI;marmitaria Cabedelo PB;Ponta de Campina;@-7.0374,-34.8347,15z;already_in_database
duplicate_in_run;D Lay Refeições - Marmitaria;Restaurante de almoço;Av. Ambrósio Miranda de Araújo - Renascer, Cabedelo - PB, 58310-000;;;ChIJ7x-TOz7drAcRBMvOXw4vkwg;https://www.google.com/maps/place/?q=place_id:ChIJ7x-TOz7drAcRBMvOXw4vkwg;marmitaria Cabedelo PB;Ponta de Campina;@-7.0374,-34.8347,15z;duplicate_in_run
rejected;A&J Marmitaria Delivery;Delivery;R. Pres. Washington Luiz - Bessa, João Pessoa - PB, 58033-455;1;1;ChIJC9EkudTdrAcR3vsksIr8Y-M;https://www.google.com/maps/place/?q=place_id:ChIJC9EkudTdrAcR3vsksIr8Y-M;marmitaria Cabedelo PB;Ponta de Campina;@-7.0374,-34.8347,15z;outside_cabedelo_or_location_uncertain
rejected;Padaria Eldorado Intermares;Padaria;Av. Mar Vermelho, 263 - Intermares, Cabedelo - PB, 58102-120;4.3;573;ChIJ8fLcFhXfrAcRa8uPR7mcTcU;https://www.google.com/maps/place/?q=place_id:ChIJ8fLcFhXfrAcRa8uPR7mcTcU;marmitaria Cabedelo PB;Ponta de Campina;@-7.0374,-34.8347,15z;excluded_category_or_name
duplicate_in_run;Bom apetite;Restaurante;Jacaré, Cabedelo - PB, 58106-162;3.3;4;ChIJg_V2FQDfrAcRTnLbwll2mZk;https://www.google.com/maps/place/?q=place_id:ChIJg_V2FQDfrAcRTnLbwll2mZk;marmitaria Cabedelo PB;Ponta de Campina;@-7.0374,-34.8347,15z;duplicate_in_run
already_in_database;Restaurante Recanto do Picuí Intermares;Restaurante;R. Golfo Sidra, 72 - Intermares, Cabedelo - PB, 58310-000;4.5;1267;ChIJ7xU6NRLerAcRpPuWqjv1L7c;https://www.google.com/maps/place/?q=place_id:ChIJ7xU6NRLerAcRpPuWqjv1L7c;marmitaria Cabedelo PB;Ponta de Campina;@-7.0374,-34.8347,15z;already_in_database
already_in_database;Sol e mar restaurante e self service;Restaurante self-service;R. Márcia Travassos, 331 - Camboinha, Cabedelo - PB, 58310-000;4.6;22;ChIJC7wrAbDfrAcRL094F_SfelU;https://www.google.com/maps/place/?q=place_id:ChIJC7wrAbDfrAcRL094F_SfelU;marmitaria Cabedelo PB;Ponta de Campina;@-7.0374,-34.8347,15z;already_in_database
rejected;Andrea Marmitaria;Restaurante;R. Tertuliano Castro, 187 - Bessa, João Pessoa - PB, 58035-170;5;26;ChIJtXrmOy7drAcRIT1bJ6-v9Kw;https://www.google.com/maps/place/?q=place_id:ChIJtXrmOy7drAcRIT1bJ6-v9Kw;marmitaria Cabedelo PB;Ponta de Campina;@-7.0374,-34.8347,15z;outside_cabedelo_or_location_uncertain
rejected;Comida Caseira da Elly;Restaurante;Mercado Público de Cabedelo, BOX 138, Centro, Cabedelo - PB, 58100-140;5;19;ChIJBfEE9CwhrQcR2xtfopCJ34w;https://www.google.com/maps/place/?q=place_id:ChIJBfEE9CwhrQcR2xtfopCJ34w;marmitaria Cabedelo PB;Ponta de Campina;@-7.0374,-34.8347,15z;excluded_category_or_name
already_in_database;Espetinho da praia Intermares;Restaurante;Av. Oceano Atlântico, 1972 - Intermares, Cabedelo - PB, 58310-000;4.4;772;ChIJE-mcRMTfrAcRBThGnfI6x2c;https://www.google.com/maps/place/?q=place_id:ChIJE-mcRMTfrAcRBThGnfI6x2c;espetinho Cabedelo PB;Ponta de Campina;@-7.0374,-34.8347,15z;already_in_database
duplicate_in_run;Rope Espetos;Restaurante de churrasquinho;Av. Oceano Atlântico, 422 - Intermares, Cabedelo - PB, 58102-252;4.5;13;ChIJmbbN-K3frAcRsyfJ94pu17s;https://www.google.com/maps/place/?q=place_id:ChIJmbbN-K3frAcRsyfJ94pu17s;espetinho Cabedelo PB;Ponta de Campina;@-7.0374,-34.8347,15z;duplicate_in_run
already_in_database;Oliver Grill e Espetos;Restaurante brasileiro;Av. Oceano Índico, 928 - Intermares, Cabedelo - PB, 58102-222;4.9;54;ChIJf5cN1cDfrAcRCKHM1M2eY_Y;https://www.google.com/maps/place/?q=place_id:ChIJf5cN1cDfrAcRCKHM1M2eY_Y;espetinho Cabedelo PB;Ponta de Campina;@-7.0374,-34.8347,15z;already_in_database
duplicate_in_run;Espetinho lá Brasil;Restaurante de churrasquinho;Av. Oceano Pacífico - Intermares, Cabedelo - PB, 58102-236;4;4;ChIJnV7DIgbfrAcR2KjlFmSKYJ8;https://www.google.com/maps/place/?q=place_id:ChIJnV7DIgbfrAcR2KjlFmSKYJ8;espetinho Cabedelo PB;Ponta de Campina;@-7.0374,-34.8347,15z;duplicate_in_run
rejected;Espetinho da Rafa Camboinha;Bar;Av. Max Zagel, 16 - Jardim Jerico, Cabedelo - PB, 58310-000;4.9;19;ChIJOWgbm17frAcRk4X3wNNiTBA;https://www.google.com/maps/place/?q=place_id:ChIJOWgbm17frAcRk4X3wNNiTBA;espetinho Cabedelo PB;Ponta de Campina;@-7.0374,-34.8347,15z;not_clearly_food_establishment
rejected;Espetinho da Neide (galega );Área para churrasco;R. Jair Cunha Cavalcanti - Lot. Oceania VI, Cabedelo - PB, 58310-000;5;3;ChIJkS4yB_jfrAcRqBXX8hyz1d4;https://www.google.com/maps/place/?q=place_id:ChIJkS4yB_jfrAcRqBXX8hyz1d4;espetinho Cabedelo PB;Ponta de Campina;@-7.0374,-34.8347,15z;not_clearly_food_establishment
rejected;Badionaldo;Bar;R. Vitorino Cardoso, 780 - Lot. Vitorino Cardoso, Cabedelo - PB, 58101-510;3.7;111;ChIJLV_DEEPfrAcRnoTIdvp3Ch0;https://www.google.com/maps/place/?q=place_id:ChIJLV_DEEPfrAcRnoTIdvp3Ch0;espetinho Cabedelo PB;Ponta de Campina;@-7.0374,-34.8347,15z;not_clearly_food_establishment
already_in_database;Lovina Ponta de Campina | Bar | Restaurante em Cabedelo;Restaurante;R. Vitorino Cardoso, 908 - Ponta de Campina, Cabedelo - PB, 58101-510;4.4;10742;ChIJdbKCxUTerAcRNmBt0eRrdX8;https://www.google.com/maps/place/?q=place_id:ChIJdbKCxUTerAcRNmBt0eRrdX8;espetinho Cabedelo PB;Ponta de Campina;@-7.0374,-34.8347,15z;already_in_database
already_in_database;Numar Bar e Restaurante;Bar;Av. Oceano Atlântico, 878 - Intermares, Cabedelo - PB, 58310-000;4.5;1370;ChIJ29wxE1zfrAcRAXclbUaSW8w;https://www.google.com/maps/place/?q=place_id:ChIJ29wxE1zfrAcRAXclbUaSW8w;espetinho Cabedelo PB;Ponta de Campina;@-7.0374,-34.8347,15z;already_in_database
rejected;Espetinho união;;Passarela Peixe Boi, R. da Enseada - Ponta de Campina, Cabedelo - PB, 58310-000;5;2;ChIJ9UaKIgDfrAcRVSYGCG9IG8s;https://www.google.com/maps/place/?q=place_id:ChIJ9UaKIgDfrAcRVSYGCG9IG8s;espetinho Cabedelo PB;Ponta de Campina;@-7.0374,-34.8347,15z;not_clearly_food_establishment
duplicate_in_run;Espetinho do xandao;Churrascaria;R. da Enseada, 1215 - Ponta de Campina, Cabedelo - PB, 58101-640;4;4;ChIJCcURbQDfrAcRhFrZD2Ih3qI;https://www.google.com/maps/place/?q=place_id:ChIJCcURbQDfrAcRhFrZD2Ih3qI;espetinho Cabedelo PB;Ponta de Campina;@-7.0374,-34.8347,15z;duplicate_in_run
rejected;Espetinho Do Jorge;;R. Carolino Cardoso - Lot. Vitorino Cardoso, Cabedelo - PB, 58101-502;4;2;ChIJ07vP-0verAcRwU1RGY6vTT4;https://www.google.com/maps/place/?q=place_id:ChIJ07vP-0verAcRwU1RGY6vTT4;espetinho Cabedelo PB;Ponta de Campina;@-7.0374,-34.8347,15z;not_clearly_food_establishment
accepted;Espetinho Pé na Areia;Restaurante;R. Gameleira, 23 - Amazonia Park, Cabedelo - PB, 58106-548;;;ChIJGWLtZoffrAcRAWERwF7Q64I;https://www.google.com/maps/place/?q=place_id:ChIJGWLtZoffrAcRAWERwF7Q64I;espetinho Cabedelo PB;Ponta de Campina;@-7.0374,-34.8347,15z;food_scope
already_in_database;Ancoradouro Ponta de Campina;Restaurante;R. Henrique Siqueira, 242 - Ponta de Campina, Cabedelo - PB, 58310-000;3.9;495;ChIJZ2RoyxLfrAcRupeEWBQrnEc;https://www.google.com/maps/place/?q=place_id:ChIJZ2RoyxLfrAcRupeEWBQrnEc;espetinho Cabedelo PB;Ponta de Campina;@-7.0374,-34.8347,15z;already_in_database
rejected;ESPETINHO DO GAUCHO;;R. Honório Patrício dos Santos, 44 - Recanto do Poço, Cabedelo - PB, 58105-084;;;ChIJQf5xz0verAcRud7oMR4ySFI;https://www.google.com/maps/place/?q=place_id:ChIJQf5xz0verAcRud7oMR4ySFI;espetinho Cabedelo PB;Ponta de Campina;@-7.0374,-34.8347,15z;not_clearly_food_establishment
rejected;Boi na Brasa;Restaurante de churrasquinho;Av. Pres. Afonso Pena, 60 - Bessa, João Pessoa - PB, 58035-030;4.5;48;ChIJbZTPdgDdrAcR9SDtSzAlFRE;https://www.google.com/maps/place/?q=place_id:ChIJbZTPdgDdrAcR9SDtSzAlFRE;espetinho Cabedelo PB;Ponta de Campina;@-7.0374,-34.8347,15z;outside_cabedelo_or_location_uncertain
rejected;Espetinho da nathy;Bar;R. Milton Macedo da Cruz - Lot. Oceania VI, Cabedelo - PB, 58105-565;;;ChIJzXGoDwDfrAcRBVtdioezIwc;https://www.google.com/maps/place/?q=place_id:ChIJzXGoDwDfrAcRBVtdioezIwc;espetinho Cabedelo PB;Ponta de Campina;@-7.0374,-34.8347,15z;not_clearly_food_establishment
already_in_database;Seu Jerônimo;Hamburgueria;R. Virginia Maria Nogueira Gadelha Pimentel - Lot. Bela Vista, Cabedelo - PB, 58310-000;5;13;ChIJWVZmZADdrAcRKTJks1JgeWU;https://www.google.com/maps/place/?q=place_id:ChIJWVZmZADdrAcRKTJks1JgeWU;espetinho Cabedelo PB;Ponta de Campina;@-7.0374,-34.8347,15z;already_in_database
already_in_database;BAR DO CHEFF RESTAURANTE;Bar com música ao vivo;Av. Mar Vermelho, 357 - Lj 12 - Intermares, Cabedelo - PB, 58310-120;4.5;244;ChIJ__-7wQ3erAcRTH9HHjOgYLo;https://www.google.com/maps/place/?q=place_id:ChIJ__-7wQ3erAcRTH9HHjOgYLo;espetinho Cabedelo PB;Ponta de Campina;@-7.0374,-34.8347,15z;already_in_database
already_in_database;Cibelly Bar & Restaurante;Bar e restaurante de ostras;Rua Luna Pedrosa, 1260 - Poço, Cabedelo - PB, 58101-574;4.1;4295;ChIJ63V170_erAcRZ2vvWZseSgE;https://www.google.com/maps/place/?q=place_id:ChIJ63V170_erAcRZ2vvWZseSgE;espetinho Cabedelo PB;Ponta de Campina;@-7.0374,-34.8347,15z;already_in_database
already_in_database;Tia Graça Cafeteria e Doceria;Cafeteria;R. Golfo da China, 326 - Intermares, Cabedelo - PB, 58310-000;4.5;67;ChIJV8XbnLXfrAcRTzFbB-0OVFg;https://www.google.com/maps/place/?q=place_id:ChIJV8XbnLXfrAcRTzFbB-0OVFg;pastelaria Cabedelo PB;Intermares;@-7.0477,-34.8456,15z;already_in_database
rejected;Padaria Pandine;Padaria;Av. Mar Vermelho, 357 - Intermares, Cabedelo - PB, 58102-120;4.4;1096;ChIJP6gJ7w3erAcREADxKhazvuY;https://www.google.com/maps/place/?q=place_id:ChIJP6gJ7w3erAcREADxKhazvuY;pastelaria Cabedelo PB;Intermares;@-7.0477,-34.8456,15z;excluded_category_or_name
duplicate_in_run;Casa Do Pastel;Pastelaria brasileira;R. Honório Patrício dos Santos, 328 - Recanto do Poço, Cabedelo - PB, 58310-000;4.2;20;ChIJoc8jbkrerAcRh20OFIzRlDc;https://www.google.com/maps/place/?q=place_id:ChIJoc8jbkrerAcRh20OFIzRlDc;pastelaria Cabedelo PB;Intermares;@-7.0477,-34.8456,15z;duplicate_in_run
duplicate_in_run;Pastelaria Arretada;Pastelaria brasileira;R. Jair Cunha Cavalcanti - Jacaré, Cabedelo - PB, 58105-700;;;ChIJu3uW1J3frAcRSD7yg4vEUJg;https://www.google.com/maps/place/?q=place_id:ChIJu3uW1J3frAcRSD7yg4vEUJg;pastelaria Cabedelo PB;Intermares;@-7.0477,-34.8456,15z;duplicate_in_run
duplicate_in_run;Pastelle (Pastelaria artesanal);Pastelaria brasileira;R. Raul Seixas - Renascer, Cabedelo - PB, 58108-122;4.8;6;ChIJKdiJIC7drAcRSmw3uvlT1t0;https://www.google.com/maps/place/?q=place_id:ChIJKdiJIC7drAcRSmw3uvlT1t0;pastelaria Cabedelo PB;Intermares;@-7.0477,-34.8456,15z;duplicate_in_run
rejected;Padaria Eldorado Intermares;Padaria;Av. Mar Vermelho, 263 - Intermares, Cabedelo - PB, 58102-120;4.3;573;ChIJ8fLcFhXfrAcRa8uPR7mcTcU;https://www.google.com/maps/place/?q=place_id:ChIJ8fLcFhXfrAcRa8uPR7mcTcU;pastelaria Cabedelo PB;Intermares;@-7.0477,-34.8456,15z;excluded_category_or_name
rejected;Panificadora do Poço;Padaria;R. Carolino Cardoso, 177-245 - Lot. Vitorino Cardoso, Cabedelo - PB, 58310-000;4.2;293;ChIJD-aUzE3erAcRIs-tCW7mU0Q;https://www.google.com/maps/place/?q=place_id:ChIJD-aUzE3erAcRIs-tCW7mU0Q;pastelaria Cabedelo PB;Intermares;@-7.0477,-34.8456,15z;excluded_category_or_name
duplicate_in_run;Recanto do Pastel;Pastelaria brasileira;R. Gov. Antônio Mariz, 76 - Recanto do Poço, Cabedelo - PB, 58105-126;5;2;ChIJTbQRGwDfrAcRtHi9QRdHtfw;https://www.google.com/maps/place/?q=place_id:ChIJTbQRGwDfrAcRtHi9QRdHtfw;pastelaria Cabedelo PB;Intermares;@-7.0477,-34.8456,15z;duplicate_in_run
duplicate_in_run;Rodizio de caldo do carioca;Pastelaria brasileira;Rod. Br Duzentos e Trinta, 187 - Renascer, Cabedelo - PB, 58102-171;;;ChIJ6_RJWwDdrAcRxuNt1Q9C4Cc;https://www.google.com/maps/place/?q=place_id:ChIJ6_RJWwDdrAcRxuNt1Q9C4Cc;pastelaria Cabedelo PB;Intermares;@-7.0477,-34.8456,15z;duplicate_in_run
already_in_database;Pastelaria Litorânea;Pastelaria brasileira;R. Sólon de Lucena, 19 - Vila Sao Joao, Cabedelo - PB, 58310-000;4.3;280;ChIJMwgi824grQcR0OCGiSGQ4Oc;https://www.google.com/maps/place/?q=place_id:ChIJMwgi824grQcR0OCGiSGQ4Oc;pastelaria Cabedelo PB;Intermares;@-7.0477,-34.8456,15z;already_in_database
already_in_database;Primo Rico;Restaurante self-service;Av. Oceano Atlântico, S/N - Intermares, Cabedelo - PB, 58102-236;4.3;903;ChIJ7aVpYzjfrAcRexvAqkdbRwU;https://www.google.com/maps/place/?q=place_id:ChIJ7aVpYzjfrAcRexvAqkdbRwU;pastelaria Cabedelo PB;Intermares;@-7.0477,-34.8456,15z;already_in_database
rejected;Panificadora Intermares;Padaria;Av. Oceano Índico, 375 - Intermares, Cabedelo - PB, 58102-222;4.1;82;ChIJQ50DHaLfrAcRSavcugBsAmM;https://www.google.com/maps/place/?q=place_id:ChIJQ50DHaLfrAcRSavcugBsAmM;pastelaria Cabedelo PB;Intermares;@-7.0477,-34.8456,15z;excluded_category_or_name
already_in_database;Mega Pizza;Pizzaria;Av. Mar Vermelho, 357 - Intermares, Cabedelo - PB, 58310-000;4;506;ChIJP6gJ7w3erAcRPbZmhVXL0gQ;https://www.google.com/maps/place/?q=place_id:ChIJP6gJ7w3erAcRPbZmhVXL0gQ;pastelaria Cabedelo PB;Intermares;@-7.0477,-34.8456,15z;already_in_database
rejected;Doces Lis;Doceria;Av. Oceano Índico - Intermares, Cabedelo - PB, 58102-222;5;21;ChIJcwmDb1DfrAcRNXjP51h-48o;https://www.google.com/maps/place/?q=place_id:ChIJcwmDb1DfrAcRNXjP51h-48o;pastelaria Cabedelo PB;Intermares;@-7.0477,-34.8456,15z;not_clearly_food_establishment
already_in_database;La casa de pastel e La Pizza Premium;Pastelaria brasileira;Rua por trás do Campo Municipal, R. Primo José Viana, 463 - Centro, Cabedelo - PB, 58100-521;4.1;261;ChIJYSxGk8ghrQcRk9Nz0uySHBE;https://www.google.com/maps/place/?q=place_id:ChIJYSxGk8ghrQcRk9Nz0uySHBE;pastelaria Cabedelo PB;Intermares;@-7.0477,-34.8456,15z;already_in_database
rejected;Caldo de Cana e Pastelaria do Irmão Raminho;Lanchonete;R. São José, 148 - Lot. Parque Esperanca, Cabedelo - PB, 58108-511;;;ChIJPQ9w3ovdrAcRZV9IK2ZsYO4;https://www.google.com/maps/place/?q=place_id:ChIJPQ9w3ovdrAcRZV9IK2ZsYO4;pastelaria Cabedelo PB;Intermares;@-7.0477,-34.8456,15z;outside_cabedelo_or_location_uncertain
rejected;Casa grill Restaurante e Lanchonete;Lanchonete;de brito, R. Hortência Helena Amorim Brito - Jardim Alfa, Cabedelo - PB, 58000-000;4.5;11;ChIJKad3l7ndrAcRgsGXszeXY2A;https://www.google.com/maps/place/?q=place_id:ChIJKad3l7ndrAcRgsGXszeXY2A;pastelaria Cabedelo PB;Intermares;@-7.0477,-34.8456,15z;outside_cabedelo_or_location_uncertain
rejected;Zeca bebidas;Loja de bebidas alcoólicas;R. Maria Cordeiro do Nascimento, 51 - Renascer, Cabedelo - PB, 58108-242;5;3;ChIJ9W-__JLdrAcRDLA-5rH81P4;https://www.google.com/maps/place/?q=place_id:ChIJ9W-__JLdrAcRDLA-5rH81P4;pastelaria Cabedelo PB;Intermares;@-7.0477,-34.8456,15z;not_clearly_food_establishment
rejected;Tia Graça Doces E Salgados;Doceria;R. Pedro Aleixo Moura, 26 - Vila Sao Joao, Cabedelo - PB, 58310-000;4.6;414;ChIJazVfCHEgrQcRref-q7f7tNA;https://www.google.com/maps/place/?q=place_id:ChIJazVfCHEgrQcRref-q7f7tNA;pastelaria Cabedelo PB;Intermares;@-7.0477,-34.8456,15z;not_clearly_food_establishment
rejected;Doce Amore;Confeitaria;R. Severino Teixeira de Oliveira, 44 - Ponta de Matos, Cabedelo - PB, 58100-665;4.8;19;ChIJcZIaMW4grQcR07Eo2rlVxiQ;https://www.google.com/maps/place/?q=place_id:ChIJcZIaMW4grQcR07Eo2rlVxiQ;pastelaria Cabedelo PB;Intermares;@-7.0477,-34.8456,15z;not_clearly_food_establishment
rejected;A Ferro Y Fogo Churrasco & Burger Artesanal na Brasa;Restaurante;Av. Oceano Atlântico, 1592 - Shopping GetMall - Ponta de Campina, Cabedelo - PB, 58101-650;3.9;39;ChIJNWudC1nfrAcRZp_VOIvsXTQ;https://www.google.com/maps/place/?q=place_id:ChIJNWudC1nfrAcRZp_VOIvsXTQ;churrascaria Cabedelo PB;Intermares;@-7.0477,-34.8456,15z;excluded_category_or_name
already_in_database;Restaurante Recanto do Picuí Intermares;Churrascaria;R. Golfo Sidra, 72 - Intermares, Cabedelo - PB, 58310-000;4.5;1267;ChIJ7xU6NRLerAcRpPuWqjv1L7c;https://www.google.com/maps/place/?q=place_id:ChIJ7xU6NRLerAcRpPuWqjv1L7c;churrascaria Cabedelo PB;Intermares;@-7.0477,-34.8456,15z;already_in_database
already_in_database;Melhor Sabor - Churrascaria e Self-Service;Churrascaria;R. João Clementino Gomes, 638 - Renascer, Cabedelo - PB, 58108-088;4.8;18;ChIJm6UA9qrdrAcR5Z_cuLUAO4k;https://www.google.com/maps/place/?q=place_id:ChIJm6UA9qrdrAcR5Z_cuLUAO4k;churrascaria Cabedelo PB;Intermares;@-7.0477,-34.8456,15z;already_in_database
already_in_database;Lovina Ponta de Campina | Bar | Restaurante em Cabedelo;Restaurante;R. Vitorino Cardoso, 908 - Ponta de Campina, Cabedelo - PB, 58101-510;4.4;10742;ChIJdbKCxUTerAcRNmBt0eRrdX8;https://www.google.com/maps/place/?q=place_id:ChIJdbKCxUTerAcRNmBt0eRrdX8;churrascaria Cabedelo PB;Intermares;@-7.0477,-34.8456,15z;already_in_database
already_in_database;churrascaria do biu;Churrascaria;R. Carolino Cardoso, 248-328 - Lot. Vitorino Cardoso, Cabedelo - PB, 58310-000;4.2;142;ChIJi2YYOkzerAcRnZgoaC-xOvY;https://www.google.com/maps/place/?q=place_id:ChIJi2YYOkzerAcRnZgoaC-xOvY;churrascaria Cabedelo PB;Intermares;@-7.0477,-34.8456,15z;already_in_database
already_in_database;Ancoradouro Ponta de Campina;Restaurante;R. Henrique Siqueira, 242 - Ponta de Campina, Cabedelo - PB, 58310-000;3.9;495;ChIJZ2RoyxLfrAcRupeEWBQrnEc;https://www.google.com/maps/place/?q=place_id:ChIJZ2RoyxLfrAcRupeEWBQrnEc;churrascaria Cabedelo PB;Intermares;@-7.0477,-34.8456,15z;already_in_database
already_in_database;Oliver Grill e Espetos;Restaurante brasileiro;Av. Oceano Índico, 928 - Intermares, Cabedelo - PB, 58102-222;4.9;54;ChIJf5cN1cDfrAcRCKHM1M2eY_Y;https://www.google.com/maps/place/?q=place_id:ChIJf5cN1cDfrAcRCKHM1M2eY_Y;churrascaria Cabedelo PB;Intermares;@-7.0477,-34.8456,15z;already_in_database
already_in_database;CTG Saudade Da Querência;Restaurante;R. João Santos Coelho Filho, 125 - Lot. Praia Grande, Cabedelo - PB, 58310-000;4.6;293;ChIJv8vnDLPfrAcR2d01H7Lb744;https://www.google.com/maps/place/?q=place_id:ChIJv8vnDLPfrAcR2d01H7Lb744;churrascaria Cabedelo PB;Intermares;@-7.0477,-34.8456,15z;already_in_database
already_in_database;Espetinho da praia Intermares;Restaurante;Av. Oceano Atlântico, 1972 - Intermares, Cabedelo - PB, 58310-000;4.4;772;ChIJE-mcRMTfrAcRBThGnfI6x2c;https://www.google.com/maps/place/?q=place_id:ChIJE-mcRMTfrAcRBThGnfI6x2c;churrascaria Cabedelo PB;Intermares;@-7.0477,-34.8456,15z;already_in_database
already_in_database;Churrascaria do Caicó;Churrascaria;R, Av. Pastor José Alves de Oliveira, 365 - Centro, Cabedelo - PB, 58100-222;4.3;753;ChIJVaKROncgrQcR5lpnht-FotI;https://www.google.com/maps/place/?q=place_id:ChIJVaKROncgrQcR5lpnht-FotI;churrascaria Cabedelo PB;Intermares;@-7.0477,-34.8456,15z;already_in_database
already_in_database;Galeteria D'intermares;Restaurante de carne;R. Golfo Veneza, 28 - Intermares, Cabedelo - PB, 58102-122;4.1;470;ChIJu2aD0g7erAcRzicvJXx-8yI;https://www.google.com/maps/place/?q=place_id:ChIJu2aD0g7erAcRzicvJXx-8yI;churrascaria Cabedelo PB;Intermares;@-7.0477,-34.8456,15z;already_in_database
already_in_database;Tempero De Casa;Restaurante;R. Maurício de Alençar Cavalcante - Jardim America, Cabedelo - PB, 58310-000;4.5;65;ChIJlzh1S-zdrAcRiCUL7fIKsMI;https://www.google.com/maps/place/?q=place_id:ChIJlzh1S-zdrAcRiCUL7fIKsMI;churrascaria Cabedelo PB;Intermares;@-7.0477,-34.8456,15z;already_in_database
duplicate_in_run;Restaurante Self Sabor;Restaurante self-service;R. Carolino Cardoso, 361 - Lot. Vitorino Cardoso, Cabedelo - PB, 58101-502;5;1;ChIJCauHMEbfrAcRkfIWALUqaWo;https://www.google.com/maps/place/?q=place_id:ChIJCauHMEbfrAcRkfIWALUqaWo;churrascaria Cabedelo PB;Intermares;@-7.0477,-34.8456,15z;duplicate_in_run
rejected;Arena Meat House;Bar e Grill;BR-230, Km 10 - Lot. Bela Vista, Cabedelo - PB, 58102-970;5;27;ChIJCaRZ6I3frAcRu_sSIMT6siA;https://www.google.com/maps/place/?q=place_id:ChIJCaRZ6I3frAcRu_sSIMT6siA;churrascaria Cabedelo PB;Intermares;@-7.0477,-34.8456,15z;not_clearly_food_establishment
already_in_database;Primo Rico;Restaurante self-service;Av. Oceano Atlântico, S/N - Intermares, Cabedelo - PB, 58102-236;4.3;903;ChIJ7aVpYzjfrAcRexvAqkdbRwU;https://www.google.com/maps/place/?q=place_id:ChIJ7aVpYzjfrAcRexvAqkdbRwU;churrascaria Cabedelo PB;Intermares;@-7.0477,-34.8456,15z;already_in_database
already_in_database;Self service da GG;Restaurante self-service;R. Jair Cunha Cavalcanti, 328 - Lot. Oceania VI, Cabedelo - PB, 58310-000;5;1;ChIJXSZHbgDfrAcR7WzEKqOnmgI;https://www.google.com/maps/place/?q=place_id:ChIJXSZHbgDfrAcR7WzEKqOnmgI;churrascaria Cabedelo PB;Intermares;@-7.0477,-34.8456,15z;already_in_database
rejected;Rei das Carnes - Intermares;Açougue;Av. Mar Vermelho, 380 - Intermares, Cabedelo - PB, 58102-110;4.6;655;ChIJwaFzfgXfrAcRBX_ecdbOCMo;https://www.google.com/maps/place/?q=place_id:ChIJwaFzfgXfrAcRBX_ecdbOCMo;churrascaria Cabedelo PB;Intermares;@-7.0477,-34.8456,15z;excluded_category_or_name
already_in_database;Big Jack comida de rua com INSPIRAÇÃO texana;Restaurante;Av. Mar Vermelho, QUADRA 12 - LOTE 01 - Intermares, Cabedelo - PB, 58102-120;4.8;353;ChIJCTY1v6rfrAcRD3ZYZu4I32E;https://www.google.com/maps/place/?q=place_id:ChIJCTY1v6rfrAcRD3ZYZu4I32E;churrascaria Cabedelo PB;Intermares;@-7.0477,-34.8456,15z;already_in_database
rejected;Bessa Grill;Restaurante;Av. Arthur Monteiro de Paiva, 1190 - Bessa, João Pessoa - PB, 58035-010;4.3;10184;ChIJ9YDhD8LdrAcRMep6H5jQcLQ;https://www.google.com/maps/place/?q=place_id:ChIJ9YDhD8LdrAcRMep6H5jQcLQ;churrascaria Cabedelo PB;Intermares;@-7.0477,-34.8456,15z;outside_cabedelo_or_location_uncertain
already_in_database;Bom Tempero Restaurante;Restaurante self-service;Av. Maria de Oliveira Gomes - Portal do Poço, Cabedelo - PB, 58310-000;4.7;17;ChIJQwyZx_vfrAcRqBvYbKyyPhQ;https://www.google.com/maps/place/?q=place_id:ChIJQwyZx_vfrAcRqBvYbKyyPhQ;churrascaria Cabedelo PB;Intermares;@-7.0477,-34.8456,15z;already_in_database
already_in_database;Sakê Temakeria Ponta de Campina, Cabedelo;Restaurante japonês;Av. Oceano Atlântico, 1592 - Sl 16 E 17 - Ponta de Campina, Cabedelo - PB, 58310-000;4.7;261;ChIJ2Xj63j_drAcRrllAg3GcmOU;https://www.google.com/maps/place/?q=place_id:ChIJ2Xj63j_drAcRrllAg3GcmOU;comida japonesa Cabedelo PB;Intermares;@-7.0477,-34.8456,15z;already_in_database
rejected;Novo Oriente Intermares;Restaurante de sushi;Av. Mar Vermelho, 35 - Intermares, Cabedelo - PB, 58102-120;4.2;1378;ChIJN9JFAA7erAcR7c6fN6tma_g;https://www.google.com/maps/place/?q=place_id:ChIJN9JFAA7erAcR7c6fN6tma_g;comida japonesa Cabedelo PB;Intermares;@-7.0477,-34.8456,15z;excluded_category_or_name
already_in_database;A Casa do Temakinho;Restaurante;Av. Mar da Irlanda, 222 - Intermares, Cabedelo - PB, 58310-000;4.9;150;ChIJK77pAsvfrAcRDJoNP1VhTVo;https://www.google.com/maps/place/?q=place_id:ChIJK77pAsvfrAcRDJoNP1VhTVo;comida japonesa Cabedelo PB;Intermares;@-7.0477,-34.8456,15z;already_in_database
already_in_database;Pipa Sushi & Temakeria;Restaurante de sushi;Av. Mar das Antilhas - Intermares, Cabedelo - PB, 58310-000;4.3;292;ChIJm1Mywg3erAcRAs4OIMpvJqk;https://www.google.com/maps/place/?q=place_id:ChIJm1Mywg3erAcRAs4OIMpvJqk;comida japonesa Cabedelo PB;Intermares;@-7.0477,-34.8456,15z;already_in_database
rejected;GETMall;Praça de alimentação;Av. Oceano Atlântico, 1592 - Ponta de Campina, Cabedelo - PB, 58310-000;4.3;103;ChIJX7HMo6rdrAcRCeFWODir8Rw;https://www.google.com/maps/place/?q=place_id:ChIJX7HMo6rdrAcRCeFWODir8Rw;comida japonesa Cabedelo PB;Intermares;@-7.0477,-34.8456,15z;excluded_category_or_name
rejected;Bessa Prime SushiBar e Restaurante;Restaurante;Av. Arthur Monteiro de Paiva, 1001-1219 - Bessa, João Pessoa - PB, 58035-010;4.4;14;ChIJ3QV5bAbdrAcR4iXYq67ISJY;https://www.google.com/maps/place/?q=place_id:ChIJ3QV5bAbdrAcR4iXYq67ISJY;comida japonesa Cabedelo PB;Intermares;@-7.0477,-34.8456,15z;outside_cabedelo_or_location_uncertain
already_in_database;Espaço Do Sushi;Restaurante;R. Juarez Távora - Camalaú, Cabedelo - PB, 58310-000;4.2;33;ChIJLZuM-3YgrQcRxc7_zhcQ3Y0;https://www.google.com/maps/place/?q=place_id:ChIJLZuM-3YgrQcRxc7_zhcQ3Y0;comida japonesa Cabedelo PB;Intermares;@-7.0477,-34.8456,15z;already_in_database
rejected;Union | Motel Em João Pessoa;Hotel de beira de estrada;R. Jair Cunha Cavalcanti, 694 - Praia do Jacaré, Cabedelo - PB, 58106-371;4.7;879;ChIJAQAAcRrerAcRQhVqvZI0gdM;https://www.google.com/maps/place/?q=place_id:ChIJAQAAcRrerAcRQhVqvZI0gdM;comida japonesa Cabedelo PB;Intermares;@-7.0477,-34.8456,15z;excluded_category_or_name
rejected;Uni Sushi Bessa | Teppanyaki, Makimonos, Uramaki e Hot Roll;Restaurante japonês;Parahyba Mall, R. Bacharel José de Oliveira Curchatuz, 850 - Lj 15 - Jardim Oceania, João Pessoa - PB, 58037-432;4.8;21;ChIJOXEnUAfdrAcRARXomgScUgE;https://www.google.com/maps/place/?q=place_id:ChIJOXEnUAfdrAcRARXomgScUgE;comida japonesa Cabedelo PB;Intermares;@-7.0477,-34.8456,15z;outside_cabedelo_or_location_uncertain
already_in_database;Sushiyaki Restaurante;Restaurante japonês;R. Ten. Antônio Pontes, 381 - Ponta de Matos, Cabedelo - PB, 58100-645;4.7;10;ChIJoZsj3b7frAcRjoZUr5Cg7Uw;https://www.google.com/maps/place/?q=place_id:ChIJoZsj3b7frAcRjoZUr5Cg7Uw;comida japonesa Cabedelo PB;Intermares;@-7.0477,-34.8456,15z;already_in_database
rejected;King Pet Shop;Pet Shop;Avenida Oceano Atlântico 1592, Shopping Get Mall, loja 09 - Ponta de Campina, Cabedelo - PB, 58101-650;4.9;28;ChIJxwSsoe_frAcRrX495qlRcCs;https://www.google.com/maps/place/?q=place_id:ChIJxwSsoe_frAcRrX495qlRcCs;comida japonesa Cabedelo PB;Intermares;@-7.0477,-34.8456,15z;excluded_category_or_name
rejected;Kanpai Sushi Temaki e Cia. Jd. Oceania;Restaurante japonês;R. Bacharel José de Oliveira Curchatuz, 44 - Bessa, João Pessoa - PB, 58037-432;4.8;1056;ChIJ3UsVE_LdrAcRJKDe6P_Xbew;https://www.google.com/maps/place/?q=place_id:ChIJ3UsVE_LdrAcRJKDe6P_Xbew;comida japonesa Cabedelo PB;Intermares;@-7.0477,-34.8456,15z;outside_cabedelo_or_location_uncertain
rejected;Ryori João Pessoa;Restaurante japonês;R. Manoel Arruda Cavalcante, 805 - Manaíra, João Pessoa - PB, 58038-680;4.8;1004;ChIJkc7EagDdrAcRhURBYIpeAqI;https://www.google.com/maps/place/?q=place_id:ChIJkc7EagDdrAcRhURBYIpeAqI;comida japonesa Cabedelo PB;Intermares;@-7.0477,-34.8456,15z;outside_cabedelo_or_location_uncertain
rejected;Rizu Sushi -DELIVERY E TAKE AWAY;Restaurante japonês;R. Ten. Pedro Macedo Lima, 96 - Jardim Oceania, João Pessoa - PB, 58037-462;4.9;38;ChIJJ6Z-zRzdrAcR2Fl8l-fW9hc;https://www.google.com/maps/place/?q=place_id:ChIJJ6Z-zRzdrAcR2Fl8l-fW9hc;comida japonesa Cabedelo PB;Intermares;@-7.0477,-34.8456,15z;outside_cabedelo_or_location_uncertain
rejected;HAYTSU JAPANESE FOOD;Restaurante japonês;R. Cel. José Gomes de Sá Filho, 321 - Lj 01 - Jardim Oceania, João Pessoa - PB, 58037-345;4.2;285;ChIJZ7Jv1qPdrAcR3WxZbCfysi8;https://www.google.com/maps/place/?q=place_id:ChIJZ7Jv1qPdrAcR3WxZbCfysi8;comida japonesa Cabedelo PB;Intermares;@-7.0477,-34.8456,15z;outside_cabedelo_or_location_uncertain
rejected;Sukasa Sushis e Temakis;Restaurante japonês;R. Lindolfo José Correia das Neves, 447 - Jardim Oceania, João Pessoa - PB, 58037-305;4.7;788;ChIJE5wknuvdrAcRl04hg5r8xWc;https://www.google.com/maps/place/?q=place_id:ChIJE5wknuvdrAcRl04hg5r8xWc;comida japonesa Cabedelo PB;Intermares;@-7.0477,-34.8456,15z;outside_cabedelo_or_location_uncertain
rejected;Sushi Do Bom;Restaurante japonês;Av. João Câncio da Silva, 1475 - Manaíra, João Pessoa - PB, 58038-342;4.7;371;ChIJXYH7Tk_drAcRmaQgagkm-C8;https://www.google.com/maps/place/?q=place_id:ChIJXYH7Tk_drAcRmaQgagkm-C8;comida japonesa Cabedelo PB;Intermares;@-7.0477,-34.8456,15z;outside_cabedelo_or_location_uncertain
already_in_database;China Mix e Pizzaria;Restaurante;R. Orquídeas, 17 - Lot. Parque Esperanca, Cabedelo - PB, 58310-000;3.7;3;ChIJY74d6JndrAcREiCj64vFzvg;https://www.google.com/maps/place/?q=place_id:ChIJY74d6JndrAcREiCj64vFzvg;comida japonesa Cabedelo PB;Intermares;@-7.0477,-34.8456,15z;already_in_database
rejected;Sakê Temakeria Premium | Restaurante Japonês | Manaira;Restaurante japonês;Av. Gen. Edson Ramalho, 294 - SALA 106 - Manaíra, João Pessoa - PB, 58038-100;4.6;849;ChIJTUr-kSLdrAcRM5odGiK4a-U;https://www.google.com/maps/place/?q=place_id:ChIJTUr-kSLdrAcRM5odGiK4a-U;comida japonesa Cabedelo PB;Intermares;@-7.0477,-34.8456,15z;excluded_category_or_name
already_in_database;Viciados em Sushi;Restaurante japonês;R. Pedro Aleixo Moura, 34 - Centro, Cabedelo - PB, 58100-210;4.4;193;ChIJ_c5MVHEgrQcRB4CuNV0soio;https://www.google.com/maps/place/?q=place_id:ChIJ_c5MVHEgrQcRB4CuNV0soio;comida japonesa Cabedelo PB;Intermares;@-7.0477,-34.8456,15z;already_in_database
already_in_database;Sakê Temakeria Ponta de Campina, Cabedelo;Restaurante japonês;Av. Oceano Atlântico, 1592 - Sl 16 E 17 - Ponta de Campina, Cabedelo - PB, 58310-000;4.7;261;ChIJ2Xj63j_drAcRrllAg3GcmOU;https://www.google.com/maps/place/?q=place_id:ChIJ2Xj63j_drAcRrllAg3GcmOU;japones Cabedelo PB;Intermares;@-7.0477,-34.8456,15z;already_in_database
already_in_database;A Casa do Temakinho;Restaurante;Av. Mar da Irlanda, 222 - Intermares, Cabedelo - PB, 58310-000;4.9;150;ChIJK77pAsvfrAcRDJoNP1VhTVo;https://www.google.com/maps/place/?q=place_id:ChIJK77pAsvfrAcRDJoNP1VhTVo;japones Cabedelo PB;Intermares;@-7.0477,-34.8456,15z;already_in_database
rejected;Novo Oriente Intermares;Restaurante de sushi;Av. Mar Vermelho, 35 - Intermares, Cabedelo - PB, 58102-120;4.2;1378;ChIJN9JFAA7erAcR7c6fN6tma_g;https://www.google.com/maps/place/?q=place_id:ChIJN9JFAA7erAcR7c6fN6tma_g;japones Cabedelo PB;Intermares;@-7.0477,-34.8456,15z;excluded_category_or_name
already_in_database;Pipa Sushi & Temakeria;Restaurante de sushi;Av. Mar das Antilhas - Intermares, Cabedelo - PB, 58310-000;4.3;292;ChIJm1Mywg3erAcRAs4OIMpvJqk;https://www.google.com/maps/place/?q=place_id:ChIJm1Mywg3erAcRAs4OIMpvJqk;japones Cabedelo PB;Intermares;@-7.0477,-34.8456,15z;already_in_database
rejected;GETMall;Praça de alimentação;Av. Oceano Atlântico, 1592 - Ponta de Campina, Cabedelo - PB, 58310-000;4.3;103;ChIJX7HMo6rdrAcRCeFWODir8Rw;https://www.google.com/maps/place/?q=place_id:ChIJX7HMo6rdrAcRCeFWODir8Rw;japones Cabedelo PB;Intermares;@-7.0477,-34.8456,15z;excluded_category_or_name
already_in_database;Espaço Do Sushi;Restaurante;R. Juarez Távora - Camalaú, Cabedelo - PB, 58310-000;4.2;33;ChIJLZuM-3YgrQcRxc7_zhcQ3Y0;https://www.google.com/maps/place/?q=place_id:ChIJLZuM-3YgrQcRxc7_zhcQ3Y0;japones Cabedelo PB;Intermares;@-7.0477,-34.8456,15z;already_in_database
rejected;Ryori João Pessoa;Restaurante japonês;R. Manoel Arruda Cavalcante, 805 - Manaíra, João Pessoa - PB, 58038-680;4.8;1004;ChIJkc7EagDdrAcRhURBYIpeAqI;https://www.google.com/maps/place/?q=place_id:ChIJkc7EagDdrAcRhURBYIpeAqI;japones Cabedelo PB;Intermares;@-7.0477,-34.8456,15z;outside_cabedelo_or_location_uncertain
already_in_database;Sushiyaki Restaurante;Restaurante japonês;R. Ten. Antônio Pontes, 381 - Ponta de Matos, Cabedelo - PB, 58100-645;4.7;10;ChIJoZsj3b7frAcRjoZUr5Cg7Uw;https://www.google.com/maps/place/?q=place_id:ChIJoZsj3b7frAcRjoZUr5Cg7Uw;japones Cabedelo PB;Intermares;@-7.0477,-34.8456,15z;already_in_database
rejected;Uni Sushi Bessa | Teppanyaki, Makimonos, Uramaki e Hot Roll;Restaurante japonês;Parahyba Mall, R. Bacharel José de Oliveira Curchatuz, 850 - Lj 15 - Jardim Oceania, João Pessoa - PB, 58037-432;4.8;21;ChIJOXEnUAfdrAcRARXomgScUgE;https://www.google.com/maps/place/?q=place_id:ChIJOXEnUAfdrAcRARXomgScUgE;japones Cabedelo PB;Intermares;@-7.0477,-34.8456,15z;outside_cabedelo_or_location_uncertain
rejected;Bessa Prime SushiBar e Restaurante;Restaurante;Av. Arthur Monteiro de Paiva, 1001-1219 - Bessa, João Pessoa - PB, 58035-010;4.4;14;ChIJ3QV5bAbdrAcR4iXYq67ISJY;https://www.google.com/maps/place/?q=place_id:ChIJ3QV5bAbdrAcR4iXYq67ISJY;japones Cabedelo PB;Intermares;@-7.0477,-34.8456,15z;outside_cabedelo_or_location_uncertain
rejected;Union | Motel Em João Pessoa;Hotel de beira de estrada;R. Jair Cunha Cavalcanti, 694 - Praia do Jacaré, Cabedelo - PB, 58106-371;4.7;879;ChIJAQAAcRrerAcRQhVqvZI0gdM;https://www.google.com/maps/place/?q=place_id:ChIJAQAAcRrerAcRQhVqvZI0gdM;japones Cabedelo PB;Intermares;@-7.0477,-34.8456,15z;excluded_category_or_name
rejected;Kanpai Sushi Temaki e Cia. Jd. Oceania;Restaurante japonês;R. Bacharel José de Oliveira Curchatuz, 44 - Bessa, João Pessoa - PB, 58037-432;4.8;1056;ChIJ3UsVE_LdrAcRJKDe6P_Xbew;https://www.google.com/maps/place/?q=place_id:ChIJ3UsVE_LdrAcRJKDe6P_Xbew;japones Cabedelo PB;Intermares;@-7.0477,-34.8456,15z;outside_cabedelo_or_location_uncertain
already_in_database;Restaurante Recanto do Picuí Intermares;Restaurante;R. Golfo Sidra, 72 - Intermares, Cabedelo - PB, 58310-000;4.5;1267;ChIJ7xU6NRLerAcRpPuWqjv1L7c;https://www.google.com/maps/place/?q=place_id:ChIJ7xU6NRLerAcRpPuWqjv1L7c;japones Cabedelo PB;Intermares;@-7.0477,-34.8456,15z;already_in_database
rejected;King Pet Shop;Pet Shop;Avenida Oceano Atlântico 1592, Shopping Get Mall, loja 09 - Ponta de Campina, Cabedelo - PB, 58101-650;4.9;28;ChIJxwSsoe_frAcRrX495qlRcCs;https://www.google.com/maps/place/?q=place_id:ChIJxwSsoe_frAcRrX495qlRcCs;japones Cabedelo PB;Intermares;@-7.0477,-34.8456,15z;excluded_category_or_name
rejected;HAYTSU JAPANESE FOOD;Restaurante japonês;R. Cel. José Gomes de Sá Filho, 321 - Lj 01 - Jardim Oceania, João Pessoa - PB, 58037-345;4.2;285;ChIJZ7Jv1qPdrAcR3WxZbCfysi8;https://www.google.com/maps/place/?q=place_id:ChIJZ7Jv1qPdrAcR3WxZbCfysi8;japones Cabedelo PB;Intermares;@-7.0477,-34.8456,15z;outside_cabedelo_or_location_uncertain
rejected;Rizu Sushi -DELIVERY E TAKE AWAY;Restaurante japonês;R. Ten. Pedro Macedo Lima, 96 - Jardim Oceania, João Pessoa - PB, 58037-462;4.9;38;ChIJJ6Z-zRzdrAcR2Fl8l-fW9hc;https://www.google.com/maps/place/?q=place_id:ChIJJ6Z-zRzdrAcR2Fl8l-fW9hc;japones Cabedelo PB;Intermares;@-7.0477,-34.8456,15z;outside_cabedelo_or_location_uncertain
already_in_database;Viciados em Sushi;Restaurante japonês;R. Pedro Aleixo Moura, 34 - Centro, Cabedelo - PB, 58100-210;4.4;193;ChIJ_c5MVHEgrQcRB4CuNV0soio;https://www.google.com/maps/place/?q=place_id:ChIJ_c5MVHEgrQcRB4CuNV0soio;japones Cabedelo PB;Intermares;@-7.0477,-34.8456,15z;already_in_database
duplicate_in_run;Sarau Pizza Bar;Delivery de Pizza;Av. Oceano Índico, 250 - Intermares, Cabedelo - PB, 58102-222;4.6;74;ChIJD-87p8zfrAcRwHD2v5gO-2c;https://www.google.com/maps/place/?q=place_id:ChIJD-87p8zfrAcRwHD2v5gO-2c;japones Cabedelo PB;Intermares;@-7.0477,-34.8456,15z;duplicate_in_run
rejected;Aloha Sushi;Restaurante japonês autêntico;Edificio Agapanthus, Av. Mal. Hermes da Fonseca, 445 - Apto 103 - Bessa, João Pessoa - PB, 58035-190;4.7;40;ChIJaS-TSLbF05MR-yGmY5zCMbs;https://www.google.com/maps/place/?q=place_id:ChIJaS-TSLbF05MR-yGmY5zCMbs;japones Cabedelo PB;Intermares;@-7.0477,-34.8456,15z;outside_cabedelo_or_location_uncertain
already_in_database;Tapiocaria do Dinho;Restaurante;Av. Ambrósio Miranda de Araújo - Renascer, Cabedelo - PB, 58033-455;4.6;154;ChIJZyUKWFjdrAcRuY-QSDtiyL8;https://www.google.com/maps/place/?q=place_id:ChIJZyUKWFjdrAcRuY-QSDtiyL8;tapiocaria Cabedelo PB;Intermares;@-7.0477,-34.8456,15z;already_in_database
rejected;Tapioca Da Cleide- Onda Mar;Lanchonete;Onda Mar Praia Shopping, 58102-120, Av. Mar Vermelho, 357 - Intermares, Cabedelo - PB, 58102-120;4.5;51;ChIJDcsJwQ3erAcR04pQAVkyyEM;https://www.google.com/maps/place/?q=place_id:ChIJDcsJwQ3erAcR04pQAVkyyEM;tapiocaria Cabedelo PB;Intermares;@-7.0477,-34.8456,15z;excluded_category_or_name
already_in_database;Tapiocaria da zeti;Lanchonete;Av. Pôr do Sol, Cabedelo - PB, 58310-000;5;20;ChIJYwNhcVnfrAcRJ4jZPLua8uw;https://www.google.com/maps/place/?q=place_id:ChIJYwNhcVnfrAcRJ4jZPLua8uw;tapiocaria Cabedelo PB;Intermares;@-7.0477,-34.8456,15z;already_in_database
already_in_database;Tia Graça Cafeteria e Doceria;Cafeteria;R. Golfo da China, 326 - Intermares, Cabedelo - PB, 58310-000;4.5;67;ChIJV8XbnLXfrAcRTzFbB-0OVFg;https://www.google.com/maps/place/?q=place_id:ChIJV8XbnLXfrAcRTzFbB-0OVFg;tapiocaria Cabedelo PB;Intermares;@-7.0477,-34.8456,15z;already_in_database
already_in_database;Chié artesanato e comedoria;Café;R. Praia do Jacaré - Intermares, Cabedelo - PB, 58310-000;4;40;ChIJTwa4MA_frAcR4t0Vizs3ozY;https://www.google.com/maps/place/?q=place_id:ChIJTwa4MA_frAcR4t0Vizs3ozY;tapiocaria Cabedelo PB;Intermares;@-7.0477,-34.8456,15z;already_in_database
already_in_database;Praçaí - Intermares;Lanchonete;Av. Oceano Pacífico, s/n - Intermares, Cabedelo - PB, 58310-000;4.5;238;ChIJ1cAVK23erAcRCUpJ50T3ULs;https://www.google.com/maps/place/?q=place_id:ChIJ1cAVK23erAcRCUpJ50T3ULs;tapiocaria Cabedelo PB;Intermares;@-7.0477,-34.8456,15z;already_in_database
duplicate_in_run;Tapiocaria da Edna Paraiba;Lanchonete;R. Praia do Jacaré - Jacaré, Cabedelo - PB, 58310-000;3.5;8;ChIJUY5qWRvfrAcRK8-qD7N9ni4;https://www.google.com/maps/place/?q=place_id:ChIJUY5qWRvfrAcRK8-qD7N9ni4;tapiocaria Cabedelo PB;Intermares;@-7.0477,-34.8456,15z;duplicate_in_run
duplicate_in_run;Bonitinha das tapiocas;Café;Av. Pôr do Sol, Cabedelo - PB, 58310-000;4.2;9;ChIJ5WIHvhrfrAcRFwG3RLaJgCA;https://www.google.com/maps/place/?q=place_id:ChIJ5WIHvhrfrAcRFwG3RLaJgCA;tapiocaria Cabedelo PB;Intermares;@-7.0477,-34.8456,15z;duplicate_in_run
rejected;Ralacoko Tapiocaria - João Pessoa;Cafeteria;Av. Arthur Monteiro de Paiva, 425 - Bessa, João Pessoa - PB, 58035-010;4;62;ChIJg73doTvdrAcRYQwQ1CbwgiM;https://www.google.com/maps/place/?q=place_id:ChIJg73doTvdrAcRYQwQ1CbwgiM;tapiocaria Cabedelo PB;Intermares;@-7.0477,-34.8456,15z;outside_cabedelo_or_location_uncertain
rejected;TreeHouse Bar Lounge - Por do sol João Pessoa;Bar;R. Pôr do Sol, s/n, Cabedelo - PB, 58310-000;4.5;1125;ChIJ33JsoxverAcRwnzfHW9fJTI;https://www.google.com/maps/place/?q=place_id:ChIJ33JsoxverAcRwnzfHW9fJTI;tapiocaria Cabedelo PB;Intermares;@-7.0477,-34.8456,15z;excluded_category_or_name
already_in_database;Rainha da tapioca;Cafeteria;R. Milton Macedo da Cruz - Lot. Oceania, Cabedelo - PB, 58105-565;;;ChIJ93ysPw3frAcRBYFSISTdBS4;https://www.google.com/maps/place/?q=place_id:ChIJ93ysPw3frAcRBYFSISTdBS4;tapiocaria Cabedelo PB;Intermares;@-7.0477,-34.8456,15z;already_in_database
already_in_database;Casa de Taipa;Restaurante;R. Vitorino Cardoso, s/n - Praia do poço, Cabedelo - PB, 58101-502;4.5;58;ChIJH9sgyE_erAcROIxiz0-fEqI;https://www.google.com/maps/place/?q=place_id:ChIJH9sgyE_erAcROIxiz0-fEqI;tapiocaria Cabedelo PB;Intermares;@-7.0477,-34.8456,15z;already_in_database
rejected;Praça do açaí de Intermares;Playground;1548, Av. Oceano Atlântico, 1164 - Intermares, Cabedelo - PB, 58310-000;4.5;176;ChIJ-60_Km3erAcRRKoxlE8MUyc;https://www.google.com/maps/place/?q=place_id:ChIJ-60_Km3erAcRRKoxlE8MUyc;tapiocaria Cabedelo PB;Intermares;@-7.0477,-34.8456,15z;excluded_category_or_name
already_in_database;Sax Café - Por do Sol da Praia do Jacaré Cabedelo/PB;Restaurante;Pôr do Sol, R. Praia do Jacaré, Cabedelo - PB, 58310-000;4.5;102;ChIJ42uw2z3frAcRpvqGhKXp_LM;https://www.google.com/maps/place/?q=place_id:ChIJ42uw2z3frAcRpvqGhKXp_LM;tapiocaria Cabedelo PB;Intermares;@-7.0477,-34.8456,15z;already_in_database
already_in_database;Lovina Ponta de Campina | Bar | Restaurante em Cabedelo;Restaurante;R. Vitorino Cardoso, 908 - Ponta de Campina, Cabedelo - PB, 58101-510;4.4;10742;ChIJdbKCxUTerAcRNmBt0eRrdX8;https://www.google.com/maps/place/?q=place_id:ChIJdbKCxUTerAcRNmBt0eRrdX8;tapiocaria Cabedelo PB;Intermares;@-7.0477,-34.8456,15z;already_in_database
rejected;Padaria Pandine;Padaria;Av. Mar Vermelho, 357 - Intermares, Cabedelo - PB, 58102-120;4.4;1096;ChIJP6gJ7w3erAcREADxKhazvuY;https://www.google.com/maps/place/?q=place_id:ChIJP6gJ7w3erAcREADxKhazvuY;tapiocaria Cabedelo PB;Intermares;@-7.0477,-34.8456,15z;excluded_category_or_name
rejected;Tapiocaria Tambau;Lanchonete;Av. Sen. Ruy Carneiro, 17 - Manaíra, João Pessoa - PB, 58039-181;4.6;167;ChIJCTDizSPdrAcREkvCI1z9gU0;https://www.google.com/maps/place/?q=place_id:ChIJCTDizSPdrAcREkvCI1z9gU0;tapiocaria Cabedelo PB;Intermares;@-7.0477,-34.8456,15z;outside_cabedelo_or_location_uncertain
rejected;Feira de Artesanato do Jacaré;Feira de artesanato;Pôr do Sol do Jacaré, R. Praia do Jacaré, 76, Cabedelo - PB, 58310-000;4.7;3453;ChIJC2LpUhrerAcRdOHDGQGTnqU;https://www.google.com/maps/place/?q=place_id:ChIJC2LpUhrerAcRdOHDGQGTnqU;tapiocaria Cabedelo PB;Intermares;@-7.0477,-34.8456,15z;not_clearly_food_establishment
rejected;Pôr do Sol do Jacaré;Atração turística;Av. Pôr do Sol - Jacaré, Cabedelo - PB, 58105-820;4.8;5597;ChIJiSlKohverAcRs6qL-6MnGJE;https://www.google.com/maps/place/?q=place_id:ChIJiSlKohverAcRs6qL-6MnGJE;tapiocaria Cabedelo PB;Intermares;@-7.0477,-34.8456,15z;not_clearly_food_establishment
rejected;Tapiocaria da Leuda;Loja de comidas naturais;;4;1;ChIJ71V6ieLfrAcRTnwSGZtpHW8;https://www.google.com/maps/place/?q=place_id:ChIJ71V6ieLfrAcRTnwSGZtpHW8;tapiocaria Cabedelo PB;Intermares;@-7.0477,-34.8456,15z;outside_cabedelo_or_location_uncertain
duplicate_in_run;ESFIELDS;Delivery;Av. Oceano Atlântico - Ponta de Campina, Cabedelo - PB, 58101-650;4.4;12;ChIJDwCxzV7frAcR4SxYIDnucFw;https://www.google.com/maps/place/?q=place_id:ChIJDwCxzV7frAcR4SxYIDnucFw;esfiharia Cabedelo PB;Intermares;@-7.0477,-34.8456,15z;duplicate_in_run
already_in_database;Pizza Família Cipriano;Delivery de Pizza;R. Golfo Danzig, 56 - Intermares, Cabedelo - PB, 58102-133;5;13;ChIJBw8J2x3frAcR-t64wKV4XEg;https://www.google.com/maps/place/?q=place_id:ChIJBw8J2x3frAcR-t64wKV4XEg;esfiharia Cabedelo PB;Intermares;@-7.0477,-34.8456,15z;already_in_database
already_in_database;Mega Pizza;Pizzaria;Av. Mar Vermelho, 357 - Intermares, Cabedelo - PB, 58310-000;4;506;ChIJP6gJ7w3erAcRPbZmhVXL0gQ;https://www.google.com/maps/place/?q=place_id:ChIJP6gJ7w3erAcRPbZmhVXL0gQ;esfiharia Cabedelo PB;Intermares;@-7.0477,-34.8456,15z;already_in_database
already_in_database;Pizzaria Bom Sabor;Pizzaria;R. Jair Cunha Cavalcanti, 248 - Lot. Oceania, Cabedelo - PB, 58105-700;4;134;ChIJJwFhsjXfrAcR5WUPKUu6Li8;https://www.google.com/maps/place/?q=place_id:ChIJJwFhsjXfrAcR5WUPKUu6Li8;esfiharia Cabedelo PB;Intermares;@-7.0477,-34.8456,15z;already_in_database
rejected;GETMall;Praça de alimentação;Av. Oceano Atlântico, 1592 - Ponta de Campina, Cabedelo - PB, 58310-000;4.3;103;ChIJX7HMo6rdrAcRCeFWODir8Rw;https://www.google.com/maps/place/?q=place_id:ChIJX7HMo6rdrAcRCeFWODir8Rw;esfiharia Cabedelo PB;Intermares;@-7.0477,-34.8456,15z;excluded_category_or_name
rejected;Padaria Eldorado Intermares;Padaria;Av. Mar Vermelho, 263 - Intermares, Cabedelo - PB, 58102-120;4.3;573;ChIJ8fLcFhXfrAcRa8uPR7mcTcU;https://www.google.com/maps/place/?q=place_id:ChIJ8fLcFhXfrAcRa8uPR7mcTcU;esfiharia Cabedelo PB;Intermares;@-7.0477,-34.8456,15z;excluded_category_or_name
rejected;Hórus Esfihas e Gelados;Esfiharia;R. Bacharel Irenaldo de Albuquerque Chaves, 825 - Aeroclube, João Pessoa - PB, 58036-460;4.9;27;ChIJWYMEcFLdrAcRJ7ODRj95ups;https://www.google.com/maps/place/?q=place_id:ChIJWYMEcFLdrAcRJ7ODRj95ups;esfiharia Cabedelo PB;Intermares;@-7.0477,-34.8456,15z;outside_cabedelo_or_location_uncertain
rejected;Novo Oriente Intermares;Restaurante de sushi;Av. Mar Vermelho, 35 - Intermares, Cabedelo - PB, 58102-120;4.2;1378;ChIJN9JFAA7erAcR7c6fN6tma_g;https://www.google.com/maps/place/?q=place_id:ChIJN9JFAA7erAcR7c6fN6tma_g;esfiharia Cabedelo PB;Intermares;@-7.0477,-34.8456,15z;excluded_category_or_name
already_in_database;Pizzaria Jacaré;Pizzaria;R. Arco Íris, 250 - Lot. Oceania VI, Cabedelo - PB, 58310-000;4.5;59;ChIJLSlV8DrerAcRdEpwqq-GS2Y;https://www.google.com/maps/place/?q=place_id:ChIJLSlV8DrerAcRdEpwqq-GS2Y;esfiharia Cabedelo PB;Intermares;@-7.0477,-34.8456,15z;already_in_database
already_in_database;TCF - The Cheeseburguer Factory - Unidade Cabedelo;Lanchonete;Av. Oceano Atlântico, 1592 - Sl A15 - Ponta de Campina, Cabedelo - PB, 58310-000;4.1;13;ChIJ17zIKW_drAcRpW44MoCAPKM;https://www.google.com/maps/place/?q=place_id:ChIJ17zIKW_drAcRpW44MoCAPKM;esfiharia Cabedelo PB;Intermares;@-7.0477,-34.8456,15z;already_in_database
rejected;Hora H - Loja de conveniência;Loja de Conveniência;BR 230, km 09, 499, Intermares, Cabedelo - PB, 58102-202;4;9;ChIJqcRVDw7erAcR-rfbD81s5FA;https://www.google.com/maps/place/?q=place_id:ChIJqcRVDw7erAcR-rfbD81s5FA;esfiharia Cabedelo PB;Intermares;@-7.0477,-34.8456,15z;excluded_category_or_name
already_in_database;Pipa Sushi & Temakeria;Restaurante de sushi;Av. Mar das Antilhas - Intermares, Cabedelo - PB, 58310-000;4.3;292;ChIJm1Mywg3erAcRAs4OIMpvJqk;https://www.google.com/maps/place/?q=place_id:ChIJm1Mywg3erAcRAs4OIMpvJqk;esfiharia Cabedelo PB;Intermares;@-7.0477,-34.8456,15z;already_in_database
already_in_database;Restaurante Recanto do Picuí Intermares;Restaurante;R. Golfo Sidra, 72 - Intermares, Cabedelo - PB, 58310-000;4.5;1267;ChIJ7xU6NRLerAcRpPuWqjv1L7c;https://www.google.com/maps/place/?q=place_id:ChIJ7xU6NRLerAcRpPuWqjv1L7c;esfiharia Cabedelo PB;Intermares;@-7.0477,-34.8456,15z;already_in_database
rejected;Pérsia Esfiha Diferente;Esfiharia;Av. Umbuzeiro, 1099 - Manaíra, João Pessoa - PB, 58038-182;4.7;1345;ChIJXaMZFSLdrAcRDcClKwtA6h0;https://www.google.com/maps/place/?q=place_id:ChIJXaMZFSLdrAcRDcClKwtA6h0;esfiharia Cabedelo PB;Intermares;@-7.0477,-34.8456,15z;outside_cabedelo_or_location_uncertain
rejected;Sahara Árabe Food;Delivery;Manaíra, João Pessoa - PB, 58038-001;3.6;13;ChIJ91h89NXdrAcR_azzHqsnFAI;https://www.google.com/maps/place/?q=place_id:ChIJ91h89NXdrAcR_azzHqsnFAI;esfiharia Cabedelo PB;Intermares;@-7.0477,-34.8456,15z;outside_cabedelo_or_location_uncertain
rejected;Panificadora Intermares;Padaria;Av. Oceano Índico, 375 - Intermares, Cabedelo - PB, 58102-222;4.1;82;ChIJQ50DHaLfrAcRSavcugBsAmM;https://www.google.com/maps/place/?q=place_id:ChIJQ50DHaLfrAcRSavcugBsAmM;esfiharia Cabedelo PB;Intermares;@-7.0477,-34.8456,15z;excluded_category_or_name
duplicate_in_run;Forneria Brasil Express 🍕;Delivery de Pizza;;3;2;ChIJRaVm9q19ZScR9PGc5I1SNg0;https://www.google.com/maps/place/?q=place_id:ChIJRaVm9q19ZScR9PGc5I1SNg0;esfiharia Cabedelo PB;Intermares;@-7.0477,-34.8456,15z;duplicate_in_run
already_in_database;Pizzaria Bom Sabor Camboinha;Pizzaria;R. Prof. João Lelis de Luna Freire, 288 - Jardim Camboinha, Cabedelo - PB, 58310-000;4.1;54;ChIJ23LpoCvfrAcRK0glALWQRYA;https://www.google.com/maps/place/?q=place_id:ChIJ23LpoCvfrAcRK0glALWQRYA;esfiharia Cabedelo PB;Intermares;@-7.0477,-34.8456,15z;already_in_database
already_in_database;La casa de pastel e La Pizza Premium;Pastelaria brasileira;Rua por trás do Campo Municipal, R. Primo José Viana, 463 - Centro, Cabedelo - PB, 58100-521;4.1;261;ChIJYSxGk8ghrQcRk9Nz0uySHBE;https://www.google.com/maps/place/?q=place_id:ChIJYSxGk8ghrQcRk9Nz0uySHBE;esfiharia Cabedelo PB;Intermares;@-7.0477,-34.8456,15z;already_in_database
rejected;Auto Posto Intermares;Posto de combustível;BR-230, 9 - Intermares, Cabedelo - PB, 58102-202;4.2;300;ChIJkc9PDg7erAcRXAGgXqsFNQw;https://www.google.com/maps/place/?q=place_id:ChIJkc9PDg7erAcRXAGgXqsFNQw;esfiharia Cabedelo PB;Intermares;@-7.0477,-34.8456,15z;excluded_category_or_name
already_in_database;NutriFit Marmita Fitness Congeladas;Restaurante de comida natural;Intermares, Cabedelo - PB, 58102-032;5;18;ChIJN2Qo5azfrAcR6duVymUfuQ0;https://www.google.com/maps/place/?q=place_id:ChIJN2Qo5azfrAcR6duVymUfuQ0;marmitaria Cabedelo PB;Intermares;@-7.0477,-34.8456,15z;already_in_database
already_in_database;Tempero De Casa;Restaurante;R. Maurício de Alençar Cavalcante - Jardim America, Cabedelo - PB, 58310-000;4.5;65;ChIJlzh1S-zdrAcRiCUL7fIKsMI;https://www.google.com/maps/place/?q=place_id:ChIJlzh1S-zdrAcRiCUL7fIKsMI;marmitaria Cabedelo PB;Intermares;@-7.0477,-34.8456,15z;already_in_database
duplicate_in_run;MB Marmitas | Marmitaria em João Pessoa;Restaurante de comida para viagem;R. Alfredo Chaves, 126 - Poço, Cabedelo - PB, 58101-582;5;2;ChIJ_XODgJ7frAcR2n1xL5ijuX4;https://www.google.com/maps/place/?q=place_id:ChIJ_XODgJ7frAcR2n1xL5ijuX4;marmitaria Cabedelo PB;Intermares;@-7.0477,-34.8456,15z;duplicate_in_run
rejected;El sabor restaurante e marmitaria;Restaurante;R. Pres. Washington Luís, 338 - Bessa, João Pessoa - PB, 58035-340;4.6;79;ChIJ71Tv30HdrAcR40bAo1GUO-0;https://www.google.com/maps/place/?q=place_id:ChIJ71Tv30HdrAcR40bAo1GUO-0;marmitaria Cabedelo PB;Intermares;@-7.0477,-34.8456,15z;outside_cabedelo_or_location_uncertain
duplicate_in_run;Mary Refeições;Restaurante;Av. Mar de Corais, 08 - Intermares, Cabedelo - PB, 58102-262;4.6;45;ChIJ2eQ7vvbfrAcRI7MW-9PBLJ8;https://www.google.com/maps/place/?q=place_id:ChIJ2eQ7vvbfrAcRI7MW-9PBLJ8;marmitaria Cabedelo PB;Intermares;@-7.0477,-34.8456,15z;duplicate_in_run
duplicate_in_run;D Lay Refeições - Marmitaria;Restaurante de almoço;Av. Ambrósio Miranda de Araújo - Renascer, Cabedelo - PB, 58310-000;;;ChIJ7x-TOz7drAcRBMvOXw4vkwg;https://www.google.com/maps/place/?q=place_id:ChIJ7x-TOz7drAcRBMvOXw4vkwg;marmitaria Cabedelo PB;Intermares;@-7.0477,-34.8456,15z;duplicate_in_run
rejected;Andrea Marmitaria;Restaurante;R. Tertuliano Castro, 187 - Bessa, João Pessoa - PB, 58035-170;5;26;ChIJtXrmOy7drAcRIT1bJ6-v9Kw;https://www.google.com/maps/place/?q=place_id:ChIJtXrmOy7drAcRIT1bJ6-v9Kw;marmitaria Cabedelo PB;Intermares;@-7.0477,-34.8456,15z;outside_cabedelo_or_location_uncertain
duplicate_in_run;M E Refeição;Restaurante;Intermares, Cabedelo - PB, 58033-455;5;3;ChIJc3fKUeHfrAcRDLLyfWij5xk;https://www.google.com/maps/place/?q=place_id:ChIJc3fKUeHfrAcRDLLyfWij5xk;marmitaria Cabedelo PB;Intermares;@-7.0477,-34.8456,15z;duplicate_in_run
already_in_database;Bom Tempero Restaurante;Restaurante self-service;Av. Maria de Oliveira Gomes - Portal do Poço, Cabedelo - PB, 58310-000;4.7;17;ChIJQwyZx_vfrAcRqBvYbKyyPhQ;https://www.google.com/maps/place/?q=place_id:ChIJQwyZx_vfrAcRqBvYbKyyPhQ;marmitaria Cabedelo PB;Intermares;@-7.0477,-34.8456,15z;already_in_database
rejected;Aroma & Sabor Self-Service;Restaurante self-service;Onda Mar Praia Shopping, Av. Mar Vermelho, 357 - 11 - Intermares, Cabedelo - PB, 58102-120;4.3;50;ChIJE-Tnww3erAcRSEMi9ezCmjc;https://www.google.com/maps/place/?q=place_id:ChIJE-Tnww3erAcRSEMi9ezCmjc;marmitaria Cabedelo PB;Intermares;@-7.0477,-34.8456,15z;excluded_category_or_name
already_in_database;Primo Rico;Restaurante self-service;Av. Oceano Atlântico, S/N - Intermares, Cabedelo - PB, 58102-236;4.3;903;ChIJ7aVpYzjfrAcRexvAqkdbRwU;https://www.google.com/maps/place/?q=place_id:ChIJ7aVpYzjfrAcRexvAqkdbRwU;marmitaria Cabedelo PB;Intermares;@-7.0477,-34.8456,15z;already_in_database
already_in_database;Galeteria D'intermares;Restaurante de carne;R. Golfo Veneza, 28 - Intermares, Cabedelo - PB, 58102-122;4.1;470;ChIJu2aD0g7erAcRzicvJXx-8yI;https://www.google.com/maps/place/?q=place_id:ChIJu2aD0g7erAcRzicvJXx-8yI;marmitaria Cabedelo PB;Intermares;@-7.0477,-34.8456,15z;already_in_database
already_in_database;Lovina Ponta de Campina | Bar | Restaurante em Cabedelo;Restaurante;R. Vitorino Cardoso, 908 - Ponta de Campina, Cabedelo - PB, 58101-510;4.4;10742;ChIJdbKCxUTerAcRNmBt0eRrdX8;https://www.google.com/maps/place/?q=place_id:ChIJdbKCxUTerAcRNmBt0eRrdX8;marmitaria Cabedelo PB;Intermares;@-7.0477,-34.8456,15z;already_in_database
rejected;A&J Marmitaria Delivery;Delivery;R. Pres. Washington Luiz - Bessa, João Pessoa - PB, 58033-455;1;1;ChIJC9EkudTdrAcR3vsksIr8Y-M;https://www.google.com/maps/place/?q=place_id:ChIJC9EkudTdrAcR3vsksIr8Y-M;marmitaria Cabedelo PB;Intermares;@-7.0477,-34.8456,15z;outside_cabedelo_or_location_uncertain
rejected;Expresso da Feijoada;Delivery;Av. Pres. Delfim Moreira, 272 - Bessa, João Pessoa - PB, 58035-260;4.9;25;ChIJD4I1_HfdrAcRd1mkXf2VWqc;https://www.google.com/maps/place/?q=place_id:ChIJD4I1_HfdrAcRd1mkXf2VWqc;marmitaria Cabedelo PB;Intermares;@-7.0477,-34.8456,15z;outside_cabedelo_or_location_uncertain
already_in_database;Restaurante Recanto do Picuí Intermares;Restaurante;R. Golfo Sidra, 72 - Intermares, Cabedelo - PB, 58310-000;4.5;1267;ChIJ7xU6NRLerAcRpPuWqjv1L7c;https://www.google.com/maps/place/?q=place_id:ChIJ7xU6NRLerAcRpPuWqjv1L7c;marmitaria Cabedelo PB;Intermares;@-7.0477,-34.8456,15z;already_in_database
rejected;Panela’s di Barro;Restaurante self-service;Av. Pres. Nilo Peçanha, 159 - Bessa, João Pessoa - PB, 58035-200;4.4;773;ChIJDd-FEurdrAcRho5bMZk1Iug;https://www.google.com/maps/place/?q=place_id:ChIJDd-FEurdrAcRho5bMZk1Iug;marmitaria Cabedelo PB;Intermares;@-7.0477,-34.8456,15z;excluded_category_or_name
rejected;Padaria Eldorado Intermares;Padaria;Av. Mar Vermelho, 263 - Intermares, Cabedelo - PB, 58102-120;4.3;573;ChIJ8fLcFhXfrAcRa8uPR7mcTcU;https://www.google.com/maps/place/?q=place_id:ChIJ8fLcFhXfrAcRa8uPR7mcTcU;marmitaria Cabedelo PB;Intermares;@-7.0477,-34.8456,15z;excluded_category_or_name
duplicate_in_run;Bom apetite;Restaurante;Jacaré, Cabedelo - PB, 58106-162;3.3;4;ChIJg_V2FQDfrAcRTnLbwll2mZk;https://www.google.com/maps/place/?q=place_id:ChIJg_V2FQDfrAcRTnLbwll2mZk;marmitaria Cabedelo PB;Intermares;@-7.0477,-34.8456,15z;duplicate_in_run
rejected;Comida Caseira da Elly;Restaurante brasileiro;Mercado Público de Cabedelo, BOX 138, Centro, Cabedelo - PB, 58100-140;5;19;ChIJBfEE9CwhrQcR2xtfopCJ34w;https://www.google.com/maps/place/?q=place_id:ChIJBfEE9CwhrQcR2xtfopCJ34w;marmitaria Cabedelo PB;Intermares;@-7.0477,-34.8456,15z;excluded_category_or_name
already_in_database;Espetinho da praia Intermares;Restaurante;Av. Oceano Atlântico, 1972 - Intermares, Cabedelo - PB, 58310-000;4.4;772;ChIJE-mcRMTfrAcRBThGnfI6x2c;https://www.google.com/maps/place/?q=place_id:ChIJE-mcRMTfrAcRBThGnfI6x2c;espetinho Cabedelo PB;Intermares;@-7.0477,-34.8456,15z;already_in_database
duplicate_in_run;Rope Espetos;Restaurante de churrasquinho;Av. Oceano Atlântico, 422 - Intermares, Cabedelo - PB, 58102-252;4.5;13;ChIJmbbN-K3frAcRsyfJ94pu17s;https://www.google.com/maps/place/?q=place_id:ChIJmbbN-K3frAcRsyfJ94pu17s;espetinho Cabedelo PB;Intermares;@-7.0477,-34.8456,15z;duplicate_in_run
already_in_database;Oliver Grill e Espetos;Restaurante brasileiro;Av. Oceano Índico, 928 - Intermares, Cabedelo - PB, 58102-222;4.9;54;ChIJf5cN1cDfrAcRCKHM1M2eY_Y;https://www.google.com/maps/place/?q=place_id:ChIJf5cN1cDfrAcRCKHM1M2eY_Y;espetinho Cabedelo PB;Intermares;@-7.0477,-34.8456,15z;already_in_database
duplicate_in_run;Espetinho lá Brasil;Restaurante de churrasquinho;Av. Oceano Pacífico - Intermares, Cabedelo - PB, 58102-236;4;4;ChIJnV7DIgbfrAcR2KjlFmSKYJ8;https://www.google.com/maps/place/?q=place_id:ChIJnV7DIgbfrAcR2KjlFmSKYJ8;espetinho Cabedelo PB;Intermares;@-7.0477,-34.8456,15z;duplicate_in_run
already_in_database;Lovina Ponta de Campina | Bar | Restaurante em Cabedelo;Restaurante;R. Vitorino Cardoso, 908 - Ponta de Campina, Cabedelo - PB, 58101-510;4.4;10742;ChIJdbKCxUTerAcRNmBt0eRrdX8;https://www.google.com/maps/place/?q=place_id:ChIJdbKCxUTerAcRNmBt0eRrdX8;espetinho Cabedelo PB;Intermares;@-7.0477,-34.8456,15z;already_in_database
rejected;Espetinho da Neide (galega );Área para churrasco;R. Jair Cunha Cavalcanti - Lot. Oceania VI, Cabedelo - PB, 58310-000;5;3;ChIJkS4yB_jfrAcRqBXX8hyz1d4;https://www.google.com/maps/place/?q=place_id:ChIJkS4yB_jfrAcRqBXX8hyz1d4;espetinho Cabedelo PB;Intermares;@-7.0477,-34.8456,15z;not_clearly_food_establishment
already_in_database;Numar Bar e Restaurante;Bar;Av. Oceano Atlântico, 878 - Intermares, Cabedelo - PB, 58310-000;4.5;1370;ChIJ29wxE1zfrAcRAXclbUaSW8w;https://www.google.com/maps/place/?q=place_id:ChIJ29wxE1zfrAcRAXclbUaSW8w;espetinho Cabedelo PB;Intermares;@-7.0477,-34.8456,15z;already_in_database
rejected;Espetinho união;;Passarela Peixe Boi, R. da Enseada - Ponta de Campina, Cabedelo - PB, 58310-000;5;2;ChIJ9UaKIgDfrAcRVSYGCG9IG8s;https://www.google.com/maps/place/?q=place_id:ChIJ9UaKIgDfrAcRVSYGCG9IG8s;espetinho Cabedelo PB;Intermares;@-7.0477,-34.8456,15z;not_clearly_food_establishment
duplicate_in_run;Espetinho do xandao;Churrascaria;R. da Enseada, 1215 - Ponta de Campina, Cabedelo - PB, 58101-640;4;4;ChIJCcURbQDfrAcRhFrZD2Ih3qI;https://www.google.com/maps/place/?q=place_id:ChIJCcURbQDfrAcRhFrZD2Ih3qI;espetinho Cabedelo PB;Intermares;@-7.0477,-34.8456,15z;duplicate_in_run
duplicate_in_run;Espetinho Pé na Areia;Restaurante;R. Gameleira, 23 - Amazonia Park, Cabedelo - PB, 58106-548;;;ChIJGWLtZoffrAcRAWERwF7Q64I;https://www.google.com/maps/place/?q=place_id:ChIJGWLtZoffrAcRAWERwF7Q64I;espetinho Cabedelo PB;Intermares;@-7.0477,-34.8456,15z;duplicate_in_run
already_in_database;Ancoradouro Ponta de Campina;Restaurante;R. Henrique Siqueira, 242 - Ponta de Campina, Cabedelo - PB, 58310-000;3.9;495;ChIJZ2RoyxLfrAcRupeEWBQrnEc;https://www.google.com/maps/place/?q=place_id:ChIJZ2RoyxLfrAcRupeEWBQrnEc;espetinho Cabedelo PB;Intermares;@-7.0477,-34.8456,15z;already_in_database
rejected;Espetinho da Rafa Camboinha;Bar;Av. Max Zagel, 16 - Jardim Jerico, Cabedelo - PB, 58310-000;4.9;19;ChIJOWgbm17frAcRk4X3wNNiTBA;https://www.google.com/maps/place/?q=place_id:ChIJOWgbm17frAcRk4X3wNNiTBA;espetinho Cabedelo PB;Intermares;@-7.0477,-34.8456,15z;not_clearly_food_establishment
rejected;Boi na Brasa;Restaurante de churrasquinho;Av. Pres. Afonso Pena, 60 - Bessa, João Pessoa - PB, 58035-030;4.5;48;ChIJbZTPdgDdrAcR9SDtSzAlFRE;https://www.google.com/maps/place/?q=place_id:ChIJbZTPdgDdrAcR9SDtSzAlFRE;espetinho Cabedelo PB;Intermares;@-7.0477,-34.8456,15z;outside_cabedelo_or_location_uncertain
rejected;Badionaldo;Bar;R. Vitorino Cardoso, 780 - Lot. Vitorino Cardoso, Cabedelo - PB, 58101-510;3.7;111;ChIJLV_DEEPfrAcRnoTIdvp3Ch0;https://www.google.com/maps/place/?q=place_id:ChIJLV_DEEPfrAcRnoTIdvp3Ch0;espetinho Cabedelo PB;Intermares;@-7.0477,-34.8456,15z;not_clearly_food_establishment
rejected;Espetinho da nathy;Bar;R. Milton Macedo da Cruz - Lot. Oceania VI, Cabedelo - PB, 58105-565;;;ChIJzXGoDwDfrAcRBVtdioezIwc;https://www.google.com/maps/place/?q=place_id:ChIJzXGoDwDfrAcRBVtdioezIwc;espetinho Cabedelo PB;Intermares;@-7.0477,-34.8456,15z;not_clearly_food_establishment
already_in_database;Seu Jerônimo;Hamburgueria;R. Virginia Maria Nogueira Gadelha Pimentel - Lot. Bela Vista, Cabedelo - PB, 58310-000;5;13;ChIJWVZmZADdrAcRKTJks1JgeWU;https://www.google.com/maps/place/?q=place_id:ChIJWVZmZADdrAcRKTJks1JgeWU;espetinho Cabedelo PB;Intermares;@-7.0477,-34.8456,15z;already_in_database
already_in_database;Restaurante Recanto do Picuí Intermares;Restaurante;R. Golfo Sidra, 72 - Intermares, Cabedelo - PB, 58310-000;4.5;1267;ChIJ7xU6NRLerAcRpPuWqjv1L7c;https://www.google.com/maps/place/?q=place_id:ChIJ7xU6NRLerAcRpPuWqjv1L7c;espetinho Cabedelo PB;Intermares;@-7.0477,-34.8456,15z;already_in_database
already_in_database;Cibelly Bar & Restaurante;Bar e restaurante de ostras;Rua Luna Pedrosa, 1260 - Poço, Cabedelo - PB, 58101-574;4.1;4295;ChIJ63V170_erAcRZ2vvWZseSgE;https://www.google.com/maps/place/?q=place_id:ChIJ63V170_erAcRZ2vvWZseSgE;espetinho Cabedelo PB;Intermares;@-7.0477,-34.8456,15z;already_in_database
rejected;Jardim do Espeto Restaurante e Bar;Restaurante;R. Hortêncio Osterne Carneiro, 201 - Bessa, João Pessoa - PB, 58035-120;4.3;675;ChIJn_68sAPdrAcREcTt7NEMedg;https://www.google.com/maps/place/?q=place_id:ChIJn_68sAPdrAcREcTt7NEMedg;espetinho Cabedelo PB;Intermares;@-7.0477,-34.8456,15z;outside_cabedelo_or_location_uncertain
already_in_database;Praçaí - Intermares;Lanchonete;Av. Oceano Pacífico, s/n - Intermares, Cabedelo - PB, 58310-000;4.5;238;ChIJ1cAVK23erAcRCUpJ50T3ULs;https://www.google.com/maps/place/?q=place_id:ChIJ1cAVK23erAcRCUpJ50T3ULs;espetinho Cabedelo PB;Intermares;@-7.0477,-34.8456,15z;already_in_database
duplicate_in_run;Pastelle (Pastelaria artesanal);Pastelaria brasileira;R. Raul Seixas - Renascer, Cabedelo - PB, 58108-122;4.8;6;ChIJKdiJIC7drAcRSmw3uvlT1t0;https://www.google.com/maps/place/?q=place_id:ChIJKdiJIC7drAcRSmw3uvlT1t0;pastelaria Cabedelo PB;Bessa/Intermares limite;@-7.0606,-34.8494,15z;duplicate_in_run
already_in_database;Pastelaria Litorânea;Pastelaria brasileira;R. Sólon de Lucena, 19 - Vila Sao Joao, Cabedelo - PB, 58310-000;4.3;280;ChIJMwgi824grQcR0OCGiSGQ4Oc;https://www.google.com/maps/place/?q=place_id:ChIJMwgi824grQcR0OCGiSGQ4Oc;pastelaria Cabedelo PB;Bessa/Intermares limite;@-7.0606,-34.8494,15z;already_in_database
duplicate_in_run;Casa Do Pastel;Pastelaria brasileira;R. Honório Patrício dos Santos, 328 - Recanto do Poço, Cabedelo - PB, 58310-000;4.2;20;ChIJoc8jbkrerAcRh20OFIzRlDc;https://www.google.com/maps/place/?q=place_id:ChIJoc8jbkrerAcRh20OFIzRlDc;pastelaria Cabedelo PB;Bessa/Intermares limite;@-7.0606,-34.8494,15z;duplicate_in_run
rejected;Padaria Pandine;Padaria;Av. Mar Vermelho, 357 - Intermares, Cabedelo - PB, 58102-120;4.4;1096;ChIJP6gJ7w3erAcREADxKhazvuY;https://www.google.com/maps/place/?q=place_id:ChIJP6gJ7w3erAcREADxKhazvuY;pastelaria Cabedelo PB;Bessa/Intermares limite;@-7.0606,-34.8494,15z;excluded_category_or_name
already_in_database;La casa de pastel e La Pizza Premium;Pastelaria brasileira;Rua por trás do Campo Municipal, R. Primo José Viana, 463 - Centro, Cabedelo - PB, 58100-521;4.1;261;ChIJYSxGk8ghrQcRk9Nz0uySHBE;https://www.google.com/maps/place/?q=place_id:ChIJYSxGk8ghrQcRk9Nz0uySHBE;pastelaria Cabedelo PB;Bessa/Intermares limite;@-7.0606,-34.8494,15z;already_in_database
rejected;Casa grill Restaurante e Lanchonete;Lanchonete;de brito, R. Hortência Helena Amorim Brito - Jardim Alfa, Cabedelo - PB, 58000-000;4.5;11;ChIJKad3l7ndrAcRgsGXszeXY2A;https://www.google.com/maps/place/?q=place_id:ChIJKad3l7ndrAcRgsGXszeXY2A;pastelaria Cabedelo PB;Bessa/Intermares limite;@-7.0606,-34.8494,15z;outside_cabedelo_or_location_uncertain
rejected;Padaria Eldorado Intermares;Padaria;Av. Mar Vermelho, 263 - Intermares, Cabedelo - PB, 58102-120;4.3;573;ChIJ8fLcFhXfrAcRa8uPR7mcTcU;https://www.google.com/maps/place/?q=place_id:ChIJ8fLcFhXfrAcRa8uPR7mcTcU;pastelaria Cabedelo PB;Bessa/Intermares limite;@-7.0606,-34.8494,15z;excluded_category_or_name
already_in_database;Primo Rico;Restaurante self-service;Av. Oceano Atlântico, S/N - Intermares, Cabedelo - PB, 58102-236;4.3;903;ChIJ7aVpYzjfrAcRexvAqkdbRwU;https://www.google.com/maps/place/?q=place_id:ChIJ7aVpYzjfrAcRexvAqkdbRwU;pastelaria Cabedelo PB;Bessa/Intermares limite;@-7.0606,-34.8494,15z;already_in_database
duplicate_in_run;Rodizio de caldo do carioca;Pastelaria brasileira;Rod. Br Duzentos e Trinta, 187 - Renascer, Cabedelo - PB, 58102-171;;;ChIJ6_RJWwDdrAcRxuNt1Q9C4Cc;https://www.google.com/maps/place/?q=place_id:ChIJ6_RJWwDdrAcRxuNt1Q9C4Cc;pastelaria Cabedelo PB;Bessa/Intermares limite;@-7.0606,-34.8494,15z;duplicate_in_run
rejected;Caldo de Cana e Pastelaria do Irmão Raminho;Lanchonete;R. São José, 148 - Lot. Parque Esperanca, Cabedelo - PB, 58108-511;;;ChIJPQ9w3ovdrAcRZV9IK2ZsYO4;https://www.google.com/maps/place/?q=place_id:ChIJPQ9w3ovdrAcRZV9IK2ZsYO4;pastelaria Cabedelo PB;Bessa/Intermares limite;@-7.0606,-34.8494,15z;outside_cabedelo_or_location_uncertain
duplicate_in_run;Pastelaria Arretada;Pastelaria brasileira;R. Jair Cunha Cavalcanti - Jacaré, Cabedelo - PB, 58105-700;;;ChIJu3uW1J3frAcRSD7yg4vEUJg;https://www.google.com/maps/place/?q=place_id:ChIJu3uW1J3frAcRSD7yg4vEUJg;pastelaria Cabedelo PB;Bessa/Intermares limite;@-7.0606,-34.8494,15z;duplicate_in_run
duplicate_in_run;Recanto do Pastel;Pastelaria brasileira;R. Gov. Antônio Mariz, 76 - Recanto do Poço, Cabedelo - PB, 58105-126;5;2;ChIJTbQRGwDfrAcRtHi9QRdHtfw;https://www.google.com/maps/place/?q=place_id:ChIJTbQRGwDfrAcRtHi9QRdHtfw;pastelaria Cabedelo PB;Bessa/Intermares limite;@-7.0606,-34.8494,15z;duplicate_in_run
already_in_database;Mega Pizza;Pizzaria;Av. Mar Vermelho, 357 - Intermares, Cabedelo - PB, 58310-000;4;506;ChIJP6gJ7w3erAcRPbZmhVXL0gQ;https://www.google.com/maps/place/?q=place_id:ChIJP6gJ7w3erAcRPbZmhVXL0gQ;pastelaria Cabedelo PB;Bessa/Intermares limite;@-7.0606,-34.8494,15z;already_in_database
rejected;Panificadora do Poço;Padaria;R. Carolino Cardoso, 177-245 - Lot. Vitorino Cardoso, Cabedelo - PB, 58310-000;4.2;293;ChIJD-aUzE3erAcRIs-tCW7mU0Q;https://www.google.com/maps/place/?q=place_id:ChIJD-aUzE3erAcRIs-tCW7mU0Q;pastelaria Cabedelo PB;Bessa/Intermares limite;@-7.0606,-34.8494,15z;excluded_category_or_name
rejected;Coelhossalgados;Pastelaria brasileira;Sao José, Cabedelo - PB, 58108-212;;;ChIJDT3UhGndrAcRaTfDVOpLNfk;https://www.google.com/maps/place/?q=place_id:ChIJDT3UhGndrAcRaTfDVOpLNfk;pastelaria Cabedelo PB;Bessa/Intermares limite;@-7.0606,-34.8494,15z;outside_cabedelo_or_location_uncertain
duplicate_in_run;Pastelaria em família;Pastelaria brasileira;R. São Miguel - Camalaú, Cabedelo - PB, 58103-212;5;1;ChIJS7zdL3bfrAcRkHxwCEWiiBQ;https://www.google.com/maps/place/?q=place_id:ChIJS7zdL3bfrAcRkHxwCEWiiBQ;pastelaria Cabedelo PB;Bessa/Intermares limite;@-7.0606,-34.8494,15z;duplicate_in_run
rejected;Mundo dos Pastéis Bessa;Restaurante;R. Dr. Evandil Bandeira, 99 - Jardim Oceania, João Pessoa - PB, 58037-670;4.1;70;ChIJqQxw_97drAcRyheB2faXPF8;https://www.google.com/maps/place/?q=place_id:ChIJqQxw_97drAcRyheB2faXPF8;pastelaria Cabedelo PB;Bessa/Intermares limite;@-7.0606,-34.8494,15z;outside_cabedelo_or_location_uncertain
rejected;Panificadora Intermares;Padaria;Av. Oceano Índico, 375 - Intermares, Cabedelo - PB, 58102-222;4.1;82;ChIJQ50DHaLfrAcRSavcugBsAmM;https://www.google.com/maps/place/?q=place_id:ChIJQ50DHaLfrAcRSavcugBsAmM;pastelaria Cabedelo PB;Bessa/Intermares limite;@-7.0606,-34.8494,15z;excluded_category_or_name
rejected;Mig Pastéis Bessa;Restaurante fast-food;R. Francisco Leocádio Ribeiro Coutinho, 55 - Sl 112 - Aeroclube, João Pessoa - PB, 58036-450;3.8;54;ChIJTzo9sjXdrAcR2oBcdNSMLos;https://www.google.com/maps/place/?q=place_id:ChIJTzo9sjXdrAcR2oBcdNSMLos;pastelaria Cabedelo PB;Bessa/Intermares limite;@-7.0606,-34.8494,15z;outside_cabedelo_or_location_uncertain
rejected;Zeca bebidas;Loja de bebidas alcoólicas;R. Maria Cordeiro do Nascimento, 51 - Renascer, Cabedelo - PB, 58108-242;5;3;ChIJ9W-__JLdrAcRDLA-5rH81P4;https://www.google.com/maps/place/?q=place_id:ChIJ9W-__JLdrAcRDLA-5rH81P4;pastelaria Cabedelo PB;Bessa/Intermares limite;@-7.0606,-34.8494,15z;not_clearly_food_establishment
rejected;A Ferro Y Fogo Churrasco & Burger Artesanal na Brasa;Restaurante;Av. Oceano Atlântico, 1592 - Shopping GetMall - Ponta de Campina, Cabedelo - PB, 58101-650;3.9;39;ChIJNWudC1nfrAcRZp_VOIvsXTQ;https://www.google.com/maps/place/?q=place_id:ChIJNWudC1nfrAcRZp_VOIvsXTQ;churrascaria Cabedelo PB;Bessa/Intermares limite;@-7.0606,-34.8494,15z;excluded_category_or_name
already_in_database;Melhor Sabor - Churrascaria e Self-Service;Churrascaria;R. João Clementino Gomes, 638 - Renascer, Cabedelo - PB, 58108-088;4.8;18;ChIJm6UA9qrdrAcR5Z_cuLUAO4k;https://www.google.com/maps/place/?q=place_id:ChIJm6UA9qrdrAcR5Z_cuLUAO4k;churrascaria Cabedelo PB;Bessa/Intermares limite;@-7.0606,-34.8494,15z;already_in_database
already_in_database;Restaurante Recanto do Picuí Intermares;Churrascaria;R. Golfo Sidra, 72 - Intermares, Cabedelo - PB, 58310-000;4.5;1267;ChIJ7xU6NRLerAcRpPuWqjv1L7c;https://www.google.com/maps/place/?q=place_id:ChIJ7xU6NRLerAcRpPuWqjv1L7c;churrascaria Cabedelo PB;Bessa/Intermares limite;@-7.0606,-34.8494,15z;already_in_database
already_in_database;Espetinho da praia Intermares;Restaurante;Av. Oceano Atlântico, 1972 - Intermares, Cabedelo - PB, 58310-000;4.4;772;ChIJE-mcRMTfrAcRBThGnfI6x2c;https://www.google.com/maps/place/?q=place_id:ChIJE-mcRMTfrAcRBThGnfI6x2c;churrascaria Cabedelo PB;Bessa/Intermares limite;@-7.0606,-34.8494,15z;already_in_database
already_in_database;Lovina Ponta de Campina | Bar | Restaurante em Cabedelo;Restaurante;R. Vitorino Cardoso, 908 - Ponta de Campina, Cabedelo - PB, 58101-510;4.4;10742;ChIJdbKCxUTerAcRNmBt0eRrdX8;https://www.google.com/maps/place/?q=place_id:ChIJdbKCxUTerAcRNmBt0eRrdX8;churrascaria Cabedelo PB;Bessa/Intermares limite;@-7.0606,-34.8494,15z;already_in_database
already_in_database;Oliver Grill e Espetos;Restaurante brasileiro;Av. Oceano Índico, 928 - Intermares, Cabedelo - PB, 58102-222;4.9;54;ChIJf5cN1cDfrAcRCKHM1M2eY_Y;https://www.google.com/maps/place/?q=place_id:ChIJf5cN1cDfrAcRCKHM1M2eY_Y;churrascaria Cabedelo PB;Bessa/Intermares limite;@-7.0606,-34.8494,15z;already_in_database
already_in_database;Ancoradouro Ponta de Campina;Restaurante;R. Henrique Siqueira, 242 - Ponta de Campina, Cabedelo - PB, 58310-000;3.9;495;ChIJZ2RoyxLfrAcRupeEWBQrnEc;https://www.google.com/maps/place/?q=place_id:ChIJZ2RoyxLfrAcRupeEWBQrnEc;churrascaria Cabedelo PB;Bessa/Intermares limite;@-7.0606,-34.8494,15z;already_in_database
already_in_database;Galeteria D'intermares;Restaurante de carne;R. Golfo Veneza, 28 - Intermares, Cabedelo - PB, 58102-122;4.1;470;ChIJu2aD0g7erAcRzicvJXx-8yI;https://www.google.com/maps/place/?q=place_id:ChIJu2aD0g7erAcRzicvJXx-8yI;churrascaria Cabedelo PB;Bessa/Intermares limite;@-7.0606,-34.8494,15z;already_in_database
already_in_database;churrascaria do biu;Churrascaria;R. Carolino Cardoso, 248-328 - Lot. Vitorino Cardoso, Cabedelo - PB, 58310-000;4.2;142;ChIJi2YYOkzerAcRnZgoaC-xOvY;https://www.google.com/maps/place/?q=place_id:ChIJi2YYOkzerAcRnZgoaC-xOvY;churrascaria Cabedelo PB;Bessa/Intermares limite;@-7.0606,-34.8494,15z;already_in_database
already_in_database;Tempero De Casa;Restaurante;R. Maurício de Alençar Cavalcante - Jardim America, Cabedelo - PB, 58310-000;4.5;65;ChIJlzh1S-zdrAcRiCUL7fIKsMI;https://www.google.com/maps/place/?q=place_id:ChIJlzh1S-zdrAcRiCUL7fIKsMI;churrascaria Cabedelo PB;Bessa/Intermares limite;@-7.0606,-34.8494,15z;already_in_database
already_in_database;CTG Saudade Da Querência;Restaurante;R. João Santos Coelho Filho, 125 - Lot. Praia Grande, Cabedelo - PB, 58310-000;4.6;293;ChIJv8vnDLPfrAcR2d01H7Lb744;https://www.google.com/maps/place/?q=place_id:ChIJv8vnDLPfrAcR2d01H7Lb744;churrascaria Cabedelo PB;Bessa/Intermares limite;@-7.0606,-34.8494,15z;already_in_database
rejected;Arena Meat House;Bar e Grill;BR-230, Km 10 - Lot. Bela Vista, Cabedelo - PB, 58102-970;5;27;ChIJCaRZ6I3frAcRu_sSIMT6siA;https://www.google.com/maps/place/?q=place_id:ChIJCaRZ6I3frAcRu_sSIMT6siA;churrascaria Cabedelo PB;Bessa/Intermares limite;@-7.0606,-34.8494,15z;not_clearly_food_establishment
already_in_database;Churrascaria do Caicó;Churrascaria;R, Av. Pastor José Alves de Oliveira, 365 - Centro, Cabedelo - PB, 58100-222;4.3;753;ChIJVaKROncgrQcR5lpnht-FotI;https://www.google.com/maps/place/?q=place_id:ChIJVaKROncgrQcR5lpnht-FotI;churrascaria Cabedelo PB;Bessa/Intermares limite;@-7.0606,-34.8494,15z;already_in_database
already_in_database;Primo Rico;Restaurante self-service;Av. Oceano Atlântico, S/N - Intermares, Cabedelo - PB, 58102-236;4.3;903;ChIJ7aVpYzjfrAcRexvAqkdbRwU;https://www.google.com/maps/place/?q=place_id:ChIJ7aVpYzjfrAcRexvAqkdbRwU;churrascaria Cabedelo PB;Bessa/Intermares limite;@-7.0606,-34.8494,15z;already_in_database
rejected;Rei das Carnes - Intermares;Açougue;Av. Mar Vermelho, 380 - Intermares, Cabedelo - PB, 58102-110;4.6;655;ChIJwaFzfgXfrAcRBX_ecdbOCMo;https://www.google.com/maps/place/?q=place_id:ChIJwaFzfgXfrAcRBX_ecdbOCMo;churrascaria Cabedelo PB;Bessa/Intermares limite;@-7.0606,-34.8494,15z;excluded_category_or_name
already_in_database;Big Jack comida de rua com INSPIRAÇÃO texana;Restaurante;Av. Mar Vermelho, QUADRA 12 - LOTE 01 - Intermares, Cabedelo - PB, 58102-120;4.8;353;ChIJCTY1v6rfrAcRD3ZYZu4I32E;https://www.google.com/maps/place/?q=place_id:ChIJCTY1v6rfrAcRD3ZYZu4I32E;churrascaria Cabedelo PB;Bessa/Intermares limite;@-7.0606,-34.8494,15z;already_in_database
rejected;Bessa Grill;Restaurante;Av. Arthur Monteiro de Paiva, 1190 - Bessa, João Pessoa - PB, 58035-010;4.3;10184;ChIJ9YDhD8LdrAcRMep6H5jQcLQ;https://www.google.com/maps/place/?q=place_id:ChIJ9YDhD8LdrAcRMep6H5jQcLQ;churrascaria Cabedelo PB;Bessa/Intermares limite;@-7.0606,-34.8494,15z;outside_cabedelo_or_location_uncertain
rejected;Novo Oriente Intermares;Restaurante de sushi;Av. Mar Vermelho, 35 - Intermares, Cabedelo - PB, 58102-120;4.2;1378;ChIJN9JFAA7erAcR7c6fN6tma_g;https://www.google.com/maps/place/?q=place_id:ChIJN9JFAA7erAcR7c6fN6tma_g;churrascaria Cabedelo PB;Bessa/Intermares limite;@-7.0606,-34.8494,15z;excluded_category_or_name
rejected;Aroma & Sabor Self-Service;Restaurante self-service;Onda Mar Praia Shopping, Av. Mar Vermelho, 357 - 11 - Intermares, Cabedelo - PB, 58102-120;4.3;50;ChIJE-Tnww3erAcRSEMi9ezCmjc;https://www.google.com/maps/place/?q=place_id:ChIJE-Tnww3erAcRSEMi9ezCmjc;churrascaria Cabedelo PB;Bessa/Intermares limite;@-7.0606,-34.8494,15z;excluded_category_or_name
rejected;Chicão Smokehouse - American Barbecue;Churrascaria;R. Sebastião Interaminense, 116 - Jardim Oceania, João Pessoa - PB, 58037-030;4.5;478;ChIJ-48EdKrDrAcR1AmbnYxChw4;https://www.google.com/maps/place/?q=place_id:ChIJ-48EdKrDrAcR1AmbnYxChw4;churrascaria Cabedelo PB;Bessa/Intermares limite;@-7.0606,-34.8494,15z;outside_cabedelo_or_location_uncertain
already_in_database;Sakê Temakeria Ponta de Campina, Cabedelo;Restaurante japonês;Av. Oceano Atlântico, 1592 - Sl 16 E 17 - Ponta de Campina, Cabedelo - PB, 58310-000;4.7;261;ChIJ2Xj63j_drAcRrllAg3GcmOU;https://www.google.com/maps/place/?q=place_id:ChIJ2Xj63j_drAcRrllAg3GcmOU;comida japonesa Cabedelo PB;Bessa/Intermares limite;@-7.0606,-34.8494,15z;already_in_database
rejected;Novo Oriente Intermares;Restaurante de sushi;Av. Mar Vermelho, 35 - Intermares, Cabedelo - PB, 58102-120;4.2;1378;ChIJN9JFAA7erAcR7c6fN6tma_g;https://www.google.com/maps/place/?q=place_id:ChIJN9JFAA7erAcR7c6fN6tma_g;comida japonesa Cabedelo PB;Bessa/Intermares limite;@-7.0606,-34.8494,15z;excluded_category_or_name
already_in_database;A Casa do Temakinho;Restaurante;Av. Mar da Irlanda, 222 - Intermares, Cabedelo - PB, 58310-000;4.9;150;ChIJK77pAsvfrAcRDJoNP1VhTVo;https://www.google.com/maps/place/?q=place_id:ChIJK77pAsvfrAcRDJoNP1VhTVo;comida japonesa Cabedelo PB;Bessa/Intermares limite;@-7.0606,-34.8494,15z;already_in_database
already_in_database;Pipa Sushi & Temakeria;Restaurante de sushi;Av. Mar das Antilhas - Intermares, Cabedelo - PB, 58310-000;4.3;292;ChIJm1Mywg3erAcRAs4OIMpvJqk;https://www.google.com/maps/place/?q=place_id:ChIJm1Mywg3erAcRAs4OIMpvJqk;comida japonesa Cabedelo PB;Bessa/Intermares limite;@-7.0606,-34.8494,15z;already_in_database
rejected;Uni Sushi Bessa | Teppanyaki, Makimonos, Uramaki e Hot Roll;Restaurante japonês;Parahyba Mall, R. Bacharel José de Oliveira Curchatuz, 850 - Lj 15 - Jardim Oceania, João Pessoa - PB, 58037-432;4.8;21;ChIJOXEnUAfdrAcRARXomgScUgE;https://www.google.com/maps/place/?q=place_id:ChIJOXEnUAfdrAcRARXomgScUgE;comida japonesa Cabedelo PB;Bessa/Intermares limite;@-7.0606,-34.8494,15z;outside_cabedelo_or_location_uncertain
rejected;Rizu Sushi -DELIVERY E TAKE AWAY;Restaurante japonês;R. Ten. Pedro Macedo Lima, 96 - Jardim Oceania, João Pessoa - PB, 58037-462;4.9;38;ChIJJ6Z-zRzdrAcR2Fl8l-fW9hc;https://www.google.com/maps/place/?q=place_id:ChIJJ6Z-zRzdrAcR2Fl8l-fW9hc;comida japonesa Cabedelo PB;Bessa/Intermares limite;@-7.0606,-34.8494,15z;outside_cabedelo_or_location_uncertain
rejected;Kanpai Sushi Temaki e Cia. Jd. Oceania;Restaurante japonês;R. Bacharel José de Oliveira Curchatuz, 44 - Bessa, João Pessoa - PB, 58037-432;4.8;1056;ChIJ3UsVE_LdrAcRJKDe6P_Xbew;https://www.google.com/maps/place/?q=place_id:ChIJ3UsVE_LdrAcRJKDe6P_Xbew;comida japonesa Cabedelo PB;Bessa/Intermares limite;@-7.0606,-34.8494,15z;outside_cabedelo_or_location_uncertain
rejected;Sushi Bessa | Restaurante Japonês | João Pessoa;Restaurante japonês;R. Francisco Leocádio Ribeiro Coutinho, 55 - Sl 119 - Aeroclube, João Pessoa - PB, 58036-450;4.5;335;ChIJAQD0_6HdrAcRS98POPgJXUE;https://www.google.com/maps/place/?q=place_id:ChIJAQD0_6HdrAcRS98POPgJXUE;comida japonesa Cabedelo PB;Bessa/Intermares limite;@-7.0606,-34.8494,15z;outside_cabedelo_or_location_uncertain
rejected;Bessa Prime SushiBar e Restaurante;Restaurante;Av. Arthur Monteiro de Paiva, 1001-1219 - Bessa, João Pessoa - PB, 58035-010;4.4;14;ChIJ3QV5bAbdrAcR4iXYq67ISJY;https://www.google.com/maps/place/?q=place_id:ChIJ3QV5bAbdrAcR4iXYq67ISJY;comida japonesa Cabedelo PB;Bessa/Intermares limite;@-7.0606,-34.8494,15z;outside_cabedelo_or_location_uncertain
rejected;Union | Motel Em João Pessoa;Hotel de beira de estrada;R. Jair Cunha Cavalcanti, 694 - Praia do Jacaré, Cabedelo - PB, 58106-371;4.7;879;ChIJAQAAcRrerAcRQhVqvZI0gdM;https://www.google.com/maps/place/?q=place_id:ChIJAQAAcRrerAcRQhVqvZI0gdM;comida japonesa Cabedelo PB;Bessa/Intermares limite;@-7.0606,-34.8494,15z;excluded_category_or_name
rejected;HAYTSU JAPANESE FOOD;Restaurante japonês;R. Cel. José Gomes de Sá Filho, 321 - Lj 01 - Jardim Oceania, João Pessoa - PB, 58037-345;4.2;285;ChIJZ7Jv1qPdrAcR3WxZbCfysi8;https://www.google.com/maps/place/?q=place_id:ChIJZ7Jv1qPdrAcR3WxZbCfysi8;comida japonesa Cabedelo PB;Bessa/Intermares limite;@-7.0606,-34.8494,15z;outside_cabedelo_or_location_uncertain
rejected;Ryori João Pessoa;Restaurante japonês;R. Manoel Arruda Cavalcante, 805 - Manaíra, João Pessoa - PB, 58038-680;4.8;1004;ChIJkc7EagDdrAcRhURBYIpeAqI;https://www.google.com/maps/place/?q=place_id:ChIJkc7EagDdrAcRhURBYIpeAqI;comida japonesa Cabedelo PB;Bessa/Intermares limite;@-7.0606,-34.8494,15z;outside_cabedelo_or_location_uncertain
rejected;Kanaya Sushi Bar e Comedoria;Restaurante de sushi;R. Francisco Leocádio Ribeiro Coutinho, 630 - Aeroclube, João Pessoa - PB, 58036-450;4.7;18;ChIJQRX2UUHdrAcRHNNY0NjgTJ8;https://www.google.com/maps/place/?q=place_id:ChIJQRX2UUHdrAcRHNNY0NjgTJ8;comida japonesa Cabedelo PB;Bessa/Intermares limite;@-7.0606,-34.8494,15z;outside_cabedelo_or_location_uncertain
rejected;UMI - Culinária Japonesa;Restaurante japonês;R. Francisco Leocádio Ribeiro Coutinho, 353 - Aeroclube, João Pessoa - PB, 58036-450;3.5;27;ChIJueFFQrvdrAcRuZN7RD9ak5k;https://www.google.com/maps/place/?q=place_id:ChIJueFFQrvdrAcRuZN7RD9ak5k;comida japonesa Cabedelo PB;Bessa/Intermares limite;@-7.0606,-34.8494,15z;outside_cabedelo_or_location_uncertain
rejected;Sukasa Sushis e Temakis;Restaurante japonês;R. Lindolfo José Correia das Neves, 447 - Jardim Oceania, João Pessoa - PB, 58037-305;4.7;788;ChIJE5wknuvdrAcRl04hg5r8xWc;https://www.google.com/maps/place/?q=place_id:ChIJE5wknuvdrAcRl04hg5r8xWc;comida japonesa Cabedelo PB;Bessa/Intermares limite;@-7.0606,-34.8494,15z;outside_cabedelo_or_location_uncertain
rejected;Mitt Sushi Bar;Restaurante japonês;Av. Gov. Argemiro de Figueiredo, 2100 - Sala B - Jardim Oceania, João Pessoa - PB, 58037-030;4.3;291;ChIJ2wq5fdXDrAcRxVHqJGzx2iQ;https://www.google.com/maps/place/?q=place_id:ChIJ2wq5fdXDrAcRxVHqJGzx2iQ;comida japonesa Cabedelo PB;Bessa/Intermares limite;@-7.0606,-34.8494,15z;outside_cabedelo_or_location_uncertain
rejected;Juyo cozinha asiatica;Restaurante de sushi;R. Ciclista Marcio Lacerda De Araujo - Jardim Oceania, João Pessoa - PB, 58037-405;4.8;11;ChIJcfOVvczdrAcR4jBibhBCYoc;https://www.google.com/maps/place/?q=place_id:ChIJcfOVvczdrAcR4jBibhBCYoc;comida japonesa Cabedelo PB;Bessa/Intermares limite;@-7.0606,-34.8494,15z;outside_cabedelo_or_location_uncertain
already_in_database;Espaço Do Sushi;Restaurante;R. Juarez Távora - Camalaú, Cabedelo - PB, 58310-000;4.2;33;ChIJLZuM-3YgrQcRxc7_zhcQ3Y0;https://www.google.com/maps/place/?q=place_id:ChIJLZuM-3YgrQcRxc7_zhcQ3Y0;comida japonesa Cabedelo PB;Bessa/Intermares limite;@-7.0606,-34.8494,15z;already_in_database
already_in_database;China Mix e Pizzaria;Restaurante;R. Orquídeas, 17 - Lot. Parque Esperanca, Cabedelo - PB, 58310-000;3.7;3;ChIJY74d6JndrAcREiCj64vFzvg;https://www.google.com/maps/place/?q=place_id:ChIJY74d6JndrAcREiCj64vFzvg;comida japonesa Cabedelo PB;Bessa/Intermares limite;@-7.0606,-34.8494,15z;already_in_database
rejected;GETMall;Praça de alimentação;Av. Oceano Atlântico, 1592 - Ponta de Campina, Cabedelo - PB, 58310-000;4.3;103;ChIJX7HMo6rdrAcRCeFWODir8Rw;https://www.google.com/maps/place/?q=place_id:ChIJX7HMo6rdrAcRCeFWODir8Rw;comida japonesa Cabedelo PB;Bessa/Intermares limite;@-7.0606,-34.8494,15z;excluded_category_or_name
already_in_database;A Casa do Temakinho;Restaurante;Av. Mar da Irlanda, 222 - Intermares, Cabedelo - PB, 58310-000;4.9;150;ChIJK77pAsvfrAcRDJoNP1VhTVo;https://www.google.com/maps/place/?q=place_id:ChIJK77pAsvfrAcRDJoNP1VhTVo;japones Cabedelo PB;Bessa/Intermares limite;@-7.0606,-34.8494,15z;already_in_database
already_in_database;Sakê Temakeria Ponta de Campina, Cabedelo;Restaurante japonês;Av. Oceano Atlântico, 1592 - Sl 16 E 17 - Ponta de Campina, Cabedelo - PB, 58310-000;4.7;261;ChIJ2Xj63j_drAcRrllAg3GcmOU;https://www.google.com/maps/place/?q=place_id:ChIJ2Xj63j_drAcRrllAg3GcmOU;japones Cabedelo PB;Bessa/Intermares limite;@-7.0606,-34.8494,15z;already_in_database
rejected;Novo Oriente Intermares;Restaurante de sushi;Av. Mar Vermelho, 35 - Intermares, Cabedelo - PB, 58102-120;4.2;1378;ChIJN9JFAA7erAcR7c6fN6tma_g;https://www.google.com/maps/place/?q=place_id:ChIJN9JFAA7erAcR7c6fN6tma_g;japones Cabedelo PB;Bessa/Intermares limite;@-7.0606,-34.8494,15z;excluded_category_or_name
already_in_database;Pipa Sushi & Temakeria;Restaurante de sushi;Av. Mar das Antilhas - Intermares, Cabedelo - PB, 58310-000;4.3;292;ChIJm1Mywg3erAcRAs4OIMpvJqk;https://www.google.com/maps/place/?q=place_id:ChIJm1Mywg3erAcRAs4OIMpvJqk;japones Cabedelo PB;Bessa/Intermares limite;@-7.0606,-34.8494,15z;already_in_database
rejected;Uni Sushi Bessa | Teppanyaki, Makimonos, Uramaki e Hot Roll;Restaurante japonês;Parahyba Mall, R. Bacharel José de Oliveira Curchatuz, 850 - Lj 15 - Jardim Oceania, João Pessoa - PB, 58037-432;4.8;21;ChIJOXEnUAfdrAcRARXomgScUgE;https://www.google.com/maps/place/?q=place_id:ChIJOXEnUAfdrAcRARXomgScUgE;japones Cabedelo PB;Bessa/Intermares limite;@-7.0606,-34.8494,15z;outside_cabedelo_or_location_uncertain
rejected;Rizu Sushi -DELIVERY E TAKE AWAY;Restaurante japonês;R. Ten. Pedro Macedo Lima, 96 - Jardim Oceania, João Pessoa - PB, 58037-462;4.9;38;ChIJJ6Z-zRzdrAcR2Fl8l-fW9hc;https://www.google.com/maps/place/?q=place_id:ChIJJ6Z-zRzdrAcR2Fl8l-fW9hc;japones Cabedelo PB;Bessa/Intermares limite;@-7.0606,-34.8494,15z;outside_cabedelo_or_location_uncertain
rejected;Kanpai Sushi Temaki e Cia. Jd. Oceania;Restaurante japonês;R. Bacharel José de Oliveira Curchatuz, 44 - Bessa, João Pessoa - PB, 58037-432;4.8;1056;ChIJ3UsVE_LdrAcRJKDe6P_Xbew;https://www.google.com/maps/place/?q=place_id:ChIJ3UsVE_LdrAcRJKDe6P_Xbew;japones Cabedelo PB;Bessa/Intermares limite;@-7.0606,-34.8494,15z;outside_cabedelo_or_location_uncertain
rejected;HAYTSU JAPANESE FOOD;Restaurante japonês;R. Cel. José Gomes de Sá Filho, 321 - Lj 01 - Jardim Oceania, João Pessoa - PB, 58037-345;4.2;285;ChIJZ7Jv1qPdrAcR3WxZbCfysi8;https://www.google.com/maps/place/?q=place_id:ChIJZ7Jv1qPdrAcR3WxZbCfysi8;japones Cabedelo PB;Bessa/Intermares limite;@-7.0606,-34.8494,15z;outside_cabedelo_or_location_uncertain
rejected;Ryori João Pessoa;Restaurante japonês;R. Manoel Arruda Cavalcante, 805 - Manaíra, João Pessoa - PB, 58038-680;4.8;1004;ChIJkc7EagDdrAcRhURBYIpeAqI;https://www.google.com/maps/place/?q=place_id:ChIJkc7EagDdrAcRhURBYIpeAqI;japones Cabedelo PB;Bessa/Intermares limite;@-7.0606,-34.8494,15z;outside_cabedelo_or_location_uncertain
rejected;Sushi Bessa | Restaurante Japonês | João Pessoa;Restaurante japonês;R. Francisco Leocádio Ribeiro Coutinho, 55 - Sl 119 - Aeroclube, João Pessoa - PB, 58036-450;4.5;335;ChIJAQD0_6HdrAcRS98POPgJXUE;https://www.google.com/maps/place/?q=place_id:ChIJAQD0_6HdrAcRS98POPgJXUE;japones Cabedelo PB;Bessa/Intermares limite;@-7.0606,-34.8494,15z;outside_cabedelo_or_location_uncertain
rejected;UMI - Culinária Japonesa;Restaurante japonês;R. Francisco Leocádio Ribeiro Coutinho, 353 - Aeroclube, João Pessoa - PB, 58036-450;3.5;27;ChIJueFFQrvdrAcRuZN7RD9ak5k;https://www.google.com/maps/place/?q=place_id:ChIJueFFQrvdrAcRuZN7RD9ak5k;japones Cabedelo PB;Bessa/Intermares limite;@-7.0606,-34.8494,15z;outside_cabedelo_or_location_uncertain
rejected;Juyo cozinha asiatica;Restaurante de sushi;R. Ciclista Marcio Lacerda De Araujo - Jardim Oceania, João Pessoa - PB, 58037-405;4.8;11;ChIJcfOVvczdrAcR4jBibhBCYoc;https://www.google.com/maps/place/?q=place_id:ChIJcfOVvczdrAcR4jBibhBCYoc;japones Cabedelo PB;Bessa/Intermares limite;@-7.0606,-34.8494,15z;outside_cabedelo_or_location_uncertain
rejected;Mitt Sushi Bar;Restaurante japonês;Av. Gov. Argemiro de Figueiredo, 2100 - Sala B - Jardim Oceania, João Pessoa - PB, 58037-030;4.3;291;ChIJ2wq5fdXDrAcRxVHqJGzx2iQ;https://www.google.com/maps/place/?q=place_id:ChIJ2wq5fdXDrAcRxVHqJGzx2iQ;japones Cabedelo PB;Bessa/Intermares limite;@-7.0606,-34.8494,15z;outside_cabedelo_or_location_uncertain
rejected;Sukasa Sushis e Temakis;Restaurante japonês;R. Lindolfo José Correia das Neves, 447 - Jardim Oceania, João Pessoa - PB, 58037-305;4.7;788;ChIJE5wknuvdrAcRl04hg5r8xWc;https://www.google.com/maps/place/?q=place_id:ChIJE5wknuvdrAcRl04hg5r8xWc;japones Cabedelo PB;Bessa/Intermares limite;@-7.0606,-34.8494,15z;outside_cabedelo_or_location_uncertain
rejected;Kanaya Sushi Bar e Comedoria;Restaurante de sushi;R. Francisco Leocádio Ribeiro Coutinho, 630 - Aeroclube, João Pessoa - PB, 58036-450;4.7;18;ChIJQRX2UUHdrAcRHNNY0NjgTJ8;https://www.google.com/maps/place/?q=place_id:ChIJQRX2UUHdrAcRHNNY0NjgTJ8;japones Cabedelo PB;Bessa/Intermares limite;@-7.0606,-34.8494,15z;outside_cabedelo_or_location_uncertain
already_in_database;Espaço Do Sushi;Restaurante;R. Juarez Távora - Camalaú, Cabedelo - PB, 58310-000;4.2;33;ChIJLZuM-3YgrQcRxc7_zhcQ3Y0;https://www.google.com/maps/place/?q=place_id:ChIJLZuM-3YgrQcRxc7_zhcQ3Y0;japones Cabedelo PB;Bessa/Intermares limite;@-7.0606,-34.8494,15z;already_in_database
rejected;Bessa Prime SushiBar e Restaurante;Restaurante;Av. Arthur Monteiro de Paiva, 1001-1219 - Bessa, João Pessoa - PB, 58035-010;4.4;14;ChIJ3QV5bAbdrAcR4iXYq67ISJY;https://www.google.com/maps/place/?q=place_id:ChIJ3QV5bAbdrAcR4iXYq67ISJY;japones Cabedelo PB;Bessa/Intermares limite;@-7.0606,-34.8494,15z;outside_cabedelo_or_location_uncertain
rejected;Union | Motel Em João Pessoa;Hotel de beira de estrada;R. Jair Cunha Cavalcanti, 694 - Praia do Jacaré, Cabedelo - PB, 58106-371;4.7;879;ChIJAQAAcRrerAcRQhVqvZI0gdM;https://www.google.com/maps/place/?q=place_id:ChIJAQAAcRrerAcRQhVqvZI0gdM;japones Cabedelo PB;Bessa/Intermares limite;@-7.0606,-34.8494,15z;excluded_category_or_name
already_in_database;Sushiyaki Restaurante;Restaurante japonês;R. Ten. Antônio Pontes, 381 - Ponta de Matos, Cabedelo - PB, 58100-645;4.7;10;ChIJoZsj3b7frAcRjoZUr5Cg7Uw;https://www.google.com/maps/place/?q=place_id:ChIJoZsj3b7frAcRjoZUr5Cg7Uw;japones Cabedelo PB;Bessa/Intermares limite;@-7.0606,-34.8494,15z;already_in_database
already_in_database;China Mix e Pizzaria;Restaurante;R. Orquídeas, 17 - Lot. Parque Esperanca, Cabedelo - PB, 58310-000;3.7;3;ChIJY74d6JndrAcREiCj64vFzvg;https://www.google.com/maps/place/?q=place_id:ChIJY74d6JndrAcREiCj64vFzvg;japones Cabedelo PB;Bessa/Intermares limite;@-7.0606,-34.8494,15z;already_in_database
already_in_database;Tapiocaria do Dinho;Restaurante;Av. Ambrósio Miranda de Araújo - Renascer, Cabedelo - PB, 58033-455;4.6;154;ChIJZyUKWFjdrAcRuY-QSDtiyL8;https://www.google.com/maps/place/?q=place_id:ChIJZyUKWFjdrAcRuY-QSDtiyL8;tapiocaria Cabedelo PB;Bessa/Intermares limite;@-7.0606,-34.8494,15z;already_in_database
rejected;Tapioca Da Cleide- Onda Mar;Lanchonete;Onda Mar Praia Shopping, 58102-120, Av. Mar Vermelho, 357 - Intermares, Cabedelo - PB, 58102-120;4.5;51;ChIJDcsJwQ3erAcR04pQAVkyyEM;https://www.google.com/maps/place/?q=place_id:ChIJDcsJwQ3erAcR04pQAVkyyEM;tapiocaria Cabedelo PB;Bessa/Intermares limite;@-7.0606,-34.8494,15z;excluded_category_or_name
already_in_database;Tapiocaria da zeti;Lanchonete;Av. Pôr do Sol, Cabedelo - PB, 58310-000;5;20;ChIJYwNhcVnfrAcRJ4jZPLua8uw;https://www.google.com/maps/place/?q=place_id:ChIJYwNhcVnfrAcRJ4jZPLua8uw;tapiocaria Cabedelo PB;Bessa/Intermares limite;@-7.0606,-34.8494,15z;already_in_database
duplicate_in_run;Tapiocaria da Edna Paraiba;Lanchonete;R. Praia do Jacaré - Jacaré, Cabedelo - PB, 58310-000;3.5;8;ChIJUY5qWRvfrAcRK8-qD7N9ni4;https://www.google.com/maps/place/?q=place_id:ChIJUY5qWRvfrAcRK8-qD7N9ni4;tapiocaria Cabedelo PB;Bessa/Intermares limite;@-7.0606,-34.8494,15z;duplicate_in_run
duplicate_in_run;Bonitinha das tapiocas;Café;Av. Pôr do Sol, Cabedelo - PB, 58310-000;4.2;9;ChIJ5WIHvhrfrAcRFwG3RLaJgCA;https://www.google.com/maps/place/?q=place_id:ChIJ5WIHvhrfrAcRFwG3RLaJgCA;tapiocaria Cabedelo PB;Bessa/Intermares limite;@-7.0606,-34.8494,15z;duplicate_in_run
already_in_database;Praçaí - Intermares;Lanchonete;Av. Oceano Pacífico, s/n - Intermares, Cabedelo - PB, 58310-000;4.5;238;ChIJ1cAVK23erAcRCUpJ50T3ULs;https://www.google.com/maps/place/?q=place_id:ChIJ1cAVK23erAcRCUpJ50T3ULs;tapiocaria Cabedelo PB;Bessa/Intermares limite;@-7.0606,-34.8494,15z;already_in_database
rejected;TreeHouse Bar Lounge - Por do sol João Pessoa;Bar;R. Pôr do Sol, s/n, Cabedelo - PB, 58310-000;4.5;1125;ChIJ33JsoxverAcRwnzfHW9fJTI;https://www.google.com/maps/place/?q=place_id:ChIJ33JsoxverAcRwnzfHW9fJTI;tapiocaria Cabedelo PB;Bessa/Intermares limite;@-7.0606,-34.8494,15z;excluded_category_or_name
rejected;Ralacoko Tapiocaria - João Pessoa;Cafeteria;Av. Arthur Monteiro de Paiva, 425 - Bessa, João Pessoa - PB, 58035-010;4;62;ChIJg73doTvdrAcRYQwQ1CbwgiM;https://www.google.com/maps/place/?q=place_id:ChIJg73doTvdrAcRYQwQ1CbwgiM;tapiocaria Cabedelo PB;Bessa/Intermares limite;@-7.0606,-34.8494,15z;outside_cabedelo_or_location_uncertain
already_in_database;Sax Café - Por do Sol da Praia do Jacaré Cabedelo/PB;Restaurante;Pôr do Sol, R. Praia do Jacaré, Cabedelo - PB, 58310-000;4.5;102;ChIJ42uw2z3frAcRpvqGhKXp_LM;https://www.google.com/maps/place/?q=place_id:ChIJ42uw2z3frAcRpvqGhKXp_LM;tapiocaria Cabedelo PB;Bessa/Intermares limite;@-7.0606,-34.8494,15z;already_in_database
already_in_database;Tia Graça Cafeteria e Doceria;Cafeteria;R. Golfo da China, 326 - Intermares, Cabedelo - PB, 58310-000;4.5;67;ChIJV8XbnLXfrAcRTzFbB-0OVFg;https://www.google.com/maps/place/?q=place_id:ChIJV8XbnLXfrAcRTzFbB-0OVFg;tapiocaria Cabedelo PB;Bessa/Intermares limite;@-7.0606,-34.8494,15z;already_in_database
already_in_database;Chié artesanato e comedoria;Café;R. Praia do Jacaré - Intermares, Cabedelo - PB, 58310-000;4;40;ChIJTwa4MA_frAcR4t0Vizs3ozY;https://www.google.com/maps/place/?q=place_id:ChIJTwa4MA_frAcR4t0Vizs3ozY;tapiocaria Cabedelo PB;Bessa/Intermares limite;@-7.0606,-34.8494,15z;already_in_database
rejected;Praça do açaí de Intermares;Playground;1548, Av. Oceano Atlântico, 1164 - Intermares, Cabedelo - PB, 58310-000;4.5;176;ChIJ-60_Km3erAcRRKoxlE8MUyc;https://www.google.com/maps/place/?q=place_id:ChIJ-60_Km3erAcRRKoxlE8MUyc;tapiocaria Cabedelo PB;Bessa/Intermares limite;@-7.0606,-34.8494,15z;excluded_category_or_name
rejected;O Rei da tapioca;Restaurante de culinária nyonya;R. Bacharel Irenaldo de Albuquerque Chaves, 201 - Bessa, João Pessoa - PB, 58036-460;5;2;ChIJ7Rggos3drAcRLqc9-VWsXM4;https://www.google.com/maps/place/?q=place_id:ChIJ7Rggos3drAcRLqc9-VWsXM4;tapiocaria Cabedelo PB;Bessa/Intermares limite;@-7.0606,-34.8494,15z;outside_cabedelo_or_location_uncertain
rejected;Matutu Gourmet - Tapiocaria e Comida Regional;Restaurante;Praça Desembargador Osias Nacre Gomes, R. Themístocles da Costa Brito - Jardim Oceania, João Pessoa - PB, 58037-710;4.9;10;ChIJh0IyI-TdrAcR1HtgadabrB8;https://www.google.com/maps/place/?q=place_id:ChIJh0IyI-TdrAcR1HtgadabrB8;tapiocaria Cabedelo PB;Bessa/Intermares limite;@-7.0606,-34.8494,15z;outside_cabedelo_or_location_uncertain
rejected;Tapiocaria Tambau;Lanchonete;Av. Sen. Ruy Carneiro, 17 - Manaíra, João Pessoa - PB, 58039-181;4.6;167;ChIJCTDizSPdrAcREkvCI1z9gU0;https://www.google.com/maps/place/?q=place_id:ChIJCTDizSPdrAcREkvCI1z9gU0;tapiocaria Cabedelo PB;Bessa/Intermares limite;@-7.0606,-34.8494,15z;outside_cabedelo_or_location_uncertain
rejected;Padaria Pandine;Padaria;Av. Mar Vermelho, 357 - Intermares, Cabedelo - PB, 58102-120;4.4;1096;ChIJP6gJ7w3erAcREADxKhazvuY;https://www.google.com/maps/place/?q=place_id:ChIJP6gJ7w3erAcREADxKhazvuY;tapiocaria Cabedelo PB;Bessa/Intermares limite;@-7.0606,-34.8494,15z;excluded_category_or_name
rejected;Terraço de Taypa;Bar;R. Clodoaldo Gouveia, 202 - Praia Do Jacare, Cabedelo - PB, 58101-323;4.9;88;ChIJ8YQVFgDfrAcRPAPhKKahj8Y;https://www.google.com/maps/place/?q=place_id:ChIJ8YQVFgDfrAcRPAPhKKahj8Y;tapiocaria Cabedelo PB;Bessa/Intermares limite;@-7.0606,-34.8494,15z;not_clearly_food_establishment
already_in_database;Rainha da tapioca;Cafeteria;R. Milton Macedo da Cruz - Lot. Oceania, Cabedelo - PB, 58105-565;;;ChIJ93ysPw3frAcRBYFSISTdBS4;https://www.google.com/maps/place/?q=place_id:ChIJ93ysPw3frAcRBYFSISTdBS4;tapiocaria Cabedelo PB;Bessa/Intermares limite;@-7.0606,-34.8494,15z;already_in_database
rejected;Tapioca a bessa;Quiosque;R. Valdemar Chianca, 839 - Jardim Oceania, João Pessoa - PB, 58037-255;4.8;21;ChIJM-vyQrLdrAcRwsC7CcrSYfQ;https://www.google.com/maps/place/?q=place_id:ChIJM-vyQrLdrAcRwsC7CcrSYfQ;tapiocaria Cabedelo PB;Bessa/Intermares limite;@-7.0606,-34.8494,15z;outside_cabedelo_or_location_uncertain
already_in_database;Lovina Ponta de Campina | Bar | Restaurante em Cabedelo;Restaurante;R. Vitorino Cardoso, 908 - Ponta de Campina, Cabedelo - PB, 58101-510;4.4;10742;ChIJdbKCxUTerAcRNmBt0eRrdX8;https://www.google.com/maps/place/?q=place_id:ChIJdbKCxUTerAcRNmBt0eRrdX8;tapiocaria Cabedelo PB;Bessa/Intermares limite;@-7.0606,-34.8494,15z;already_in_database
duplicate_in_run;ESFIELDS;Delivery;Av. Oceano Atlântico - Ponta de Campina, Cabedelo - PB, 58101-650;4.4;12;ChIJDwCxzV7frAcR4SxYIDnucFw;https://www.google.com/maps/place/?q=place_id:ChIJDwCxzV7frAcR4SxYIDnucFw;esfiharia Cabedelo PB;Bessa/Intermares limite;@-7.0606,-34.8494,15z;duplicate_in_run
already_in_database;Pizza Família Cipriano;Delivery de Pizza;R. Golfo Danzig, 56 - Intermares, Cabedelo - PB, 58102-133;5;13;ChIJBw8J2x3frAcR-t64wKV4XEg;https://www.google.com/maps/place/?q=place_id:ChIJBw8J2x3frAcR-t64wKV4XEg;esfiharia Cabedelo PB;Bessa/Intermares limite;@-7.0606,-34.8494,15z;already_in_database
rejected;Hórus Esfihas e Gelados;Esfiharia;R. Bacharel Irenaldo de Albuquerque Chaves, 825 - Aeroclube, João Pessoa - PB, 58036-460;4.9;27;ChIJWYMEcFLdrAcRJ7ODRj95ups;https://www.google.com/maps/place/?q=place_id:ChIJWYMEcFLdrAcRJ7ODRj95ups;esfiharia Cabedelo PB;Bessa/Intermares limite;@-7.0606,-34.8494,15z;outside_cabedelo_or_location_uncertain
already_in_database;Mega Pizza;Pizzaria;Av. Mar Vermelho, 357 - Intermares, Cabedelo - PB, 58310-000;4;506;ChIJP6gJ7w3erAcRPbZmhVXL0gQ;https://www.google.com/maps/place/?q=place_id:ChIJP6gJ7w3erAcRPbZmhVXL0gQ;esfiharia Cabedelo PB;Bessa/Intermares limite;@-7.0606,-34.8494,15z;already_in_database
rejected;Padaria Eldorado Intermares;Padaria;Av. Mar Vermelho, 263 - Intermares, Cabedelo - PB, 58102-120;4.3;573;ChIJ8fLcFhXfrAcRa8uPR7mcTcU;https://www.google.com/maps/place/?q=place_id:ChIJ8fLcFhXfrAcRa8uPR7mcTcU;esfiharia Cabedelo PB;Bessa/Intermares limite;@-7.0606,-34.8494,15z;excluded_category_or_name
rejected;Novo Oriente Intermares;Restaurante de sushi;Av. Mar Vermelho, 35 - Intermares, Cabedelo - PB, 58102-120;4.2;1378;ChIJN9JFAA7erAcR7c6fN6tma_g;https://www.google.com/maps/place/?q=place_id:ChIJN9JFAA7erAcR7c6fN6tma_g;esfiharia Cabedelo PB;Bessa/Intermares limite;@-7.0606,-34.8494,15z;excluded_category_or_name
already_in_database;Pizzaria Bom Sabor;Pizzaria;R. Jair Cunha Cavalcanti, 248 - Lot. Oceania, Cabedelo - PB, 58105-700;4;134;ChIJJwFhsjXfrAcR5WUPKUu6Li8;https://www.google.com/maps/place/?q=place_id:ChIJJwFhsjXfrAcR5WUPKUu6Li8;esfiharia Cabedelo PB;Bessa/Intermares limite;@-7.0606,-34.8494,15z;already_in_database
rejected;GETMall;Praça de alimentação;Av. Oceano Atlântico, 1592 - Ponta de Campina, Cabedelo - PB, 58310-000;4.3;103;ChIJX7HMo6rdrAcRCeFWODir8Rw;https://www.google.com/maps/place/?q=place_id:ChIJX7HMo6rdrAcRCeFWODir8Rw;esfiharia Cabedelo PB;Bessa/Intermares limite;@-7.0606,-34.8494,15z;excluded_category_or_name
rejected;Sahara Árabe Food;Delivery;Manaíra, João Pessoa - PB, 58038-001;3.6;13;ChIJ91h89NXdrAcR_azzHqsnFAI;https://www.google.com/maps/place/?q=place_id:ChIJ91h89NXdrAcR_azzHqsnFAI;esfiharia Cabedelo PB;Bessa/Intermares limite;@-7.0606,-34.8494,15z;outside_cabedelo_or_location_uncertain
rejected;Pérsia Esfiha Diferente;Esfiharia;Av. Umbuzeiro, 1099 - Manaíra, João Pessoa - PB, 58038-182;4.7;1345;ChIJXaMZFSLdrAcRDcClKwtA6h0;https://www.google.com/maps/place/?q=place_id:ChIJXaMZFSLdrAcRDcClKwtA6h0;esfiharia Cabedelo PB;Bessa/Intermares limite;@-7.0606,-34.8494,15z;outside_cabedelo_or_location_uncertain
rejected;Hora H - Loja de conveniência;Loja de Conveniência;BR 230, km 09, 499, Intermares, Cabedelo - PB, 58102-202;4;9;ChIJqcRVDw7erAcR-rfbD81s5FA;https://www.google.com/maps/place/?q=place_id:ChIJqcRVDw7erAcR-rfbD81s5FA;esfiharia Cabedelo PB;Bessa/Intermares limite;@-7.0606,-34.8494,15z;excluded_category_or_name
already_in_database;Pipa Sushi & Temakeria;Restaurante de sushi;Av. Mar das Antilhas - Intermares, Cabedelo - PB, 58310-000;4.3;292;ChIJm1Mywg3erAcRAs4OIMpvJqk;https://www.google.com/maps/place/?q=place_id:ChIJm1Mywg3erAcRAs4OIMpvJqk;esfiharia Cabedelo PB;Bessa/Intermares limite;@-7.0606,-34.8494,15z;already_in_database
already_in_database;Restaurante Recanto do Picuí Intermares;Restaurante;R. Golfo Sidra, 72 - Intermares, Cabedelo - PB, 58310-000;4.5;1267;ChIJ7xU6NRLerAcRpPuWqjv1L7c;https://www.google.com/maps/place/?q=place_id:ChIJ7xU6NRLerAcRpPuWqjv1L7c;esfiharia Cabedelo PB;Bessa/Intermares limite;@-7.0606,-34.8494,15z;already_in_database
rejected;Imperial Pizza | Pizzaria e Esfiharia;Pizzaria;R. Mírian Barreto Rabelo, 831 - Lj 07 - Aeroclube, João Pessoa - PB, 58036-690;5;4;ChIJF29c5KbdrAcR31XffAjRMJ8;https://www.google.com/maps/place/?q=place_id:ChIJF29c5KbdrAcR31XffAjRMJ8;esfiharia Cabedelo PB;Bessa/Intermares limite;@-7.0606,-34.8494,15z;outside_cabedelo_or_location_uncertain
rejected;Panificadora Intermares;Padaria;Av. Oceano Índico, 375 - Intermares, Cabedelo - PB, 58102-222;4.1;82;ChIJQ50DHaLfrAcRSavcugBsAmM;https://www.google.com/maps/place/?q=place_id:ChIJQ50DHaLfrAcRSavcugBsAmM;esfiharia Cabedelo PB;Bessa/Intermares limite;@-7.0606,-34.8494,15z;excluded_category_or_name
already_in_database;TCF - The Cheeseburguer Factory - Unidade Cabedelo;Lanchonete;Av. Oceano Atlântico, 1592 - Sl A15 - Ponta de Campina, Cabedelo - PB, 58310-000;4.1;13;ChIJ17zIKW_drAcRpW44MoCAPKM;https://www.google.com/maps/place/?q=place_id:ChIJ17zIKW_drAcRpW44MoCAPKM;esfiharia Cabedelo PB;Bessa/Intermares limite;@-7.0606,-34.8494,15z;already_in_database
duplicate_in_run;Forneria Brasil Express 🍕;Delivery de Pizza;;3;2;ChIJRaVm9q19ZScR9PGc5I1SNg0;https://www.google.com/maps/place/?q=place_id:ChIJRaVm9q19ZScR9PGc5I1SNg0;esfiharia Cabedelo PB;Bessa/Intermares limite;@-7.0606,-34.8494,15z;duplicate_in_run
already_in_database;Pizzaria Jacaré;Pizzaria;R. Arco Íris, 250 - Lot. Oceania VI, Cabedelo - PB, 58310-000;4.5;59;ChIJLSlV8DrerAcRdEpwqq-GS2Y;https://www.google.com/maps/place/?q=place_id:ChIJLSlV8DrerAcRdEpwqq-GS2Y;esfiharia Cabedelo PB;Bessa/Intermares limite;@-7.0606,-34.8494,15z;already_in_database
already_in_database;Lary's pizzaria e lanchonete;Pizzaria;R. Antônia Fernandes Oliveira, 810 - Jardim Camboinha, Cabedelo - PB, 58103-706;4.3;88;ChIJ1zlHHqffrAcRvEgStdnRDMs;https://www.google.com/maps/place/?q=place_id:ChIJ1zlHHqffrAcRvEgStdnRDMs;esfiharia Cabedelo PB;Bessa/Intermares limite;@-7.0606,-34.8494,15z;already_in_database
rejected;Esfiha Do Matuto Esfiharia;Restaurante;R. Carlos Alverga, 157 - Manaíra, João Pessoa - PB, 58038-020;5;4;ChIJexihRgDdrAcRK-wQ7jtHfmM;https://www.google.com/maps/place/?q=place_id:ChIJexihRgDdrAcRK-wQ7jtHfmM;esfiharia Cabedelo PB;Bessa/Intermares limite;@-7.0606,-34.8494,15z;outside_cabedelo_or_location_uncertain
already_in_database;NutriFit Marmita Fitness Congeladas;Restaurante de comida natural;Intermares, Cabedelo - PB, 58102-032;5;18;ChIJN2Qo5azfrAcR6duVymUfuQ0;https://www.google.com/maps/place/?q=place_id:ChIJN2Qo5azfrAcR6duVymUfuQ0;marmitaria Cabedelo PB;Bessa/Intermares limite;@-7.0606,-34.8494,15z;already_in_database
already_in_database;Tempero De Casa;Restaurante;R. Maurício de Alençar Cavalcante - Jardim America, Cabedelo - PB, 58310-000;4.5;65;ChIJlzh1S-zdrAcRiCUL7fIKsMI;https://www.google.com/maps/place/?q=place_id:ChIJlzh1S-zdrAcRiCUL7fIKsMI;marmitaria Cabedelo PB;Bessa/Intermares limite;@-7.0606,-34.8494,15z;already_in_database
rejected;Andrea Marmitaria;Restaurante;R. Tertuliano Castro, 187 - Bessa, João Pessoa - PB, 58035-170;5;26;ChIJtXrmOy7drAcRIT1bJ6-v9Kw;https://www.google.com/maps/place/?q=place_id:ChIJtXrmOy7drAcRIT1bJ6-v9Kw;marmitaria Cabedelo PB;Bessa/Intermares limite;@-7.0606,-34.8494,15z;outside_cabedelo_or_location_uncertain
duplicate_in_run;D Lay Refeições - Marmitaria;Restaurante de almoço;Av. Ambrósio Miranda de Araújo - Renascer, Cabedelo - PB, 58310-000;;;ChIJ7x-TOz7drAcRBMvOXw4vkwg;https://www.google.com/maps/place/?q=place_id:ChIJ7x-TOz7drAcRBMvOXw4vkwg;marmitaria Cabedelo PB;Bessa/Intermares limite;@-7.0606,-34.8494,15z;duplicate_in_run
rejected;El sabor restaurante e marmitaria;Restaurante;R. Pres. Washington Luís, 338 - Bessa, João Pessoa - PB, 58035-340;4.6;79;ChIJ71Tv30HdrAcR40bAo1GUO-0;https://www.google.com/maps/place/?q=place_id:ChIJ71Tv30HdrAcR40bAo1GUO-0;marmitaria Cabedelo PB;Bessa/Intermares limite;@-7.0606,-34.8494,15z;outside_cabedelo_or_location_uncertain
duplicate_in_run;Mary Refeições;Restaurante;Av. Mar de Corais, 08 - Intermares, Cabedelo - PB, 58102-262;4.6;45;ChIJ2eQ7vvbfrAcRI7MW-9PBLJ8;https://www.google.com/maps/place/?q=place_id:ChIJ2eQ7vvbfrAcRI7MW-9PBLJ8;marmitaria Cabedelo PB;Bessa/Intermares limite;@-7.0606,-34.8494,15z;duplicate_in_run
duplicate_in_run;M E Refeição;Restaurante;Intermares, Cabedelo - PB, 58033-455;5;3;ChIJc3fKUeHfrAcRDLLyfWij5xk;https://www.google.com/maps/place/?q=place_id:ChIJc3fKUeHfrAcRDLLyfWij5xk;marmitaria Cabedelo PB;Bessa/Intermares limite;@-7.0606,-34.8494,15z;duplicate_in_run
rejected;Aroma & Sabor Self-Service;Restaurante self-service;Onda Mar Praia Shopping, Av. Mar Vermelho, 357 - 11 - Intermares, Cabedelo - PB, 58102-120;4.3;50;ChIJE-Tnww3erAcRSEMi9ezCmjc;https://www.google.com/maps/place/?q=place_id:ChIJE-Tnww3erAcRSEMi9ezCmjc;marmitaria Cabedelo PB;Bessa/Intermares limite;@-7.0606,-34.8494,15z;excluded_category_or_name
already_in_database;Primo Rico;Restaurante self-service;Av. Oceano Atlântico, S/N - Intermares, Cabedelo - PB, 58102-236;4.3;903;ChIJ7aVpYzjfrAcRexvAqkdbRwU;https://www.google.com/maps/place/?q=place_id:ChIJ7aVpYzjfrAcRexvAqkdbRwU;marmitaria Cabedelo PB;Bessa/Intermares limite;@-7.0606,-34.8494,15z;already_in_database
already_in_database;Galeteria D'intermares;Restaurante de carne;R. Golfo Veneza, 28 - Intermares, Cabedelo - PB, 58102-122;4.1;470;ChIJu2aD0g7erAcRzicvJXx-8yI;https://www.google.com/maps/place/?q=place_id:ChIJu2aD0g7erAcRzicvJXx-8yI;marmitaria Cabedelo PB;Bessa/Intermares limite;@-7.0606,-34.8494,15z;already_in_database
duplicate_in_run;MB Marmitas | Marmitaria em João Pessoa;Restaurante;R. Alfredo Chaves, 126 - Poço, Cabedelo - PB, 58101-582;5;2;ChIJ_XODgJ7frAcR2n1xL5ijuX4;https://www.google.com/maps/place/?q=place_id:ChIJ_XODgJ7frAcR2n1xL5ijuX4;marmitaria Cabedelo PB;Bessa/Intermares limite;@-7.0606,-34.8494,15z;duplicate_in_run
rejected;A&J Marmitaria Delivery;Delivery;R. Pres. Washington Luiz - Bessa, João Pessoa - PB, 58033-455;1;1;ChIJC9EkudTdrAcR3vsksIr8Y-M;https://www.google.com/maps/place/?q=place_id:ChIJC9EkudTdrAcR3vsksIr8Y-M;marmitaria Cabedelo PB;Bessa/Intermares limite;@-7.0606,-34.8494,15z;outside_cabedelo_or_location_uncertain
rejected;Expresso da Feijoada;Delivery;Av. Pres. Delfim Moreira, 272 - Bessa, João Pessoa - PB, 58035-260;4.9;25;ChIJD4I1_HfdrAcRd1mkXf2VWqc;https://www.google.com/maps/place/?q=place_id:ChIJD4I1_HfdrAcRd1mkXf2VWqc;marmitaria Cabedelo PB;Bessa/Intermares limite;@-7.0606,-34.8494,15z;outside_cabedelo_or_location_uncertain
rejected;Leveza e Sabor - Comida Saudável;Fabricante de alimentos;R. João Paiva Ponce de Léon, 91 - Bessa, João Pessoa - PB, 58037-765;4.9;17;ChIJbdf8pfzdrAcRNbx48IE3VDk;https://www.google.com/maps/place/?q=place_id:ChIJbdf8pfzdrAcRNbx48IE3VDk;marmitaria Cabedelo PB;Bessa/Intermares limite;@-7.0606,-34.8494,15z;outside_cabedelo_or_location_uncertain
rejected;Mió do Sertão;Restaurante;R. José Simões de Araújo, 139 - Jardim Oceania, João Pessoa - PB, 58037-740;4.6;1017;ChIJ8WPpN-jdrAcRMMUAqeKbDig;https://www.google.com/maps/place/?q=place_id:ChIJ8WPpN-jdrAcRMMUAqeKbDig;marmitaria Cabedelo PB;Bessa/Intermares limite;@-7.0606,-34.8494,15z;outside_cabedelo_or_location_uncertain
already_in_database;Restaurante Recanto do Picuí Intermares;Restaurante;R. Golfo Sidra, 72 - Intermares, Cabedelo - PB, 58310-000;4.5;1267;ChIJ7xU6NRLerAcRpPuWqjv1L7c;https://www.google.com/maps/place/?q=place_id:ChIJ7xU6NRLerAcRpPuWqjv1L7c;marmitaria Cabedelo PB;Bessa/Intermares limite;@-7.0606,-34.8494,15z;already_in_database
rejected;Padaria Eldorado Intermares;Padaria;Av. Mar Vermelho, 263 - Intermares, Cabedelo - PB, 58102-120;4.3;573;ChIJ8fLcFhXfrAcRa8uPR7mcTcU;https://www.google.com/maps/place/?q=place_id:ChIJ8fLcFhXfrAcRa8uPR7mcTcU;marmitaria Cabedelo PB;Bessa/Intermares limite;@-7.0606,-34.8494,15z;excluded_category_or_name
rejected;Casa do Sabor;Restaurante;Empresarial Midas, R. Francisco Leocádio Ribeiro Coutinho, 630 - Sala 112/113 - Aeroclube, João Pessoa - PB, 58036-450;4.3;53;ChIJlddfqZ7drAcRSr5UDUjeNpc;https://www.google.com/maps/place/?q=place_id:ChIJlddfqZ7drAcRSr5UDUjeNpc;marmitaria Cabedelo PB;Bessa/Intermares limite;@-7.0606,-34.8494,15z;outside_cabedelo_or_location_uncertain
rejected;Panela’s di Barro;Restaurante self-service;Av. Pres. Nilo Peçanha, 159 - Bessa, João Pessoa - PB, 58035-200;4.4;773;ChIJDd-FEurdrAcRho5bMZk1Iug;https://www.google.com/maps/place/?q=place_id:ChIJDd-FEurdrAcRho5bMZk1Iug;marmitaria Cabedelo PB;Bessa/Intermares limite;@-7.0606,-34.8494,15z;excluded_category_or_name
already_in_database;Lovina Ponta de Campina | Bar | Restaurante em Cabedelo;Restaurante;R. Vitorino Cardoso, 908 - Ponta de Campina, Cabedelo - PB, 58101-510;4.4;10742;ChIJdbKCxUTerAcRNmBt0eRrdX8;https://www.google.com/maps/place/?q=place_id:ChIJdbKCxUTerAcRNmBt0eRrdX8;marmitaria Cabedelo PB;Bessa/Intermares limite;@-7.0606,-34.8494,15z;already_in_database
already_in_database;Espetinho da praia Intermares;Restaurante;Av. Oceano Atlântico, 1972 - Intermares, Cabedelo - PB, 58310-000;4.4;772;ChIJE-mcRMTfrAcRBThGnfI6x2c;https://www.google.com/maps/place/?q=place_id:ChIJE-mcRMTfrAcRBThGnfI6x2c;espetinho Cabedelo PB;Bessa/Intermares limite;@-7.0606,-34.8494,15z;already_in_database
duplicate_in_run;Rope Espetos;Restaurante de churrasquinho;Av. Oceano Atlântico, 422 - Intermares, Cabedelo - PB, 58102-252;4.5;13;ChIJmbbN-K3frAcRsyfJ94pu17s;https://www.google.com/maps/place/?q=place_id:ChIJmbbN-K3frAcRsyfJ94pu17s;espetinho Cabedelo PB;Bessa/Intermares limite;@-7.0606,-34.8494,15z;duplicate_in_run
already_in_database;Oliver Grill e Espetos;Restaurante brasileiro;Av. Oceano Índico, 928 - Intermares, Cabedelo - PB, 58102-222;4.9;54;ChIJf5cN1cDfrAcRCKHM1M2eY_Y;https://www.google.com/maps/place/?q=place_id:ChIJf5cN1cDfrAcRCKHM1M2eY_Y;espetinho Cabedelo PB;Bessa/Intermares limite;@-7.0606,-34.8494,15z;already_in_database
duplicate_in_run;Espetinho lá Brasil;Restaurante de churrasquinho;Av. Oceano Pacífico - Intermares, Cabedelo - PB, 58102-236;4;4;ChIJnV7DIgbfrAcR2KjlFmSKYJ8;https://www.google.com/maps/place/?q=place_id:ChIJnV7DIgbfrAcR2KjlFmSKYJ8;espetinho Cabedelo PB;Bessa/Intermares limite;@-7.0606,-34.8494,15z;duplicate_in_run
already_in_database;Numar Bar e Restaurante;Bar;Av. Oceano Atlântico, 878 - Intermares, Cabedelo - PB, 58310-000;4.5;1370;ChIJ29wxE1zfrAcRAXclbUaSW8w;https://www.google.com/maps/place/?q=place_id:ChIJ29wxE1zfrAcRAXclbUaSW8w;espetinho Cabedelo PB;Bessa/Intermares limite;@-7.0606,-34.8494,15z;already_in_database
duplicate_in_run;Espetinho Pé na Areia;Restaurante;R. Gameleira, 23 - Amazonia Park, Cabedelo - PB, 58106-548;;;ChIJGWLtZoffrAcRAWERwF7Q64I;https://www.google.com/maps/place/?q=place_id:ChIJGWLtZoffrAcRAWERwF7Q64I;espetinho Cabedelo PB;Bessa/Intermares limite;@-7.0606,-34.8494,15z;duplicate_in_run
rejected;Boi na Brasa;Restaurante de churrasquinho;Av. Pres. Afonso Pena, 60 - Bessa, João Pessoa - PB, 58035-030;4.5;48;ChIJbZTPdgDdrAcR9SDtSzAlFRE;https://www.google.com/maps/place/?q=place_id:ChIJbZTPdgDdrAcR9SDtSzAlFRE;espetinho Cabedelo PB;Bessa/Intermares limite;@-7.0606,-34.8494,15z;outside_cabedelo_or_location_uncertain
already_in_database;Seu Jerônimo;Hamburgueria;R. Virginia Maria Nogueira Gadelha Pimentel - Lot. Bela Vista, Cabedelo - PB, 58310-000;5;13;ChIJWVZmZADdrAcRKTJks1JgeWU;https://www.google.com/maps/place/?q=place_id:ChIJWVZmZADdrAcRKTJks1JgeWU;espetinho Cabedelo PB;Bessa/Intermares limite;@-7.0606,-34.8494,15z;already_in_database
rejected;Espetinho da Rafa Camboinha;Bar;Av. Max Zagel, 16 - Jardim Jerico, Cabedelo - PB, 58310-000;4.9;19;ChIJOWgbm17frAcRk4X3wNNiTBA;https://www.google.com/maps/place/?q=place_id:ChIJOWgbm17frAcRk4X3wNNiTBA;espetinho Cabedelo PB;Bessa/Intermares limite;@-7.0606,-34.8494,15z;not_clearly_food_establishment
already_in_database;Restaurante Recanto do Picuí Intermares;Restaurante;R. Golfo Sidra, 72 - Intermares, Cabedelo - PB, 58310-000;4.5;1267;ChIJ7xU6NRLerAcRpPuWqjv1L7c;https://www.google.com/maps/place/?q=place_id:ChIJ7xU6NRLerAcRpPuWqjv1L7c;espetinho Cabedelo PB;Bessa/Intermares limite;@-7.0606,-34.8494,15z;already_in_database
rejected;Jardim do Espeto Restaurante e Bar;Restaurante;R. Hortêncio Osterne Carneiro, 201 - Bessa, João Pessoa - PB, 58035-120;4.3;675;ChIJn_68sAPdrAcREcTt7NEMedg;https://www.google.com/maps/place/?q=place_id:ChIJn_68sAPdrAcREcTt7NEMedg;espetinho Cabedelo PB;Bessa/Intermares limite;@-7.0606,-34.8494,15z;outside_cabedelo_or_location_uncertain
already_in_database;Praçaí - Intermares;Lanchonete;Av. Oceano Pacífico, s/n - Intermares, Cabedelo - PB, 58310-000;4.5;238;ChIJ1cAVK23erAcRCUpJ50T3ULs;https://www.google.com/maps/place/?q=place_id:ChIJ1cAVK23erAcRCUpJ50T3ULs;espetinho Cabedelo PB;Bessa/Intermares limite;@-7.0606,-34.8494,15z;already_in_database
rejected;Espetinho da Janaína;Barraca de comida;R. Artur Monteiro Paiva, 1197 - Bessa, João Pessoa - PB, 58035-010;4.8;20;ChIJY5yZTADdrAcR2MWXdRp5vac;https://www.google.com/maps/place/?q=place_id:ChIJY5yZTADdrAcR2MWXdRp5vac;espetinho Cabedelo PB;Bessa/Intermares limite;@-7.0606,-34.8494,15z;outside_cabedelo_or_location_uncertain
rejected;Espetinho Bom a Bessa;Bar;R. Napoleão Gomes Varela, 88 - Bessa, João Pessoa - PB, 58035-080;4.5;65;ChIJT-RKCVbdrAcRYyIDn9o70cU;https://www.google.com/maps/place/?q=place_id:ChIJT-RKCVbdrAcRYyIDn9o70cU;espetinho Cabedelo PB;Bessa/Intermares limite;@-7.0606,-34.8494,15z;outside_cabedelo_or_location_uncertain
already_in_database;BAR DO CHEFF RESTAURANTE;Bar com música ao vivo;Av. Mar Vermelho, 357 - Lj 12 - Intermares, Cabedelo - PB, 58310-120;4.5;244;ChIJ__-7wQ3erAcRTH9HHjOgYLo;https://www.google.com/maps/place/?q=place_id:ChIJ__-7wQ3erAcRTH9HHjOgYLo;espetinho Cabedelo PB;Bessa/Intermares limite;@-7.0606,-34.8494,15z;already_in_database
rejected;Espetinho união;;Passarela Peixe Boi, R. da Enseada - Ponta de Campina, Cabedelo - PB, 58310-000;5;2;ChIJ9UaKIgDfrAcRVSYGCG9IG8s;https://www.google.com/maps/place/?q=place_id:ChIJ9UaKIgDfrAcRVSYGCG9IG8s;espetinho Cabedelo PB;Bessa/Intermares limite;@-7.0606,-34.8494,15z;not_clearly_food_establishment
rejected;Espetinho da Neide (galega );Área para churrasco;R. Jair Cunha Cavalcanti - Lot. Oceania VI, Cabedelo - PB, 58310-000;5;3;ChIJkS4yB_jfrAcRqBXX8hyz1d4;https://www.google.com/maps/place/?q=place_id:ChIJkS4yB_jfrAcRqBXX8hyz1d4;espetinho Cabedelo PB;Bessa/Intermares limite;@-7.0606,-34.8494,15z;not_clearly_food_establishment
accepted;Espetinho da Praça;Churrascaria;Renascer III, R. Raul Seixas - Lot. Joao Paulo, Cabedelo - PB, 58108-122;;;ChIJs_L4FXXdrAcREjPCJo77N4c;https://www.google.com/maps/place/?q=place_id:ChIJs_L4FXXdrAcREjPCJo77N4c;espetinho Cabedelo PB;Bessa/Intermares limite;@-7.0606,-34.8494,15z;food_scope
already_in_database;Primo Rico;Restaurante self-service;Av. Oceano Atlântico, S/N - Intermares, Cabedelo - PB, 58102-236;4.3;903;ChIJ7aVpYzjfrAcRexvAqkdbRwU;https://www.google.com/maps/place/?q=place_id:ChIJ7aVpYzjfrAcRexvAqkdbRwU;espetinho Cabedelo PB;Bessa/Intermares limite;@-7.0606,-34.8494,15z;already_in_database
already_in_database;Lovina Ponta de Campina | Bar | Restaurante em Cabedelo;Restaurante;R. Vitorino Cardoso, 908 - Ponta de Campina, Cabedelo - PB, 58101-510;4.4;10742;ChIJdbKCxUTerAcRNmBt0eRrdX8;https://www.google.com/maps/place/?q=place_id:ChIJdbKCxUTerAcRNmBt0eRrdX8;espetinho Cabedelo PB;Bessa/Intermares limite;@-7.0606,-34.8494,15z;already_in_database
duplicate_in_run;Casa Do Pastel;Pastelaria brasileira;R. Honório Patrício dos Santos, 328 - Recanto do Poço, Cabedelo - PB, 58310-000;4.2;20;ChIJoc8jbkrerAcRh20OFIzRlDc;https://www.google.com/maps/place/?q=place_id:ChIJoc8jbkrerAcRh20OFIzRlDc;pastelaria Cabedelo PB;Renascer;@-7.0324,-34.8705,15z;duplicate_in_run
rejected;Padaria Pandine;Padaria;Av. Mar Vermelho, 357 - Intermares, Cabedelo - PB, 58102-120;4.4;1096;ChIJP6gJ7w3erAcREADxKhazvuY;https://www.google.com/maps/place/?q=place_id:ChIJP6gJ7w3erAcREADxKhazvuY;pastelaria Cabedelo PB;Renascer;@-7.0324,-34.8705,15z;excluded_category_or_name
rejected;Panificadora do Poço;Padaria;R. Carolino Cardoso, 177-245 - Lot. Vitorino Cardoso, Cabedelo - PB, 58310-000;4.2;293;ChIJD-aUzE3erAcRIs-tCW7mU0Q;https://www.google.com/maps/place/?q=place_id:ChIJD-aUzE3erAcRIs-tCW7mU0Q;pastelaria Cabedelo PB;Renascer;@-7.0324,-34.8705,15z;excluded_category_or_name
duplicate_in_run;Recanto do Pastel;Pastelaria brasileira;R. Gov. Antônio Mariz, 76 - Recanto do Poço, Cabedelo - PB, 58105-126;5;2;ChIJTbQRGwDfrAcRtHi9QRdHtfw;https://www.google.com/maps/place/?q=place_id:ChIJTbQRGwDfrAcRtHi9QRdHtfw;pastelaria Cabedelo PB;Renascer;@-7.0324,-34.8705,15z;duplicate_in_run
duplicate_in_run;Pastelaria Arretada;Pastelaria brasileira;R. Jair Cunha Cavalcanti - Jacaré, Cabedelo - PB, 58105-700;;;ChIJu3uW1J3frAcRSD7yg4vEUJg;https://www.google.com/maps/place/?q=place_id:ChIJu3uW1J3frAcRSD7yg4vEUJg;pastelaria Cabedelo PB;Renascer;@-7.0324,-34.8705,15z;duplicate_in_run
rejected;Padaria Eldorado Intermares;Padaria;Av. Mar Vermelho, 263 - Intermares, Cabedelo - PB, 58102-120;4.3;573;ChIJ8fLcFhXfrAcRa8uPR7mcTcU;https://www.google.com/maps/place/?q=place_id:ChIJ8fLcFhXfrAcRa8uPR7mcTcU;pastelaria Cabedelo PB;Renascer;@-7.0324,-34.8705,15z;excluded_category_or_name
already_in_database;Pastelaria Litorânea;Pastelaria brasileira;R. Sólon de Lucena, 19 - Vila Sao Joao, Cabedelo - PB, 58310-000;4.3;280;ChIJMwgi824grQcR0OCGiSGQ4Oc;https://www.google.com/maps/place/?q=place_id:ChIJMwgi824grQcR0OCGiSGQ4Oc;pastelaria Cabedelo PB;Renascer;@-7.0324,-34.8705,15z;already_in_database
already_in_database;Primo Rico;Restaurante self-service;Av. Oceano Atlântico, S/N - Intermares, Cabedelo - PB, 58102-236;4.3;903;ChIJ7aVpYzjfrAcRexvAqkdbRwU;https://www.google.com/maps/place/?q=place_id:ChIJ7aVpYzjfrAcRexvAqkdbRwU;pastelaria Cabedelo PB;Renascer;@-7.0324,-34.8705,15z;already_in_database
already_in_database;La casa de pastel e La Pizza Premium;Pastelaria brasileira;Rua por trás do Campo Municipal, R. Primo José Viana, 463 - Centro, Cabedelo - PB, 58100-521;4.1;261;ChIJYSxGk8ghrQcRk9Nz0uySHBE;https://www.google.com/maps/place/?q=place_id:ChIJYSxGk8ghrQcRk9Nz0uySHBE;pastelaria Cabedelo PB;Renascer;@-7.0324,-34.8705,15z;already_in_database
rejected;Panificadora Intermares;Padaria;Av. Oceano Índico, 375 - Intermares, Cabedelo - PB, 58102-222;4.1;82;ChIJQ50DHaLfrAcRSavcugBsAmM;https://www.google.com/maps/place/?q=place_id:ChIJQ50DHaLfrAcRSavcugBsAmM;pastelaria Cabedelo PB;Renascer;@-7.0324,-34.8705,15z;excluded_category_or_name
already_in_database;Mega Pizza;Pizzaria;Av. Mar Vermelho, 357 - Intermares, Cabedelo - PB, 58310-000;4;506;ChIJP6gJ7w3erAcRPbZmhVXL0gQ;https://www.google.com/maps/place/?q=place_id:ChIJP6gJ7w3erAcRPbZmhVXL0gQ;pastelaria Cabedelo PB;Renascer;@-7.0324,-34.8705,15z;already_in_database
duplicate_in_run;Big lanches camboinha;Pastelaria brasileira;R. Márcia Travassos, 165 - Camboinha, Cabedelo - PB, 58103-718;5;6;ChIJg_1fFG3frAcRQ_tg6GDYS08;https://www.google.com/maps/place/?q=place_id:ChIJg_1fFG3frAcRQ_tg6GDYS08;pastelaria Cabedelo PB;Renascer;@-7.0324,-34.8705,15z;duplicate_in_run
duplicate_in_run;Pastelle (Pastelaria artesanal);Pastelaria brasileira;R. Raul Seixas - Renascer, Cabedelo - PB, 58108-122;4.8;6;ChIJKdiJIC7drAcRSmw3uvlT1t0;https://www.google.com/maps/place/?q=place_id:ChIJKdiJIC7drAcRSmw3uvlT1t0;pastelaria Cabedelo PB;Renascer;@-7.0324,-34.8705,15z;duplicate_in_run
duplicate_in_run;Pastelaria em família;Pastelaria brasileira;R. São Miguel - Camalaú, Cabedelo - PB, 58103-212;5;1;ChIJS7zdL3bfrAcRkHxwCEWiiBQ;https://www.google.com/maps/place/?q=place_id:ChIJS7zdL3bfrAcRkHxwCEWiiBQ;pastelaria Cabedelo PB;Renascer;@-7.0324,-34.8705,15z;duplicate_in_run
duplicate_in_run;Rodizio de caldo do carioca;Pastelaria brasileira;Rod. Br Duzentos e Trinta, 187 - Renascer, Cabedelo - PB, 58102-171;;;ChIJ6_RJWwDdrAcRxuNt1Q9C4Cc;https://www.google.com/maps/place/?q=place_id:ChIJ6_RJWwDdrAcRxuNt1Q9C4Cc;pastelaria Cabedelo PB;Renascer;@-7.0324,-34.8705,15z;duplicate_in_run
rejected;Casa grill Restaurante e Lanchonete;Lanchonete;de brito, R. Hortência Helena Amorim Brito - Jardim Alfa, Cabedelo - PB, 58000-000;4.5;11;ChIJKad3l7ndrAcRgsGXszeXY2A;https://www.google.com/maps/place/?q=place_id:ChIJKad3l7ndrAcRgsGXszeXY2A;pastelaria Cabedelo PB;Renascer;@-7.0324,-34.8705,15z;outside_cabedelo_or_location_uncertain
rejected;Caldo de Cana e Pastelaria do Irmão Raminho;Lanchonete;R. São José, 148 - Lot. Parque Esperanca, Cabedelo - PB, 58108-511;;;ChIJPQ9w3ovdrAcRZV9IK2ZsYO4;https://www.google.com/maps/place/?q=place_id:ChIJPQ9w3ovdrAcRZV9IK2ZsYO4;pastelaria Cabedelo PB;Renascer;@-7.0324,-34.8705,15z;outside_cabedelo_or_location_uncertain
duplicate_in_run;Pastel do Thiago;Pastelaria brasileira;R. Sólon de Lucena - Ponta de Matos, Cabedelo - PB, 58100-570;4;9;ChIJkRCA8QQhrQcRdarr_EmBcBI;https://www.google.com/maps/place/?q=place_id:ChIJkRCA8QQhrQcRdarr_EmBcBI;pastelaria Cabedelo PB;Renascer;@-7.0324,-34.8705,15z;duplicate_in_run
already_in_database;PARCEIRO Rosa Lanches;Lanchonete;R. Ten. Antônio Pontes, 139 - Ponta de Matos, Cabedelo - PB, 58100-645;4.5;120;ChIJKfbziSchrQcRUM5eTvB19FU;https://www.google.com/maps/place/?q=place_id:ChIJKfbziSchrQcRUM5eTvB19FU;pastelaria Cabedelo PB;Renascer;@-7.0324,-34.8705,15z;already_in_database
rejected;Coelhossalgados;Pastelaria brasileira;Sao José, Cabedelo - PB, 58108-212;;;ChIJDT3UhGndrAcRaTfDVOpLNfk;https://www.google.com/maps/place/?q=place_id:ChIJDT3UhGndrAcRaTfDVOpLNfk;pastelaria Cabedelo PB;Renascer;@-7.0324,-34.8705,15z;outside_cabedelo_or_location_uncertain
rejected;A Ferro Y Fogo Churrasco & Burger Artesanal na Brasa;Restaurante;Av. Oceano Atlântico, 1592 - Shopping GetMall - Ponta de Campina, Cabedelo - PB, 58101-650;3.9;39;ChIJNWudC1nfrAcRZp_VOIvsXTQ;https://www.google.com/maps/place/?q=place_id:ChIJNWudC1nfrAcRZp_VOIvsXTQ;churrascaria Cabedelo PB;Renascer;@-7.0324,-34.8705,15z;excluded_category_or_name
already_in_database;Restaurante Recanto do Picuí Intermares;Churrascaria;R. Golfo Sidra, 72 - Intermares, Cabedelo - PB, 58310-000;4.5;1267;ChIJ7xU6NRLerAcRpPuWqjv1L7c;https://www.google.com/maps/place/?q=place_id:ChIJ7xU6NRLerAcRpPuWqjv1L7c;churrascaria Cabedelo PB;Renascer;@-7.0324,-34.8705,15z;already_in_database
already_in_database;CTG Saudade Da Querência;Restaurante;R. João Santos Coelho Filho, 125 - Lot. Praia Grande, Cabedelo - PB, 58310-000;4.6;293;ChIJv8vnDLPfrAcR2d01H7Lb744;https://www.google.com/maps/place/?q=place_id:ChIJv8vnDLPfrAcR2d01H7Lb744;churrascaria Cabedelo PB;Renascer;@-7.0324,-34.8705,15z;already_in_database
already_in_database;churrascaria do biu;Churrascaria;R. Carolino Cardoso, 248-328 - Lot. Vitorino Cardoso, Cabedelo - PB, 58310-000;4.2;142;ChIJi2YYOkzerAcRnZgoaC-xOvY;https://www.google.com/maps/place/?q=place_id:ChIJi2YYOkzerAcRnZgoaC-xOvY;churrascaria Cabedelo PB;Renascer;@-7.0324,-34.8705,15z;already_in_database
already_in_database;Lovina Ponta de Campina | Bar | Restaurante em Cabedelo;Restaurante;R. Vitorino Cardoso, 908 - Ponta de Campina, Cabedelo - PB, 58101-510;4.4;10742;ChIJdbKCxUTerAcRNmBt0eRrdX8;https://www.google.com/maps/place/?q=place_id:ChIJdbKCxUTerAcRNmBt0eRrdX8;churrascaria Cabedelo PB;Renascer;@-7.0324,-34.8705,15z;already_in_database
already_in_database;Ancoradouro Ponta de Campina;Restaurante;R. Henrique Siqueira, 242 - Ponta de Campina, Cabedelo - PB, 58310-000;3.9;495;ChIJZ2RoyxLfrAcRupeEWBQrnEc;https://www.google.com/maps/place/?q=place_id:ChIJZ2RoyxLfrAcRupeEWBQrnEc;churrascaria Cabedelo PB;Renascer;@-7.0324,-34.8705,15z;already_in_database
already_in_database;Churrascaria do Caicó;Churrascaria;R, Av. Pastor José Alves de Oliveira, 365 - Centro, Cabedelo - PB, 58100-222;4.3;753;ChIJVaKROncgrQcR5lpnht-FotI;https://www.google.com/maps/place/?q=place_id:ChIJVaKROncgrQcR5lpnht-FotI;churrascaria Cabedelo PB;Renascer;@-7.0324,-34.8705,15z;already_in_database
already_in_database;Oliver Grill e Espetos;Restaurante brasileiro;Av. Oceano Índico, 928 - Intermares, Cabedelo - PB, 58102-222;4.9;54;ChIJf5cN1cDfrAcRCKHM1M2eY_Y;https://www.google.com/maps/place/?q=place_id:ChIJf5cN1cDfrAcRCKHM1M2eY_Y;churrascaria Cabedelo PB;Renascer;@-7.0324,-34.8705,15z;already_in_database
already_in_database;Espetinho da praia Intermares;Restaurante;Av. Oceano Atlântico, 1972 - Intermares, Cabedelo - PB, 58310-000;4.4;772;ChIJE-mcRMTfrAcRBThGnfI6x2c;https://www.google.com/maps/place/?q=place_id:ChIJE-mcRMTfrAcRBThGnfI6x2c;churrascaria Cabedelo PB;Renascer;@-7.0324,-34.8705,15z;already_in_database
already_in_database;Melhor Sabor - Churrascaria e Self-Service;Churrascaria;R. João Clementino Gomes, 638 - Renascer, Cabedelo - PB, 58108-088;4.8;18;ChIJm6UA9qrdrAcR5Z_cuLUAO4k;https://www.google.com/maps/place/?q=place_id:ChIJm6UA9qrdrAcR5Z_cuLUAO4k;churrascaria Cabedelo PB;Renascer;@-7.0324,-34.8705,15z;already_in_database
already_in_database;Galeteria D'intermares;Restaurante de carne;R. Golfo Veneza, 28 - Intermares, Cabedelo - PB, 58102-122;4.1;470;ChIJu2aD0g7erAcRzicvJXx-8yI;https://www.google.com/maps/place/?q=place_id:ChIJu2aD0g7erAcRzicvJXx-8yI;churrascaria Cabedelo PB;Renascer;@-7.0324,-34.8705,15z;already_in_database
duplicate_in_run;Restaurante Self Sabor;Restaurante self-service;R. Carolino Cardoso, 361 - Lot. Vitorino Cardoso, Cabedelo - PB, 58101-502;5;1;ChIJCauHMEbfrAcRkfIWALUqaWo;https://www.google.com/maps/place/?q=place_id:ChIJCauHMEbfrAcRkfIWALUqaWo;churrascaria Cabedelo PB;Renascer;@-7.0324,-34.8705,15z;duplicate_in_run
rejected;Arena Meat House;Bar e Grill;BR-230, Km 10 - Lot. Bela Vista, Cabedelo - PB, 58102-970;5;27;ChIJCaRZ6I3frAcRu_sSIMT6siA;https://www.google.com/maps/place/?q=place_id:ChIJCaRZ6I3frAcRu_sSIMT6siA;churrascaria Cabedelo PB;Renascer;@-7.0324,-34.8705,15z;not_clearly_food_establishment
already_in_database;Primo Rico;Restaurante self-service;Av. Oceano Atlântico, S/N - Intermares, Cabedelo - PB, 58102-236;4.3;903;ChIJ7aVpYzjfrAcRexvAqkdbRwU;https://www.google.com/maps/place/?q=place_id:ChIJ7aVpYzjfrAcRexvAqkdbRwU;churrascaria Cabedelo PB;Renascer;@-7.0324,-34.8705,15z;already_in_database
already_in_database;Self service da GG;Restaurante self-service;R. Jair Cunha Cavalcanti, 328 - Lot. Oceania VI, Cabedelo - PB, 58310-000;5;1;ChIJXSZHbgDfrAcR7WzEKqOnmgI;https://www.google.com/maps/place/?q=place_id:ChIJXSZHbgDfrAcR7WzEKqOnmgI;churrascaria Cabedelo PB;Renascer;@-7.0324,-34.8705,15z;already_in_database
rejected;Rei das Carnes - Intermares;Açougue;Av. Mar Vermelho, 380 - Intermares, Cabedelo - PB, 58102-110;4.6;655;ChIJwaFzfgXfrAcRBX_ecdbOCMo;https://www.google.com/maps/place/?q=place_id:ChIJwaFzfgXfrAcRBX_ecdbOCMo;churrascaria Cabedelo PB;Renascer;@-7.0324,-34.8705,15z;excluded_category_or_name
already_in_database;Big Jack comida de rua com INSPIRAÇÃO texana;Restaurante;Av. Mar Vermelho, QUADRA 12 - LOTE 01 - Intermares, Cabedelo - PB, 58102-120;4.8;353;ChIJCTY1v6rfrAcRD3ZYZu4I32E;https://www.google.com/maps/place/?q=place_id:ChIJCTY1v6rfrAcRD3ZYZu4I32E;churrascaria Cabedelo PB;Renascer;@-7.0324,-34.8705,15z;already_in_database
already_in_database;Ilha Dourada Restaurante;Restaurante de frutos do mar;BR -230, R. José Américo de Almeida Filho, s/n - Areia Dourada, Cabedelo - PB, 58101-212;4.2;3161;ChIJ19PDcIXfrAcRzBwfL7gvIIs;https://www.google.com/maps/place/?q=place_id:ChIJ19PDcIXfrAcRzBwfL7gvIIs;churrascaria Cabedelo PB;Renascer;@-7.0324,-34.8705,15z;already_in_database
already_in_database;Bom Tempero Restaurante;Restaurante self-service;Av. Maria de Oliveira Gomes - Portal do Poço, Cabedelo - PB, 58310-000;4.7;17;ChIJQwyZx_vfrAcRqBvYbKyyPhQ;https://www.google.com/maps/place/?q=place_id:ChIJQwyZx_vfrAcRqBvYbKyyPhQ;churrascaria Cabedelo PB;Renascer;@-7.0324,-34.8705,15z;already_in_database
rejected;Novo Oriente Intermares;Restaurante de sushi;Av. Mar Vermelho, 35 - Intermares, Cabedelo - PB, 58102-120;4.2;1378;ChIJN9JFAA7erAcR7c6fN6tma_g;https://www.google.com/maps/place/?q=place_id:ChIJN9JFAA7erAcR7c6fN6tma_g;churrascaria Cabedelo PB;Renascer;@-7.0324,-34.8705,15z;excluded_category_or_name
already_in_database;Sakê Temakeria Ponta de Campina, Cabedelo;Restaurante japonês;Av. Oceano Atlântico, 1592 - Sl 16 E 17 - Ponta de Campina, Cabedelo - PB, 58310-000;4.7;261;ChIJ2Xj63j_drAcRrllAg3GcmOU;https://www.google.com/maps/place/?q=place_id:ChIJ2Xj63j_drAcRrllAg3GcmOU;comida japonesa Cabedelo PB;Renascer;@-7.0324,-34.8705,15z;already_in_database
rejected;Novo Oriente Intermares;Restaurante de sushi;Av. Mar Vermelho, 35 - Intermares, Cabedelo - PB, 58102-120;4.2;1378;ChIJN9JFAA7erAcR7c6fN6tma_g;https://www.google.com/maps/place/?q=place_id:ChIJN9JFAA7erAcR7c6fN6tma_g;comida japonesa Cabedelo PB;Renascer;@-7.0324,-34.8705,15z;excluded_category_or_name
already_in_database;A Casa do Temakinho;Restaurante;Av. Mar da Irlanda, 222 - Intermares, Cabedelo - PB, 58310-000;4.9;150;ChIJK77pAsvfrAcRDJoNP1VhTVo;https://www.google.com/maps/place/?q=place_id:ChIJK77pAsvfrAcRDJoNP1VhTVo;comida japonesa Cabedelo PB;Renascer;@-7.0324,-34.8705,15z;already_in_database
already_in_database;Pipa Sushi & Temakeria;Restaurante de sushi;Av. Mar das Antilhas - Intermares, Cabedelo - PB, 58310-000;4.3;292;ChIJm1Mywg3erAcRAs4OIMpvJqk;https://www.google.com/maps/place/?q=place_id:ChIJm1Mywg3erAcRAs4OIMpvJqk;comida japonesa Cabedelo PB;Renascer;@-7.0324,-34.8705,15z;already_in_database
rejected;GETMall;Praça de alimentação;Av. Oceano Atlântico, 1592 - Ponta de Campina, Cabedelo - PB, 58310-000;4.3;103;ChIJX7HMo6rdrAcRCeFWODir8Rw;https://www.google.com/maps/place/?q=place_id:ChIJX7HMo6rdrAcRCeFWODir8Rw;comida japonesa Cabedelo PB;Renascer;@-7.0324,-34.8705,15z;excluded_category_or_name
already_in_database;Espaço Do Sushi;Restaurante;R. Juarez Távora - Camalaú, Cabedelo - PB, 58310-000;4.2;33;ChIJLZuM-3YgrQcRxc7_zhcQ3Y0;https://www.google.com/maps/place/?q=place_id:ChIJLZuM-3YgrQcRxc7_zhcQ3Y0;comida japonesa Cabedelo PB;Renascer;@-7.0324,-34.8705,15z;already_in_database
already_in_database;Sushiyaki Restaurante;Restaurante japonês;R. Ten. Antônio Pontes, 381 - Ponta de Matos, Cabedelo - PB, 58100-645;4.7;10;ChIJoZsj3b7frAcRjoZUr5Cg7Uw;https://www.google.com/maps/place/?q=place_id:ChIJoZsj3b7frAcRjoZUr5Cg7Uw;comida japonesa Cabedelo PB;Renascer;@-7.0324,-34.8705,15z;already_in_database
already_in_database;Restaurante Recanto do Picuí Intermares;Restaurante;R. Golfo Sidra, 72 - Intermares, Cabedelo - PB, 58310-000;4.5;1267;ChIJ7xU6NRLerAcRpPuWqjv1L7c;https://www.google.com/maps/place/?q=place_id:ChIJ7xU6NRLerAcRpPuWqjv1L7c;comida japonesa Cabedelo PB;Renascer;@-7.0324,-34.8705,15z;already_in_database
rejected;Union | Motel Em João Pessoa;Hotel de beira de estrada;R. Jair Cunha Cavalcanti, 694 - Praia do Jacaré, Cabedelo - PB, 58106-371;4.7;879;ChIJAQAAcRrerAcRQhVqvZI0gdM;https://www.google.com/maps/place/?q=place_id:ChIJAQAAcRrerAcRQhVqvZI0gdM;comida japonesa Cabedelo PB;Renascer;@-7.0324,-34.8705,15z;excluded_category_or_name
rejected;King Pet Shop;Pet Shop;Avenida Oceano Atlântico 1592, Shopping Get Mall, loja 09 - Ponta de Campina, Cabedelo - PB, 58101-650;4.9;28;ChIJxwSsoe_frAcRrX495qlRcCs;https://www.google.com/maps/place/?q=place_id:ChIJxwSsoe_frAcRrX495qlRcCs;comida japonesa Cabedelo PB;Renascer;@-7.0324,-34.8705,15z;excluded_category_or_name
rejected;Pescados Frio Sul;Fornecedor;R. Nova Floresta, 5026 - Jardim Camboinha, Cabedelo - PB, 58103-743;4.6;54;ChIJP6Ulem0grQcRkkO0UWiC0_U;https://www.google.com/maps/place/?q=place_id:ChIJP6Ulem0grQcRkkO0UWiC0_U;comida japonesa Cabedelo PB;Renascer;@-7.0324,-34.8705,15z;not_clearly_food_establishment
rejected;Uni Sushi Bessa | Teppanyaki, Makimonos, Uramaki e Hot Roll;Restaurante japonês;Parahyba Mall, R. Bacharel José de Oliveira Curchatuz, 850 - Lj 15 - Jardim Oceania, João Pessoa - PB, 58037-432;4.8;21;ChIJOXEnUAfdrAcRARXomgScUgE;https://www.google.com/maps/place/?q=place_id:ChIJOXEnUAfdrAcRARXomgScUgE;comida japonesa Cabedelo PB;Renascer;@-7.0324,-34.8705,15z;outside_cabedelo_or_location_uncertain
rejected;Ryori João Pessoa;Restaurante japonês;R. Manoel Arruda Cavalcante, 805 - Manaíra, João Pessoa - PB, 58038-680;4.8;1004;ChIJkc7EagDdrAcRhURBYIpeAqI;https://www.google.com/maps/place/?q=place_id:ChIJkc7EagDdrAcRhURBYIpeAqI;comida japonesa Cabedelo PB;Renascer;@-7.0324,-34.8705,15z;outside_cabedelo_or_location_uncertain
rejected;Kanpai Sushi Temaki e Cia. Jd. Oceania;Restaurante japonês;R. Bacharel José de Oliveira Curchatuz, 44 - Bessa, João Pessoa - PB, 58037-432;4.8;1056;ChIJ3UsVE_LdrAcRJKDe6P_Xbew;https://www.google.com/maps/place/?q=place_id:ChIJ3UsVE_LdrAcRJKDe6P_Xbew;comida japonesa Cabedelo PB;Renascer;@-7.0324,-34.8705,15z;outside_cabedelo_or_location_uncertain
already_in_database;Viciados em Sushi;Restaurante japonês;R. Pedro Aleixo Moura, 34 - Centro, Cabedelo - PB, 58100-210;4.4;193;ChIJ_c5MVHEgrQcRB4CuNV0soio;https://www.google.com/maps/place/?q=place_id:ChIJ_c5MVHEgrQcRB4CuNV0soio;comida japonesa Cabedelo PB;Renascer;@-7.0324,-34.8705,15z;already_in_database
already_in_database;Sakê Temakeria Ponta de Campina, Cabedelo;Restaurante japonês;Av. Oceano Atlântico, 1592 - Sl 16 E 17 - Ponta de Campina, Cabedelo - PB, 58310-000;4.7;261;ChIJ2Xj63j_drAcRrllAg3GcmOU;https://www.google.com/maps/place/?q=place_id:ChIJ2Xj63j_drAcRrllAg3GcmOU;japones Cabedelo PB;Renascer;@-7.0324,-34.8705,15z;already_in_database
already_in_database;A Casa do Temakinho;Restaurante;Av. Mar da Irlanda, 222 - Intermares, Cabedelo - PB, 58310-000;4.9;150;ChIJK77pAsvfrAcRDJoNP1VhTVo;https://www.google.com/maps/place/?q=place_id:ChIJK77pAsvfrAcRDJoNP1VhTVo;japones Cabedelo PB;Renascer;@-7.0324,-34.8705,15z;already_in_database
rejected;Novo Oriente Intermares;Restaurante de sushi;Av. Mar Vermelho, 35 - Intermares, Cabedelo - PB, 58102-120;4.2;1378;ChIJN9JFAA7erAcR7c6fN6tma_g;https://www.google.com/maps/place/?q=place_id:ChIJN9JFAA7erAcR7c6fN6tma_g;japones Cabedelo PB;Renascer;@-7.0324,-34.8705,15z;excluded_category_or_name
already_in_database;Pipa Sushi & Temakeria;Restaurante de sushi;Av. Mar das Antilhas - Intermares, Cabedelo - PB, 58310-000;4.3;292;ChIJm1Mywg3erAcRAs4OIMpvJqk;https://www.google.com/maps/place/?q=place_id:ChIJm1Mywg3erAcRAs4OIMpvJqk;japones Cabedelo PB;Renascer;@-7.0324,-34.8705,15z;already_in_database
already_in_database;Espaço Do Sushi;Restaurante;R. Juarez Távora - Camalaú, Cabedelo - PB, 58310-000;4.2;33;ChIJLZuM-3YgrQcRxc7_zhcQ3Y0;https://www.google.com/maps/place/?q=place_id:ChIJLZuM-3YgrQcRxc7_zhcQ3Y0;japones Cabedelo PB;Renascer;@-7.0324,-34.8705,15z;already_in_database
already_in_database;Sushiyaki Restaurante;Restaurante japonês;R. Ten. Antônio Pontes, 381 - Ponta de Matos, Cabedelo - PB, 58100-645;4.7;10;ChIJoZsj3b7frAcRjoZUr5Cg7Uw;https://www.google.com/maps/place/?q=place_id:ChIJoZsj3b7frAcRjoZUr5Cg7Uw;japones Cabedelo PB;Renascer;@-7.0324,-34.8705,15z;already_in_database
rejected;GETMall;Praça de alimentação;Av. Oceano Atlântico, 1592 - Ponta de Campina, Cabedelo - PB, 58310-000;4.3;103;ChIJX7HMo6rdrAcRCeFWODir8Rw;https://www.google.com/maps/place/?q=place_id:ChIJX7HMo6rdrAcRCeFWODir8Rw;japones Cabedelo PB;Renascer;@-7.0324,-34.8705,15z;excluded_category_or_name
rejected;Union | Motel Em João Pessoa;Hotel de beira de estrada;R. Jair Cunha Cavalcanti, 694 - Praia do Jacaré, Cabedelo - PB, 58106-371;4.7;879;ChIJAQAAcRrerAcRQhVqvZI0gdM;https://www.google.com/maps/place/?q=place_id:ChIJAQAAcRrerAcRQhVqvZI0gdM;japones Cabedelo PB;Renascer;@-7.0324,-34.8705,15z;excluded_category_or_name
rejected;Ryori João Pessoa;Restaurante japonês;R. Manoel Arruda Cavalcante, 805 - Manaíra, João Pessoa - PB, 58038-680;4.8;1004;ChIJkc7EagDdrAcRhURBYIpeAqI;https://www.google.com/maps/place/?q=place_id:ChIJkc7EagDdrAcRhURBYIpeAqI;japones Cabedelo PB;Renascer;@-7.0324,-34.8705,15z;outside_cabedelo_or_location_uncertain
already_in_database;Viciados em Sushi;Restaurante japonês;R. Pedro Aleixo Moura, 34 - Centro, Cabedelo - PB, 58100-210;4.4;193;ChIJ_c5MVHEgrQcRB4CuNV0soio;https://www.google.com/maps/place/?q=place_id:ChIJ_c5MVHEgrQcRB4CuNV0soio;japones Cabedelo PB;Renascer;@-7.0324,-34.8705,15z;already_in_database
duplicate_in_run;Sarau Pizza Bar;Delivery de Pizza;Av. Oceano Índico, 250 - Intermares, Cabedelo - PB, 58102-222;4.6;74;ChIJD-87p8zfrAcRwHD2v5gO-2c;https://www.google.com/maps/place/?q=place_id:ChIJD-87p8zfrAcRwHD2v5gO-2c;japones Cabedelo PB;Renascer;@-7.0324,-34.8705,15z;duplicate_in_run
rejected;Tapioca Da Cleide- Onda Mar;Lanchonete;Onda Mar Praia Shopping, 58102-120, Av. Mar Vermelho, 357 - Intermares, Cabedelo - PB, 58102-120;4.5;51;ChIJDcsJwQ3erAcR04pQAVkyyEM;https://www.google.com/maps/place/?q=place_id:ChIJDcsJwQ3erAcR04pQAVkyyEM;tapiocaria Cabedelo PB;Renascer;@-7.0324,-34.8705,15z;excluded_category_or_name
already_in_database;Tapiocaria da zeti;Lanchonete;Av. Pôr do Sol, Cabedelo - PB, 58310-000;5;20;ChIJYwNhcVnfrAcRJ4jZPLua8uw;https://www.google.com/maps/place/?q=place_id:ChIJYwNhcVnfrAcRJ4jZPLua8uw;tapiocaria Cabedelo PB;Renascer;@-7.0324,-34.8705,15z;already_in_database
already_in_database;Tapiocaria do Dinho;Restaurante;Av. Ambrósio Miranda de Araújo - Renascer, Cabedelo - PB, 58033-455;4.6;154;ChIJZyUKWFjdrAcRuY-QSDtiyL8;https://www.google.com/maps/place/?q=place_id:ChIJZyUKWFjdrAcRuY-QSDtiyL8;tapiocaria Cabedelo PB;Renascer;@-7.0324,-34.8705,15z;already_in_database
duplicate_in_run;Tapiocaria da Edna Paraiba;Lanchonete;R. Praia do Jacaré - Jacaré, Cabedelo - PB, 58310-000;3.5;8;ChIJUY5qWRvfrAcRK8-qD7N9ni4;https://www.google.com/maps/place/?q=place_id:ChIJUY5qWRvfrAcRK8-qD7N9ni4;tapiocaria Cabedelo PB;Renascer;@-7.0324,-34.8705,15z;duplicate_in_run
duplicate_in_run;Bonitinha das tapiocas;Café;Av. Pôr do Sol, Cabedelo - PB, 58310-000;4.2;9;ChIJ5WIHvhrfrAcRFwG3RLaJgCA;https://www.google.com/maps/place/?q=place_id:ChIJ5WIHvhrfrAcRFwG3RLaJgCA;tapiocaria Cabedelo PB;Renascer;@-7.0324,-34.8705,15z;duplicate_in_run
already_in_database;Lovina Ponta de Campina | Bar | Restaurante em Cabedelo;Restaurante;R. Vitorino Cardoso, 908 - Ponta de Campina, Cabedelo - PB, 58101-510;4.4;10742;ChIJdbKCxUTerAcRNmBt0eRrdX8;https://www.google.com/maps/place/?q=place_id:ChIJdbKCxUTerAcRNmBt0eRrdX8;tapiocaria Cabedelo PB;Renascer;@-7.0324,-34.8705,15z;already_in_database
rejected;TreeHouse Bar Lounge - Por do sol João Pessoa;Bar;R. Pôr do Sol, s/n, Cabedelo - PB, 58310-000;4.5;1125;ChIJ33JsoxverAcRwnzfHW9fJTI;https://www.google.com/maps/place/?q=place_id:ChIJ33JsoxverAcRwnzfHW9fJTI;tapiocaria Cabedelo PB;Renascer;@-7.0324,-34.8705,15z;excluded_category_or_name
already_in_database;Praçaí - Intermares;Lanchonete;Av. Oceano Pacífico, s/n - Intermares, Cabedelo - PB, 58310-000;4.5;238;ChIJ1cAVK23erAcRCUpJ50T3ULs;https://www.google.com/maps/place/?q=place_id:ChIJ1cAVK23erAcRCUpJ50T3ULs;tapiocaria Cabedelo PB;Renascer;@-7.0324,-34.8705,15z;already_in_database
already_in_database;Rainha da tapioca;Cafeteria;R. Milton Macedo da Cruz - Lot. Oceania, Cabedelo - PB, 58105-565;;;ChIJ93ysPw3frAcRBYFSISTdBS4;https://www.google.com/maps/place/?q=place_id:ChIJ93ysPw3frAcRBYFSISTdBS4;tapiocaria Cabedelo PB;Renascer;@-7.0324,-34.8705,15z;already_in_database
already_in_database;Tia Graça Cafeteria e Doceria;Cafeteria;R. Golfo da China, 326 - Intermares, Cabedelo - PB, 58310-000;4.5;67;ChIJV8XbnLXfrAcRTzFbB-0OVFg;https://www.google.com/maps/place/?q=place_id:ChIJV8XbnLXfrAcRTzFbB-0OVFg;tapiocaria Cabedelo PB;Renascer;@-7.0324,-34.8705,15z;already_in_database
already_in_database;Sax Café - Por do Sol da Praia do Jacaré Cabedelo/PB;Restaurante;Pôr do Sol, R. Praia do Jacaré, Cabedelo - PB, 58310-000;4.5;102;ChIJ42uw2z3frAcRpvqGhKXp_LM;https://www.google.com/maps/place/?q=place_id:ChIJ42uw2z3frAcRpvqGhKXp_LM;tapiocaria Cabedelo PB;Renascer;@-7.0324,-34.8705,15z;already_in_database
already_in_database;Chié artesanato e comedoria;Café;R. Praia do Jacaré - Intermares, Cabedelo - PB, 58310-000;4;40;ChIJTwa4MA_frAcR4t0Vizs3ozY;https://www.google.com/maps/place/?q=place_id:ChIJTwa4MA_frAcR4t0Vizs3ozY;tapiocaria Cabedelo PB;Renascer;@-7.0324,-34.8705,15z;already_in_database
already_in_database;Casa de Taipa;Restaurante;R. Vitorino Cardoso, s/n - Praia do poço, Cabedelo - PB, 58101-502;4.5;58;ChIJH9sgyE_erAcROIxiz0-fEqI;https://www.google.com/maps/place/?q=place_id:ChIJH9sgyE_erAcROIxiz0-fEqI;tapiocaria Cabedelo PB;Renascer;@-7.0324,-34.8705,15z;already_in_database
rejected;Praça do açaí de Intermares;Playground;1548, Av. Oceano Atlântico, 1164 - Intermares, Cabedelo - PB, 58310-000;4.5;176;ChIJ-60_Km3erAcRRKoxlE8MUyc;https://www.google.com/maps/place/?q=place_id:ChIJ-60_Km3erAcRRKoxlE8MUyc;tapiocaria Cabedelo PB;Renascer;@-7.0324,-34.8705,15z;excluded_category_or_name
rejected;Tapiocaria da Leuda;Loja de comidas naturais;;4;1;ChIJ71V6ieLfrAcRTnwSGZtpHW8;https://www.google.com/maps/place/?q=place_id:ChIJ71V6ieLfrAcRTnwSGZtpHW8;tapiocaria Cabedelo PB;Renascer;@-7.0324,-34.8705,15z;outside_cabedelo_or_location_uncertain
rejected;Padaria Pandine;Padaria;Av. Mar Vermelho, 357 - Intermares, Cabedelo - PB, 58102-120;4.4;1096;ChIJP6gJ7w3erAcREADxKhazvuY;https://www.google.com/maps/place/?q=place_id:ChIJP6gJ7w3erAcREADxKhazvuY;tapiocaria Cabedelo PB;Renascer;@-7.0324,-34.8705,15z;excluded_category_or_name
rejected;Terraço de Taypa;Bar;R. Clodoaldo Gouveia, 202 - Praia Do Jacare, Cabedelo - PB, 58101-323;4.9;88;ChIJ8YQVFgDfrAcRPAPhKKahj8Y;https://www.google.com/maps/place/?q=place_id:ChIJ8YQVFgDfrAcRPAPhKKahj8Y;tapiocaria Cabedelo PB;Renascer;@-7.0324,-34.8705,15z;not_clearly_food_establishment
rejected;Ralacoko Tapiocaria - João Pessoa;Cafeteria;Av. Arthur Monteiro de Paiva, 425 - Bessa, João Pessoa - PB, 58035-010;4;62;ChIJg73doTvdrAcRYQwQ1CbwgiM;https://www.google.com/maps/place/?q=place_id:ChIJg73doTvdrAcRYQwQ1CbwgiM;tapiocaria Cabedelo PB;Renascer;@-7.0324,-34.8705,15z;outside_cabedelo_or_location_uncertain
rejected;Feira de Artesanato do Jacaré;Feira de artesanato;Pôr do Sol do Jacaré, R. Praia do Jacaré, 76, Cabedelo - PB, 58310-000;4.7;3453;ChIJC2LpUhrerAcRdOHDGQGTnqU;https://www.google.com/maps/place/?q=place_id:ChIJC2LpUhrerAcRdOHDGQGTnqU;tapiocaria Cabedelo PB;Renascer;@-7.0324,-34.8705,15z;not_clearly_food_establishment
duplicate_in_run;Tapioca Sabor Natural;Restaurante;R. Dr. João Mata, 25 - Vila Sao Joao, Cabedelo - PB, 58310-000;5;1;ChIJ9QK8THIgrQcRvo8cmxxpnWg;https://www.google.com/maps/place/?q=place_id:ChIJ9QK8THIgrQcRvo8cmxxpnWg;tapiocaria Cabedelo PB;Renascer;@-7.0324,-34.8705,15z;duplicate_in_run
duplicate_in_run;ESFIELDS;Delivery;Av. Oceano Atlântico - Ponta de Campina, Cabedelo - PB, 58101-650;4.4;12;ChIJDwCxzV7frAcR4SxYIDnucFw;https://www.google.com/maps/place/?q=place_id:ChIJDwCxzV7frAcR4SxYIDnucFw;esfiharia Cabedelo PB;Renascer;@-7.0324,-34.8705,15z;duplicate_in_run
already_in_database;Pizza Família Cipriano;Delivery de Pizza;R. Golfo Danzig, 56 - Intermares, Cabedelo - PB, 58102-133;5;13;ChIJBw8J2x3frAcR-t64wKV4XEg;https://www.google.com/maps/place/?q=place_id:ChIJBw8J2x3frAcR-t64wKV4XEg;esfiharia Cabedelo PB;Renascer;@-7.0324,-34.8705,15z;already_in_database
already_in_database;Mega Pizza;Pizzaria;Av. Mar Vermelho, 357 - Intermares, Cabedelo - PB, 58310-000;4;506;ChIJP6gJ7w3erAcRPbZmhVXL0gQ;https://www.google.com/maps/place/?q=place_id:ChIJP6gJ7w3erAcRPbZmhVXL0gQ;esfiharia Cabedelo PB;Renascer;@-7.0324,-34.8705,15z;already_in_database
already_in_database;Pizzaria Bom Sabor;Pizzaria;R. Jair Cunha Cavalcanti, 248 - Lot. Oceania, Cabedelo - PB, 58105-700;4;134;ChIJJwFhsjXfrAcR5WUPKUu6Li8;https://www.google.com/maps/place/?q=place_id:ChIJJwFhsjXfrAcR5WUPKUu6Li8;esfiharia Cabedelo PB;Renascer;@-7.0324,-34.8705,15z;already_in_database
rejected;GETMall;Praça de alimentação;Av. Oceano Atlântico, 1592 - Ponta de Campina, Cabedelo - PB, 58310-000;4.3;103;ChIJX7HMo6rdrAcRCeFWODir8Rw;https://www.google.com/maps/place/?q=place_id:ChIJX7HMo6rdrAcRCeFWODir8Rw;esfiharia Cabedelo PB;Renascer;@-7.0324,-34.8705,15z;excluded_category_or_name
rejected;Padaria Eldorado Intermares;Padaria;Av. Mar Vermelho, 263 - Intermares, Cabedelo - PB, 58102-120;4.3;573;ChIJ8fLcFhXfrAcRa8uPR7mcTcU;https://www.google.com/maps/place/?q=place_id:ChIJ8fLcFhXfrAcRa8uPR7mcTcU;esfiharia Cabedelo PB;Renascer;@-7.0324,-34.8705,15z;excluded_category_or_name
rejected;Novo Oriente Intermares;Restaurante de sushi;Av. Mar Vermelho, 35 - Intermares, Cabedelo - PB, 58102-120;4.2;1378;ChIJN9JFAA7erAcR7c6fN6tma_g;https://www.google.com/maps/place/?q=place_id:ChIJN9JFAA7erAcR7c6fN6tma_g;esfiharia Cabedelo PB;Renascer;@-7.0324,-34.8705,15z;excluded_category_or_name
already_in_database;Lary's pizzaria e lanchonete;Pizzaria;R. Antônia Fernandes Oliveira, 810 - Jardim Camboinha, Cabedelo - PB, 58103-706;4.3;88;ChIJ1zlHHqffrAcRvEgStdnRDMs;https://www.google.com/maps/place/?q=place_id:ChIJ1zlHHqffrAcRvEgStdnRDMs;esfiharia Cabedelo PB;Renascer;@-7.0324,-34.8705,15z;already_in_database
already_in_database;Pizzaria Jacaré;Pizzaria;R. Arco Íris, 250 - Lot. Oceania VI, Cabedelo - PB, 58310-000;4.5;59;ChIJLSlV8DrerAcRdEpwqq-GS2Y;https://www.google.com/maps/place/?q=place_id:ChIJLSlV8DrerAcRdEpwqq-GS2Y;esfiharia Cabedelo PB;Renascer;@-7.0324,-34.8705,15z;already_in_database
already_in_database;Pizzaria Bom Sabor Camboinha;Pizzaria;R. Prof. João Lelis de Luna Freire, 288 - Jardim Camboinha, Cabedelo - PB, 58310-000;4.1;54;ChIJ23LpoCvfrAcRK0glALWQRYA;https://www.google.com/maps/place/?q=place_id:ChIJ23LpoCvfrAcRK0glALWQRYA;esfiharia Cabedelo PB;Renascer;@-7.0324,-34.8705,15z;already_in_database
already_in_database;TCF - The Cheeseburguer Factory - Unidade Cabedelo;Lanchonete;Av. Oceano Atlântico, 1592 - Sl A15 - Ponta de Campina, Cabedelo - PB, 58310-000;4.1;13;ChIJ17zIKW_drAcRpW44MoCAPKM;https://www.google.com/maps/place/?q=place_id:ChIJ17zIKW_drAcRpW44MoCAPKM;esfiharia Cabedelo PB;Renascer;@-7.0324,-34.8705,15z;already_in_database
rejected;Hora H - Loja de conveniência;Loja de Conveniência;BR 230, km 09, 499, Intermares, Cabedelo - PB, 58102-202;4;9;ChIJqcRVDw7erAcR-rfbD81s5FA;https://www.google.com/maps/place/?q=place_id:ChIJqcRVDw7erAcR-rfbD81s5FA;esfiharia Cabedelo PB;Renascer;@-7.0324,-34.8705,15z;excluded_category_or_name
rejected;Hórus Esfihas e Gelados;Esfiharia;R. Bacharel Irenaldo de Albuquerque Chaves, 825 - Aeroclube, João Pessoa - PB, 58036-460;4.9;27;ChIJWYMEcFLdrAcRJ7ODRj95ups;https://www.google.com/maps/place/?q=place_id:ChIJWYMEcFLdrAcRJ7ODRj95ups;esfiharia Cabedelo PB;Renascer;@-7.0324,-34.8705,15z;outside_cabedelo_or_location_uncertain
already_in_database;Pipa Sushi & Temakeria;Restaurante de sushi;Av. Mar das Antilhas - Intermares, Cabedelo - PB, 58310-000;4.3;292;ChIJm1Mywg3erAcRAs4OIMpvJqk;https://www.google.com/maps/place/?q=place_id:ChIJm1Mywg3erAcRAs4OIMpvJqk;esfiharia Cabedelo PB;Renascer;@-7.0324,-34.8705,15z;already_in_database
already_in_database;Restaurante Recanto do Picuí Intermares;Restaurante;R. Golfo Sidra, 72 - Intermares, Cabedelo - PB, 58310-000;4.5;1267;ChIJ7xU6NRLerAcRpPuWqjv1L7c;https://www.google.com/maps/place/?q=place_id:ChIJ7xU6NRLerAcRpPuWqjv1L7c;esfiharia Cabedelo PB;Renascer;@-7.0324,-34.8705,15z;already_in_database
rejected;Panificadora Intermares;Padaria;Av. Oceano Índico, 375 - Intermares, Cabedelo - PB, 58102-222;4.1;82;ChIJQ50DHaLfrAcRSavcugBsAmM;https://www.google.com/maps/place/?q=place_id:ChIJQ50DHaLfrAcRSavcugBsAmM;esfiharia Cabedelo PB;Renascer;@-7.0324,-34.8705,15z;excluded_category_or_name
duplicate_in_run;Forneria Brasil Express 🍕;Delivery de Pizza;;3;2;ChIJRaVm9q19ZScR9PGc5I1SNg0;https://www.google.com/maps/place/?q=place_id:ChIJRaVm9q19ZScR9PGc5I1SNg0;esfiharia Cabedelo PB;Renascer;@-7.0324,-34.8705,15z;duplicate_in_run
rejected;Pérsia Esfiha Diferente;Esfiharia;Av. Umbuzeiro, 1099 - Manaíra, João Pessoa - PB, 58038-182;4.7;1345;ChIJXaMZFSLdrAcRDcClKwtA6h0;https://www.google.com/maps/place/?q=place_id:ChIJXaMZFSLdrAcRDcClKwtA6h0;esfiharia Cabedelo PB;Renascer;@-7.0324,-34.8705,15z;outside_cabedelo_or_location_uncertain
rejected;Sahara Árabe Food;Delivery;Manaíra, João Pessoa - PB, 58038-001;3.6;13;ChIJ91h89NXdrAcR_azzHqsnFAI;https://www.google.com/maps/place/?q=place_id:ChIJ91h89NXdrAcR_azzHqsnFAI;esfiharia Cabedelo PB;Renascer;@-7.0324,-34.8705,15z;outside_cabedelo_or_location_uncertain
already_in_database;La casa de pastel e La Pizza Premium;Pastelaria brasileira;Rua por trás do Campo Municipal, R. Primo José Viana, 463 - Centro, Cabedelo - PB, 58100-521;4.1;261;ChIJYSxGk8ghrQcRk9Nz0uySHBE;https://www.google.com/maps/place/?q=place_id:ChIJYSxGk8ghrQcRk9Nz0uySHBE;esfiharia Cabedelo PB;Renascer;@-7.0324,-34.8705,15z;already_in_database
already_in_database;NutriFit Marmita Fitness Congeladas;Restaurante de comida natural;Intermares, Cabedelo - PB, 58102-032;5;18;ChIJN2Qo5azfrAcR6duVymUfuQ0;https://www.google.com/maps/place/?q=place_id:ChIJN2Qo5azfrAcR6duVymUfuQ0;marmitaria Cabedelo PB;Renascer;@-7.0324,-34.8705,15z;already_in_database
duplicate_in_run;MB Marmitas | Marmitaria em João Pessoa;Restaurante;R. Alfredo Chaves, 126 - Poço, Cabedelo - PB, 58101-582;5;2;ChIJ_XODgJ7frAcR2n1xL5ijuX4;https://www.google.com/maps/place/?q=place_id:ChIJ_XODgJ7frAcR2n1xL5ijuX4;marmitaria Cabedelo PB;Renascer;@-7.0324,-34.8705,15z;duplicate_in_run
duplicate_in_run;Mary Refeições;Restaurante;Av. Mar de Corais, 08 - Intermares, Cabedelo - PB, 58102-262;4.6;45;ChIJ2eQ7vvbfrAcRI7MW-9PBLJ8;https://www.google.com/maps/place/?q=place_id:ChIJ2eQ7vvbfrAcRI7MW-9PBLJ8;marmitaria Cabedelo PB;Renascer;@-7.0324,-34.8705,15z;duplicate_in_run
already_in_database;Tempero De Casa;Restaurante;R. Maurício de Alençar Cavalcante - Jardim America, Cabedelo - PB, 58310-000;4.5;65;ChIJlzh1S-zdrAcRiCUL7fIKsMI;https://www.google.com/maps/place/?q=place_id:ChIJlzh1S-zdrAcRiCUL7fIKsMI;marmitaria Cabedelo PB;Renascer;@-7.0324,-34.8705,15z;already_in_database
already_in_database;Bom Tempero Restaurante;Restaurante self-service;Av. Maria de Oliveira Gomes - Portal do Poço, Cabedelo - PB, 58310-000;4.7;17;ChIJQwyZx_vfrAcRqBvYbKyyPhQ;https://www.google.com/maps/place/?q=place_id:ChIJQwyZx_vfrAcRqBvYbKyyPhQ;marmitaria Cabedelo PB;Renascer;@-7.0324,-34.8705,15z;already_in_database
already_in_database;Lovina Ponta de Campina | Bar | Restaurante em Cabedelo;Restaurante;R. Vitorino Cardoso, 908 - Ponta de Campina, Cabedelo - PB, 58101-510;4.4;10742;ChIJdbKCxUTerAcRNmBt0eRrdX8;https://www.google.com/maps/place/?q=place_id:ChIJdbKCxUTerAcRNmBt0eRrdX8;marmitaria Cabedelo PB;Renascer;@-7.0324,-34.8705,15z;already_in_database
already_in_database;Galeteria D'intermares;Restaurante de carne;R. Golfo Veneza, 28 - Intermares, Cabedelo - PB, 58102-122;4.1;470;ChIJu2aD0g7erAcRzicvJXx-8yI;https://www.google.com/maps/place/?q=place_id:ChIJu2aD0g7erAcRzicvJXx-8yI;marmitaria Cabedelo PB;Renascer;@-7.0324,-34.8705,15z;already_in_database
duplicate_in_run;M E Refeição;Restaurante;Intermares, Cabedelo - PB, 58033-455;5;3;ChIJc3fKUeHfrAcRDLLyfWij5xk;https://www.google.com/maps/place/?q=place_id:ChIJc3fKUeHfrAcRDLLyfWij5xk;marmitaria Cabedelo PB;Renascer;@-7.0324,-34.8705,15z;duplicate_in_run
already_in_database;Sol e mar restaurante e self service;Restaurante self-service;R. Márcia Travassos, 331 - Camboinha, Cabedelo - PB, 58310-000;4.6;22;ChIJC7wrAbDfrAcRL094F_SfelU;https://www.google.com/maps/place/?q=place_id:ChIJC7wrAbDfrAcRL094F_SfelU;marmitaria Cabedelo PB;Renascer;@-7.0324,-34.8705,15z;already_in_database
rejected;Aroma & Sabor Self-Service;Restaurante self-service;Onda Mar Praia Shopping, Av. Mar Vermelho, 357 - 11 - Intermares, Cabedelo - PB, 58102-120;4.3;50;ChIJE-Tnww3erAcRSEMi9ezCmjc;https://www.google.com/maps/place/?q=place_id:ChIJE-Tnww3erAcRSEMi9ezCmjc;marmitaria Cabedelo PB;Renascer;@-7.0324,-34.8705,15z;excluded_category_or_name
already_in_database;Primo Rico;Restaurante self-service;Av. Oceano Atlântico, S/N - Intermares, Cabedelo - PB, 58102-236;4.3;903;ChIJ7aVpYzjfrAcRexvAqkdbRwU;https://www.google.com/maps/place/?q=place_id:ChIJ7aVpYzjfrAcRexvAqkdbRwU;marmitaria Cabedelo PB;Renascer;@-7.0324,-34.8705,15z;already_in_database
rejected;El sabor restaurante e marmitaria;Restaurante;R. Pres. Washington Luís, 338 - Bessa, João Pessoa - PB, 58035-340;4.6;79;ChIJ71Tv30HdrAcR40bAo1GUO-0;https://www.google.com/maps/place/?q=place_id:ChIJ71Tv30HdrAcR40bAo1GUO-0;marmitaria Cabedelo PB;Renascer;@-7.0324,-34.8705,15z;outside_cabedelo_or_location_uncertain
already_in_database;Restaurante Recanto do Picuí Intermares;Restaurante;R. Golfo Sidra, 72 - Intermares, Cabedelo - PB, 58310-000;4.5;1267;ChIJ7xU6NRLerAcRpPuWqjv1L7c;https://www.google.com/maps/place/?q=place_id:ChIJ7xU6NRLerAcRpPuWqjv1L7c;marmitaria Cabedelo PB;Renascer;@-7.0324,-34.8705,15z;already_in_database
rejected;Comida Caseira da Elly;Restaurante;Mercado Público de Cabedelo, BOX 138, Centro, Cabedelo - PB, 58100-140;5;19;ChIJBfEE9CwhrQcR2xtfopCJ34w;https://www.google.com/maps/place/?q=place_id:ChIJBfEE9CwhrQcR2xtfopCJ34w;marmitaria Cabedelo PB;Renascer;@-7.0324,-34.8705,15z;excluded_category_or_name
rejected;Andrea Marmitaria;Restaurante;R. Tertuliano Castro, 187 - Bessa, João Pessoa - PB, 58035-170;5;26;ChIJtXrmOy7drAcRIT1bJ6-v9Kw;https://www.google.com/maps/place/?q=place_id:ChIJtXrmOy7drAcRIT1bJ6-v9Kw;marmitaria Cabedelo PB;Renascer;@-7.0324,-34.8705,15z;outside_cabedelo_or_location_uncertain
duplicate_in_run;D Lay Refeições - Marmitaria;Restaurante de almoço;Av. Ambrósio Miranda de Araújo - Renascer, Cabedelo - PB, 58310-000;;;ChIJ7x-TOz7drAcRBMvOXw4vkwg;https://www.google.com/maps/place/?q=place_id:ChIJ7x-TOz7drAcRBMvOXw4vkwg;marmitaria Cabedelo PB;Renascer;@-7.0324,-34.8705,15z;duplicate_in_run
duplicate_in_run;Marmitaria Jacaré;Restaurante;R. Jair Cunha Cavalcanti - Lot. Oceania VI, Cabedelo - PB, 58105-700;4;7;ChIJLbuvLDrerAcRPu-x6bYXe_4;https://www.google.com/maps/place/?q=place_id:ChIJLbuvLDrerAcRPu-x6bYXe_4;marmitaria Cabedelo PB;Renascer;@-7.0324,-34.8705,15z;duplicate_in_run
already_in_database;Espetinho da praia Intermares;Restaurante;Av. Oceano Atlântico, 1972 - Intermares, Cabedelo - PB, 58310-000;4.4;772;ChIJE-mcRMTfrAcRBThGnfI6x2c;https://www.google.com/maps/place/?q=place_id:ChIJE-mcRMTfrAcRBThGnfI6x2c;espetinho Cabedelo PB;Renascer;@-7.0324,-34.8705,15z;already_in_database
duplicate_in_run;Rope Espetos;Restaurante de churrasquinho;Av. Oceano Atlântico, 422 - Intermares, Cabedelo - PB, 58102-252;4.5;13;ChIJmbbN-K3frAcRsyfJ94pu17s;https://www.google.com/maps/place/?q=place_id:ChIJmbbN-K3frAcRsyfJ94pu17s;espetinho Cabedelo PB;Renascer;@-7.0324,-34.8705,15z;duplicate_in_run
already_in_database;Oliver Grill e Espetos;Restaurante brasileiro;Av. Oceano Índico, 928 - Intermares, Cabedelo - PB, 58102-222;4.9;54;ChIJf5cN1cDfrAcRCKHM1M2eY_Y;https://www.google.com/maps/place/?q=place_id:ChIJf5cN1cDfrAcRCKHM1M2eY_Y;espetinho Cabedelo PB;Renascer;@-7.0324,-34.8705,15z;already_in_database
duplicate_in_run;Espetinho lá Brasil;Restaurante de churrasquinho;Av. Oceano Pacífico - Intermares, Cabedelo - PB, 58102-236;4;4;ChIJnV7DIgbfrAcR2KjlFmSKYJ8;https://www.google.com/maps/place/?q=place_id:ChIJnV7DIgbfrAcR2KjlFmSKYJ8;espetinho Cabedelo PB;Renascer;@-7.0324,-34.8705,15z;duplicate_in_run
rejected;Espetinho da Rafa Camboinha;Bar;Av. Max Zagel, 16 - Jardim Jerico, Cabedelo - PB, 58310-000;4.9;19;ChIJOWgbm17frAcRk4X3wNNiTBA;https://www.google.com/maps/place/?q=place_id:ChIJOWgbm17frAcRk4X3wNNiTBA;espetinho Cabedelo PB;Renascer;@-7.0324,-34.8705,15z;not_clearly_food_establishment
rejected;Espetinho da Neide (galega );Área para churrasco;R. Jair Cunha Cavalcanti - Lot. Oceania VI, Cabedelo - PB, 58310-000;5;3;ChIJkS4yB_jfrAcRqBXX8hyz1d4;https://www.google.com/maps/place/?q=place_id:ChIJkS4yB_jfrAcRqBXX8hyz1d4;espetinho Cabedelo PB;Renascer;@-7.0324,-34.8705,15z;not_clearly_food_establishment
duplicate_in_run;Espetinho do xandao;Churrascaria;R. da Enseada, 1215 - Ponta de Campina, Cabedelo - PB, 58101-640;4;4;ChIJCcURbQDfrAcRhFrZD2Ih3qI;https://www.google.com/maps/place/?q=place_id:ChIJCcURbQDfrAcRhFrZD2Ih3qI;espetinho Cabedelo PB;Renascer;@-7.0324,-34.8705,15z;duplicate_in_run
already_in_database;Lovina Ponta de Campina | Bar | Restaurante em Cabedelo;Restaurante;R. Vitorino Cardoso, 908 - Ponta de Campina, Cabedelo - PB, 58101-510;4.4;10742;ChIJdbKCxUTerAcRNmBt0eRrdX8;https://www.google.com/maps/place/?q=place_id:ChIJdbKCxUTerAcRNmBt0eRrdX8;espetinho Cabedelo PB;Renascer;@-7.0324,-34.8705,15z;already_in_database
rejected;Badionaldo;Bar;R. Vitorino Cardoso, 780 - Lot. Vitorino Cardoso, Cabedelo - PB, 58101-510;3.7;111;ChIJLV_DEEPfrAcRnoTIdvp3Ch0;https://www.google.com/maps/place/?q=place_id:ChIJLV_DEEPfrAcRnoTIdvp3Ch0;espetinho Cabedelo PB;Renascer;@-7.0324,-34.8705,15z;not_clearly_food_establishment
rejected;Espetinho união;;Passarela Peixe Boi, R. da Enseada - Ponta de Campina, Cabedelo - PB, 58310-000;5;2;ChIJ9UaKIgDfrAcRVSYGCG9IG8s;https://www.google.com/maps/place/?q=place_id:ChIJ9UaKIgDfrAcRVSYGCG9IG8s;espetinho Cabedelo PB;Renascer;@-7.0324,-34.8705,15z;not_clearly_food_establishment
rejected;Espetinho Do Jorge;;R. Carolino Cardoso - Lot. Vitorino Cardoso, Cabedelo - PB, 58101-502;4;2;ChIJ07vP-0verAcRwU1RGY6vTT4;https://www.google.com/maps/place/?q=place_id:ChIJ07vP-0verAcRwU1RGY6vTT4;espetinho Cabedelo PB;Renascer;@-7.0324,-34.8705,15z;not_clearly_food_establishment
already_in_database;Numar Bar e Restaurante;Bar;Av. Oceano Atlântico, 878 - Intermares, Cabedelo - PB, 58310-000;4.5;1370;ChIJ29wxE1zfrAcRAXclbUaSW8w;https://www.google.com/maps/place/?q=place_id:ChIJ29wxE1zfrAcRAXclbUaSW8w;espetinho Cabedelo PB;Renascer;@-7.0324,-34.8705,15z;already_in_database
duplicate_in_run;Espetinho Pé na Areia;Restaurante;R. Gameleira, 23 - Amazonia Park, Cabedelo - PB, 58106-548;;;ChIJGWLtZoffrAcRAWERwF7Q64I;https://www.google.com/maps/place/?q=place_id:ChIJGWLtZoffrAcRAWERwF7Q64I;espetinho Cabedelo PB;Renascer;@-7.0324,-34.8705,15z;duplicate_in_run
rejected;ESPETINHO DO GAUCHO;;R. Honório Patrício dos Santos, 44 - Recanto do Poço, Cabedelo - PB, 58105-084;;;ChIJQf5xz0verAcRud7oMR4ySFI;https://www.google.com/maps/place/?q=place_id:ChIJQf5xz0verAcRud7oMR4ySFI;espetinho Cabedelo PB;Renascer;@-7.0324,-34.8705,15z;not_clearly_food_establishment
rejected;Espetinho da nathy;Bar;R. Milton Macedo da Cruz - Lot. Oceania VI, Cabedelo - PB, 58105-565;;;ChIJzXGoDwDfrAcRBVtdioezIwc;https://www.google.com/maps/place/?q=place_id:ChIJzXGoDwDfrAcRBVtdioezIwc;espetinho Cabedelo PB;Renascer;@-7.0324,-34.8705,15z;not_clearly_food_establishment
already_in_database;BAR DO CHEFF RESTAURANTE;Bar com música ao vivo;Av. Mar Vermelho, 357 - Lj 12 - Intermares, Cabedelo - PB, 58310-120;4.5;244;ChIJ__-7wQ3erAcRTH9HHjOgYLo;https://www.google.com/maps/place/?q=place_id:ChIJ__-7wQ3erAcRTH9HHjOgYLo;espetinho Cabedelo PB;Renascer;@-7.0324,-34.8705,15z;already_in_database
already_in_database;Restaurante Recanto do Picuí Intermares;Restaurante;R. Golfo Sidra, 72 - Intermares, Cabedelo - PB, 58310-000;4.5;1267;ChIJ7xU6NRLerAcRpPuWqjv1L7c;https://www.google.com/maps/place/?q=place_id:ChIJ7xU6NRLerAcRpPuWqjv1L7c;espetinho Cabedelo PB;Renascer;@-7.0324,-34.8705,15z;already_in_database
already_in_database;Seu Jerônimo;Hamburgueria;R. Virginia Maria Nogueira Gadelha Pimentel - Lot. Bela Vista, Cabedelo - PB, 58310-000;5;13;ChIJWVZmZADdrAcRKTJks1JgeWU;https://www.google.com/maps/place/?q=place_id:ChIJWVZmZADdrAcRKTJks1JgeWU;espetinho Cabedelo PB;Renascer;@-7.0324,-34.8705,15z;already_in_database
rejected;Verano Praia Bar;Bar;Av. Pastor José Alves de Oliveira, 848 - Areia Dourada, Cabedelo - PB, 58101-205;4.4;324;ChIJh0FVTwvfrAcRloIZE5Iit7w;https://www.google.com/maps/place/?q=place_id:ChIJh0FVTwvfrAcRloIZE5Iit7w;espetinho Cabedelo PB;Renascer;@-7.0324,-34.8705,15z;not_clearly_food_establishment
already_in_database;Cibelly Bar & Restaurante;Bar e restaurante de ostras;Rua Luna Pedrosa, 1260 - Poço, Cabedelo - PB, 58101-574;4.1;4295;ChIJ63V170_erAcRZ2vvWZseSgE;https://www.google.com/maps/place/?q=place_id:ChIJ63V170_erAcRZ2vvWZseSgE;espetinho Cabedelo PB;Renascer;@-7.0324,-34.8705,15z;already_in_database
already_in_database;Pastelaria Litorânea;Pastelaria brasileira;R. Sólon de Lucena, 19 - Vila Sao Joao, Cabedelo - PB, 58310-000;4.3;280;ChIJMwgi824grQcR0OCGiSGQ4Oc;https://www.google.com/maps/place/?q=place_id:ChIJMwgi824grQcR0OCGiSGQ4Oc;pastelaria Cabedelo PB;Jardim Manguinhos/Formosa;@-6.9884,-34.8497,15z;already_in_database
already_in_database;La casa de pastel e La Pizza Premium;Pastelaria brasileira;Rua por trás do Campo Municipal, R. Primo José Viana, 463 - Centro, Cabedelo - PB, 58100-521;4.1;261;ChIJYSxGk8ghrQcRk9Nz0uySHBE;https://www.google.com/maps/place/?q=place_id:ChIJYSxGk8ghrQcRk9Nz0uySHBE;pastelaria Cabedelo PB;Jardim Manguinhos/Formosa;@-6.9884,-34.8497,15z;already_in_database
duplicate_in_run;Pastelaria em família;Pastelaria brasileira;R. São Miguel - Camalaú, Cabedelo - PB, 58103-212;5;1;ChIJS7zdL3bfrAcRkHxwCEWiiBQ;https://www.google.com/maps/place/?q=place_id:ChIJS7zdL3bfrAcRkHxwCEWiiBQ;pastelaria Cabedelo PB;Jardim Manguinhos/Formosa;@-6.9884,-34.8497,15z;duplicate_in_run
duplicate_in_run;Casa Do Pastel;Pastelaria brasileira;R. Honório Patrício dos Santos, 328 - Recanto do Poço, Cabedelo - PB, 58310-000;4.2;20;ChIJoc8jbkrerAcRh20OFIzRlDc;https://www.google.com/maps/place/?q=place_id:ChIJoc8jbkrerAcRh20OFIzRlDc;pastelaria Cabedelo PB;Jardim Manguinhos/Formosa;@-6.9884,-34.8497,15z;duplicate_in_run
duplicate_in_run;Pastel do Thiago;Pastelaria brasileira;R. Sólon de Lucena - Ponta de Matos, Cabedelo - PB, 58100-570;4;9;ChIJkRCA8QQhrQcRdarr_EmBcBI;https://www.google.com/maps/place/?q=place_id:ChIJkRCA8QQhrQcRdarr_EmBcBI;pastelaria Cabedelo PB;Jardim Manguinhos/Formosa;@-6.9884,-34.8497,15z;duplicate_in_run
already_in_database;PARCEIRO Rosa Lanches;Lanchonete;R. Ten. Antônio Pontes, 139 - Ponta de Matos, Cabedelo - PB, 58100-645;4.5;120;ChIJKfbziSchrQcRUM5eTvB19FU;https://www.google.com/maps/place/?q=place_id:ChIJKfbziSchrQcRUM5eTvB19FU;pastelaria Cabedelo PB;Jardim Manguinhos/Formosa;@-6.9884,-34.8497,15z;already_in_database
rejected;Panificadora do Poço;Padaria;R. Carolino Cardoso, 177-245 - Lot. Vitorino Cardoso, Cabedelo - PB, 58310-000;4.2;293;ChIJD-aUzE3erAcRIs-tCW7mU0Q;https://www.google.com/maps/place/?q=place_id:ChIJD-aUzE3erAcRIs-tCW7mU0Q;pastelaria Cabedelo PB;Jardim Manguinhos/Formosa;@-6.9884,-34.8497,15z;excluded_category_or_name
duplicate_in_run;Recanto do Pastel;Pastelaria brasileira;R. Gov. Antônio Mariz, 76 - Recanto do Poço, Cabedelo - PB, 58105-126;5;2;ChIJTbQRGwDfrAcRtHi9QRdHtfw;https://www.google.com/maps/place/?q=place_id:ChIJTbQRGwDfrAcRtHi9QRdHtfw;pastelaria Cabedelo PB;Jardim Manguinhos/Formosa;@-6.9884,-34.8497,15z;duplicate_in_run
duplicate_in_run;Big lanches camboinha;Pastelaria brasileira;R. Márcia Travassos, 165 - Camboinha, Cabedelo - PB, 58103-718;5;6;ChIJg_1fFG3frAcRQ_tg6GDYS08;https://www.google.com/maps/place/?q=place_id:ChIJg_1fFG3frAcRQ_tg6GDYS08;pastelaria Cabedelo PB;Jardim Manguinhos/Formosa;@-6.9884,-34.8497,15z;duplicate_in_run
duplicate_in_run;Pastelaria Arretada;Pastelaria brasileira;R. Jair Cunha Cavalcanti - Jacaré, Cabedelo - PB, 58105-700;;;ChIJu3uW1J3frAcRSD7yg4vEUJg;https://www.google.com/maps/place/?q=place_id:ChIJu3uW1J3frAcRSD7yg4vEUJg;pastelaria Cabedelo PB;Jardim Manguinhos/Formosa;@-6.9884,-34.8497,15z;duplicate_in_run
rejected;Padaria Pandine;Padaria;Av. Mar Vermelho, 357 - Intermares, Cabedelo - PB, 58102-120;4.4;1096;ChIJP6gJ7w3erAcREADxKhazvuY;https://www.google.com/maps/place/?q=place_id:ChIJP6gJ7w3erAcREADxKhazvuY;pastelaria Cabedelo PB;Jardim Manguinhos/Formosa;@-6.9884,-34.8497,15z;excluded_category_or_name
rejected;Padaria Eldorado Intermares;Padaria;Av. Mar Vermelho, 263 - Intermares, Cabedelo - PB, 58102-120;4.3;573;ChIJ8fLcFhXfrAcRa8uPR7mcTcU;https://www.google.com/maps/place/?q=place_id:ChIJ8fLcFhXfrAcRa8uPR7mcTcU;pastelaria Cabedelo PB;Jardim Manguinhos/Formosa;@-6.9884,-34.8497,15z;excluded_category_or_name
rejected;Pista de Skate Praça G Menezes;Pista de skate;R. Arthur Santos Viana, 279 - Vila Sao Joao, Cabedelo - PB, 58310-000;4;163;ChIJV9bufG4grQcR-CKQS9WJMCM;https://www.google.com/maps/place/?q=place_id:ChIJV9bufG4grQcR-CKQS9WJMCM;pastelaria Cabedelo PB;Jardim Manguinhos/Formosa;@-6.9884,-34.8497,15z;not_clearly_food_establishment
duplicate_in_run;Pastelle (Pastelaria artesanal);Pastelaria brasileira;R. Raul Seixas - Renascer, Cabedelo - PB, 58108-122;4.8;6;ChIJKdiJIC7drAcRSmw3uvlT1t0;https://www.google.com/maps/place/?q=place_id:ChIJKdiJIC7drAcRSmw3uvlT1t0;pastelaria Cabedelo PB;Jardim Manguinhos/Formosa;@-6.9884,-34.8497,15z;duplicate_in_run
already_in_database;Churrascaria do Caicó;Churrascaria;R, Av. Pastor José Alves de Oliveira, 365 - Centro, Cabedelo - PB, 58100-222;4.3;753;ChIJVaKROncgrQcR5lpnht-FotI;https://www.google.com/maps/place/?q=place_id:ChIJVaKROncgrQcR5lpnht-FotI;churrascaria Cabedelo PB;Jardim Manguinhos/Formosa;@-6.9884,-34.8497,15z;already_in_database
rejected;A Ferro Y Fogo Churrasco & Burger Artesanal na Brasa;Restaurante;Av. Oceano Atlântico, 1592 - Shopping GetMall - Ponta de Campina, Cabedelo - PB, 58101-650;3.9;39;ChIJNWudC1nfrAcRZp_VOIvsXTQ;https://www.google.com/maps/place/?q=place_id:ChIJNWudC1nfrAcRZp_VOIvsXTQ;churrascaria Cabedelo PB;Jardim Manguinhos/Formosa;@-6.9884,-34.8497,15z;excluded_category_or_name
already_in_database;CTG Saudade Da Querência;Restaurante;R. João Santos Coelho Filho, 125 - Lot. Praia Grande, Cabedelo - PB, 58310-000;4.6;293;ChIJv8vnDLPfrAcR2d01H7Lb744;https://www.google.com/maps/place/?q=place_id:ChIJv8vnDLPfrAcR2d01H7Lb744;churrascaria Cabedelo PB;Jardim Manguinhos/Formosa;@-6.9884,-34.8497,15z;already_in_database
already_in_database;Ilha Dourada Restaurante;Restaurante de frutos do mar;BR -230, R. José Américo de Almeida Filho, s/n - Areia Dourada, Cabedelo - PB, 58101-212;4.2;3161;ChIJ19PDcIXfrAcRzBwfL7gvIIs;https://www.google.com/maps/place/?q=place_id:ChIJ19PDcIXfrAcRzBwfL7gvIIs;churrascaria Cabedelo PB;Jardim Manguinhos/Formosa;@-6.9884,-34.8497,15z;already_in_database
already_in_database;Bar das Meninas Restaurante;Restaurante de frutos do mar;R. Des. Onaldo N Montenegro, 368 - Vila Sao Joao, Cabedelo - PB, 58109-342;4.2;3174;ChIJodwqQ2kgrQcR4ABUUI60O8Y;https://www.google.com/maps/place/?q=place_id:ChIJodwqQ2kgrQcR4ABUUI60O8Y;churrascaria Cabedelo PB;Jardim Manguinhos/Formosa;@-6.9884,-34.8497,15z;already_in_database
already_in_database;churrascaria do biu;Churrascaria;R. Carolino Cardoso, 248-328 - Lot. Vitorino Cardoso, Cabedelo - PB, 58310-000;4.2;142;ChIJi2YYOkzerAcRnZgoaC-xOvY;https://www.google.com/maps/place/?q=place_id:ChIJi2YYOkzerAcRnZgoaC-xOvY;churrascaria Cabedelo PB;Jardim Manguinhos/Formosa;@-6.9884,-34.8497,15z;already_in_database
already_in_database;Restaurante Recanto do Picuí Intermares;Churrascaria;R. Golfo Sidra, 72 - Intermares, Cabedelo - PB, 58310-000;4.5;1267;ChIJ7xU6NRLerAcRpPuWqjv1L7c;https://www.google.com/maps/place/?q=place_id:ChIJ7xU6NRLerAcRpPuWqjv1L7c;churrascaria Cabedelo PB;Jardim Manguinhos/Formosa;@-6.9884,-34.8497,15z;already_in_database
already_in_database;Lovina Ponta de Campina | Bar | Restaurante em Cabedelo;Restaurante;R. Vitorino Cardoso, 908 - Ponta de Campina, Cabedelo - PB, 58101-510;4.4;10742;ChIJdbKCxUTerAcRNmBt0eRrdX8;https://www.google.com/maps/place/?q=place_id:ChIJdbKCxUTerAcRNmBt0eRrdX8;churrascaria Cabedelo PB;Jardim Manguinhos/Formosa;@-6.9884,-34.8497,15z;already_in_database
already_in_database;Skama Bar e Restaurante;Restaurante;Av. Cassiano da Cunha Nóbrega, 18 - Ponta de Matos, Cabedelo - PB, 58100-965;4.2;397;ChIJl-GtFGkgrQcROqBgkhHbHuA;https://www.google.com/maps/place/?q=place_id:ChIJl-GtFGkgrQcROqBgkhHbHuA;churrascaria Cabedelo PB;Jardim Manguinhos/Formosa;@-6.9884,-34.8497,15z;already_in_database
rejected;Verano Praia Bar;Bar;Av. Pastor José Alves de Oliveira, 848 - Areia Dourada, Cabedelo - PB, 58101-205;4.4;324;ChIJh0FVTwvfrAcRloIZE5Iit7w;https://www.google.com/maps/place/?q=place_id:ChIJh0FVTwvfrAcRloIZE5Iit7w;churrascaria Cabedelo PB;Jardim Manguinhos/Formosa;@-6.9884,-34.8497,15z;not_clearly_food_establishment
duplicate_in_run;Restaurante;Churrascaria;R. Cel. José Téles - Vila Sao Joao, Cabedelo - PB, 58100-503;5;1;ChIJ4dEibQAhrQcRtfjKFtmWxZs;https://www.google.com/maps/place/?q=place_id:ChIJ4dEibQAhrQcRtfjKFtmWxZs;churrascaria Cabedelo PB;Jardim Manguinhos/Formosa;@-6.9884,-34.8497,15z;duplicate_in_run
already_in_database;Caiçara Bar e Restaurante;Restaurante;Praia de, Rua Cassiano, Av. Cassiano da Cunha Nóbrega - Ponta de Matos, Cabedelo - PB, 58100-695;4.7;39;ChIJ6UAYvCohrQcRzW-CciJ0DB0;https://www.google.com/maps/place/?q=place_id:ChIJ6UAYvCohrQcRzW-CciJ0DB0;churrascaria Cabedelo PB;Jardim Manguinhos/Formosa;@-6.9884,-34.8497,15z;already_in_database
duplicate_in_run;Meio Quilo;Restaurante self-service;R. Aderbal Piragibe, 13 - Centro, Cabedelo - PB, 58100-110;4.4;160;ChIJhzOrgHIgrQcRTCBeQ_9JM-8;https://www.google.com/maps/place/?q=place_id:ChIJhzOrgHIgrQcRTCBeQ_9JM-8;churrascaria Cabedelo PB;Jardim Manguinhos/Formosa;@-6.9884,-34.8497,15z;duplicate_in_run
already_in_database;Ancoradouro Ponta de Campina;Restaurante;R. Henrique Siqueira, 242 - Ponta de Campina, Cabedelo - PB, 58310-000;3.9;495;ChIJZ2RoyxLfrAcRupeEWBQrnEc;https://www.google.com/maps/place/?q=place_id:ChIJZ2RoyxLfrAcRupeEWBQrnEc;churrascaria Cabedelo PB;Jardim Manguinhos/Formosa;@-6.9884,-34.8497,15z;already_in_database
duplicate_in_run;Esquina do galeto;Churrascaria;Rua Rosa vieira,245-B praia do poço, Cabedelo - PB;5;1;ChIJW2UlHc_frAcRt9uoQzA6qyY;https://www.google.com/maps/place/?q=place_id:ChIJW2UlHc_frAcRt9uoQzA6qyY;churrascaria Cabedelo PB;Jardim Manguinhos/Formosa;@-6.9884,-34.8497,15z;duplicate_in_run
already_in_database;Tenda Formosa Bar & Restaurante;Restaurante;Av. Cassiano da Cunha Nóbrega, 98 - Praia Formosa, Cabedelo - PB, 58100-685;4.1;1507;ChIJIc-iXWUgrQcReqjiUbw742w;https://www.google.com/maps/place/?q=place_id:ChIJIc-iXWUgrQcReqjiUbw742w;churrascaria Cabedelo PB;Jardim Manguinhos/Formosa;@-6.9884,-34.8497,15z;already_in_database
duplicate_in_run;Restaurante Self Sabor;Restaurante self-service;R. Carolino Cardoso, 361 - Lot. Vitorino Cardoso, Cabedelo - PB, 58101-502;5;1;ChIJCauHMEbfrAcRkfIWALUqaWo;https://www.google.com/maps/place/?q=place_id:ChIJCauHMEbfrAcRkfIWALUqaWo;churrascaria Cabedelo PB;Jardim Manguinhos/Formosa;@-6.9884,-34.8497,15z;duplicate_in_run
already_in_database;Sol e mar restaurante e self service;Restaurante self-service;R. Márcia Travassos, 331 - Camboinha, Cabedelo - PB, 58310-000;4.6;22;ChIJC7wrAbDfrAcRL094F_SfelU;https://www.google.com/maps/place/?q=place_id:ChIJC7wrAbDfrAcRL094F_SfelU;churrascaria Cabedelo PB;Jardim Manguinhos/Formosa;@-6.9884,-34.8497,15z;already_in_database
already_in_database;Gigante Do Mar Beach;Restaurante de frutos do mar;Av. Max Zagel, 450 - Camboinha, Cabedelo - PB, 58033-455;4.2;3378;ChIJ47lgZ6TfrAcR21h_sELDBwk;https://www.google.com/maps/place/?q=place_id:ChIJ47lgZ6TfrAcR21h_sELDBwk;churrascaria Cabedelo PB;Jardim Manguinhos/Formosa;@-6.9884,-34.8497,15z;already_in_database
already_in_database;Melhor Sabor - Churrascaria e Self-Service;Churrascaria;R. João Clementino Gomes, 638 - Renascer, Cabedelo - PB, 58108-088;4.8;18;ChIJm6UA9qrdrAcR5Z_cuLUAO4k;https://www.google.com/maps/place/?q=place_id:ChIJm6UA9qrdrAcR5Z_cuLUAO4k;churrascaria Cabedelo PB;Jardim Manguinhos/Formosa;@-6.9884,-34.8497,15z;already_in_database
already_in_database;Sushiyaki Restaurante;Restaurante japonês;R. Ten. Antônio Pontes, 381 - Ponta de Matos, Cabedelo - PB, 58100-645;4.7;10;ChIJoZsj3b7frAcRjoZUr5Cg7Uw;https://www.google.com/maps/place/?q=place_id:ChIJoZsj3b7frAcRjoZUr5Cg7Uw;comida japonesa Cabedelo PB;Jardim Manguinhos/Formosa;@-6.9884,-34.8497,15z;already_in_database
already_in_database;Espaço Do Sushi;Restaurante;R. Juarez Távora - Camalaú, Cabedelo - PB, 58310-000;4.2;33;ChIJLZuM-3YgrQcRxc7_zhcQ3Y0;https://www.google.com/maps/place/?q=place_id:ChIJLZuM-3YgrQcRxc7_zhcQ3Y0;comida japonesa Cabedelo PB;Jardim Manguinhos/Formosa;@-6.9884,-34.8497,15z;already_in_database
already_in_database;Sakê Temakeria Ponta de Campina, Cabedelo;Restaurante japonês;Av. Oceano Atlântico, 1592 - Sl 16 E 17 - Ponta de Campina, Cabedelo - PB, 58310-000;4.7;261;ChIJ2Xj63j_drAcRrllAg3GcmOU;https://www.google.com/maps/place/?q=place_id:ChIJ2Xj63j_drAcRrllAg3GcmOU;comida japonesa Cabedelo PB;Jardim Manguinhos/Formosa;@-6.9884,-34.8497,15z;already_in_database
already_in_database;Viciados em Sushi;Restaurante japonês;R. Pedro Aleixo Moura, 34 - Centro, Cabedelo - PB, 58100-210;4.4;193;ChIJ_c5MVHEgrQcRB4CuNV0soio;https://www.google.com/maps/place/?q=place_id:ChIJ_c5MVHEgrQcRB4CuNV0soio;comida japonesa Cabedelo PB;Jardim Manguinhos/Formosa;@-6.9884,-34.8497,15z;already_in_database
already_in_database;A Casa do Temakinho;Restaurante;Av. Mar da Irlanda, 222 - Intermares, Cabedelo - PB, 58310-000;4.9;150;ChIJK77pAsvfrAcRDJoNP1VhTVo;https://www.google.com/maps/place/?q=place_id:ChIJK77pAsvfrAcRDJoNP1VhTVo;comida japonesa Cabedelo PB;Jardim Manguinhos/Formosa;@-6.9884,-34.8497,15z;already_in_database
rejected;Pescados Frio Sul;Fornecedor;R. Nova Floresta, 5026 - Jardim Camboinha, Cabedelo - PB, 58103-743;4.6;54;ChIJP6Ulem0grQcRkkO0UWiC0_U;https://www.google.com/maps/place/?q=place_id:ChIJP6Ulem0grQcRkkO0UWiC0_U;comida japonesa Cabedelo PB;Jardim Manguinhos/Formosa;@-6.9884,-34.8497,15z;not_clearly_food_establishment
rejected;Novo Oriente Intermares;Restaurante de sushi;Av. Mar Vermelho, 35 - Intermares, Cabedelo - PB, 58102-120;4.2;1378;ChIJN9JFAA7erAcR7c6fN6tma_g;https://www.google.com/maps/place/?q=place_id:ChIJN9JFAA7erAcR7c6fN6tma_g;comida japonesa Cabedelo PB;Jardim Manguinhos/Formosa;@-6.9884,-34.8497,15z;excluded_category_or_name
already_in_database;Pipa Sushi & Temakeria;Restaurante de sushi;Av. Mar das Antilhas - Intermares, Cabedelo - PB, 58310-000;4.3;292;ChIJm1Mywg3erAcRAs4OIMpvJqk;https://www.google.com/maps/place/?q=place_id:ChIJm1Mywg3erAcRAs4OIMpvJqk;comida japonesa Cabedelo PB;Jardim Manguinhos/Formosa;@-6.9884,-34.8497,15z;already_in_database
already_in_database;Sushiyaki Restaurante;Restaurante japonês;R. Ten. Antônio Pontes, 381 - Ponta de Matos, Cabedelo - PB, 58100-645;4.7;10;ChIJoZsj3b7frAcRjoZUr5Cg7Uw;https://www.google.com/maps/place/?q=place_id:ChIJoZsj3b7frAcRjoZUr5Cg7Uw;japones Cabedelo PB;Jardim Manguinhos/Formosa;@-6.9884,-34.8497,15z;already_in_database
already_in_database;Espaço Do Sushi;Restaurante;R. Juarez Távora - Camalaú, Cabedelo - PB, 58310-000;4.2;33;ChIJLZuM-3YgrQcRxc7_zhcQ3Y0;https://www.google.com/maps/place/?q=place_id:ChIJLZuM-3YgrQcRxc7_zhcQ3Y0;japones Cabedelo PB;Jardim Manguinhos/Formosa;@-6.9884,-34.8497,15z;already_in_database
already_in_database;Sakê Temakeria Ponta de Campina, Cabedelo;Restaurante japonês;Av. Oceano Atlântico, 1592 - Sl 16 E 17 - Ponta de Campina, Cabedelo - PB, 58310-000;4.7;261;ChIJ2Xj63j_drAcRrllAg3GcmOU;https://www.google.com/maps/place/?q=place_id:ChIJ2Xj63j_drAcRrllAg3GcmOU;japones Cabedelo PB;Jardim Manguinhos/Formosa;@-6.9884,-34.8497,15z;already_in_database
already_in_database;Viciados em Sushi;Restaurante japonês;R. Pedro Aleixo Moura, 34 - Centro, Cabedelo - PB, 58100-210;4.4;193;ChIJ_c5MVHEgrQcRB4CuNV0soio;https://www.google.com/maps/place/?q=place_id:ChIJ_c5MVHEgrQcRB4CuNV0soio;japones Cabedelo PB;Jardim Manguinhos/Formosa;@-6.9884,-34.8497,15z;already_in_database
already_in_database;A Casa do Temakinho;Restaurante;Av. Mar da Irlanda, 222 - Intermares, Cabedelo - PB, 58310-000;4.9;150;ChIJK77pAsvfrAcRDJoNP1VhTVo;https://www.google.com/maps/place/?q=place_id:ChIJK77pAsvfrAcRDJoNP1VhTVo;japones Cabedelo PB;Jardim Manguinhos/Formosa;@-6.9884,-34.8497,15z;already_in_database
already_in_database;Pipa Sushi & Temakeria;Restaurante de sushi;Av. Mar das Antilhas - Intermares, Cabedelo - PB, 58310-000;4.3;292;ChIJm1Mywg3erAcRAs4OIMpvJqk;https://www.google.com/maps/place/?q=place_id:ChIJm1Mywg3erAcRAs4OIMpvJqk;japones Cabedelo PB;Jardim Manguinhos/Formosa;@-6.9884,-34.8497,15z;already_in_database
rejected;Novo Oriente Intermares;Restaurante de sushi;Av. Mar Vermelho, 35 - Intermares, Cabedelo - PB, 58102-120;4.2;1378;ChIJN9JFAA7erAcR7c6fN6tma_g;https://www.google.com/maps/place/?q=place_id:ChIJN9JFAA7erAcR7c6fN6tma_g;japones Cabedelo PB;Jardim Manguinhos/Formosa;@-6.9884,-34.8497,15z;excluded_category_or_name
duplicate_in_run;Tapioca Sabor Natural;Restaurante;R. Dr. João Mata, 25 - Vila Sao Joao, Cabedelo - PB, 58310-000;5;1;ChIJ9QK8THIgrQcRvo8cmxxpnWg;https://www.google.com/maps/place/?q=place_id:ChIJ9QK8THIgrQcRvo8cmxxpnWg;tapiocaria Cabedelo PB;Jardim Manguinhos/Formosa;@-6.9884,-34.8497,15z;duplicate_in_run
already_in_database;Tapiocaria do Dinho;Restaurante;Av. Ambrósio Miranda de Araújo - Renascer, Cabedelo - PB, 58033-455;4.6;154;ChIJZyUKWFjdrAcRuY-QSDtiyL8;https://www.google.com/maps/place/?q=place_id:ChIJZyUKWFjdrAcRuY-QSDtiyL8;tapiocaria Cabedelo PB;Jardim Manguinhos/Formosa;@-6.9884,-34.8497,15z;already_in_database
rejected;Tapioca Da Cleide- Onda Mar;Lanchonete;Onda Mar Praia Shopping, 58102-120, Av. Mar Vermelho, 357 - Intermares, Cabedelo - PB, 58102-120;4.5;51;ChIJDcsJwQ3erAcR04pQAVkyyEM;https://www.google.com/maps/place/?q=place_id:ChIJDcsJwQ3erAcR04pQAVkyyEM;tapiocaria Cabedelo PB;Jardim Manguinhos/Formosa;@-6.9884,-34.8497,15z;excluded_category_or_name
duplicate_in_run;Tapiocaria da moça;Lanchonete;Na, Juarez Távora, praça padre cicero - Camalaú, Cabedelo - PB, 58328-000;3;2;ChIJvdD_Pj4hrQcRy4Mgdq9GZi4;https://www.google.com/maps/place/?q=place_id:ChIJvdD_Pj4hrQcRy4Mgdq9GZi4;tapiocaria Cabedelo PB;Jardim Manguinhos/Formosa;@-6.9884,-34.8497,15z;duplicate_in_run
already_in_database;Tapiocaria da zeti;Lanchonete;Av. Pôr do Sol, Cabedelo - PB, 58310-000;5;20;ChIJYwNhcVnfrAcRJ4jZPLua8uw;https://www.google.com/maps/place/?q=place_id:ChIJYwNhcVnfrAcRJ4jZPLua8uw;tapiocaria Cabedelo PB;Jardim Manguinhos/Formosa;@-6.9884,-34.8497,15z;already_in_database
duplicate_in_run;Tapiocaria da Edna Paraiba;Lanchonete;R. Praia do Jacaré - Jacaré, Cabedelo - PB, 58310-000;3.5;8;ChIJUY5qWRvfrAcRK8-qD7N9ni4;https://www.google.com/maps/place/?q=place_id:ChIJUY5qWRvfrAcRK8-qD7N9ni4;tapiocaria Cabedelo PB;Jardim Manguinhos/Formosa;@-6.9884,-34.8497,15z;duplicate_in_run
duplicate_in_run;Bonitinha das tapiocas;Café;Av. Pôr do Sol, Cabedelo - PB, 58310-000;4.2;9;ChIJ5WIHvhrfrAcRFwG3RLaJgCA;https://www.google.com/maps/place/?q=place_id:ChIJ5WIHvhrfrAcRFwG3RLaJgCA;tapiocaria Cabedelo PB;Jardim Manguinhos/Formosa;@-6.9884,-34.8497,15z;duplicate_in_run
already_in_database;Rainha da tapioca;Cafeteria;R. Milton Macedo da Cruz - Lot. Oceania, Cabedelo - PB, 58105-565;;;ChIJ93ysPw3frAcRBYFSISTdBS4;https://www.google.com/maps/place/?q=place_id:ChIJ93ysPw3frAcRBYFSISTdBS4;tapiocaria Cabedelo PB;Jardim Manguinhos/Formosa;@-6.9884,-34.8497,15z;already_in_database
already_in_database;Lovina Ponta de Campina | Bar | Restaurante em Cabedelo;Restaurante;R. Vitorino Cardoso, 908 - Ponta de Campina, Cabedelo - PB, 58101-510;4.4;10742;ChIJdbKCxUTerAcRNmBt0eRrdX8;https://www.google.com/maps/place/?q=place_id:ChIJdbKCxUTerAcRNmBt0eRrdX8;tapiocaria Cabedelo PB;Jardim Manguinhos/Formosa;@-6.9884,-34.8497,15z;already_in_database
rejected;Panificadora Interpão;Padaria;Av. Pastor José Alves de Oliveira, 229 - Vila Sao Joao, Cabedelo - PB, 58310-000;4.4;310;ChIJRToIKKwhrQcRiu88YL4MkcA;https://www.google.com/maps/place/?q=place_id:ChIJRToIKKwhrQcRiu88YL4MkcA;tapiocaria Cabedelo PB;Jardim Manguinhos/Formosa;@-6.9884,-34.8497,15z;excluded_category_or_name
rejected;Sertão Raiz - Box 33;Loja de produtos naturais;Mercado Público de, R. Elizabeth Alves Galvão, Box 33 - Vila Sao Joao, Cabedelo - PB, 58100-140;5;2;ChIJNWzDDikhrQcRVz-jB83y8Cw;https://www.google.com/maps/place/?q=place_id:ChIJNWzDDikhrQcRVz-jB83y8Cw;tapiocaria Cabedelo PB;Jardim Manguinhos/Formosa;@-6.9884,-34.8497,15z;excluded_category_or_name
already_in_database;Praçaí - Intermares;Lanchonete;Av. Oceano Pacífico, s/n - Intermares, Cabedelo - PB, 58310-000;4.5;238;ChIJ1cAVK23erAcRCUpJ50T3ULs;https://www.google.com/maps/place/?q=place_id:ChIJ1cAVK23erAcRCUpJ50T3ULs;tapiocaria Cabedelo PB;Jardim Manguinhos/Formosa;@-6.9884,-34.8497,15z;already_in_database
rejected;Tapiocaria da Leuda;Loja de comidas naturais;;4;1;ChIJ71V6ieLfrAcRTnwSGZtpHW8;https://www.google.com/maps/place/?q=place_id:ChIJ71V6ieLfrAcRTnwSGZtpHW8;tapiocaria Cabedelo PB;Jardim Manguinhos/Formosa;@-6.9884,-34.8497,15z;outside_cabedelo_or_location_uncertain
duplicate_in_run;ESFIELDS;Delivery;Av. Oceano Atlântico - Ponta de Campina, Cabedelo - PB, 58101-650;4.4;12;ChIJDwCxzV7frAcR4SxYIDnucFw;https://www.google.com/maps/place/?q=place_id:ChIJDwCxzV7frAcR4SxYIDnucFw;esfiharia Cabedelo PB;Jardim Manguinhos/Formosa;@-6.9884,-34.8497,15z;duplicate_in_run
already_in_database;La casa de pastel e La Pizza Premium;Pastelaria brasileira;Rua por trás do Campo Municipal, R. Primo José Viana, 463 - Centro, Cabedelo - PB, 58100-521;4.1;261;ChIJYSxGk8ghrQcRk9Nz0uySHBE;https://www.google.com/maps/place/?q=place_id:ChIJYSxGk8ghrQcRk9Nz0uySHBE;esfiharia Cabedelo PB;Jardim Manguinhos/Formosa;@-6.9884,-34.8497,15z;already_in_database
already_in_database;Pizzaria Bom Sabor Camboinha;Pizzaria;R. Prof. João Lelis de Luna Freire, 288 - Jardim Camboinha, Cabedelo - PB, 58310-000;4.1;54;ChIJ23LpoCvfrAcRK0glALWQRYA;https://www.google.com/maps/place/?q=place_id:ChIJ23LpoCvfrAcRK0glALWQRYA;esfiharia Cabedelo PB;Jardim Manguinhos/Formosa;@-6.9884,-34.8497,15z;already_in_database
already_in_database;Pizza do Paulinho;Pizzaria;Av. Monsenhor José da Silva Coutinho, 113 - Vila Sao Joao, Cabedelo - PB, 58103-332;5;11;ChIJTUFjldDfrAcRXmp9tl8_VOc;https://www.google.com/maps/place/?q=place_id:ChIJTUFjldDfrAcRXmp9tl8_VOc;esfiharia Cabedelo PB;Jardim Manguinhos/Formosa;@-6.9884,-34.8497,15z;already_in_database
already_in_database;Pizza Família Cipriano;Delivery de Pizza;R. Golfo Danzig, 56 - Intermares, Cabedelo - PB, 58102-133;5;13;ChIJBw8J2x3frAcR-t64wKV4XEg;https://www.google.com/maps/place/?q=place_id:ChIJBw8J2x3frAcR-t64wKV4XEg;esfiharia Cabedelo PB;Jardim Manguinhos/Formosa;@-6.9884,-34.8497,15z;already_in_database
already_in_database;Mega Pizza;Pizzaria;Av. Mar Vermelho, 357 - Intermares, Cabedelo - PB, 58310-000;4;506;ChIJP6gJ7w3erAcRPbZmhVXL0gQ;https://www.google.com/maps/place/?q=place_id:ChIJP6gJ7w3erAcRPbZmhVXL0gQ;esfiharia Cabedelo PB;Jardim Manguinhos/Formosa;@-6.9884,-34.8497,15z;already_in_database
already_in_database;Pizzaria Bom Sabor;Pizzaria;R. Jair Cunha Cavalcanti, 248 - Lot. Oceania, Cabedelo - PB, 58105-700;4;134;ChIJJwFhsjXfrAcR5WUPKUu6Li8;https://www.google.com/maps/place/?q=place_id:ChIJJwFhsjXfrAcR5WUPKUu6Li8;esfiharia Cabedelo PB;Jardim Manguinhos/Formosa;@-6.9884,-34.8497,15z;already_in_database
already_in_database;Sorveteria Frutos de Goiás - Cabedelo;Sorveteria;R. Sólon de Lucena, 30B - Centro, Cabedelo - PB, 58100-570;4.9;40;ChIJpR3-bsYhrQcRFzba--9mhwU;https://www.google.com/maps/place/?q=place_id:ChIJpR3-bsYhrQcRFzba--9mhwU;esfiharia Cabedelo PB;Jardim Manguinhos/Formosa;@-6.9884,-34.8497,15z;already_in_database
rejected;GETMall;Praça de alimentação;Av. Oceano Atlântico, 1592 - Ponta de Campina, Cabedelo - PB, 58310-000;4.3;103;ChIJX7HMo6rdrAcRCeFWODir8Rw;https://www.google.com/maps/place/?q=place_id:ChIJX7HMo6rdrAcRCeFWODir8Rw;esfiharia Cabedelo PB;Jardim Manguinhos/Formosa;@-6.9884,-34.8497,15z;excluded_category_or_name
already_in_database;Viciados em Sushi;Restaurante japonês;R. Pedro Aleixo Moura, 34 - Centro, Cabedelo - PB, 58100-210;4.4;193;ChIJ_c5MVHEgrQcRB4CuNV0soio;https://www.google.com/maps/place/?q=place_id:ChIJ_c5MVHEgrQcRB4CuNV0soio;esfiharia Cabedelo PB;Jardim Manguinhos/Formosa;@-6.9884,-34.8497,15z;already_in_database
already_in_database;Pizzaria Jacaré;Pizzaria;R. Arco Íris, 250 - Lot. Oceania VI, Cabedelo - PB, 58310-000;4.5;59;ChIJLSlV8DrerAcRdEpwqq-GS2Y;https://www.google.com/maps/place/?q=place_id:ChIJLSlV8DrerAcRdEpwqq-GS2Y;esfiharia Cabedelo PB;Jardim Manguinhos/Formosa;@-6.9884,-34.8497,15z;already_in_database
rejected;Hórus Esfihas e Gelados;Esfiharia;R. Bacharel Irenaldo de Albuquerque Chaves, 825 - Aeroclube, João Pessoa - PB, 58036-460;4.9;27;ChIJWYMEcFLdrAcRJ7ODRj95ups;https://www.google.com/maps/place/?q=place_id:ChIJWYMEcFLdrAcRJ7ODRj95ups;esfiharia Cabedelo PB;Jardim Manguinhos/Formosa;@-6.9884,-34.8497,15z;outside_cabedelo_or_location_uncertain
already_in_database;TCF - The Cheeseburguer Factory - Unidade Cabedelo;Lanchonete;Av. Oceano Atlântico, 1592 - Sl A15 - Ponta de Campina, Cabedelo - PB, 58310-000;4.1;13;ChIJ17zIKW_drAcRpW44MoCAPKM;https://www.google.com/maps/place/?q=place_id:ChIJ17zIKW_drAcRpW44MoCAPKM;esfiharia Cabedelo PB;Jardim Manguinhos/Formosa;@-6.9884,-34.8497,15z;already_in_database
rejected;Pérsia Esfiha Diferente;Esfiharia;Av. Umbuzeiro, 1099 - Manaíra, João Pessoa - PB, 58038-182;4.7;1345;ChIJXaMZFSLdrAcRDcClKwtA6h0;https://www.google.com/maps/place/?q=place_id:ChIJXaMZFSLdrAcRDcClKwtA6h0;esfiharia Cabedelo PB;Jardim Manguinhos/Formosa;@-6.9884,-34.8497,15z;outside_cabedelo_or_location_uncertain
already_in_database;Restaurante Recanto do Picuí Intermares;Restaurante;R. Golfo Sidra, 72 - Intermares, Cabedelo - PB, 58310-000;4.5;1267;ChIJ7xU6NRLerAcRpPuWqjv1L7c;https://www.google.com/maps/place/?q=place_id:ChIJ7xU6NRLerAcRpPuWqjv1L7c;esfiharia Cabedelo PB;Jardim Manguinhos/Formosa;@-6.9884,-34.8497,15z;already_in_database
rejected;Novo Oriente Intermares;Restaurante de sushi;Av. Mar Vermelho, 35 - Intermares, Cabedelo - PB, 58102-120;4.2;1378;ChIJN9JFAA7erAcR7c6fN6tma_g;https://www.google.com/maps/place/?q=place_id:ChIJN9JFAA7erAcR7c6fN6tma_g;esfiharia Cabedelo PB;Jardim Manguinhos/Formosa;@-6.9884,-34.8497,15z;excluded_category_or_name
rejected;Padaria Eldorado Intermares;Padaria;Av. Mar Vermelho, 263 - Intermares, Cabedelo - PB, 58102-120;4.3;573;ChIJ8fLcFhXfrAcRa8uPR7mcTcU;https://www.google.com/maps/place/?q=place_id:ChIJ8fLcFhXfrAcRa8uPR7mcTcU;esfiharia Cabedelo PB;Jardim Manguinhos/Formosa;@-6.9884,-34.8497,15z;excluded_category_or_name
rejected;Sahara Árabe Food;Delivery;Manaíra, João Pessoa - PB, 58038-001;3.6;13;ChIJ91h89NXdrAcR_azzHqsnFAI;https://www.google.com/maps/place/?q=place_id:ChIJ91h89NXdrAcR_azzHqsnFAI;esfiharia Cabedelo PB;Jardim Manguinhos/Formosa;@-6.9884,-34.8497,15z;outside_cabedelo_or_location_uncertain
already_in_database;Pipa Sushi & Temakeria;Restaurante de sushi;Av. Mar das Antilhas - Intermares, Cabedelo - PB, 58310-000;4.3;292;ChIJm1Mywg3erAcRAs4OIMpvJqk;https://www.google.com/maps/place/?q=place_id:ChIJm1Mywg3erAcRAs4OIMpvJqk;esfiharia Cabedelo PB;Jardim Manguinhos/Formosa;@-6.9884,-34.8497,15z;already_in_database
rejected;Hora H - Loja de conveniência;Loja de Conveniência;BR 230, km 09, 499, Intermares, Cabedelo - PB, 58102-202;4;9;ChIJqcRVDw7erAcR-rfbD81s5FA;https://www.google.com/maps/place/?q=place_id:ChIJqcRVDw7erAcR-rfbD81s5FA;esfiharia Cabedelo PB;Jardim Manguinhos/Formosa;@-6.9884,-34.8497,15z;excluded_category_or_name
rejected;Comida Caseira da Elly;Restaurante;Mercado Público de Cabedelo, BOX 138, Centro, Cabedelo - PB, 58100-140;5;19;ChIJBfEE9CwhrQcR2xtfopCJ34w;https://www.google.com/maps/place/?q=place_id:ChIJBfEE9CwhrQcR2xtfopCJ34w;marmitaria Cabedelo PB;Jardim Manguinhos/Formosa;@-6.9884,-34.8497,15z;excluded_category_or_name
already_in_database;NutriFit Marmita Fitness Congeladas;Restaurante de comida natural;Intermares, Cabedelo - PB, 58102-032;5;18;ChIJN2Qo5azfrAcR6duVymUfuQ0;https://www.google.com/maps/place/?q=place_id:ChIJN2Qo5azfrAcR6duVymUfuQ0;marmitaria Cabedelo PB;Jardim Manguinhos/Formosa;@-6.9884,-34.8497,15z;already_in_database
duplicate_in_run;Self-service da nany;Restaurante self-service;R. Monsenhor Valfredo Leal - Vila Sao Joao, Cabedelo - PB, 58310-000;4.8;6;ChIJwauUWwAhrQcRq05-xtkVPo8;https://www.google.com/maps/place/?q=place_id:ChIJwauUWwAhrQcRq05-xtkVPo8;marmitaria Cabedelo PB;Jardim Manguinhos/Formosa;@-6.9884,-34.8497,15z;duplicate_in_run
already_in_database;Sol e mar restaurante e self service;Restaurante self-service;R. Márcia Travassos, 331 - Camboinha, Cabedelo - PB, 58310-000;4.6;22;ChIJC7wrAbDfrAcRL094F_SfelU;https://www.google.com/maps/place/?q=place_id:ChIJC7wrAbDfrAcRL094F_SfelU;marmitaria Cabedelo PB;Jardim Manguinhos/Formosa;@-6.9884,-34.8497,15z;already_in_database
rejected;Tia Graça Doces E Salgados;Doceria;R. Pedro Aleixo Moura, 26 - Vila Sao Joao, Cabedelo - PB, 58310-000;4.6;414;ChIJazVfCHEgrQcRref-q7f7tNA;https://www.google.com/maps/place/?q=place_id:ChIJazVfCHEgrQcRref-q7f7tNA;marmitaria Cabedelo PB;Jardim Manguinhos/Formosa;@-6.9884,-34.8497,15z;not_clearly_food_establishment
already_in_database;Churrascaria do Caicó;Churrascaria;R, Av. Pastor José Alves de Oliveira, 365 - Centro, Cabedelo - PB, 58100-222;4.3;753;ChIJVaKROncgrQcR5lpnht-FotI;https://www.google.com/maps/place/?q=place_id:ChIJVaKROncgrQcR5lpnht-FotI;marmitaria Cabedelo PB;Jardim Manguinhos/Formosa;@-6.9884,-34.8497,15z;already_in_database
duplicate_in_run;MB Marmitas | Marmitaria em João Pessoa;Restaurante;R. Alfredo Chaves, 126 - Poço, Cabedelo - PB, 58101-582;5;2;ChIJ_XODgJ7frAcR2n1xL5ijuX4;https://www.google.com/maps/place/?q=place_id:ChIJ_XODgJ7frAcR2n1xL5ijuX4;marmitaria Cabedelo PB;Jardim Manguinhos/Formosa;@-6.9884,-34.8497,15z;duplicate_in_run
duplicate_in_run;Meio Quilo;Restaurante self-service;R. Aderbal Piragibe, 13 - Centro, Cabedelo - PB, 58100-110;4.4;160;ChIJhzOrgHIgrQcRTCBeQ_9JM-8;https://www.google.com/maps/place/?q=place_id:ChIJhzOrgHIgrQcRTCBeQ_9JM-8;marmitaria Cabedelo PB;Jardim Manguinhos/Formosa;@-6.9884,-34.8497,15z;duplicate_in_run
already_in_database;PARCEIRO Rosa Lanches;Lanchonete;R. Ten. Antônio Pontes, 139 - Ponta de Matos, Cabedelo - PB, 58100-645;4.5;120;ChIJKfbziSchrQcRUM5eTvB19FU;https://www.google.com/maps/place/?q=place_id:ChIJKfbziSchrQcRUM5eTvB19FU;marmitaria Cabedelo PB;Jardim Manguinhos/Formosa;@-6.9884,-34.8497,15z;already_in_database
duplicate_in_run;Kioske Cantinho do Sabor;Restaurante;R. Cleto Campêlo - Vila Sao Joao, Cabedelo - PB, 58310-000;;;ChIJL7ngB3YgrQcRkndKsVUtpfw;https://www.google.com/maps/place/?q=place_id:ChIJL7ngB3YgrQcRkndKsVUtpfw;marmitaria Cabedelo PB;Jardim Manguinhos/Formosa;@-6.9884,-34.8497,15z;duplicate_in_run
already_in_database;Tempero De Casa;Restaurante;R. Maurício de Alençar Cavalcante - Jardim America, Cabedelo - PB, 58310-000;4.5;65;ChIJlzh1S-zdrAcRiCUL7fIKsMI;https://www.google.com/maps/place/?q=place_id:ChIJlzh1S-zdrAcRiCUL7fIKsMI;marmitaria Cabedelo PB;Jardim Manguinhos/Formosa;@-6.9884,-34.8497,15z;already_in_database
already_in_database;Lovina Ponta de Campina | Bar | Restaurante em Cabedelo;Restaurante;R. Vitorino Cardoso, 908 - Ponta de Campina, Cabedelo - PB, 58101-510;4.4;10742;ChIJdbKCxUTerAcRNmBt0eRrdX8;https://www.google.com/maps/place/?q=place_id:ChIJdbKCxUTerAcRNmBt0eRrdX8;marmitaria Cabedelo PB;Jardim Manguinhos/Formosa;@-6.9884,-34.8497,15z;already_in_database
already_in_database;Sorveteria Frutos de Goiás - Cabedelo;Sorveteria;R. Sólon de Lucena, 30B - Centro, Cabedelo - PB, 58100-570;4.9;40;ChIJpR3-bsYhrQcRFzba--9mhwU;https://www.google.com/maps/place/?q=place_id:ChIJpR3-bsYhrQcRFzba--9mhwU;marmitaria Cabedelo PB;Jardim Manguinhos/Formosa;@-6.9884,-34.8497,15z;already_in_database
already_in_database;Bom Tempero Restaurante;Restaurante self-service;Av. Maria de Oliveira Gomes - Portal do Poço, Cabedelo - PB, 58310-000;4.7;17;ChIJQwyZx_vfrAcRqBvYbKyyPhQ;https://www.google.com/maps/place/?q=place_id:ChIJQwyZx_vfrAcRqBvYbKyyPhQ;marmitaria Cabedelo PB;Jardim Manguinhos/Formosa;@-6.9884,-34.8497,15z;already_in_database
duplicate_in_run;Mary Refeições;Restaurante;Av. Mar de Corais, 08 - Intermares, Cabedelo - PB, 58102-262;4.6;45;ChIJ2eQ7vvbfrAcRI7MW-9PBLJ8;https://www.google.com/maps/place/?q=place_id:ChIJ2eQ7vvbfrAcRI7MW-9PBLJ8;marmitaria Cabedelo PB;Jardim Manguinhos/Formosa;@-6.9884,-34.8497,15z;duplicate_in_run
already_in_database;Tia Graça Cafeteria e Doceria;Cafeteria;R. Golfo da China, 326 - Intermares, Cabedelo - PB, 58310-000;4.5;67;ChIJV8XbnLXfrAcRTzFbB-0OVFg;https://www.google.com/maps/place/?q=place_id:ChIJV8XbnLXfrAcRTzFbB-0OVFg;marmitaria Cabedelo PB;Jardim Manguinhos/Formosa;@-6.9884,-34.8497,15z;already_in_database
duplicate_in_run;D Lay Refeições - Marmitaria;Restaurante de almoço;Av. Ambrósio Miranda de Araújo - Renascer, Cabedelo - PB, 58310-000;;;ChIJ7x-TOz7drAcRBMvOXw4vkwg;https://www.google.com/maps/place/?q=place_id:ChIJ7x-TOz7drAcRBMvOXw4vkwg;marmitaria Cabedelo PB;Jardim Manguinhos/Formosa;@-6.9884,-34.8497,15z;duplicate_in_run
duplicate_in_run;M E Refeição;Restaurante;Intermares, Cabedelo - PB, 58033-455;5;3;ChIJc3fKUeHfrAcRDLLyfWij5xk;https://www.google.com/maps/place/?q=place_id:ChIJc3fKUeHfrAcRDLLyfWij5xk;marmitaria Cabedelo PB;Jardim Manguinhos/Formosa;@-6.9884,-34.8497,15z;duplicate_in_run
already_in_database;Primo Rico;Restaurante self-service;Av. Oceano Atlântico, S/N - Intermares, Cabedelo - PB, 58102-236;4.3;903;ChIJ7aVpYzjfrAcRexvAqkdbRwU;https://www.google.com/maps/place/?q=place_id:ChIJ7aVpYzjfrAcRexvAqkdbRwU;marmitaria Cabedelo PB;Jardim Manguinhos/Formosa;@-6.9884,-34.8497,15z;already_in_database
rejected;Aroma & Sabor Self-Service;Restaurante self-service;Onda Mar Praia Shopping, Av. Mar Vermelho, 357 - 11 - Intermares, Cabedelo - PB, 58102-120;4.3;50;ChIJE-Tnww3erAcRSEMi9ezCmjc;https://www.google.com/maps/place/?q=place_id:ChIJE-Tnww3erAcRSEMi9ezCmjc;marmitaria Cabedelo PB;Jardim Manguinhos/Formosa;@-6.9884,-34.8497,15z;excluded_category_or_name
rejected;Espetinho da Rafa Camboinha;Bar;Av. Max Zagel, 16 - Jardim Jerico, Cabedelo - PB, 58310-000;4.9;19;ChIJOWgbm17frAcRk4X3wNNiTBA;https://www.google.com/maps/place/?q=place_id:ChIJOWgbm17frAcRk4X3wNNiTBA;espetinho Cabedelo PB;Jardim Manguinhos/Formosa;@-6.9884,-34.8497,15z;not_clearly_food_establishment
rejected;Verano Praia Bar;Bar;Av. Pastor José Alves de Oliveira, 848 - Areia Dourada, Cabedelo - PB, 58101-205;4.4;324;ChIJh0FVTwvfrAcRloIZE5Iit7w;https://www.google.com/maps/place/?q=place_id:ChIJh0FVTwvfrAcRloIZE5Iit7w;espetinho Cabedelo PB;Jardim Manguinhos/Formosa;@-6.9884,-34.8497,15z;not_clearly_food_establishment
rejected;Espetinho da galega;Bar;Av. São Sebastião, 124 - Camalaú, Cabedelo - PB, 58310-000;5;2;ChIJJVi9GnPfrAcRIXE-8OdZZLQ;https://www.google.com/maps/place/?q=place_id:ChIJJVi9GnPfrAcRIXE-8OdZZLQ;espetinho Cabedelo PB;Jardim Manguinhos/Formosa;@-6.9884,-34.8497,15z;not_clearly_food_establishment
already_in_database;Espetinho da praia Intermares;Restaurante;Av. Oceano Atlântico, 1972 - Intermares, Cabedelo - PB, 58310-000;4.4;772;ChIJE-mcRMTfrAcRBThGnfI6x2c;https://www.google.com/maps/place/?q=place_id:ChIJE-mcRMTfrAcRBThGnfI6x2c;espetinho Cabedelo PB;Jardim Manguinhos/Formosa;@-6.9884,-34.8497,15z;already_in_database
rejected;Iran Bebidas;Bar;Av. Pastor José Alves de Oliveira - Vila Sao Joao, Cabedelo - PB, 58101-150;4.9;23;ChIJc9X4a60hrQcRO_mzcZWuCtY;https://www.google.com/maps/place/?q=place_id:ChIJc9X4a60hrQcRO_mzcZWuCtY;espetinho Cabedelo PB;Jardim Manguinhos/Formosa;@-6.9884,-34.8497,15z;not_clearly_food_establishment
duplicate_in_run;Rope Espetos;Restaurante de churrasquinho;Av. Oceano Atlântico, 422 - Intermares, Cabedelo - PB, 58102-252;4.5;13;ChIJmbbN-K3frAcRsyfJ94pu17s;https://www.google.com/maps/place/?q=place_id:ChIJmbbN-K3frAcRsyfJ94pu17s;espetinho Cabedelo PB;Jardim Manguinhos/Formosa;@-6.9884,-34.8497,15z;duplicate_in_run
rejected;Espetinho do Mudinho;;R. Sólon de Lucena, 250 - Vila Sao Joao, Cabedelo - PB, 58310-000;;;ChIJhT-ofm4grQcRvMQNW_e1rs0;https://www.google.com/maps/place/?q=place_id:ChIJhT-ofm4grQcRvMQNW_e1rs0;espetinho Cabedelo PB;Jardim Manguinhos/Formosa;@-6.9884,-34.8497,15z;not_clearly_food_establishment
already_in_database;Tenda Formosa Bar & Restaurante;Restaurante;Av. Cassiano da Cunha Nóbrega, 98 - Praia Formosa, Cabedelo - PB, 58100-685;4.1;1507;ChIJIc-iXWUgrQcReqjiUbw742w;https://www.google.com/maps/place/?q=place_id:ChIJIc-iXWUgrQcReqjiUbw742w;espetinho Cabedelo PB;Jardim Manguinhos/Formosa;@-6.9884,-34.8497,15z;already_in_database
rejected;Quiosque no Antigo Bar do Belo;Bar;R. Márcia Travassos, 2 - Jardim Jerico, Cabedelo - PB, 58310-000;4.2;203;ChIJ2xEtPPjfrAcRphRFB4pQe4o;https://www.google.com/maps/place/?q=place_id:ChIJ2xEtPPjfrAcRphRFB4pQe4o;espetinho Cabedelo PB;Jardim Manguinhos/Formosa;@-6.9884,-34.8497,15z;not_clearly_food_establishment
duplicate_in_run;Espetinh;Lanchonete;R. Nilo Montenegro - Jardim Camboinha, Cabedelo - PB, 58103-676;3.7;3;ChIJuToxFxPfrAcRAaoTNj0a6wo;https://www.google.com/maps/place/?q=place_id:ChIJuToxFxPfrAcRAaoTNj0a6wo;espetinho Cabedelo PB;Jardim Manguinhos/Formosa;@-6.9884,-34.8497,15z;duplicate_in_run
already_in_database;Sport Marina;Restaurante de frutos do mar;Av. Pastor José Alves de Oliveira, 848 - Areia Dourada, Cabedelo - PB, 58101-232;4.5;503;ChIJpSulOXggrQcR1X8-11zV034;https://www.google.com/maps/place/?q=place_id:ChIJpSulOXggrQcR1X8-11zV034;espetinho Cabedelo PB;Jardim Manguinhos/Formosa;@-6.9884,-34.8497,15z;already_in_database
rejected;Badionaldo;Bar;R. Vitorino Cardoso, 780 - Lot. Vitorino Cardoso, Cabedelo - PB, 58101-510;3.7;111;ChIJLV_DEEPfrAcRnoTIdvp3Ch0;https://www.google.com/maps/place/?q=place_id:ChIJLV_DEEPfrAcRnoTIdvp3Ch0;espetinho Cabedelo PB;Jardim Manguinhos/Formosa;@-6.9884,-34.8497,15z;not_clearly_food_establishment
already_in_database;Oliver Grill e Espetos;Restaurante brasileiro;Av. Oceano Índico, 928 - Intermares, Cabedelo - PB, 58102-222;4.9;54;ChIJf5cN1cDfrAcRCKHM1M2eY_Y;https://www.google.com/maps/place/?q=place_id:ChIJf5cN1cDfrAcRCKHM1M2eY_Y;espetinho Cabedelo PB;Jardim Manguinhos/Formosa;@-6.9884,-34.8497,15z;already_in_database
rejected;Espetinho da Neide (galega );Área para churrasco;R. Jair Cunha Cavalcanti - Lot. Oceania VI, Cabedelo - PB, 58310-000;5;3;ChIJkS4yB_jfrAcRqBXX8hyz1d4;https://www.google.com/maps/place/?q=place_id:ChIJkS4yB_jfrAcRqBXX8hyz1d4;espetinho Cabedelo PB;Jardim Manguinhos/Formosa;@-6.9884,-34.8497,15z;not_clearly_food_establishment
already_in_database;Gigante Do Mar Beach;Restaurante de frutos do mar;Av. Max Zagel, 450 - Camboinha, Cabedelo - PB, 58033-455;4.2;3378;ChIJ47lgZ6TfrAcR21h_sELDBwk;https://www.google.com/maps/place/?q=place_id:ChIJ47lgZ6TfrAcR21h_sELDBwk;espetinho Cabedelo PB;Jardim Manguinhos/Formosa;@-6.9884,-34.8497,15z;already_in_database
rejected;Espetinho Do Jorge;;R. Carolino Cardoso - Lot. Vitorino Cardoso, Cabedelo - PB, 58101-502;4;2;ChIJ07vP-0verAcRwU1RGY6vTT4;https://www.google.com/maps/place/?q=place_id:ChIJ07vP-0verAcRwU1RGY6vTT4;espetinho Cabedelo PB;Jardim Manguinhos/Formosa;@-6.9884,-34.8497,15z;not_clearly_food_establishment
already_in_database;Ilha Dourada Restaurante;Restaurante de frutos do mar;BR -230, R. José Américo de Almeida Filho, s/n - Areia Dourada, Cabedelo - PB, 58101-212;4.2;3161;ChIJ19PDcIXfrAcRzBwfL7gvIIs;https://www.google.com/maps/place/?q=place_id:ChIJ19PDcIXfrAcRzBwfL7gvIIs;espetinho Cabedelo PB;Jardim Manguinhos/Formosa;@-6.9884,-34.8497,15z;already_in_database
duplicate_in_run;Espetinho lá Brasil;Restaurante de churrasquinho;Av. Oceano Pacífico - Intermares, Cabedelo - PB, 58102-236;4;4;ChIJnV7DIgbfrAcR2KjlFmSKYJ8;https://www.google.com/maps/place/?q=place_id:ChIJnV7DIgbfrAcR2KjlFmSKYJ8;espetinho Cabedelo PB;Jardim Manguinhos/Formosa;@-6.9884,-34.8497,15z;duplicate_in_run
rejected;ESPETINHO DO GAUCHO;;R. Honório Patrício dos Santos, 44 - Recanto do Poço, Cabedelo - PB, 58105-084;;;ChIJQf5xz0verAcRud7oMR4ySFI;https://www.google.com/maps/place/?q=place_id:ChIJQf5xz0verAcRud7oMR4ySFI;espetinho Cabedelo PB;Jardim Manguinhos/Formosa;@-6.9884,-34.8497,15z;not_clearly_food_establishment
already_in_database;Lovina Ponta de Campina | Bar | Restaurante em Cabedelo;Restaurante;R. Vitorino Cardoso, 908 - Ponta de Campina, Cabedelo - PB, 58101-510;4.4;10742;ChIJdbKCxUTerAcRNmBt0eRrdX8;https://www.google.com/maps/place/?q=place_id:ChIJdbKCxUTerAcRNmBt0eRrdX8;espetinho Cabedelo PB;Jardim Manguinhos/Formosa;@-6.9884,-34.8497,15z;already_in_database
