restaurant_id;restaurant_name;query;selected;tier;score;platform;source;title;link;flags
76a39b5d-8130-4119-a4a5-87e8ea3020b8;Ilha Dourada Restaurante;Ilha Dourada Restaurante R. José Américo de Almeida Filho BR -230 (83) 3228-1826 Cabedelo PB Instagram;yes;red;-14;open.spotify.com;organic;música e letra de Luan Santana - ILHA;https://open.spotify.com/intl-pt/track/2zvfMwpBdm9zC4zwLWq1Wg;brand_not_confirmed|city_not_confirmed
76a39b5d-8130-4119-a4a5-87e8ea3020b8;Ilha Dourada Restaurante;Ilha Dourada Restaurante R. José Américo de Almeida Filho BR -230 (83) 3228-1826 Cabedelo PB Instagram;;red;-20;letras.mus.br;organic;ILHA - Luan Santana - LETRAS.MUS.BR;https://letras.mus.br/luan-santana/ilha;brand_not_confirmed|city_not_confirmed
76a39b5d-8130-4119-a4a5-87e8ea3020b8;Ilha Dourada Restaurante;Ilha Dourada Restaurante R. José Américo de Almeida Filho BR -230 (83) 3228-1826 Cabedelo PB Instagram;;red;-20;pt.wikipedia.org;organic;Ilha – Wikipédia, a enciclopédia livre;https://pt.wikipedia.org/wiki/Ilha;brand_not_confirmed|city_not_confirmed
76a39b5d-8130-4119-a4a5-87e8ea3020b8;Ilha Dourada Restaurante;Ilha Dourada Restaurante R. José Américo de Almeida Filho BR -230 (83) 3228-1826 Cabedelo PB Instagram;;red;-20;skyscanner.com.br;organic;7 das ilhas mais isoladas do mundo;https://skyscanner.com.br/aluguel-de-carros/sugestoes/7-das-ilhas-mais-isoladas-do-mundo;brand_not_confirmed|city_not_confirmed
76a39b5d-8130-4119-a4a5-87e8ea3020b8;Ilha Dourada Restaurante;Ilha Dourada Restaurante R. José Américo de Almeida Filho BR -230 (83) 3228-1826 Cabedelo PB Instagram;;red;-20;adorocinema.com;organic;Ilha - Filme 2018;https://adorocinema.com/filmes/filme-266559;brand_not_confirmed|city_not_confirmed
76a39b5d-8130-4119-a4a5-87e8ea3020b8;Ilha Dourada Restaurante;Ilha Dourada Restaurante R. José Américo de Almeida Filho BR -230 (83) 3228-1826 Cabedelo PB Instagram;;red;-20;g1.globo.com;organic;Brasil reivindica ilha submersa rica em 'minerais do futuro' - G1;https://g1.globo.com/rs/rio-grande-do-sul/noticia/2025/07/05/brasil-reivindica-ilha-submersa-no-atlantico-do-tamanho-da-espanha-rica-em-minerais-do-futuro-entenda.ghtml;brand_not_confirmed|city_not_confirmed
76a39b5d-8130-4119-a4a5-87e8ea3020b8;Ilha Dourada Restaurante;Ilha Dourada Restaurante R. José Américo de Almeida Filho BR -230 (83) 3228-1826 Cabedelo PB Instagram;;red;-20;escolakids.uol.com.br;organic;O que é uma ilha? - Escola Kids - UOL;https://escolakids.uol.com.br/geografia/o-que-e-uma-ilha.htm;brand_not_confirmed|city_not_confirmed
f90edcb3-31a7-4922-9bdd-930817bba3c9;Espetinho da praia Intermares;Espetinho da praia Intermares Intermares Av. Oceano Atlântico (83) 2182-4436 Cabedelo PB Instagram;yes;yellow;104;instagram;organic;ESPETINHO DA PRAIA 👑 (@espetinhodapraia);https://instagram.com/espetinhodapraia;city_not_confirmed
f90edcb3-31a7-4922-9bdd-930817bba3c9;Espetinho da praia Intermares;Espetinho da praia Intermares Intermares Av. Oceano Atlântico (83) 2182-4436 Cabedelo PB Instagram;;yellow;100;instagram;organic;Numar Bar e Restaurante (@numarbarintermares);https://instagram.com/numarbarintermares;
f90edcb3-31a7-4922-9bdd-930817bba3c9;Espetinho da praia Intermares;Espetinho da praia Intermares Intermares Av. Oceano Atlântico (83) 2182-4436 Cabedelo PB Instagram;;yellow;92;instagram;organic;ESPETINHO DA PRAIA 👑 (@espetinhodapraia);https://instagram.com/espetinhodapraia/reels;city_not_confirmed
f90edcb3-31a7-4922-9bdd-930817bba3c9;Espetinho da praia Intermares;Espetinho da praia Intermares Intermares Av. Oceano Atlântico (83) 2182-4436 Cabedelo PB Instagram;;yellow;61;instagram;organic;"ESPETINHO DA PRAIA on Instagram: ""Se você tá com ...";https://instagram.com/reel/DESYh3FNpJi;instagram_reel_not_profile|instagram_profile_not_canonicalizable
f90edcb3-31a7-4922-9bdd-930817bba3c9;Espetinho da praia Intermares;Espetinho da praia Intermares Intermares Av. Oceano Atlântico (83) 2182-4436 Cabedelo PB Instagram;;yellow;47;instagram;organic;Petiscar camarões combina muito com um drink e brinde ...;https://instagram.com/p/DUGQnh2ESXl;instagram_p_not_profile|instagram_profile_not_canonicalizable
f90edcb3-31a7-4922-9bdd-930817bba3c9;Espetinho da praia Intermares;Espetinho da praia Intermares Intermares Av. Oceano Atlântico (83) 2182-4436 Cabedelo PB Instagram;;red;40;tripadvisor;organic;Espetinho da Praia - Restaurantes: Cabedelo;https://tripadvisor.com.br/Restaurant_Review-g793398-d23007866-Reviews-Espetinho_da_Praia-Cabedelo_State_of_Paraiba.html;
f90edcb3-31a7-4922-9bdd-930817bba3c9;Espetinho da praia Intermares;Espetinho da praia Intermares Intermares Av. Oceano Atlântico (83) 2182-4436 Cabedelo PB Instagram;;red;39;instagram;organic;Dia das mães é aqui no espetinho da praia 🏖️ Não perde ...;https://instagram.com/reel/DJcfsRDRlzY;instagram_reel_not_profile|instagram_profile_not_canonicalizable|city_not_confirmed
f90edcb3-31a7-4922-9bdd-930817bba3c9;Espetinho da praia Intermares;Espetinho da praia Intermares Intermares Av. Oceano Atlântico (83) 2182-4436 Cabedelo PB Instagram;;red;35;instagram;organic;O pau que rola na internet diz que só você não conhece o ...;https://instagram.com/reel/DW92UgtoSwn;instagram_reel_not_profile|instagram_profile_not_canonicalizable|city_not_confirmed
1eca2999-0514-4887-b108-dc65ae31e6b6;Churrascaria do Caicó;Churrascaria do Caicó Av. Pastor José Alves de Oliveira R Cabedelo PB Instagram;yes;yellow;98;instagram;derived_instagram_handle;Instagram profile @caicorestaurante;https://instagram.com/caicorestaurante;city_not_confirmed
1eca2999-0514-4887-b108-dc65ae31e6b6;Churrascaria do Caicó;Churrascaria do Caicó Av. Pastor José Alves de Oliveira R Cabedelo PB Instagram;;red;8;tripadvisor;organic;CHURRASCARIA DO CAICO, Cabedelo - City Center;https://tripadvisor.com.br/Restaurant_Review-g793398-d5384052-Reviews-Churrascaria_Do_Caico-Cabedelo_State_of_Paraiba.html;brand_not_confirmed
1eca2999-0514-4887-b108-dc65ae31e6b6;Churrascaria do Caicó;Churrascaria do Caicó Av. Pastor José Alves de Oliveira R Cabedelo PB Instagram;;red;-11;instagram;organic;Almoço no Caicó: A escolha certa, sempre. Na dúvida de ...;https://instagram.com/reel/DVbMSwliCUd;instagram_reel_not_profile|brand_not_confirmed|instagram_profile_not_canonicalizable|city_not_confirmed
1eca2999-0514-4887-b108-dc65ae31e6b6;Churrascaria do Caicó;Churrascaria do Caicó Av. Pastor José Alves de Oliveira R Cabedelo PB Instagram;;red;-11;instagram;organic;Bem-vindo ao Caicó, onde o sabor do Nordeste ganha ...;https://instagram.com/p/DDNdmufTW0p;instagram_p_not_profile|brand_not_confirmed|instagram_profile_not_canonicalizable|city_not_confirmed
1eca2999-0514-4887-b108-dc65ae31e6b6;Churrascaria do Caicó;Churrascaria do Caicó Av. Pastor José Alves de Oliveira R Cabedelo PB Instagram;;red;-11;instagram;organic;Almoço Nordestino com a Família no Caicó! 🍛 Nossa mesa ...;https://instagram.com/p/DEkWj2jvXdO;instagram_p_not_profile|brand_not_confirmed|instagram_profile_not_canonicalizable|city_not_confirmed
1eca2999-0514-4887-b108-dc65ae31e6b6;Churrascaria do Caicó;Churrascaria do Caicó Av. Pastor José Alves de Oliveira R Cabedelo PB Instagram;;red;-11;instagram;organic;Caicó é tradição, sabor e suculência em cada corte ...;https://instagram.com/p/DL5MoijMQQ9;instagram_p_not_profile|brand_not_confirmed|instagram_profile_not_canonicalizable|city_not_confirmed
1eca2999-0514-4887-b108-dc65ae31e6b6;Churrascaria do Caicó;Churrascaria do Caicó Av. Pastor José Alves de Oliveira R Cabedelo PB Instagram;;red;-11;instagram;organic;Reel by Restaurante Caicó (@caicorestaurante) · February 11 ...;https://instagram.com/reel/DUn7sczEfr9;instagram_reel_not_profile|brand_not_confirmed|instagram_profile_not_canonicalizable|city_not_confirmed
1eca2999-0514-4887-b108-dc65ae31e6b6;Churrascaria do Caicó;Churrascaria do Caicó Av. Pastor José Alves de Oliveira R Cabedelo PB Instagram;;red;-11;instagram;organic;"Abrasel no RN on Instagram: ""🍽️ Você já conhece o Caicó ...";https://instagram.com/reel/DATdZm8uUY3;instagram_reel_not_profile|brand_not_confirmed|instagram_profile_not_canonicalizable|city_not_confirmed
f917b01d-4f06-48a7-9bba-fcb85f0201c7;Mega Pizza;Mega Pizza Intermares Av. Mar Vermelho (83) 3248-2118 Cabedelo PB Instagram;yes;yellow;110;instagram;organic;Mega Pizza e Massas (@megapizza1);https://instagram.com/megapizza1;city_not_confirmed
f917b01d-4f06-48a7-9bba-fcb85f0201c7;Mega Pizza;Mega Pizza Intermares Av. Mar Vermelho (83) 3248-2118 Cabedelo PB Instagram;;yellow;52;instagram;organic;Eu Quero Pizza - Food Truck 🍕 (@euqueropizzafoodtruck);https://instagram.com/euqueropizzafoodtruck;brand_not_confirmed|city_not_confirmed
f917b01d-4f06-48a7-9bba-fcb85f0201c7;Mega Pizza;Mega Pizza Intermares Av. Mar Vermelho (83) 3248-2118 Cabedelo PB Instagram;;red;3;instagram;organic;A melhor pizza a partir de R$ 29,90! . Vem 📍Estamos na ...;https://instagram.com/p/DA4NaqvxV7G;instagram_p_not_profile|brand_not_confirmed|instagram_profile_not_canonicalizable
f917b01d-4f06-48a7-9bba-fcb85f0201c7;Mega Pizza;Mega Pizza Intermares Av. Mar Vermelho (83) 3248-2118 Cabedelo PB Instagram;;red;2;facebook;organic;Mega Pizza | Cabedelo PB;https://facebook.com/megapizzaintermares/?locale=pt_BR;brand_not_confirmed
f917b01d-4f06-48a7-9bba-fcb85f0201c7;Mega Pizza;Mega Pizza Intermares Av. Mar Vermelho (83) 3248-2118 Cabedelo PB Instagram;;red;1;instagram;organic;Mega Pizza | Que tal uma delícia dessa na sua mesa ? Faça ...;https://instagram.com/reel/DQh1cMFAf-D;instagram_reel_not_profile|brand_not_confirmed|instagram_profile_not_canonicalizable|city_not_confirmed
f917b01d-4f06-48a7-9bba-fcb85f0201c7;Mega Pizza;Mega Pizza Intermares Av. Mar Vermelho (83) 3248-2118 Cabedelo PB Instagram;;red;1;instagram;organic;"Mega Pizzaria on Instagram: ""(99)9 9140-3415 (99)9 9171 ...";https://instagram.com/reel/DL3Qq-5SeOP;instagram_reel_not_profile|brand_not_confirmed|instagram_profile_not_canonicalizable|city_not_confirmed
f917b01d-4f06-48a7-9bba-fcb85f0201c7;Mega Pizza;Mega Pizza Intermares Av. Mar Vermelho (83) 3248-2118 Cabedelo PB Instagram;;red;-11;instagram;organic;"Mega Pizza on Instagram: ""Você não precisa sair de casa ...";https://instagram.com/p/CiBMXxksh8k;instagram_p_not_profile|brand_not_confirmed|instagram_profile_not_canonicalizable|city_not_confirmed
f917b01d-4f06-48a7-9bba-fcb85f0201c7;Mega Pizza;Mega Pizza Intermares Av. Mar Vermelho (83) 3248-2118 Cabedelo PB Instagram;;red;-11;instagram;organic;Você merece mais do que qualquer pizza… Você merece ...;https://instagram.com/reel/DRkCbMkjyw2;instagram_reel_not_profile|brand_not_confirmed|instagram_profile_not_canonicalizable|city_not_confirmed
0aab67a1-5843-4fe8-933a-45b0f8a67321;Sport Marina;Sport Marina Areia Dourada Av. Pastor José Alves de Oliveira (83) 3228-3500 Cabedelo PB Instagram;yes;yellow;124;instagram;organic;Verano Praia Bar (@veranopraiabar);https://instagram.com/veranopraiabar;
0aab67a1-5843-4fe8-933a-45b0f8a67321;Sport Marina;Sport Marina Areia Dourada Av. Pastor José Alves de Oliveira (83) 3228-3500 Cabedelo PB Instagram;;yellow;59;instagram;organic;Céu azul, deliciosas comidas e um lugar perfeito para ...;https://instagram.com/p/DA8gqRvpuRO;instagram_p_not_profile|instagram_profile_not_canonicalizable
0aab67a1-5843-4fe8-933a-45b0f8a67321;Sport Marina;Sport Marina Areia Dourada Av. Pastor José Alves de Oliveira (83) 3228-3500 Cabedelo PB Instagram;;yellow;59;instagram;organic;Dia de praia pede uma deliciosa porção de agulhinha frita ...;https://instagram.com/p/C-xS9UJtxGL;instagram_p_not_profile|instagram_profile_not_canonicalizable
0aab67a1-5843-4fe8-933a-45b0f8a67321;Sport Marina;Sport Marina Areia Dourada Av. Pastor José Alves de Oliveira (83) 3228-3500 Cabedelo PB Instagram;;yellow;59;instagram;organic;É ou não é o paraíso?😍🤩 📍 BR-230, Sport Marina, ...;https://instagram.com/p/DOLme3mDsEZ;instagram_p_not_profile|instagram_profile_not_canonicalizable
0aab67a1-5843-4fe8-933a-45b0f8a67321;Sport Marina;Sport Marina Areia Dourada Av. Pastor José Alves de Oliveira (83) 3228-3500 Cabedelo PB Instagram;;red;40;tripadvisor;organic;Sport Marina - Restaurantes: João Pessoa;https://tripadvisor.com.br/Restaurant_Review-g303428-d8809412-Reviews-Sport_Marina-Joao_Pessoa_State_of_Paraiba.html;city_not_confirmed
0aab67a1-5843-4fe8-933a-45b0f8a67321;Sport Marina;Sport Marina Areia Dourada Av. Pastor José Alves de Oliveira (83) 3228-3500 Cabedelo PB Instagram;;red;32;instagram;organic;Ilha Dourada (@ilhadouradarestaurante);https://instagram.com/ilhadouradarestaurante;brand_not_confirmed|name_not_confirmed
0aab67a1-5843-4fe8-933a-45b0f8a67321;Sport Marina;Sport Marina Areia Dourada Av. Pastor José Alves de Oliveira (83) 3228-3500 Cabedelo PB Instagram;;red;-11;instagram;organic;"Verano Praia Bar on Instagram: ""Pé na areia, comida gostosa ...";https://instagram.com/reel/DYPdYOuu4Px;instagram_reel_not_profile|brand_not_confirmed|instagram_profile_not_canonicalizable|city_not_confirmed
0aab67a1-5843-4fe8-933a-45b0f8a67321;Sport Marina;Sport Marina Areia Dourada Av. Pastor José Alves de Oliveira (83) 3228-3500 Cabedelo PB Instagram;;red;-15;instagram;organic;"Ilha Dourada on Instagram: ""Delícias como essa todos os dias ...";https://instagram.com/reel/DJC3IZZxGn6;instagram_reel_not_profile|brand_not_confirmed|name_not_confirmed|instagram_profile_not_canonicalizable
10f71936-a4b9-4c9b-b2c4-d1c709081a93;Bar e Restaurante do Pessoinha;Bar e Restaurante do Pessoinha Forte Velho PB-011 (83) 98127-1419 Cabedelo PB Instagram;yes;yellow;98;instagram;organic;Bar/Restaurante do Pessoinha (@bardopessoinha);https://instagram.com/bardopessoinha;city_not_confirmed
10f71936-a4b9-4c9b-b2c4-d1c709081a93;Bar e Restaurante do Pessoinha;Bar e Restaurante do Pessoinha Forte Velho PB-011 (83) 98127-1419 Cabedelo PB Instagram;;yellow;98;instagram;organic;Bar/Restaurante do Pessoinha (@bardopessoinha);https://instagram.com/bardopessoinha/reels;city_not_confirmed
10f71936-a4b9-4c9b-b2c4-d1c709081a93;Bar e Restaurante do Pessoinha;Bar e Restaurante do Pessoinha Forte Velho PB-011 (83) 98127-1419 Cabedelo PB Instagram;;yellow;57;instagram;organic;O que tem em Forte Velho? #paraiba #gastronomia #turismo ...;https://instagram.com/reel/CkwRdfQg0k7;instagram_reel_not_profile|instagram_profile_not_canonicalizable
10f71936-a4b9-4c9b-b2c4-d1c709081a93;Bar e Restaurante do Pessoinha;Bar e Restaurante do Pessoinha Forte Velho PB-011 (83) 98127-1419 Cabedelo PB Instagram;;yellow;51;instagram;organic;Reel by Bar/Restaurante do Pessoinha (@bardopessoinha);https://instagram.com/reel/CTcVpY1nfbr;instagram_reel_not_profile|instagram_profile_not_canonicalizable
10f71936-a4b9-4c9b-b2c4-d1c709081a93;Bar e Restaurante do Pessoinha;Bar e Restaurante do Pessoinha Forte Velho PB-011 (83) 98127-1419 Cabedelo PB Instagram;;red;40;instagram;organic;Forte Velho – PB (@fortevelho);https://instagram.com/fortevelho;brand_not_confirmed|city_not_confirmed
10f71936-a4b9-4c9b-b2c4-d1c709081a93;Bar e Restaurante do Pessoinha;Bar e Restaurante do Pessoinha Forte Velho PB-011 (83) 98127-1419 Cabedelo PB Instagram;;red;40;instagram;organic;Ana Carolina Monteiro (@bar_paraiso33) · Santa Rita, PB;https://instagram.com/bar_paraiso33;brand_not_confirmed|city_not_confirmed
10f71936-a4b9-4c9b-b2c4-d1c709081a93;Bar e Restaurante do Pessoinha;Bar e Restaurante do Pessoinha Forte Velho PB-011 (83) 98127-1419 Cabedelo PB Instagram;;red;35;instagram;organic;Photo by Bar/Restaurante do Pessoinha (@bardopessoinha);https://instagram.com/p/B3hZou-g-9N;instagram_p_not_profile|instagram_profile_not_canonicalizable|city_not_confirmed
10f71936-a4b9-4c9b-b2c4-d1c709081a93;Bar e Restaurante do Pessoinha;Bar e Restaurante do Pessoinha Forte Velho PB-011 (83) 98127-1419 Cabedelo PB Instagram;;red;34;instagram;organic;Recanto da Pipa -📍Forte Velho (@recantodapipafv);https://instagram.com/recantodapipafv;brand_not_confirmed|city_not_confirmed
4afb52ad-1fa0-493f-be6c-8275d6664324;Galeteria D'intermares;Galeteria D'intermares Intermares R. Golfo Veneza (83) 2178-2106 Cabedelo PB Instagram;yes;yellow;122;instagram;organic;Galeteria D'intermares (@galeteriaintermares);https://instagram.com/galeteriaintermares;
4afb52ad-1fa0-493f-be6c-8275d6664324;Galeteria D'intermares;Galeteria D'intermares Intermares R. Golfo Veneza (83) 2178-2106 Cabedelo PB Instagram;;yellow;50;instagram;organic;Numar Bar e Restaurante (@numarbarintermares);https://instagram.com/numarbarintermares;brand_not_confirmed
4afb52ad-1fa0-493f-be6c-8275d6664324;Galeteria D'intermares;Galeteria D'intermares Intermares R. Golfo Veneza (83) 2178-2106 Cabedelo PB Instagram;;red;42;cabedelo.pb.gov.br;organic;Galeteria D'Intermares | Prefeitura de Cabedelo;https://cabedelo.pb.gov.br/ondecomer/galeteria-dintermares;
4afb52ad-1fa0-493f-be6c-8275d6664324;Galeteria D'intermares;Galeteria D'intermares Intermares R. Golfo Veneza (83) 2178-2106 Cabedelo PB Instagram;;red;40;instagram;organic;PRIMO RICO (@primoricopb) • Instagram photos and videos;https://instagram.com/primoricopb;brand_not_confirmed|city_not_confirmed
4afb52ad-1fa0-493f-be6c-8275d6664324;Galeteria D'intermares;Galeteria D'intermares Intermares R. Golfo Veneza (83) 2178-2106 Cabedelo PB Instagram;;red;34;instagram;organic;@tocadaninha.oficial @mariliasouzaleao;https://instagram.com/danillo_intermares/reel/DXUQx5tjtbJ/?hl=bn;brand_not_confirmed|city_not_confirmed
4afb52ad-1fa0-493f-be6c-8275d6664324;Galeteria D'intermares;Galeteria D'intermares Intermares R. Golfo Veneza (83) 2178-2106 Cabedelo PB Instagram;;red;15;instagram;organic;Nesta quinta-feira estará de volta a noite de Fondue no ...;https://instagram.com/reel/CsUrzFkpf_t;instagram_reel_not_profile|brand_not_confirmed|instagram_profile_not_canonicalizable
4afb52ad-1fa0-493f-be6c-8275d6664324;Galeteria D'intermares;Galeteria D'intermares Intermares R. Golfo Veneza (83) 2178-2106 Cabedelo PB Instagram;;red;8;wanderboat.ai;organic;Galeteria D'intermares - R. Golfo Veneza, 28;https://wanderboat.ai/restaurants/brazil/regi%C3%A3o-geogr%C3%A1fica-imediata-de-jo%C3%A3o-pessoa/galeteria-d'intermares/WZvaRv-9TNGpf2lxuoDf3w;city_not_confirmed
4afb52ad-1fa0-493f-be6c-8275d6664324;Galeteria D'intermares;Galeteria D'intermares Intermares R. Golfo Veneza (83) 2178-2106 Cabedelo PB Instagram;;red;-6;instagram;derived_instagram_handle;Instagram profile @numarbar;https://instagram.com/numarbar;brand_not_confirmed|derived_handle_brand_not_confirmed|city_not_confirmed
d90b585e-8b14-442e-993f-457ad253dc8f;CTG Saudade Da Querência;CTG Saudade Da Querência Lot. Praia Grande R. João Santos Coelho Filho Cabedelo PB Instagram;yes;yellow;116;instagram;derived_instagram_handle;Instagram profile @ctgpb;https://instagram.com/ctgpb;city_not_confirmed
d90b585e-8b14-442e-993f-457ad253dc8f;CTG Saudade Da Querência;CTG Saudade Da Querência Lot. Praia Grande R. João Santos Coelho Filho Cabedelo PB Instagram;;yellow;110;instagram;organic;ctgsaudadesdaquerencia;https://instagram.com/ctgsaudadesdaquerencia;city_not_confirmed
d90b585e-8b14-442e-993f-457ad253dc8f;CTG Saudade Da Querência;CTG Saudade Da Querência Lot. Praia Grande R. João Santos Coelho Filho Cabedelo PB Instagram;;yellow;77;instagram;organic;CTG Saudades Da Querência (@ctgpb) · João Pessoa, PB;https://instagram.com/ctgpb/?hl=pt;conflicting_location:joao pessoa, pb
d90b585e-8b14-442e-993f-457ad253dc8f;CTG Saudade Da Querência;CTG Saudade Da Querência Lot. Praia Grande R. João Santos Coelho Filho Cabedelo PB Instagram;;yellow;73;instagram;organic;CTG Saudades da Querência-João Pessoa/PB;https://instagram.com/explore/locations/408608910/ctg-saudades-da-querencia-joao-pessoapb;instagram_explore_not_profile|instagram_profile_not_canonicalizable
d90b585e-8b14-442e-993f-457ad253dc8f;CTG Saudade Da Querência;CTG Saudade Da Querência Lot. Praia Grande R. João Santos Coelho Filho Cabedelo PB Instagram;;yellow;57;instagram;organic;Photo by CTG Saudades Da Querência (@ctgpb);https://instagram.com/p/DDfS_NxpuK7;instagram_p_not_profile|instagram_profile_not_canonicalizable|city_not_confirmed
d90b585e-8b14-442e-993f-457ad253dc8f;CTG Saudade Da Querência;CTG Saudade Da Querência Lot. Praia Grande R. João Santos Coelho Filho Cabedelo PB Instagram;;yellow;57;instagram;organic;"CTG Saudades Da Querência on Instagram: ""RESERVAS ...";https://instagram.com/reel/CvtQaWSNlIY;instagram_reel_not_profile|instagram_profile_not_canonicalizable|city_not_confirmed
d90b585e-8b14-442e-993f-457ad253dc8f;CTG Saudade Da Querência;CTG Saudade Da Querência Lot. Praia Grande R. João Santos Coelho Filho Cabedelo PB Instagram;;yellow;52;tripadvisor;organic;CTG - SAUDADES DA QUERÊNCIA, Cabedelo;https://tripadvisor.com.br/Restaurant_Review-g793398-d23142659-Reviews-Ctg_Saudades_Da_Querencia-Cabedelo_State_of_Paraiba.html;
d90b585e-8b14-442e-993f-457ad253dc8f;CTG Saudade Da Querência;CTG Saudade Da Querência Lot. Praia Grande R. João Santos Coelho Filho Cabedelo PB Instagram;;yellow;51;instagram;organic;"CTG Saudades Da Querência on Instagram: ""Reservas e ...";https://instagram.com/reel/DJUVZSpNYtR;instagram_reel_not_profile|instagram_profile_not_canonicalizable|city_not_confirmed
60d131e5-d7fb-4aa2-b3b0-83af50747ff2;Pipa Sushi & Temakeria;Pipa Sushi & Temakeria Intermares Av. Mar das Antilhas (83) 3248-4251 Cabedelo PB Instagram;yes;yellow;120;instagram;organic;Pipa Temaki (@pipatemaki) · Cabedelo, PB;https://instagram.com/pipatemaki;
60d131e5-d7fb-4aa2-b3b0-83af50747ff2;Pipa Sushi & Temakeria;Pipa Sushi & Temakeria Intermares Av. Mar das Antilhas (83) 3248-4251 Cabedelo PB Instagram;;green;88;anota_ai;organic;Pipa Sushi & Temakeria | Delivery em CABEDELO;https://pedido.anota.ai/loja/pipa-sushi-temakeria;brand_not_confirmed
60d131e5-d7fb-4aa2-b3b0-83af50747ff2;Pipa Sushi & Temakeria;Pipa Sushi & Temakeria Intermares Av. Mar das Antilhas (83) 3248-4251 Cabedelo PB Instagram;;red;20;linktree;organic;Pipa Temaki Restaurant - Visit to Find Food Options & See ...;https://linktr.ee/pipatemaki;brand_not_confirmed|city_not_confirmed
60d131e5-d7fb-4aa2-b3b0-83af50747ff2;Pipa Sushi & Temakeria;Pipa Sushi & Temakeria Intermares Av. Mar das Antilhas (83) 3248-4251 Cabedelo PB Instagram;;red;8;tripadvisor;organic;PIPA TEMAKI, Cabedelo - Comentários de Restaurantes, ...;https://tripadvisor.com.br/Restaurant_Review-g793398-d11912241-Reviews-Pipa_temaki-Cabedelo_State_of_Paraiba.html;brand_not_confirmed
60d131e5-d7fb-4aa2-b3b0-83af50747ff2;Pipa Sushi & Temakeria;Pipa Sushi & Temakeria Intermares Av. Mar das Antilhas (83) 3248-4251 Cabedelo PB Instagram;;red;5;instagram;organic;Procurando onde comer temaki, sushi ou aquela comida ...;https://instagram.com/p/DJXnkKPu_Xb;instagram_p_not_profile|brand_not_confirmed|instagram_profile_not_canonicalizable
60d131e5-d7fb-4aa2-b3b0-83af50747ff2;Pipa Sushi & Temakeria;Pipa Sushi & Temakeria Intermares Av. Mar das Antilhas (83) 3248-4251 Cabedelo PB Instagram;;red;-7;instagram;organic;Os temakis mais saborosos você encontra aqui! ...;https://instagram.com/p/CvvMznKNHC9;instagram_p_not_profile|brand_not_confirmed|instagram_profile_not_canonicalizable|city_not_confirmed
60d131e5-d7fb-4aa2-b3b0-83af50747ff2;Pipa Sushi & Temakeria;Pipa Sushi & Temakeria Intermares Av. Mar das Antilhas (83) 3248-4251 Cabedelo PB Instagram;;red;-8;facebook;organic;Está esperando o quê para vir conhecer o Pipa Temaki ...;https://facebook.com/pipatemaki/videos/est%C3%A1-esperando-o-qu%C3%AA-para-vir-conhecer-o-pipa-temakiestamos-abertos-das-17h-%C3%A0s-2/1612464482623003;brand_not_confirmed|city_not_confirmed
60d131e5-d7fb-4aa2-b3b0-83af50747ff2;Pipa Sushi & Temakeria;Pipa Sushi & Temakeria Intermares Av. Mar das Antilhas (83) 3248-4251 Cabedelo PB Instagram;;red;-19;instagram;organic;Uma obra-prima gastronômica que une sabor e arte em ...;https://instagram.com/p/DJKpzOTunkJ;instagram_p_not_profile|brand_not_confirmed|instagram_profile_not_canonicalizable|city_not_confirmed
6a5072b1-12a8-4613-be77-4d8f4f47ab48;Sakê Temakeria Ponta de Campina, Cabedelo;Sakê Temakeria Ponta de Campina, Cabedelo Sl 16 E 17 - Ponta de Campina Av. Oceano Atlântico (83) 98160-8378 Cabedelo PB Instagram;yes;yellow;98;instagram;organic;Sakê Temakeria Premium (@saketemaki);https://instagram.com/saketemaki;city_not_confirmed
6a5072b1-12a8-4613-be77-4d8f4f47ab48;Sakê Temakeria Ponta de Campina, Cabedelo;Sakê Temakeria Ponta de Campina, Cabedelo Sl 16 E 17 - Ponta de Campina Av. Oceano Atlântico (83) 98160-8378 Cabedelo PB Instagram;;yellow;98;instagram;organic;Sakê Temakeria Premium (@saketemaki);https://instagram.com/saketemaki/reels;city_not_confirmed
6a5072b1-12a8-4613-be77-4d8f4f47ab48;Sakê Temakeria Ponta de Campina, Cabedelo;Sakê Temakeria Ponta de Campina, Cabedelo Sl 16 E 17 - Ponta de Campina Av. Oceano Atlântico (83) 98160-8378 Cabedelo PB Instagram;;red;44;tripadvisor;organic;SAKE TEMAKI PONTA DE CAMPINA, Cabedelo;https://tripadvisor.com.br/Restaurant_Review-g793398-d26433456-Reviews-Sake_Temaki_Ponta_de_Campina-Cabedelo_State_of_Paraiba.html;
6a5072b1-12a8-4613-be77-4d8f4f47ab48;Sakê Temakeria Ponta de Campina, Cabedelo;Sakê Temakeria Ponta de Campina, Cabedelo Sl 16 E 17 - Ponta de Campina Av. Oceano Atlântico (83) 98160-8378 Cabedelo PB Instagram;;red;43;instagram;organic;Há um SAKĒ perto de você: Ponta de Campina, Manaíra, ...;https://instagram.com/reel/DFaYE1YRyOk;instagram_reel_not_profile|instagram_profile_not_canonicalizable|city_not_confirmed
6a5072b1-12a8-4613-be77-4d8f4f47ab48;Sakê Temakeria Ponta de Campina, Cabedelo;Sakê Temakeria Ponta de Campina, Cabedelo Sl 16 E 17 - Ponta de Campina Av. Oceano Atlântico (83) 98160-8378 Cabedelo PB Instagram;;red;38;saketemaki.com;organic;Ponta de Campina - Sakê;https://saketemaki.com/unidade/ponta-de-campina;
6a5072b1-12a8-4613-be77-4d8f4f47ab48;Sakê Temakeria Ponta de Campina, Cabedelo;Sakê Temakeria Ponta de Campina, Cabedelo Sl 16 E 17 - Ponta de Campina Av. Oceano Atlântico (83) 98160-8378 Cabedelo PB Instagram;;red;38;saketemaki.com;organic;Contato - Sakê;https://saketemaki.com/contato;
6a5072b1-12a8-4613-be77-4d8f4f47ab48;Sakê Temakeria Ponta de Campina, Cabedelo;Sakê Temakeria Ponta de Campina, Cabedelo Sl 16 E 17 - Ponta de Campina Av. Oceano Atlântico (83) 98160-8378 Cabedelo PB Instagram;;red;11;instagram;organic;Ambiente moderno, culinária japonesa bem executada e uma ...;https://instagram.com/reel/DWDJvw-Da5L;instagram_reel_not_profile|brand_not_confirmed|instagram_profile_not_canonicalizable
6a5072b1-12a8-4613-be77-4d8f4f47ab48;Sakê Temakeria Ponta de Campina, Cabedelo;Sakê Temakeria Ponta de Campina, Cabedelo Sl 16 E 17 - Ponta de Campina Av. Oceano Atlântico (83) 98160-8378 Cabedelo PB Instagram;;red;11;instagram;organic;O @saketemaki é a escolha certa para o seu domingo! ...;https://instagram.com/p/C092wgchnhw;instagram_p_not_profile|brand_not_confirmed|instagram_profile_not_canonicalizable
1c95b48d-3189-4496-8e70-4e9167967964;La casa de pastel e La Pizza Premium;La casa de pastel e La Pizza Premium R. Primo José Viana Rua por trás do Campo Municipal (83) 98625-2145 Cabedelo PB Instagram;yes;yellow;132;instagram;organic;lacasadepastelpb (@lacasadepastelpbof) · Cabedelo, PB;https://instagram.com/lacasadepastelpbof;
1c95b48d-3189-4496-8e70-4e9167967964;La casa de pastel e La Pizza Premium;La casa de pastel e La Pizza Premium R. Primo José Viana Rua por trás do Campo Municipal (83) 98625-2145 Cabedelo PB Instagram;;yellow;110;instagram;derived_instagram_handle;Instagram profile @lacasadepastel;https://instagram.com/lacasadepastel;city_not_confirmed
1c95b48d-3189-4496-8e70-4e9167967964;La casa de pastel e La Pizza Premium;La casa de pastel e La Pizza Premium R. Primo José Viana Rua por trás do Campo Municipal (83) 98625-2145 Cabedelo PB Instagram;;yellow;110;instagram;derived_instagram_handle;Instagram profile @casa.do.pastel2;https://instagram.com/casa.do.pastel2;city_not_confirmed
1c95b48d-3189-4496-8e70-4e9167967964;La casa de pastel e La Pizza Premium;La casa de pastel e La Pizza Premium R. Primo José Viana Rua por trás do Campo Municipal (83) 98625-2145 Cabedelo PB Instagram;;yellow;110;instagram;organic;La Casa De Pastel Delivery (@lacasadepasteldelivery_);https://instagram.com/lacasadepasteldelivery_;city_not_confirmed
1c95b48d-3189-4496-8e70-4e9167967964;La casa de pastel e La Pizza Premium;La casa de pastel e La Pizza Premium R. Primo José Viana Rua por trás do Campo Municipal (83) 98625-2145 Cabedelo PB Instagram;;yellow;98;instagram;organic;La casa de pastel da Pri (@lacasa.depastel.dapri2);https://instagram.com/lacasa.depastel.dapri2;city_not_confirmed
1c95b48d-3189-4496-8e70-4e9167967964;La casa de pastel e La Pizza Premium;La casa de pastel e La Pizza Premium R. Primo José Viana Rua por trás do Campo Municipal (83) 98625-2145 Cabedelo PB Instagram;;red;2;wanderboat.ai;organic;La casa de pastel e La Pizza Premium;https://wanderboat.ai/restaurants/brazil/regi%C3%A3o-geogr%C3%A1fica-imediata-de-jo%C3%A3o-pessoa/la-casa-de-pastel-e-la-pizza-premium/3O1NeXRfRJ-xOss5brI72A;brand_not_confirmed
1c95b48d-3189-4496-8e70-4e9167967964;La casa de pastel e La Pizza Premium;La casa de pastel e La Pizza Premium R. Primo José Viana Rua por trás do Campo Municipal (83) 98625-2145 Cabedelo PB Instagram;;red;1;instagram;organic;Reel by LaCasa de Pastel (@lacasadepastel) · September 25 ...;https://instagram.com/reel/DPCnXyUAnhX;instagram_reel_not_profile|brand_not_confirmed|instagram_profile_not_canonicalizable|city_not_confirmed
1c95b48d-3189-4496-8e70-4e9167967964;La casa de pastel e La Pizza Premium;La casa de pastel e La Pizza Premium R. Primo José Viana Rua por trás do Campo Municipal (83) 98625-2145 Cabedelo PB Instagram;;red;1;instagram;organic;LÁ CASA DA PIZZA 🍕 | Nosso cardápio de pastel 🤤;https://instagram.com/reel/DXOIaN3Dgkj;instagram_reel_not_profile|brand_not_confirmed|instagram_profile_not_canonicalizable|city_not_confirmed
7c405790-3fe5-455d-9a65-8d12b2236e50;Sorveteria glacial;Sorveteria glacial Centro Vila dos Estivadores (83) 99827-1690 Cabedelo PB Instagram;yes;yellow;98;instagram;organic;Sorveteria Glacial (@sorveteriaglacial) · Manaus, AM;https://instagram.com/sorveteriaglacial;city_not_confirmed
7c405790-3fe5-455d-9a65-8d12b2236e50;Sorveteria glacial;Sorveteria glacial Centro Vila dos Estivadores (83) 99827-1690 Cabedelo PB Instagram;;red;40;instagram;organic;GLAÇAÍ - SORVETES E AÇAÍ (@glacai0ficial);https://instagram.com/glacai0ficial/reels;brand_not_confirmed|city_not_confirmed
7c405790-3fe5-455d-9a65-8d12b2236e50;Sorveteria glacial;Sorveteria glacial Centro Vila dos Estivadores (83) 99827-1690 Cabedelo PB Instagram;;red;35;instagram;organic;"Sorveteria Glacial on Instagram: ""A Glacial tem tudo de ...";https://instagram.com/reel/DRAXI4zkfdJ;instagram_reel_not_profile|instagram_profile_not_canonicalizable|city_not_confirmed
7c405790-3fe5-455d-9a65-8d12b2236e50;Sorveteria glacial;Sorveteria glacial Centro Vila dos Estivadores (83) 99827-1690 Cabedelo PB Instagram;;red;35;instagram;organic;Monte seu sorvete Glacial do jeitinho que você gosta e ...;https://instagram.com/p/DPW1MMRjsei;instagram_p_not_profile|instagram_profile_not_canonicalizable|city_not_confirmed
7c405790-3fe5-455d-9a65-8d12b2236e50;Sorveteria glacial;Sorveteria glacial Centro Vila dos Estivadores (83) 99827-1690 Cabedelo PB Instagram;;red;35;instagram;organic;"Sorveteria Glacial on Instagram: ""Sabores únicos para quem ...";https://instagram.com/reel/DKnbJiUSigj;instagram_reel_not_profile|instagram_profile_not_canonicalizable|city_not_confirmed
7c405790-3fe5-455d-9a65-8d12b2236e50;Sorveteria glacial;Sorveteria glacial Centro Vila dos Estivadores (83) 99827-1690 Cabedelo PB Instagram;;red;35;instagram;organic;Confira os horários e venha aproveitar momentos ...;https://instagram.com/p/DD8sbnOOlWv;instagram_p_not_profile|instagram_profile_not_canonicalizable|city_not_confirmed
7c405790-3fe5-455d-9a65-8d12b2236e50;Sorveteria glacial;Sorveteria glacial Centro Vila dos Estivadores (83) 99827-1690 Cabedelo PB Instagram;;red;35;instagram;organic;"Sorveteria Glacial on Instagram: ""O fim de semana tá demais ...";https://instagram.com/reel/DYGXOVKsZRm;instagram_reel_not_profile|instagram_profile_not_canonicalizable|city_not_confirmed
7c405790-3fe5-455d-9a65-8d12b2236e50;Sorveteria glacial;Sorveteria glacial Centro Vila dos Estivadores (83) 99827-1690 Cabedelo PB Instagram;;red;35;instagram;organic;Às vezes, tudo que o dia precisa é de um gelado Glacial;https://instagram.com/p/DXuQP7_EVLM;instagram_p_not_profile|instagram_profile_not_canonicalizable|city_not_confirmed
e6b82c85-d208-4590-8889-6aa3de57c7a5;Açaí da Cris;Açaí da Cris Vila Sao Joao Tv. Primo José Viana (83) 98865-3585 Cabedelo PB Instagram;yes;yellow;98;instagram;derived_instagram_handle;Instagram profile @acaidacris;https://instagram.com/acaidacris;city_not_confirmed
e6b82c85-d208-4590-8889-6aa3de57c7a5;Açaí da Cris;Açaí da Cris Vila Sao Joao Tv. Primo José Viana (83) 98865-3585 Cabedelo PB Instagram;;yellow;98;instagram;organic;Açaí da Cris (@acaii_dacris);https://instagram.com/acaii_dacris;city_not_confirmed
e6b82c85-d208-4590-8889-6aa3de57c7a5;Açaí da Cris;Açaí da Cris Vila Sao Joao Tv. Primo José Viana (83) 98865-3585 Cabedelo PB Instagram;;red;5;instagram;organic;Centro - Cabedelo. 📢 Chama a família toda ✌🏻 ✅ Açaí ...;https://instagram.com/p/BDwBqn4pNvc;instagram_p_not_profile|brand_not_confirmed|instagram_profile_not_canonicalizable
e6b82c85-d208-4590-8889-6aa3de57c7a5;Açaí da Cris;Açaí da Cris Vila Sao Joao Tv. Primo José Viana (83) 98865-3585 Cabedelo PB Instagram;;red;5;instagram;organic;Tradição e qualidade andam lado a lado. Açaí da Cris ...;https://instagram.com/p/DSf_e05ifVR;instagram_p_not_profile|brand_not_confirmed|instagram_profile_not_canonicalizable
e6b82c85-d208-4590-8889-6aa3de57c7a5;Açaí da Cris;Açaí da Cris Vila Sao Joao Tv. Primo José Viana (83) 98865-3585 Cabedelo PB Instagram;;red;2;instagram;derived_instagram_handle;Instagram profile @tiacreuzaof;https://instagram.com/tiacreuzaof;brand_not_confirmed|derived_handle_brand_not_confirmed|city_not_confirmed
e6b82c85-d208-4590-8889-6aa3de57c7a5;Açaí da Cris;Açaí da Cris Vila Sao Joao Tv. Primo José Viana (83) 98865-3585 Cabedelo PB Instagram;;red;-11;instagram;organic;Faça igual @tiacreuzaof não perca tempo garanta seu açaí ...;https://instagram.com/p/Bh5XCjQDfx_;instagram_p_not_profile|brand_not_confirmed|instagram_profile_not_canonicalizable|city_not_confirmed
e6b82c85-d208-4590-8889-6aa3de57c7a5;Açaí da Cris;Açaí da Cris Vila Sao Joao Tv. Primo José Viana (83) 98865-3585 Cabedelo PB Instagram;;red;-11;instagram;organic;A Cris Bom conhece muito bem seus clientes e sempre ...;https://instagram.com/reel/DQ9YJ6nAHME;instagram_reel_not_profile|brand_not_confirmed|instagram_profile_not_canonicalizable|city_not_confirmed
e6b82c85-d208-4590-8889-6aa3de57c7a5;Açaí da Cris;Açaí da Cris Vila Sao Joao Tv. Primo José Viana (83) 98865-3585 Cabedelo PB Instagram;;red;-11;instagram;organic;Não passa vontade em! Chama no direct ou no link da bio ...;https://instagram.com/p/Cl7EVJZNjxB;instagram_p_not_profile|brand_not_confirmed|instagram_profile_not_canonicalizable|city_not_confirmed
ebc2a604-0b9b-4ccb-896b-e3ccca9d16a1;Pizza Now - Intermares;Pizza Now - Intermares Lj 14 - Ponta de Campina Av. Oceano Atlântico 0800 012 2000 Cabedelo PB Instagram;yes;yellow;110;instagram;organic;Pizza Now (@pizzanowexpress);https://instagram.com/pizzanowexpress;city_not_confirmed
ebc2a604-0b9b-4ccb-896b-e3ccca9d16a1;Pizza Now - Intermares;Pizza Now - Intermares Lj 14 - Ponta de Campina Av. Oceano Atlântico 0800 012 2000 Cabedelo PB Instagram;;green;88;anota_ai;organic;Pizza Now Intermares | Delivery em CABEDELO | Pedido online;https://pedido.anota.ai/loja/pizza-now-intermares;brand_not_confirmed
ebc2a604-0b9b-4ccb-896b-e3ccca9d16a1;Pizza Now - Intermares;Pizza Now - Intermares Lj 14 - Ponta de Campina Av. Oceano Atlântico 0800 012 2000 Cabedelo PB Instagram;;red;-11;instagram;organic;"Pizza Now on Instagram: ""O Verão com Pizza Now é muito ...";https://instagram.com/reel/DD1jO7BRoup;instagram_reel_not_profile|brand_not_confirmed|instagram_profile_not_canonicalizable|city_not_confirmed
ebc2a604-0b9b-4ccb-896b-e3ccca9d16a1;Pizza Now - Intermares;Pizza Now - Intermares Lj 14 - Ponta de Campina Av. Oceano Atlântico 0800 012 2000 Cabedelo PB Instagram;;red;-11;instagram;organic;Praia Formosa e no GETMall - Ponta de Campina, prontos ...;https://instagram.com/p/DEVJhmhRETR;instagram_p_not_profile|brand_not_confirmed|instagram_profile_not_canonicalizable|city_not_confirmed
ebc2a604-0b9b-4ccb-896b-e3ccca9d16a1;Pizza Now - Intermares;Pizza Now - Intermares Lj 14 - Ponta de Campina Av. Oceano Atlântico 0800 012 2000 Cabedelo PB Instagram;;red;-11;instagram;organic;🚨 PIZZA NOW está com Oferta de 1 Pizza Grande com 4 ...;https://instagram.com/p/DMqe1R7psqG;instagram_p_not_profile|brand_not_confirmed|instagram_profile_not_canonicalizable|city_not_confirmed
ebc2a604-0b9b-4ccb-896b-e3ccca9d16a1;Pizza Now - Intermares;Pizza Now - Intermares Lj 14 - Ponta de Campina Av. Oceano Atlântico 0800 012 2000 Cabedelo PB Instagram;;red;-11;instagram;organic;🍕✨ Verão com sabor novo é na Pizza Now! Chegaram ...;https://instagram.com/p/DTK_xkkDdJT;instagram_p_not_profile|brand_not_confirmed|instagram_profile_not_canonicalizable|city_not_confirmed
ebc2a604-0b9b-4ccb-896b-e3ccca9d16a1;Pizza Now - Intermares;Pizza Now - Intermares Lj 14 - Ponta de Campina Av. Oceano Atlântico 0800 012 2000 Cabedelo PB Instagram;;red;-11;instagram;organic;"Pizza Now on Instagram: "" Pizza Now é sabor em vários ...";https://instagram.com/reel/DTAx_AnDnAK;instagram_reel_not_profile|brand_not_confirmed|instagram_profile_not_canonicalizable|city_not_confirmed
ebc2a604-0b9b-4ccb-896b-e3ccca9d16a1;Pizza Now - Intermares;Pizza Now - Intermares Lj 14 - Ponta de Campina Av. Oceano Atlântico 0800 012 2000 Cabedelo PB Instagram;;red;-14;pizzanow.com.br;organic;Pizza Now;https://pizzanow.com.br;brand_not_confirmed|city_not_confirmed
538d1975-cdfa-4c9f-97f6-ddee94efc67b;Meio Quilo;Meio Quilo Centro R. Aderbal Piragibe (83) 3228-8464 Cabedelo PB Instagram;;red;44;tripadvisor;organic;RESTAURANTE MEIO QUILO, Cabedelo - Comentários de ...;https://tripadvisor.com.br/Restaurant_Review-g793398-d7867522-Reviews-Restaurante_Meio_Quilo-Cabedelo_State_of_Paraiba.html;
538d1975-cdfa-4c9f-97f6-ddee94efc67b;Meio Quilo;Meio Quilo Centro R. Aderbal Piragibe (83) 3228-8464 Cabedelo PB Instagram;;red;38;vendaagora.com;organic;restaurante meio quilo - cabedelo - pb;https://vendaagora.com/restaureantemeioquilo;
538d1975-cdfa-4c9f-97f6-ddee94efc67b;Meio Quilo;Meio Quilo Centro R. Aderbal Piragibe (83) 3228-8464 Cabedelo PB Instagram;yes;red;38;instagram;organic;Outlet Dos Móveis (@outletdosmoveisdb) · Cabedelo, PB;https://instagram.com/outletdosmoveisdb;brand_not_confirmed|name_not_confirmed
538d1975-cdfa-4c9f-97f6-ddee94efc67b;Meio Quilo;Meio Quilo Centro R. Aderbal Piragibe (83) 3228-8464 Cabedelo PB Instagram;;red;-15;instagram;organic;VISTA-SE | LOJA DE ROUPA EM CABEDELO;https://instagram.com/p/DaDUG8FRYFU;instagram_p_not_profile|brand_not_confirmed|name_not_confirmed|instagram_profile_not_canonicalizable
538d1975-cdfa-4c9f-97f6-ddee94efc67b;Meio Quilo;Meio Quilo Centro R. Aderbal Piragibe (83) 3228-8464 Cabedelo PB Instagram;;red;-15;instagram;organic;VISTA-SE | LOJA DE ROUPA EM CABEDELO ...;https://instagram.com/reel/DY7xvKLiTxo;instagram_reel_not_profile|brand_not_confirmed|name_not_confirmed|instagram_profile_not_canonicalizable
538d1975-cdfa-4c9f-97f6-ddee94efc67b;Meio Quilo;Meio Quilo Centro R. Aderbal Piragibe (83) 3228-8464 Cabedelo PB Instagram;;red;-15;instagram;organic;VISTA-SE | LOJA DE ROUPA EM CABEDELO;https://instagram.com/p/DRr2VNOEeIE;instagram_p_not_profile|brand_not_confirmed|name_not_confirmed|instagram_profile_not_canonicalizable
538d1975-cdfa-4c9f-97f6-ddee94efc67b;Meio Quilo;Meio Quilo Centro R. Aderbal Piragibe (83) 3228-8464 Cabedelo PB Instagram;;red;-15;instagram;organic;VISTA-SE | LOJA DE ROUPA EM CABEDELO;https://instagram.com/p/DWZTE7IEf6u;instagram_p_not_profile|brand_not_confirmed|name_not_confirmed|instagram_profile_not_canonicalizable
538d1975-cdfa-4c9f-97f6-ddee94efc67b;Meio Quilo;Meio Quilo Centro R. Aderbal Piragibe (83) 3228-8464 Cabedelo PB Instagram;;red;-21;instagram;organic;"Nadson Acessórios on Instagram: ""A Loja Mais completa da ...";https://instagram.com/reel/CR89wH6DWka;instagram_reel_not_profile|brand_not_confirmed|name_not_confirmed|instagram_profile_not_canonicalizable
4f71666b-ecb6-4963-9201-86bcc7d29c66;churrascaria do biu;churrascaria do biu Lot. Vitorino Cardoso R. Carolino Cardoso (83) 98752-5897 Cabedelo PB Instagram;;green;88;anota_ai;organic;churrascaria e pizzaria do biu | Delivery em CABEDELO;https://pedido.anota.ai/loja/pizzaria-do-biu;brand_not_confirmed
4f71666b-ecb6-4963-9201-86bcc7d29c66;churrascaria do biu;churrascaria do biu Lot. Vitorino Cardoso R. Carolino Cardoso (83) 98752-5897 Cabedelo PB Instagram;yes;yellow;56;instagram;organic;RESTAURANTE POR DO SOL • (@bar_restaurantepordosol);https://instagram.com/bar_restaurantepordosol;brand_not_confirmed
4f71666b-ecb6-4963-9201-86bcc7d29c66;churrascaria do biu;churrascaria do biu Lot. Vitorino Cardoso R. Carolino Cardoso (83) 98752-5897 Cabedelo PB Instagram;;red;34;instagram;organic;Lovina Ponta de Campina (@lovinapontadecampina);https://instagram.com/lovinapontadecampina/?hl=pt;brand_not_confirmed|city_not_confirmed
4f71666b-ecb6-4963-9201-86bcc7d29c66;churrascaria do biu;churrascaria do biu Lot. Vitorino Cardoso R. Carolino Cardoso (83) 98752-5897 Cabedelo PB Instagram;;red;15;instagram;organic;Não é apenas frango, é uma experiência! Leve a verdadeira ...;https://instagram.com/reel/DO9cupUiQZu;instagram_reel_not_profile|brand_not_confirmed|instagram_profile_not_canonicalizable
4f71666b-ecb6-4963-9201-86bcc7d29c66;churrascaria do biu;churrascaria do biu Lot. Vitorino Cardoso R. Carolino Cardoso (83) 98752-5897 Cabedelo PB Instagram;;red;2;wanderlog.com;organic;Os 15 melhores restaurantes para jantar em Cabedelo;https://wanderlog.com/pt/list/geoCategory/31056/os-melhores-restaurantes-para-jantar-em-cabedelo;brand_not_confirmed
4f71666b-ecb6-4963-9201-86bcc7d29c66;churrascaria do biu;churrascaria do biu Lot. Vitorino Cardoso R. Carolino Cardoso (83) 98752-5897 Cabedelo PB Instagram;;red;-3;instagram;organic;Ponta de Campina, Cabedelo ⏰ Todos os dias das 09h às ...;https://instagram.com/p/Cb7hfQ-O4Ii;instagram_p_not_profile|brand_not_confirmed|instagram_profile_not_canonicalizable
4f71666b-ecb6-4963-9201-86bcc7d29c66;churrascaria do biu;churrascaria do biu Lot. Vitorino Cardoso R. Carolino Cardoso (83) 98752-5897 Cabedelo PB Instagram;;red;-3;instagram;organic;"Lovina Ponta de Campina on Instagram: ""Procurando onde ...";https://instagram.com/reel/CawsnoPjejQ;instagram_reel_not_profile|brand_not_confirmed|instagram_profile_not_canonicalizable
4f71666b-ecb6-4963-9201-86bcc7d29c66;churrascaria do biu;churrascaria do biu Lot. Vitorino Cardoso R. Carolino Cardoso (83) 98752-5897 Cabedelo PB Instagram;;red;-6;cabedelo.pb.gov.br;organic;Badionaldo | Prefeitura de Cabedelo;https://cabedelo.pb.gov.br/ondecomer/badionaldo;brand_not_confirmed
e88b7772-a307-4cca-a7b8-e3c7f6502788;Pizzaria Jacaré;Pizzaria Jacaré Lot. Oceania VI R. Arco Íris Cabedelo PB Instagram;yes;yellow;110;instagram;organic;Pizzaria Bom Sabor🍕 (@pizzariabomsaborpb);https://instagram.com/pizzariabomsaborpb;
e88b7772-a307-4cca-a7b8-e3c7f6502788;Pizzaria Jacaré;Pizzaria Jacaré Lot. Oceania VI R. Arco Íris Cabedelo PB Instagram;;yellow;106;instagram;organic;Pôr do Sol do Jacaré (@pordosoldojacare) · Cabedelo, PB;https://instagram.com/pordosoldojacare;
e88b7772-a307-4cca-a7b8-e3c7f6502788;Pizzaria Jacaré;Pizzaria Jacaré Lot. Oceania VI R. Arco Íris Cabedelo PB Instagram;;yellow;84;instagram;organic;Eu Quero Pizza - Food Truck 🍕 (@euqueropizzafoodtruck);https://instagram.com/euqueropizzafoodtruck;name_not_confirmed
e88b7772-a307-4cca-a7b8-e3c7f6502788;Pizzaria Jacaré;Pizzaria Jacaré Lot. Oceania VI R. Arco Íris Cabedelo PB Instagram;;yellow;47;instagram;organic;Tantas opções para você escolher, e ainda trazer quem ...;https://instagram.com/reel/DS43RMiDr__;instagram_reel_not_profile|instagram_profile_not_canonicalizable
e88b7772-a307-4cca-a7b8-e3c7f6502788;Pizzaria Jacaré;Pizzaria Jacaré Lot. Oceania VI R. Arco Íris Cabedelo PB Instagram;;red;44;instagram;derived_instagram_handle;Instagram profile @arcoirispalmas;https://instagram.com/arcoirispalmas;derived_handle_brand_not_confirmed|city_not_confirmed
e88b7772-a307-4cca-a7b8-e3c7f6502788;Pizzaria Jacaré;Pizzaria Jacaré Lot. Oceania VI R. Arco Íris Cabedelo PB Instagram;;red;43;instagram;organic;Arco-Íris Restaurante e Pizzaria | Faça seu pedido de forma ...;https://instagram.com/reel/DA6zdFGP0x6;instagram_reel_not_profile|instagram_profile_not_canonicalizable|city_not_confirmed
e88b7772-a307-4cca-a7b8-e3c7f6502788;Pizzaria Jacaré;Pizzaria Jacaré Lot. Oceania VI R. Arco Íris Cabedelo PB Instagram;;red;31;instagram;organic;Arco-Íris Restaurante e Pizzaria | O clássico que nunca ...;https://instagram.com/reel/DTRDu7WiWbt;instagram_reel_not_profile|instagram_profile_not_canonicalizable|city_not_confirmed
e88b7772-a307-4cca-a7b8-e3c7f6502788;Pizzaria Jacaré;Pizzaria Jacaré Lot. Oceania VI R. Arco Íris Cabedelo PB Instagram;;red;31;instagram;organic;Arco-Íris Restaurante e Pizzaria | A melhor companhia ...;https://instagram.com/p/DSvflmQFW_F;instagram_p_not_profile|instagram_profile_not_canonicalizable|city_not_confirmed
fd64e520-194c-4a69-a6e7-1ea6f8213889;Casa de Taipa;Casa de Taipa Praia do poço R. Vitorino Cardoso (83) 99195-9104 Cabedelo PB Instagram;yes;yellow;128;instagram;derived_instagram_handle;Instagram profile @casadetaipapb;https://instagram.com/casadetaipapb;
fd64e520-194c-4a69-a6e7-1ea6f8213889;Casa de Taipa;Casa de Taipa Praia do poço R. Vitorino Cardoso (83) 99195-9104 Cabedelo PB Instagram;;yellow;106;instagram;derived_instagram_handle;Instagram profile @casadetaipapurezarn;https://instagram.com/casadetaipapurezarn;city_not_confirmed
fd64e520-194c-4a69-a6e7-1ea6f8213889;Casa de Taipa;Casa de Taipa Praia do poço R. Vitorino Cardoso (83) 99195-9104 Cabedelo PB Instagram;;yellow;65;instagram;organic;Photo by Casa de Taipa | Praia do Poço (@casadetaipapb);https://instagram.com/p/Bzeh8jcl4bF;instagram_p_not_profile|instagram_profile_not_canonicalizable
fd64e520-194c-4a69-a6e7-1ea6f8213889;Casa de Taipa;Casa de Taipa Praia do poço R. Vitorino Cardoso (83) 99195-9104 Cabedelo PB Instagram;;yellow;65;instagram;organic;Photo by Casa de Taipa | Praia do Poço (@casadetaipapb);https://instagram.com/p/B4bbnbJFZcq;instagram_p_not_profile|instagram_profile_not_canonicalizable
fd64e520-194c-4a69-a6e7-1ea6f8213889;Casa de Taipa;Casa de Taipa Praia do poço R. Vitorino Cardoso (83) 99195-9104 Cabedelo PB Instagram;;yellow;49;instagram;organic;Quintou da melhor forma na casa de taipa;https://instagram.com/reel/DXewc6lDhBB;instagram_reel_not_profile|instagram_profile_not_canonicalizable|city_not_confirmed
fd64e520-194c-4a69-a6e7-1ea6f8213889;Casa de Taipa;Casa de Taipa Praia do poço R. Vitorino Cardoso (83) 99195-9104 Cabedelo PB Instagram;;yellow;49;instagram;organic;Restaurante Casa de Taipa Tambaba Local: Enseada do ...;https://instagram.com/p/DXfE0U5CXLB/?__d=1Bug%E8%BA%AB%E4%BB%BD%E8%AF%81%E6%9F%A5%E6%89%8B%E6%9C%BA%E5%8F%B7%E7%A4%BE%E5%B7%A5%E5%BA%93%E2%9C%94%EF%B8%8F%2Bshegongi.com%2B%E7%A7%9F%E8%BD%A6%E6%9F%A5%E7%94%B7%E5%8F%8B%E7%81%AB%E7%AE%AD%E8%88%AC%E7%9A%84%E9%80%9F%E5%BA%A6%E7%BD%91%E7%AB%99;instagram_p_not_profile|instagram_profile_not_canonicalizable|city_not_confirmed
fd64e520-194c-4a69-a6e7-1ea6f8213889;Casa de Taipa;Casa de Taipa Praia do poço R. Vitorino Cardoso (83) 99195-9104 Cabedelo PB Instagram;;red;43;instagram;organic;"CASA DE TAIPA on Instagram: "" A Casa de Taipa tá de volta ...";https://instagram.com/reel/DWWhbD7htC1;instagram_reel_not_profile|instagram_profile_not_canonicalizable|city_not_confirmed
fd64e520-194c-4a69-a6e7-1ea6f8213889;Casa de Taipa;Casa de Taipa Praia do poço R. Vitorino Cardoso (83) 99195-9104 Cabedelo PB Instagram;;red;43;instagram;organic;Casa de Taipa no PREÁ, é Memória, Pertencimento e Raiz ...;https://instagram.com/p/DWxLnPqFrer/?img_index=2;instagram_p_not_profile|instagram_profile_not_canonicalizable|city_not_confirmed
de5e3f48-dddc-4872-823a-71ba50fe51ab;Caldinho Prime Formosa;Caldinho Prime Formosa Vila Sao Joao Av. Cassiano da Cunha Nóbrega Cabedelo PB Instagram;yes;yellow;126;instagram;organic;Cabedelo (@caldinhoprimeformosa) - Praia Formosa;https://instagram.com/caldinhoprimeformosa/?hl=pt;
de5e3f48-dddc-4872-823a-71ba50fe51ab;Caldinho Prime Formosa;Caldinho Prime Formosa Vila Sao Joao Av. Cassiano da Cunha Nóbrega Cabedelo PB Instagram;;yellow;126;instagram;organic;Praia Formosa| Cabedelo (@caldinhoprimeformosa);https://instagram.com/caldinhoprimeformosa/reels;
de5e3f48-dddc-4872-823a-71ba50fe51ab;Caldinho Prime Formosa;Caldinho Prime Formosa Vila Sao Joao Av. Cassiano da Cunha Nóbrega Cabedelo PB Instagram;;yellow;56;instagram;organic;Tenda Formosa restaurante (@tendaformosaoficial);https://instagram.com/tendaformosaoficial;brand_not_confirmed
de5e3f48-dddc-4872-823a-71ba50fe51ab;Caldinho Prime Formosa;Caldinho Prime Formosa Vila Sao Joao Av. Cassiano da Cunha Nóbrega Cabedelo PB Instagram;;red;8;tripadvisor;organic;Caldinho Prime Formosa - Restaurantes: Cabedelo;https://tripadvisor.com.br/Restaurant_Review-g793398-d34142908-Reviews-Caldinho_Prime_Formosa-Cabedelo_State_of_Paraiba.html;brand_not_confirmed
de5e3f48-dddc-4872-823a-71ba50fe51ab;Caldinho Prime Formosa;Caldinho Prime Formosa Vila Sao Joao Av. Cassiano da Cunha Nóbrega Cabedelo PB Instagram;;red;5;instagram;organic;Caldinho Prime | Praia Formosa| Cabedelo;https://instagram.com/p/C5Lv_tDLG-9;instagram_p_not_profile|brand_not_confirmed|instagram_profile_not_canonicalizable
de5e3f48-dddc-4872-823a-71ba50fe51ab;Caldinho Prime Formosa;Caldinho Prime Formosa Vila Sao Joao Av. Cassiano da Cunha Nóbrega Cabedelo PB Instagram;;red;5;instagram;organic;Caldinho Prime | Praia Formosa| Cabedelo | Uma experiência ...;https://instagram.com/reel/DXKRr7aETZz;instagram_reel_not_profile|brand_not_confirmed|instagram_profile_not_canonicalizable
de5e3f48-dddc-4872-823a-71ba50fe51ab;Caldinho Prime Formosa;Caldinho Prime Formosa Vila Sao Joao Av. Cassiano da Cunha Nóbrega Cabedelo PB Instagram;;red;5;instagram;organic;Caldinho Prime | Praia Formosa| Cabedelo | Filé de Serra ...;https://instagram.com/p/CjLVysxruY8;instagram_p_not_profile|brand_not_confirmed|instagram_profile_not_canonicalizable
de5e3f48-dddc-4872-823a-71ba50fe51ab;Caldinho Prime Formosa;Caldinho Prime Formosa Vila Sao Joao Av. Cassiano da Cunha Nóbrega Cabedelo PB Instagram;;red;5;instagram;organic;Cabedelo | Vem curti essa praia maravilhosa com a gente 🌞;https://instagram.com/p/C1hItYFr_fY;instagram_p_not_profile|brand_not_confirmed|instagram_profile_not_canonicalizable
04f7bdf2-230d-4224-99d5-aea50cefc56f;Mary Refeições;Mary Refeições Intermares Av. Mar de Corais (83) 98880-2447 Cabedelo PB Instagram;yes;yellow;55;instagram;organic;Na Mary Refeições, seu pedido não é só mais um ...;https://instagram.com/p/DYkuCu6SM36;instagram_p_not_profile|instagram_profile_not_canonicalizable|city_not_confirmed
04f7bdf2-230d-4224-99d5-aea50cefc56f;Mary Refeições;Mary Refeições Intermares Av. Mar de Corais (83) 98880-2447 Cabedelo PB Instagram;;red;32;instagram;organic;Numar Bar e Restaurante (@numarbarintermares);https://instagram.com/numarbarintermares;brand_not_confirmed|name_not_confirmed
04f7bdf2-230d-4224-99d5-aea50cefc56f;Mary Refeições;Mary Refeições Intermares Av. Mar de Corais (83) 98880-2447 Cabedelo PB Instagram;;red;22;instagram;organic;PRIMO RICO (@primoricopb) • Instagram photos and videos;https://instagram.com/primoricopb;brand_not_confirmed|name_not_confirmed|city_not_confirmed
04f7bdf2-230d-4224-99d5-aea50cefc56f;Mary Refeições;Mary Refeições Intermares Av. Mar de Corais (83) 98880-2447 Cabedelo PB Instagram;;red;16;instagram;organic;ʀᴇsᴛᴀᴜʀᴀɴᴛᴇ ᴍᴀʀ. (@mar.restaurante);https://instagram.com/mar.restaurante;brand_not_confirmed|name_not_confirmed|city_not_confirmed
04f7bdf2-230d-4224-99d5-aea50cefc56f;Mary Refeições;Mary Refeições Intermares Av. Mar de Corais (83) 98880-2447 Cabedelo PB Instagram;;red;-9;instagram;organic;O cardápio de hoje do melhor self service aqui de Intermares ...;https://instagram.com/reel/DMAuaLrOUYe;instagram_reel_not_profile|brand_not_confirmed|name_not_confirmed|instagram_profile_not_canonicalizable
04f7bdf2-230d-4224-99d5-aea50cefc56f;Mary Refeições;Mary Refeições Intermares Av. Mar de Corais (83) 98880-2447 Cabedelo PB Instagram;;red;-9;instagram;organic;Sábado é dia de saborear o melhor da culinária! 😍 Venha ...;https://instagram.com/p/C3dCz29rTm4;instagram_p_not_profile|brand_not_confirmed|name_not_confirmed|instagram_profile_not_canonicalizable
04f7bdf2-230d-4224-99d5-aea50cefc56f;Mary Refeições;Mary Refeições Intermares Av. Mar de Corais (83) 98880-2447 Cabedelo PB Instagram;;red;-15;instagram;organic;@primoricopb / Se você está procurando comida boa ...;https://instagram.com/reel/DZSrm3Gx0mT;instagram_reel_not_profile|brand_not_confirmed|name_not_confirmed|instagram_profile_not_canonicalizable
04f7bdf2-230d-4224-99d5-aea50cefc56f;Mary Refeições;Mary Refeições Intermares Av. Mar de Corais (83) 98880-2447 Cabedelo PB Instagram;;red;-21;instagram;organic;Petiscar camarões combina muito com um drink e brinde ...;https://instagram.com/p/DUGQnh2ESXl;instagram_p_not_profile|brand_not_confirmed|name_not_confirmed|instagram_profile_not_canonicalizable
2d89c5e8-5bf4-4d1f-9720-58513e1ab377;Chapa Quente Lanches e Refeições;Chapa Quente Lanches e Refeições Jacaré R. Novo Horizonte (83) 98870-6504 Cabedelo PB Instagram;yes;yellow;118;instagram;organic;CHAPA QUENTE (@chapaquenteoficial1);https://instagram.com/chapaquenteoficial1;city_not_confirmed
2d89c5e8-5bf4-4d1f-9720-58513e1ab377;Chapa Quente Lanches e Refeições;Chapa Quente Lanches e Refeições Jacaré R. Novo Horizonte (83) 98870-6504 Cabedelo PB Instagram;;yellow;55;instagram;organic;Bateu aquela fome? Chama no WhatsApp do Chapa ...;https://instagram.com/p/DTd2GZrkkor;instagram_p_not_profile|instagram_profile_not_canonicalizable|city_not_confirmed
2d89c5e8-5bf4-4d1f-9720-58513e1ab377;Chapa Quente Lanches e Refeições;Chapa Quente Lanches e Refeições Jacaré R. Novo Horizonte (83) 98870-6504 Cabedelo PB Instagram;;red;43;instagram;organic;Chapa Quente Lanches on Instagram;https://instagram.com/p/DRQGkJnkm-q;instagram_p_not_profile|instagram_profile_not_canonicalizable|city_not_confirmed
2d89c5e8-5bf4-4d1f-9720-58513e1ab377;Chapa Quente Lanches e Refeições;Chapa Quente Lanches e Refeições Jacaré R. Novo Horizonte (83) 98870-6504 Cabedelo PB Instagram;;red;43;instagram;organic;Só escolher e clicar o vídeo que você quiser!!;https://instagram.com/reel/DXSv25RDYgb;instagram_reel_not_profile|instagram_profile_not_canonicalizable|city_not_confirmed
2d89c5e8-5bf4-4d1f-9720-58513e1ab377;Chapa Quente Lanches e Refeições;Chapa Quente Lanches e Refeições Jacaré R. Novo Horizonte (83) 98870-6504 Cabedelo PB Instagram;;red;43;instagram;organic;Chapa quente lanches Tel.3822 0314 Zap 35 98867 3002;https://instagram.com/p/DXkceCBkkDb;instagram_p_not_profile|instagram_profile_not_canonicalizable|city_not_confirmed
2d89c5e8-5bf4-4d1f-9720-58513e1ab377;Chapa Quente Lanches e Refeições;Chapa Quente Lanches e Refeições Jacaré R. Novo Horizonte (83) 98870-6504 Cabedelo PB Instagram;;red;43;instagram;organic;Chapa quente, sabor que conquista! 🔥 Carne suculenta ...;https://instagram.com/p/DVHUz_MD98s;instagram_p_not_profile|instagram_profile_not_canonicalizable|city_not_confirmed
2d89c5e8-5bf4-4d1f-9720-58513e1ab377;Chapa Quente Lanches e Refeições;Chapa Quente Lanches e Refeições Jacaré R. Novo Horizonte (83) 98870-6504 Cabedelo PB Instagram;;red;43;instagram;organic;Aqui no Chapa Quente do Bosque é assim: Comida boa ...;https://instagram.com/reel/DN3whymXgw2;instagram_reel_not_profile|instagram_profile_not_canonicalizable|city_not_confirmed
2d89c5e8-5bf4-4d1f-9720-58513e1ab377;Chapa Quente Lanches e Refeições;Chapa Quente Lanches e Refeições Jacaré R. Novo Horizonte (83) 98870-6504 Cabedelo PB Instagram;;red;43;instagram;organic;Qual o nível da sua fome?🍔🍔🍔 Aqui no Chapa Quente, ...;https://instagram.com/p/DD21NVKyj3y;instagram_p_not_profile|instagram_profile_not_canonicalizable|city_not_confirmed
28b2ef44-31b3-47b1-bd94-5c69a5a42f17;Lanchonete e Pizzaria Popular;Lanchonete e Pizzaria Popular Jacaré R. Santa Maria Madalena (83) 98794-7442 Cabedelo PB Instagram;yes;yellow;56;instagram;organic;Eu Quero Pizza - Food Truck 🍕 (@euqueropizzafoodtruck);https://instagram.com/euqueropizzafoodtruck;brand_not_confirmed
28b2ef44-31b3-47b1-bd94-5c69a5a42f17;Lanchonete e Pizzaria Popular;Lanchonete e Pizzaria Popular Jacaré R. Santa Maria Madalena (83) 98794-7442 Cabedelo PB Instagram;;red;34;instagram;organic;RIO RESTAURANTE E PIZZARIA (@pizzariojp);https://instagram.com/pizzariojp;brand_not_confirmed|city_not_confirmed
28b2ef44-31b3-47b1-bd94-5c69a5a42f17;Lanchonete e Pizzaria Popular;Lanchonete e Pizzaria Popular Jacaré R. Santa Maria Madalena (83) 98794-7442 Cabedelo PB Instagram;;red;30;cabedelo.pb.gov.br;organic;Prefeitura de Cabedelo inaugura Restaurante Popular na ...;https://cabedelo.pb.gov.br/prefeitura-de-cabedelo-inaugura-restaurante-popular-na-cidade-com-refeicoes-a-r-1;
28b2ef44-31b3-47b1-bd94-5c69a5a42f17;Lanchonete e Pizzaria Popular;Lanchonete e Pizzaria Popular Jacaré R. Santa Maria Madalena (83) 98794-7442 Cabedelo PB Instagram;;red;30;serpapi.com;local;Pizzaria Jacaré;https://serpapi.com/search.json?device=desktop&engine=google&gl=br&google_domain=google.com.br&hl=pt-br&ludocid=7371133304158833268&q=Lanchonete+e+Pizzaria+Popular+Jacar%C3%A9+R.+Santa+Maria+Madalena+%2883%29+98794-7442+Cabedelo+PB+Instagram;
28b2ef44-31b3-47b1-bd94-5c69a5a42f17;Lanchonete e Pizzaria Popular;Lanchonete e Pizzaria Popular Jacaré R. Santa Maria Madalena (83) 98794-7442 Cabedelo PB Instagram;;red;30;serpapi.com;local;Pizzaria Bom Sabor;https://serpapi.com/search.json?device=desktop&engine=google&gl=br&google_domain=google.com.br&hl=pt-br&ludocid=3399859600685491685&q=Lanchonete+e+Pizzaria+Popular+Jacar%C3%A9+R.+Santa+Maria+Madalena+%2883%29+98794-7442+Cabedelo+PB+Instagram;
28b2ef44-31b3-47b1-bd94-5c69a5a42f17;Lanchonete e Pizzaria Popular;Lanchonete e Pizzaria Popular Jacaré R. Santa Maria Madalena (83) 98794-7442 Cabedelo PB Instagram;;red;30;serpapi.com;local;Pizzaria tá no ponto;https://serpapi.com/search.json?device=desktop&engine=google&gl=br&google_domain=google.com.br&hl=pt-br&ludocid=4352018426993406155&q=Lanchonete+e+Pizzaria+Popular+Jacar%C3%A9+R.+Santa+Maria+Madalena+%2883%29+98794-7442+Cabedelo+PB+Instagram;
28b2ef44-31b3-47b1-bd94-5c69a5a42f17;Lanchonete e Pizzaria Popular;Lanchonete e Pizzaria Popular Jacaré R. Santa Maria Madalena (83) 98794-7442 Cabedelo PB Instagram;;red;3;instagram;organic;"Cibelly Mar | Restaurante Flutuante on Instagram: ""Somos um ...";https://instagram.com/reel/DJoqOfpt7Bf;instagram_reel_not_profile|brand_not_confirmed|instagram_profile_not_canonicalizable
28b2ef44-31b3-47b1-bd94-5c69a5a42f17;Lanchonete e Pizzaria Popular;Lanchonete e Pizzaria Popular Jacaré R. Santa Maria Madalena (83) 98794-7442 Cabedelo PB Instagram;;red;-1;instagram;organic;Lasca de Pizza | João Pessoa-PB;https://instagram.com/p/DTTqg0GkcBW;instagram_p_not_profile|brand_not_confirmed|instagram_profile_not_canonicalizable|city_not_confirmed
2ebf5453-9be4-469d-afd8-be3ac7833f00;Restaurante e pizzaria chapa quente;Restaurante e pizzaria chapa quente Centro R. Nova Descoberta (83) 99988-8764 Cabedelo PB Instagram;yes;yellow;118;instagram;organic;CHAPA QUENTE (@chapaquenteoficial1);https://instagram.com/chapaquenteoficial1;city_not_confirmed
2ebf5453-9be4-469d-afd8-be3ac7833f00;Restaurante e pizzaria chapa quente;Restaurante e pizzaria chapa quente Centro R. Nova Descoberta (83) 99988-8764 Cabedelo PB Instagram;;yellow;106;instagram;organic;Chapa Quente Burger (@chapaquenteb);https://instagram.com/chapaquenteb;city_not_confirmed
2ebf5453-9be4-469d-afd8-be3ac7833f00;Restaurante e pizzaria chapa quente;Restaurante e pizzaria chapa quente Centro R. Nova Descoberta (83) 99988-8764 Cabedelo PB Instagram;;yellow;55;instagram;organic;Chapa Quente - Restaurante & bar | 🎉 Somos 7K! Muito ...;https://instagram.com/p/DSDp9mbj48p;instagram_p_not_profile|instagram_profile_not_canonicalizable|city_not_confirmed
2ebf5453-9be4-469d-afd8-be3ac7833f00;Restaurante e pizzaria chapa quente;Restaurante e pizzaria chapa quente Centro R. Nova Descoberta (83) 99988-8764 Cabedelo PB Instagram;;yellow;55;instagram;organic;Restaurante Chapa Quente | Esse não pode faltar 😋;https://instagram.com/p/ChM7UNSOrs8;instagram_p_not_profile|instagram_profile_not_canonicalizable|city_not_confirmed
2ebf5453-9be4-469d-afd8-be3ac7833f00;Restaurante e pizzaria chapa quente;Restaurante e pizzaria chapa quente Centro R. Nova Descoberta (83) 99988-8764 Cabedelo PB Instagram;;red;43;instagram;organic;tem chapa mista TININDO DE QUENTE esperando por ...;https://instagram.com/reel/DWEeJSEDk9-;instagram_reel_not_profile|instagram_profile_not_canonicalizable|city_not_confirmed
2ebf5453-9be4-469d-afd8-be3ac7833f00;Restaurante e pizzaria chapa quente;Restaurante e pizzaria chapa quente Centro R. Nova Descoberta (83) 99988-8764 Cabedelo PB Instagram;;red;43;instagram;organic;Aqui no Chapa Quente do Bosque é assim: Comida boa ...;https://instagram.com/reel/DN3whymXgw2;instagram_reel_not_profile|instagram_profile_not_canonicalizable|city_not_confirmed
2ebf5453-9be4-469d-afd8-be3ac7833f00;Restaurante e pizzaria chapa quente;Restaurante e pizzaria chapa quente Centro R. Nova Descoberta (83) 99988-8764 Cabedelo PB Instagram;;red;43;instagram;organic;O chapa quente existe quem é exigente e gosta de ...;https://instagram.com/p/DX45YoAkXLI;instagram_p_not_profile|instagram_profile_not_canonicalizable|city_not_confirmed
2ebf5453-9be4-469d-afd8-be3ac7833f00;Restaurante e pizzaria chapa quente;Restaurante e pizzaria chapa quente Centro R. Nova Descoberta (83) 99988-8764 Cabedelo PB Instagram;;red;43;instagram;organic;Um momento para lembrar! Celebre conosco! Realize a ...;https://instagram.com/reel/DCb4-Jeubwv;instagram_reel_not_profile|instagram_profile_not_canonicalizable|city_not_confirmed
166ab094-fea7-412e-9386-d0517895dbb4;Bras Coffee;Bras Coffee Jardim America Av. Maria José Alexandre de Lucena Cabedelo PB Instagram;yes;red;43;instagram;organic;"Sebrae Nacional on Instagram: ""O Brasil ama um cafezinho e ...";https://instagram.com/reel/DYuPWc6Ob_x;instagram_reel_not_profile|instagram_profile_not_canonicalizable|city_not_confirmed
166ab094-fea7-412e-9386-d0517895dbb4;Bras Coffee;Bras Coffee Jardim America Av. Maria José Alexandre de Lucena Cabedelo PB Instagram;;red;35;instagram;organic;"Maria Maria Cafe on Instagram: ""A melhor coisa que você ...";https://instagram.com/reel/DVyU9m5Ef3k;instagram_reel_not_profile|instagram_profile_not_canonicalizable|city_not_confirmed
166ab094-fea7-412e-9386-d0517895dbb4;Bras Coffee;Bras Coffee Jardim America Av. Maria José Alexandre de Lucena Cabedelo PB Instagram;;red;35;instagram;organic;Pé quente é tomar um café filtrado no método V60 Suiren ...;https://instagram.com/reel/DZ-gEsChkZi;instagram_reel_not_profile|instagram_profile_not_canonicalizable|city_not_confirmed
166ab094-fea7-412e-9386-d0517895dbb4;Bras Coffee;Bras Coffee Jardim America Av. Maria José Alexandre de Lucena Cabedelo PB Instagram;;red;-11;instagram;organic;Delicie-se com o melhor do café brasileiro! ☕🇧🇷 O ...;https://instagram.com/p/DWg03vZiqpg;instagram_p_not_profile|brand_not_confirmed|instagram_profile_not_canonicalizable|city_not_confirmed
166ab094-fea7-412e-9386-d0517895dbb4;Bras Coffee;Bras Coffee Jardim America Av. Maria José Alexandre de Lucena Cabedelo PB Instagram;;red;-11;instagram;organic;Sua semana começa mais gostosa e cheia de energia com ...;https://instagram.com/p/DaK0TIVl-Ac;instagram_p_not_profile|brand_not_confirmed|instagram_profile_not_canonicalizable|city_not_confirmed
166ab094-fea7-412e-9386-d0517895dbb4;Bras Coffee;Bras Coffee Jardim America Av. Maria José Alexandre de Lucena Cabedelo PB Instagram;;red;-11;instagram;organic;Os Cafés do Brasil de cara nova! E o Museu do Café ...;https://instagram.com/p/DRDOMHvj7AA;instagram_p_not_profile|brand_not_confirmed|instagram_profile_not_canonicalizable|city_not_confirmed
166ab094-fea7-412e-9386-d0517895dbb4;Bras Coffee;Bras Coffee Jardim America Av. Maria José Alexandre de Lucena Cabedelo PB Instagram;;red;-37;instagram;organic;Bora beber muito café pra comemorar ☕️☕️☕️;https://instagram.com/p/DXG1VmBDf_D;instagram_p_not_profile|brand_not_confirmed|name_not_confirmed|instagram_profile_not_canonicalizable|city_not_confirmed
166ab094-fea7-412e-9386-d0517895dbb4;Bras Coffee;Bras Coffee Jardim America Av. Maria José Alexandre de Lucena Cabedelo PB Instagram;;red;-37;instagram;organic;Ambientes com layout inovador, espaços confortáveis, com ...;https://instagram.com/p/DZnOUxFlP40;instagram_p_not_profile|brand_not_confirmed|name_not_confirmed|instagram_profile_not_canonicalizable|city_not_confirmed
72606188-4454-4890-a671-a65d4d08f024;Casa Do Pastel;Casa Do Pastel Recanto do Poço R. Honório Patrício dos Santos (83) 98663-1487 Cabedelo PB Instagram;yes;yellow;132;instagram;organic;lacasadepastelpb (@lacasadepastelpbof) · Cabedelo, PB;https://instagram.com/lacasadepastelpbof;
72606188-4454-4890-a671-a65d4d08f024;Casa Do Pastel;Casa Do Pastel Recanto do Poço R. Honório Patrício dos Santos (83) 98663-1487 Cabedelo PB Instagram;;yellow;110;instagram;organic;CASA DO PASTEL (@casadopastel83);https://instagram.com/casadopastel83;city_not_confirmed
72606188-4454-4890-a671-a65d4d08f024;Casa Do Pastel;Casa Do Pastel Recanto do Poço R. Honório Patrício dos Santos (83) 98663-1487 Cabedelo PB Instagram;;yellow;110;instagram;organic;Pastelaria Casa do Pastel (@casadopastelpastelaria);https://instagram.com/casadopastelpastelaria;city_not_confirmed
72606188-4454-4890-a671-a65d4d08f024;Casa Do Pastel;Casa Do Pastel Recanto do Poço R. Honório Patrício dos Santos (83) 98663-1487 Cabedelo PB Instagram;;red;3;instagram;organic;"Pastel da Liberdade João Pessoa on Instagram: ""O melhor ...";https://instagram.com/reel/DD5Jy4gvTd5;instagram_reel_not_profile|brand_not_confirmed|instagram_profile_not_canonicalizable
72606188-4454-4890-a671-a65d4d08f024;Casa Do Pastel;Casa Do Pastel Recanto do Poço R. Honório Patrício dos Santos (83) 98663-1487 Cabedelo PB Instagram;;red;2;serpapi.com;local;Casa Do Pastel;https://serpapi.com/search.json?device=desktop&engine=google&gl=br&google_domain=google.com.br&hl=pt-br&ludocid=4005056368201330055&q=Casa+Do+Pastel+Recanto+do+Po%C3%A7o+R.+Hon%C3%B3rio+Patr%C3%ADcio+dos+Santos+%2883%29+98663-1487+Cabedelo+PB+Instagram;brand_not_confirmed
72606188-4454-4890-a671-a65d4d08f024;Casa Do Pastel;Casa Do Pastel Recanto do Poço R. Honório Patrício dos Santos (83) 98663-1487 Cabedelo PB Instagram;;red;2;serpapi.com;local;Recanto do Pastel;https://serpapi.com/search.json?device=desktop&engine=google&gl=br&google_domain=google.com.br&hl=pt-br&ludocid=18209538833555224756&q=Casa+Do+Pastel+Recanto+do+Po%C3%A7o+R.+Hon%C3%B3rio+Patr%C3%ADcio+dos+Santos+%2883%29+98663-1487+Cabedelo+PB+Instagram;brand_not_confirmed
72606188-4454-4890-a671-a65d4d08f024;Casa Do Pastel;Casa Do Pastel Recanto do Poço R. Honório Patrício dos Santos (83) 98663-1487 Cabedelo PB Instagram;;red;1;instagram;organic;Casa do Pastel anuncia novo horário de funcionamento e ...;https://instagram.com/reel/DURtSG4CVnf;instagram_reel_not_profile|brand_not_confirmed|instagram_profile_not_canonicalizable|city_not_confirmed
72606188-4454-4890-a671-a65d4d08f024;Casa Do Pastel;Casa Do Pastel Recanto do Poço R. Honório Patrício dos Santos (83) 98663-1487 Cabedelo PB Instagram;;red;-6;google;organic;https://www.google.com/maps/search/Rua+Honorio+Pat...;https://google.com/maps/search/Rua+Honorio+Patricio+dos+Santos%2C+39+-+Recanto+do+Po%C3%A7o%2C+Cabedelo+-+PB%2C+58105-084;map_not_direct_menu|brand_not_confirmed
2386896b-b1f2-4d3a-9a12-edb93d96a24f;Tapiocaria da zeti;Tapiocaria da zeti Cabedelo Av. Pôr do Sol Cabedelo PB Instagram;yes;yellow;56;instagram;organic;Tapioca da Leuda (@tapiocadaleuda);https://instagram.com/tapiocadaleuda;brand_not_confirmed
2386896b-b1f2-4d3a-9a12-edb93d96a24f;Tapiocaria da zeti;Tapiocaria da zeti Cabedelo Av. Pôr do Sol Cabedelo PB Instagram;;red;34;instagram;organic;Artesanato e Comida Típica (@chieartesanatoecomedoria);https://instagram.com/chieartesanatoecomedoria;brand_not_confirmed|city_not_confirmed
2386896b-b1f2-4d3a-9a12-edb93d96a24f;Tapiocaria da zeti;Tapiocaria da zeti Cabedelo Av. Pôr do Sol Cabedelo PB Instagram;;red;3;instagram;organic;Você sabia que além de ver o Pôr do Sol, há várias ...;https://instagram.com/reel/C8-TNtvSMDg;instagram_reel_not_profile|brand_not_confirmed|instagram_profile_not_canonicalizable
2386896b-b1f2-4d3a-9a12-edb93d96a24f;Tapiocaria da zeti;Tapiocaria da zeti Cabedelo Av. Pôr do Sol Cabedelo PB Instagram;;red;3;instagram;organic;Se você ainda não conhece o Terraço de Taypa, já coloca ...;https://instagram.com/reel/DIZVVdNpxn1;instagram_reel_not_profile|brand_not_confirmed|instagram_profile_not_canonicalizable
2386896b-b1f2-4d3a-9a12-edb93d96a24f;Tapiocaria da zeti;Tapiocaria da zeti Cabedelo Av. Pôr do Sol Cabedelo PB Instagram;;red;3;instagram;organic;O Pôr do Sol do Jacaré, em Cabedelo, João Pessoa, é um ...;https://instagram.com/reel/DVPhyS_keVS;instagram_reel_not_profile|brand_not_confirmed|instagram_profile_not_canonicalizable
2386896b-b1f2-4d3a-9a12-edb93d96a24f;Tapiocaria da zeti;Tapiocaria da zeti Cabedelo Av. Pôr do Sol Cabedelo PB Instagram;;red;-3;instagram;organic;Tapioca boa a gente sente de longe o cheirinho, né? 🔥 ⏰ ...;https://instagram.com/reel/DQ_sP_rjpoi;instagram_reel_not_profile|brand_not_confirmed|instagram_profile_not_canonicalizable
2386896b-b1f2-4d3a-9a12-edb93d96a24f;Tapiocaria da zeti;Tapiocaria da zeti Cabedelo Av. Pôr do Sol Cabedelo PB Instagram;;red;-19;instagram;organic;Tree House no Pôr do Sol do Jacaré = experiência ...;https://instagram.com/reel/DTdHWlCDVXz;instagram_reel_not_profile|brand_not_confirmed|instagram_profile_not_canonicalizable|city_not_confirmed
2386896b-b1f2-4d3a-9a12-edb93d96a24f;Tapiocaria da zeti;Tapiocaria da zeti Cabedelo Av. Pôr do Sol Cabedelo PB Instagram;;red;-19;instagram;organic;Tem gente que vem pela carne de sol. ...;https://instagram.com/p/DZNNuhzgiA4;instagram_p_not_profile|brand_not_confirmed|instagram_profile_not_canonicalizable|city_not_confirmed
133c9168-09a2-4fbc-b42e-af5ac51d23cb;Bom Tempero Restaurante;Bom Tempero Restaurante Portal do Poço Av. Maria de Oliveira Gomes Cabedelo PB Instagram;yes;yellow;116;instagram;organic;(@temperodaneidejp) • Instagram photos and videos;https://instagram.com/temperodaneidejp;city_not_confirmed
133c9168-09a2-4fbc-b42e-af5ac51d23cb;Bom Tempero Restaurante;Bom Tempero Restaurante Portal do Poço Av. Maria de Oliveira Gomes Cabedelo PB Instagram;;yellow;106;instagram;organic;Restaurante Bom Tempero (@_restaurante_bomtempero);https://instagram.com/_restaurante_bomtempero;city_not_confirmed
133c9168-09a2-4fbc-b42e-af5ac51d23cb;Bom Tempero Restaurante;Bom Tempero Restaurante Portal do Poço Av. Maria de Oliveira Gomes Cabedelo PB Instagram;;yellow;106;instagram;organic;Restaurante Bom Tempero (@restaurantebomtempero5);https://instagram.com/restaurantebomtempero5;city_not_confirmed
133c9168-09a2-4fbc-b42e-af5ac51d23cb;Bom Tempero Restaurante;Bom Tempero Restaurante Portal do Poço Av. Maria de Oliveira Gomes Cabedelo PB Instagram;;red;43;instagram;organic;Reel by restaurante bom tempero ...;https://instagram.com/reel/DMAk-kmApc3;instagram_reel_not_profile|instagram_profile_not_canonicalizable|city_not_confirmed
133c9168-09a2-4fbc-b42e-af5ac51d23cb;Bom Tempero Restaurante;Bom Tempero Restaurante Portal do Poço Av. Maria de Oliveira Gomes Cabedelo PB Instagram;;red;43;instagram;organic;Photo by BOM TEMPERO - RESTAURANTE ...;https://instagram.com/p/DGvX5gtgciR;instagram_p_not_profile|instagram_profile_not_canonicalizable|city_not_confirmed
133c9168-09a2-4fbc-b42e-af5ac51d23cb;Bom Tempero Restaurante;Bom Tempero Restaurante Portal do Poço Av. Maria de Oliveira Gomes Cabedelo PB Instagram;;red;43;instagram;organic;"Restaurante Bom Tempero on Instagram: ""Restaurante Bom ...";https://instagram.com/reel/DMBJ4jVRLHj;instagram_reel_not_profile|instagram_profile_not_canonicalizable|city_not_confirmed
133c9168-09a2-4fbc-b42e-af5ac51d23cb;Bom Tempero Restaurante;Bom Tempero Restaurante Portal do Poço Av. Maria de Oliveira Gomes Cabedelo PB Instagram;;red;43;instagram;organic;Chama no nosso WhatsApp 82 988228113 ou 82 98814 ...;https://instagram.com/reel/C3IWtXTL5Yz;instagram_reel_not_profile|instagram_profile_not_canonicalizable|city_not_confirmed
133c9168-09a2-4fbc-b42e-af5ac51d23cb;Bom Tempero Restaurante;Bom Tempero Restaurante Portal do Poço Av. Maria de Oliveira Gomes Cabedelo PB Instagram;;red;43;instagram;organic;Restaurante Bom tempero;https://instagram.com/p/DIjB55UuhdE;instagram_p_not_profile|instagram_profile_not_canonicalizable|city_not_confirmed
9acd9efa-a669-453b-a548-2387fa2e7612;Sorveteria Tropical;Sorveteria Tropical Lot. Oceania VI R. Jair Cunha Cavalcanti Cabedelo PB Instagram;yes;yellow;110;instagram;organic;Sorveteria Tropical | RJ (@jjsorveteriatropical);https://instagram.com/jjsorveteriatropical/reels;city_not_confirmed
9acd9efa-a669-453b-a548-2387fa2e7612;Sorveteria Tropical;Sorveteria Tropical Lot. Oceania VI R. Jair Cunha Cavalcanti Cabedelo PB Instagram;;yellow;110;instagram;organic;Sorveteria Tropical | RJ (@jjsorveteriatropical);https://instagram.com/jjsorveteriatropical/?hl=pt;city_not_confirmed
9acd9efa-a669-453b-a548-2387fa2e7612;Sorveteria Tropical;Sorveteria Tropical Lot. Oceania VI R. Jair Cunha Cavalcanti Cabedelo PB Instagram;;yellow;98;instagram;organic;Sorveteria e Açaiteria Tropical (@sorvetetropicalmellf);https://instagram.com/sorvetetropicalmellf;city_not_confirmed
9acd9efa-a669-453b-a548-2387fa2e7612;Sorveteria Tropical;Sorveteria Tropical Lot. Oceania VI R. Jair Cunha Cavalcanti Cabedelo PB Instagram;;red;35;instagram;organic;Se você perder isso HOJE, vai se arrepender depois O verão ...;https://instagram.com/reel/DTbYVInEi1G;instagram_reel_not_profile|instagram_profile_not_canonicalizable|city_not_confirmed
9acd9efa-a669-453b-a548-2387fa2e7612;Sorveteria Tropical;Sorveteria Tropical Lot. Oceania VI R. Jair Cunha Cavalcanti Cabedelo PB Instagram;;red;35;instagram;organic;Ah, não pode ter tudo…” Aqui na Tropical: PODE SIM Um de ...;https://instagram.com/reel/DT0aIiWDqXS;instagram_reel_not_profile|instagram_profile_not_canonicalizable|city_not_confirmed
9acd9efa-a669-453b-a548-2387fa2e7612;Sorveteria Tropical;Sorveteria Tropical Lot. Oceania VI R. Jair Cunha Cavalcanti Cabedelo PB Instagram;;red;35;instagram;organic;Quando a vontade de sorvete bate ...;https://instagram.com/p/DTvHP78laKm;instagram_p_not_profile|instagram_profile_not_canonicalizable|city_not_confirmed
9acd9efa-a669-453b-a548-2387fa2e7612;Sorveteria Tropical;Sorveteria Tropical Lot. Oceania VI R. Jair Cunha Cavalcanti Cabedelo PB Instagram;;red;35;instagram;organic;A Experiência Tropical começa na escolha, encanta ...;https://instagram.com/p/DVGYXiyGYHr;instagram_p_not_profile|instagram_profile_not_canonicalizable|city_not_confirmed
9acd9efa-a669-453b-a548-2387fa2e7612;Sorveteria Tropical;Sorveteria Tropical Lot. Oceania VI R. Jair Cunha Cavalcanti Cabedelo PB Instagram;;red;35;instagram;organic;"Tropical Sorvetes on Instagram: ""Esse é o nosso espaço Onde ...";https://instagram.com/reel/DVPH0vYlBQo;instagram_reel_not_profile|instagram_profile_not_canonicalizable|city_not_confirmed
e3c86dc8-4ac8-4ae0-84f9-83e6167d3570;Restaurante da Helena;Restaurante da Helena Portal do Poço Av. Araçá (83) 98725-4401 Cabedelo PB Instagram;yes;yellow;50;instagram;organic;Ilha Dourada (@ilhadouradarestaurante);https://instagram.com/ilhadouradarestaurante;brand_not_confirmed
e3c86dc8-4ac8-4ae0-84f9-83e6167d3570;Restaurante da Helena;Restaurante da Helena Portal do Poço Av. Araçá (83) 98725-4401 Cabedelo PB Instagram;;red;3;instagram;organic;Vem conhecer a charmosa praia do Poço em Cabedelo/PB ...;https://instagram.com/reel/DRu3dibER3T;instagram_reel_not_profile|brand_not_confirmed|instagram_profile_not_canonicalizable
e3c86dc8-4ac8-4ae0-84f9-83e6167d3570;Restaurante da Helena;Restaurante da Helena Portal do Poço Av. Araçá (83) 98725-4401 Cabedelo PB Instagram;;red;3;instagram;organic;🍽️ Restaurante Casa de Taipa – Cabedelo/PB 🌵 Se você ...;https://instagram.com/reel/DPq5eqEjSjk;instagram_reel_not_profile|brand_not_confirmed|instagram_profile_not_canonicalizable
e3c86dc8-4ac8-4ae0-84f9-83e6167d3570;Restaurante da Helena;Restaurante da Helena Portal do Poço Av. Araçá (83) 98725-4401 Cabedelo PB Instagram;;red;3;instagram;organic;🍽️Peixada individual por apenas R$10,00 ...;https://instagram.com/reel/DRAG6mQjolp;instagram_reel_not_profile|brand_not_confirmed|instagram_profile_not_canonicalizable
e3c86dc8-4ac8-4ae0-84f9-83e6167d3570;Restaurante da Helena;Restaurante da Helena Portal do Poço Av. Araçá (83) 98725-4401 Cabedelo PB Instagram;;red;-3;instagram;organic;"Ilha Dourada on Instagram: ""Lembrando que aqui no Ilha ...";https://instagram.com/reel/DYe_uO6FR9F;instagram_reel_not_profile|brand_not_confirmed|instagram_profile_not_canonicalizable
e3c86dc8-4ac8-4ae0-84f9-83e6167d3570;Restaurante da Helena;Restaurante da Helena Portal do Poço Av. Araçá (83) 98725-4401 Cabedelo PB Instagram;;red;-3;instagram;organic;Marca aí seus amigos que precisam saber disso! O ...;https://instagram.com/reel/DTS3JURjRFL;instagram_reel_not_profile|brand_not_confirmed|instagram_profile_not_canonicalizable
e3c86dc8-4ac8-4ae0-84f9-83e6167d3570;Restaurante da Helena;Restaurante da Helena Portal do Poço Av. Araçá (83) 98725-4401 Cabedelo PB Instagram;;red;-7;instagram;organic;#Maní queridos clientes, aproveitamos o recesso de final ...;https://instagram.com/p/DTTdILxDi0R;instagram_p_not_profile|brand_not_confirmed|instagram_profile_not_canonicalizable|city_not_confirmed
e3c86dc8-4ac8-4ae0-84f9-83e6167d3570;Restaurante da Helena;Restaurante da Helena Portal do Poço Av. Araçá (83) 98725-4401 Cabedelo PB Instagram;;red;-7;instagram;organic;#tbt de alguns pratos que já passaram no menu ...;https://instagram.com/p/DOeiLfKEYlE;instagram_p_not_profile|brand_not_confirmed|instagram_profile_not_canonicalizable|city_not_confirmed
cec28f47-fb35-4c1b-af88-4af762996479;TCF - The Cheeseburguer Factory - Unidade Cabedelo;TCF - The Cheeseburguer Factory - Unidade Cabedelo Sl A15 - Ponta de Campina Av. Oceano Atlântico Cabedelo PB Instagram;yes;yellow;122;instagram;organic;The CheeseBurguer Factory 🏅 (@thecheeseburguerfactory);https://instagram.com/thecheeseburguerfactory;city_not_confirmed
cec28f47-fb35-4c1b-af88-4af762996479;TCF - The Cheeseburguer Factory - Unidade Cabedelo;TCF - The Cheeseburguer Factory - Unidade Cabedelo Sl A15 - Ponta de Campina Av. Oceano Atlântico Cabedelo PB Instagram;;yellow;75;instagram;organic;Há dois tipos de pessoas no mundo: as que degustam e as ...;https://instagram.com/reel/C40vYQWOlVY;instagram_reel_not_profile|instagram_profile_not_canonicalizable
cec28f47-fb35-4c1b-af88-4af762996479;TCF - The Cheeseburguer Factory - Unidade Cabedelo;TCF - The Cheeseburguer Factory - Unidade Cabedelo Sl A15 - Ponta de Campina Av. Oceano Atlântico Cabedelo PB Instagram;;yellow;67;instagram;organic;A dica #GETdodia é o @thecheeseburguerfactory 🏅Eleito ...;https://instagram.com/reel/Ckf10z3rNSP;instagram_reel_not_profile|instagram_profile_not_canonicalizable
cec28f47-fb35-4c1b-af88-4af762996479;TCF - The Cheeseburguer Factory - Unidade Cabedelo;TCF - The Cheeseburguer Factory - Unidade Cabedelo Sl A15 - Ponta de Campina Av. Oceano Atlântico Cabedelo PB Instagram;;yellow;59;instagram;organic;"TCF - The CheeseBurguer Factory on Instagram: ""Confie ...";https://instagram.com/reel/DGjbHzZSnr7;instagram_reel_not_profile|instagram_profile_not_canonicalizable|city_not_confirmed
cec28f47-fb35-4c1b-af88-4af762996479;TCF - The Cheeseburguer Factory - Unidade Cabedelo;TCF - The Cheeseburguer Factory - Unidade Cabedelo Sl A15 - Ponta de Campina Av. Oceano Atlântico Cabedelo PB Instagram;;yellow;59;instagram;organic;TCF - The CheeseBurguer Factory 🏅 on ...;https://instagram.com/reel/DIrsoXHybfX;instagram_reel_not_profile|instagram_profile_not_canonicalizable|city_not_confirmed
cec28f47-fb35-4c1b-af88-4af762996479;TCF - The Cheeseburguer Factory - Unidade Cabedelo;TCF - The Cheeseburguer Factory - Unidade Cabedelo Sl A15 - Ponta de Campina Av. Oceano Atlântico Cabedelo PB Instagram;;yellow;52;tripadvisor;organic;THE CHEESEBURGUER FACTORY CABEDELO;https://tripadvisor.com.br/Restaurant_Review-g793398-d26355921-Reviews-The_Cheeseburguer_Factory_Cabedelo-Cabedelo_State_of_Paraiba.html;
cec28f47-fb35-4c1b-af88-4af762996479;TCF - The Cheeseburguer Factory - Unidade Cabedelo;TCF - The Cheeseburguer Factory - Unidade Cabedelo Sl A15 - Ponta de Campina Av. Oceano Atlântico Cabedelo PB Instagram;;yellow;51;instagram;organic;Para todo tipo de gosto, existe um The Cheeseburguer ...;https://instagram.com/p/DIheCKuS7kJ;instagram_p_not_profile|instagram_profile_not_canonicalizable|city_not_confirmed
cec28f47-fb35-4c1b-af88-4af762996479;TCF - The Cheeseburguer Factory - Unidade Cabedelo;TCF - The Cheeseburguer Factory - Unidade Cabedelo Sl A15 - Ponta de Campina Av. Oceano Atlântico Cabedelo PB Instagram;;red;-15;instagram;organic;#sextou e o dia de hoje pede um sabor novo! Uma ...;https://instagram.com/reel/CsuDWcUpLBo/?hl=pt;instagram_reel_not_profile|brand_not_confirmed|name_not_confirmed|instagram_profile_not_canonicalizable
393e1305-e40d-4281-99c5-ebe01cc24c27;Açaí Jacaré Beach;Açaí Jacaré Beach Praia Do Jacare R. Clodoaldo Gouveia Cabedelo PB Instagram;yes;yellow;114;instagram;derived_instagram_handle;Instagram profile @acaijacarebeach;https://instagram.com/acaijacarebeach;
393e1305-e40d-4281-99c5-ebe01cc24c27;Açaí Jacaré Beach;Açaí Jacaré Beach Praia Do Jacare R. Clodoaldo Gouveia Cabedelo PB Instagram;;red;5;instagram;organic;Reel by AÇAI JACARÉ BEACH (@acaijacarebeach);https://instagram.com/p/C9f3WWwRybU;instagram_p_not_profile|brand_not_confirmed|instagram_profile_not_canonicalizable
393e1305-e40d-4281-99c5-ebe01cc24c27;Açaí Jacaré Beach;Açaí Jacaré Beach Praia Do Jacare R. Clodoaldo Gouveia Cabedelo PB Instagram;;red;3;instagram;organic;No Terraço de Taypa, cada petisco é uma combinação de ...;https://instagram.com/p/DHWkUYIyEdp;instagram_p_not_profile|brand_not_confirmed|instagram_profile_not_canonicalizable
393e1305-e40d-4281-99c5-ebe01cc24c27;Açaí Jacaré Beach;Açaí Jacaré Beach Praia Do Jacare R. Clodoaldo Gouveia Cabedelo PB Instagram;;red;3;instagram;organic;Se esse vídeo apareceu pra você… é porque alguém te deve ...;https://instagram.com/reel/DRpQWTfCb0n;instagram_reel_not_profile|brand_not_confirmed|instagram_profile_not_canonicalizable
393e1305-e40d-4281-99c5-ebe01cc24c27;Açaí Jacaré Beach;Açaí Jacaré Beach Praia Do Jacare R. Clodoaldo Gouveia Cabedelo PB Instagram;;red;-20;wanderboat.ai;organic;Açaí Jacaré Beach - R. Clodoaldo Gouveia, 214;https://wanderboat.ai/restaurants/brazil/regi%C3%A3o-geogr%C3%A1fica-imediata-de-jo%C3%A3o-pessoa/a%C3%A7a%C3%AD-jacar%C3%A9-beach/ZMHYdTyESdCqX58RDAFoPA;brand_not_confirmed|city_not_confirmed
799763e1-04c1-495d-a7ea-5489a0897da8;A Casa do Lanche;A Casa do Lanche Formosa R. Est. Paulo Maia Guimarães (83) 99862-1050 Cabedelo PB Instagram;yes;yellow;68;instagram;organic;Marcos Lanches - Cabedelo PB (@marcoslanchess_);https://instagram.com/marcoslanchess_;brand_not_confirmed
799763e1-04c1-495d-a7ea-5489a0897da8;A Casa do Lanche;A Casa do Lanche Formosa R. Est. Paulo Maia Guimarães (83) 99862-1050 Cabedelo PB Instagram;;yellow;52;instagram;organic;I ❤ Burguer (@iloveburguerpb);https://instagram.com/iloveburguerpb;brand_not_confirmed|city_not_confirmed
799763e1-04c1-495d-a7ea-5489a0897da8;A Casa do Lanche;A Casa do Lanche Formosa R. Est. Paulo Maia Guimarães (83) 99862-1050 Cabedelo PB Instagram;;yellow;46;instagram;organic;KA LANCHES (@kalanchesjp);https://instagram.com/kalanchesjp;brand_not_confirmed|city_not_confirmed
799763e1-04c1-495d-a7ea-5489a0897da8;A Casa do Lanche;A Casa do Lanche Formosa R. Est. Paulo Maia Guimarães (83) 99862-1050 Cabedelo PB Instagram;;red;6;instagram;derived_instagram_handle;Instagram profile @barbosa.lanches;https://instagram.com/barbosa.lanches;brand_not_confirmed|derived_handle_brand_not_confirmed|city_not_confirmed
799763e1-04c1-495d-a7ea-5489a0897da8;A Casa do Lanche;A Casa do Lanche Formosa R. Est. Paulo Maia Guimarães (83) 99862-1050 Cabedelo PB Instagram;;red;-6;google;organic;CABEDELO/PB Umas das muitas coisas boas de fazer esse ...;https://google.com.br/goto?url=CAESYwHuR6pNtU2ksYslhD4Y0Od9f-m-Yj2gIM_devoHzM0ZI9T1oA4UKnSlepfh_Wm2tJpIsX3nw7opT0iqBMugzO1evLZeajCq90l0j-63EY-RmGjQbj2HEk8hcJOmaSRJuPo_Mg==;map_not_direct_menu|brand_not_confirmed
799763e1-04c1-495d-a7ea-5489a0897da8;A Casa do Lanche;A Casa do Lanche Formosa R. Est. Paulo Maia Guimarães (83) 99862-1050 Cabedelo PB Instagram;;red;-7;instagram;organic;Pedido da mesa do lado 📍 @barbosa.lanches;https://instagram.com/p/DWz44GyiXxl/?__d=1%E5%B0%8F%E7%86%8A%E7%A4%BE%E5%B7%A5%E5%BA%93%E6%9F%A5%E8%AF%A2%E4%BA%BA%E6%B0%91%E9%93%B6%E8%A1%8C%E5%BE%81%E4%BF%A1%E6%97%A0%E9%9C%80%E4%B8%AA%E4%BA%BA%E6%8E%88%E6%9D%83%2C%E5%85%AC%E8%AE%A4%E7%9A%84%E8%A7%A3%E5%AF%86%E5%86%85%E5%B9%95%E4%BB%98%E8%B4%B9%E7%A4%BE%E5%B7%A5%E5%BA%93%E2%9C%94%EF%B8%8Fchalalala.com;instagram_p_not_profile|brand_not_confirmed|instagram_profile_not_canonicalizable|city_not_confirmed
799763e1-04c1-495d-a7ea-5489a0897da8;A Casa do Lanche;A Casa do Lanche Formosa R. Est. Paulo Maia Guimarães (83) 99862-1050 Cabedelo PB Instagram;;red;-7;instagram;organic;Pedido da mesa do lado 📍 @barbosa.lanches;https://instagram.com/p/DWz44GyiXxl/?__d=1%E6%9F%A5%E5%BD%95%E9%9F%B3%E6%9F%A5%E8%AF%A2%E8%BD%A6%E8%BE%86%E8%A1%8C%E9%A9%B6%E8%BD%A8%E8%BF%B9%E5%AE%9A%E4%BD%8D%2C%E6%9C%80%E9%9D%A0%E8%B0%B1%E7%9A%84E%E6%95%B0%E6%8D%AEqq%E7%A4%BE%E5%B7%A5%E5%BA%93%E5%9C%A8%E7%BA%BF%E6%9F%A5%E8%AF%A2%E2%9C%94%EF%B8%8Fshegongo.com;instagram_p_not_profile|brand_not_confirmed|instagram_profile_not_canonicalizable|city_not_confirmed
799763e1-04c1-495d-a7ea-5489a0897da8;A Casa do Lanche;A Casa do Lanche Formosa R. Est. Paulo Maia Guimarães (83) 99862-1050 Cabedelo PB Instagram;;red;-10;google;organic;como pessoense, esses são meus lugares favoritos no verão ...;https://google.com.br/goto?url=CAESYwHuR6pNa8qEIm203mQV17vNUo2TeHtb26d4SPCBZR_gwaRqrg-_AcSh973-HyXdsqoQGPXA7elaWh9W8Tk7EScYN3qjIJ6An3PHMk3_v1I7KuowqK2CBW64pxsG9Sspf4PI_A==;map_not_direct_menu|brand_not_confirmed|city_not_confirmed
970fe52c-b7f8-46bf-a594-93b443b6d3e5;Guaiamum & Cia - Cabedelo PB;Guaiamum & Cia - Cabedelo PB Vila Sao Joao R. Cleto Campêlo (83) 98879-6950 Cabedelo PB Instagram;yes;yellow;120;instagram;organic;Metalúrgica Metal & Cia (@metalecia) · Cabedelo, PB;https://instagram.com/metalecia;
970fe52c-b7f8-46bf-a594-93b443b6d3e5;Guaiamum & Cia - Cabedelo PB;Guaiamum & Cia - Cabedelo PB Vila Sao Joao R. Cleto Campêlo (83) 98879-6950 Cabedelo PB Instagram;;yellow;64;instagram;organic;SECULT Cabedelo/PB - Brasil (@secultcabedelo);https://instagram.com/secultcabedelo;brand_not_confirmed
970fe52c-b7f8-46bf-a594-93b443b6d3e5;Guaiamum & Cia - Cabedelo PB;Guaiamum & Cia - Cabedelo PB Vila Sao Joao R. Cleto Campêlo (83) 98879-6950 Cabedelo PB Instagram;;red;32;instagram;organic;Prefeitura de Cabedelo (@prefeituradecabedelo);https://instagram.com/prefeituradecabedelo;brand_not_confirmed|name_not_confirmed
970fe52c-b7f8-46bf-a594-93b443b6d3e5;Guaiamum & Cia - Cabedelo PB;Guaiamum & Cia - Cabedelo PB Vila Sao Joao R. Cleto Campêlo (83) 98879-6950 Cabedelo PB Instagram;;red;11;instagram;organic;São Miguel Arcanjo 🙏 Enviamos para todo o Brasil. Catálogo ...;https://instagram.com/reel/C-tFnmYyLSQ;instagram_reel_not_profile|brand_not_confirmed|instagram_profile_not_canonicalizable
970fe52c-b7f8-46bf-a594-93b443b6d3e5;Guaiamum & Cia - Cabedelo PB;Guaiamum & Cia - Cabedelo PB Vila Sao Joao R. Cleto Campêlo (83) 98879-6950 Cabedelo PB Instagram;;red;-15;instagram;organic;Saída às 09:00h. Praça Getúlio Vargas centro de cabedelo PB ...;https://instagram.com/reel/DZphEV6K9kf;instagram_reel_not_profile|brand_not_confirmed|name_not_confirmed|instagram_profile_not_canonicalizable
970fe52c-b7f8-46bf-a594-93b443b6d3e5;Guaiamum & Cia - Cabedelo PB;Guaiamum & Cia - Cabedelo PB Vila Sao Joao R. Cleto Campêlo (83) 98879-6950 Cabedelo PB Instagram;;red;-15;instagram;organic;Cabedelo - PB, que energia surreal! 🔥 Foi simplesmente ...;https://instagram.com/p/DLf472DPguM;instagram_p_not_profile|brand_not_confirmed|name_not_confirmed|instagram_profile_not_canonicalizable
970fe52c-b7f8-46bf-a594-93b443b6d3e5;Guaiamum & Cia - Cabedelo PB;Guaiamum & Cia - Cabedelo PB Vila Sao Joao R. Cleto Campêlo (83) 98879-6950 Cabedelo PB Instagram;;red;-15;instagram;organic;Esse mar… 🌊😮‍💨 João Pessoa, Cabedelo… minha PB ...;https://instagram.com/reel/DFAcQQXudhv;instagram_reel_not_profile|brand_not_confirmed|name_not_confirmed|instagram_profile_not_canonicalizable
970fe52c-b7f8-46bf-a594-93b443b6d3e5;Guaiamum & Cia - Cabedelo PB;Guaiamum & Cia - Cabedelo PB Vila Sao Joao R. Cleto Campêlo (83) 98879-6950 Cabedelo PB Instagram;;red;-15;instagram;organic;Se esse vídeo apareceu pra você… é porque alguém te deve ...;https://instagram.com/reel/DRpQWTfCb0n;instagram_reel_not_profile|brand_not_confirmed|name_not_confirmed|instagram_profile_not_canonicalizable
3e32d9c6-3c16-47a9-912a-b3627b13088d;Bonitinha das tapiocas;Bonitinha das tapiocas Cabedelo Av. Pôr do Sol (87) 99906-3738 Cabedelo PB Instagram;;red;41;instagram;organic;JOÃO PESSOA/PB A tapioca da Dona Nilda não tem perfil no ...;https://instagram.com/reel/DPlpuKCkU3_;instagram_reel_not_profile|instagram_profile_not_canonicalizable|city_not_confirmed
3e32d9c6-3c16-47a9-912a-b3627b13088d;Bonitinha das tapiocas;Bonitinha das tapiocas Cabedelo Av. Pôr do Sol (87) 99906-3738 Cabedelo PB Instagram;yes;red;38;instagram;organic;Tapioca da Leuda (@tapiocadaleuda);https://instagram.com/tapiocadaleuda;brand_not_confirmed|name_not_confirmed
3e32d9c6-3c16-47a9-912a-b3627b13088d;Bonitinha das tapiocas;Bonitinha das tapiocas Cabedelo Av. Pôr do Sol (87) 99906-3738 Cabedelo PB Instagram;;red;35;instagram;organic;Hoje é o Dia da Tapioca! Excepcionalmente nesta terça- ...;https://instagram.com/p/DMID--uOJTs;instagram_p_not_profile|instagram_profile_not_canonicalizable|city_not_confirmed
3e32d9c6-3c16-47a9-912a-b3627b13088d;Bonitinha das tapiocas;Bonitinha das tapiocas Cabedelo Av. Pôr do Sol (87) 99906-3738 Cabedelo PB Instagram;;red;35;instagram;organic;tapiocas rendadas, crepiocas, churros salgados, dadinhos ...;https://instagram.com/p/DMIcNQLuV4N/?hl=pt-br;instagram_p_not_profile|instagram_profile_not_canonicalizable|city_not_confirmed
3e32d9c6-3c16-47a9-912a-b3627b13088d;Bonitinha das tapiocas;Bonitinha das tapiocas Cabedelo Av. Pôr do Sol (87) 99906-3738 Cabedelo PB Instagram;;red;35;instagram;organic;eu me achando 'o bonitão das tapiocas' no programa de ...;https://instagram.com/p/DGENnoDxX_y;instagram_p_not_profile|instagram_profile_not_canonicalizable|city_not_confirmed
3e32d9c6-3c16-47a9-912a-b3627b13088d;Bonitinha das tapiocas;Bonitinha das tapiocas Cabedelo Av. Pôr do Sol (87) 99906-3738 Cabedelo PB Instagram;;red;32;instagram;organic;Prefeitura de Cabedelo (@prefeituradecabedelo);https://instagram.com/prefeituradecabedelo;brand_not_confirmed|name_not_confirmed
3e32d9c6-3c16-47a9-912a-b3627b13088d;Bonitinha das tapiocas;Bonitinha das tapiocas Cabedelo Av. Pôr do Sol (87) 99906-3738 Cabedelo PB Instagram;;red;-15;instagram;organic;Esse mar… 🌊😮‍💨 João Pessoa, Cabedelo… minha PB ...;https://instagram.com/reel/DFAcQQXudhv;instagram_reel_not_profile|brand_not_confirmed|name_not_confirmed|instagram_profile_not_canonicalizable
3e32d9c6-3c16-47a9-912a-b3627b13088d;Bonitinha das tapiocas;Bonitinha das tapiocas Cabedelo Av. Pôr do Sol (87) 99906-3738 Cabedelo PB Instagram;;red;-21;instagram;organic;Venham experimentar nossa tapioca que é referência aqui ...;https://instagram.com/reel/DX31SVoA32Z;instagram_reel_not_profile|brand_not_confirmed|name_not_confirmed|instagram_profile_not_canonicalizable
58f3eb00-556c-496a-abee-790e691903ce;Pastel do Thiago;Pastel do Thiago Ponta de Matos R. Sólon de Lucena (83) 98823-7441 Cabedelo PB Instagram;yes;yellow;68;instagram;organic;Pastelaria Litorânea (@pastelarialitoranea);https://instagram.com/pastelarialitoranea;brand_not_confirmed
58f3eb00-556c-496a-abee-790e691903ce;Pastel do Thiago;Pastel do Thiago Ponta de Matos R. Sólon de Lucena (83) 98823-7441 Cabedelo PB Instagram;;yellow;46;instagram;organic;CASA DO PASTEL (@casadopastel83);https://instagram.com/casadopastel83;brand_not_confirmed|city_not_confirmed
58f3eb00-556c-496a-abee-790e691903ce;Pastel do Thiago;Pastel do Thiago Ponta de Matos R. Sólon de Lucena (83) 98823-7441 Cabedelo PB Instagram;;red;3;instagram;organic;Pastéis a partir de R$5,00? Super recheados, crocantes e ...;https://instagram.com/reel/DP7YdT0kWFh;instagram_reel_not_profile|brand_not_confirmed|instagram_profile_not_canonicalizable
58f3eb00-556c-496a-abee-790e691903ce;Pastel do Thiago;Pastel do Thiago Ponta de Matos R. Sólon de Lucena (83) 98823-7441 Cabedelo PB Instagram;;red;3;instagram;organic;O melhor pastel de Camboinha te espera! Agora ficou ainda ...;https://instagram.com/reel/DD5Jy4gvTd5;instagram_reel_not_profile|brand_not_confirmed|instagram_profile_not_canonicalizable
58f3eb00-556c-496a-abee-790e691903ce;Pastel do Thiago;Pastel do Thiago Ponta de Matos R. Sólon de Lucena (83) 98823-7441 Cabedelo PB Instagram;;red;-13;instagram;organic;Quando a fome é gigante… só o pastel da Avenida dá ...;https://instagram.com/p/DQPBs5Vjwuj;instagram_p_not_profile|brand_not_confirmed|instagram_profile_not_canonicalizable|city_not_confirmed
58f3eb00-556c-496a-abee-790e691903ce;Pastel do Thiago;Pastel do Thiago Ponta de Matos R. Sólon de Lucena (83) 98823-7441 Cabedelo PB Instagram;;red;-19;instagram;organic;Ki Pastel Do Catolé®️🥇 | Dump de 50 dias que vivemos ...;https://instagram.com/p/DU9DKVcjx10;instagram_p_not_profile|brand_not_confirmed|instagram_profile_not_canonicalizable|city_not_confirmed
58f3eb00-556c-496a-abee-790e691903ce;Pastel do Thiago;Pastel do Thiago Ponta de Matos R. Sólon de Lucena (83) 98823-7441 Cabedelo PB Instagram;;red;-19;instagram;organic;🥟✨ Faça da sua imaginação o seu pastel! Aqui você cria, ...;https://instagram.com/p/DYafKONAWgG;instagram_p_not_profile|brand_not_confirmed|instagram_profile_not_canonicalizable|city_not_confirmed
58f3eb00-556c-496a-abee-790e691903ce;Pastel do Thiago;Pastel do Thiago Ponta de Matos R. Sólon de Lucena (83) 98823-7441 Cabedelo PB Instagram;;red;-19;instagram;organic;Food Truck Rod. Augusto Montenegro – (Em frente à ...;https://instagram.com/reel/DTbe2WqEdXi;instagram_reel_not_profile|brand_not_confirmed|instagram_profile_not_canonicalizable|city_not_confirmed
3a22854f-4f10-4a9c-9bdc-cd40abef570e;Tapiocaria da Edna Paraiba;Tapiocaria da Edna Paraiba Jacaré R. Praia do Jacaré (83) 98821-2431 Cabedelo PB Instagram;yes;yellow;56;instagram;organic;Tapioca da Leuda (@tapiocadaleuda);https://instagram.com/tapiocadaleuda;brand_not_confirmed
3a22854f-4f10-4a9c-9bdc-cd40abef570e;Tapiocaria da Edna Paraiba;Tapiocaria da Edna Paraiba Jacaré R. Praia do Jacaré (83) 98821-2431 Cabedelo PB Instagram;;yellow;56;instagram;organic;Cibelly Mar | Restaurante Flutuante (@cibellymarr);https://instagram.com/cibellymarr;brand_not_confirmed
3a22854f-4f10-4a9c-9bdc-cd40abef570e;Tapiocaria da Edna Paraiba;Tapiocaria da Edna Paraiba Jacaré R. Praia do Jacaré (83) 98821-2431 Cabedelo PB Instagram;;red;34;instagram;organic;Artesanato e Comida Típica (@chieartesanatoecomedoria);https://instagram.com/chieartesanatoecomedoria;brand_not_confirmed|city_not_confirmed
3a22854f-4f10-4a9c-9bdc-cd40abef570e;Tapiocaria da Edna Paraiba;Tapiocaria da Edna Paraiba Jacaré R. Praia do Jacaré (83) 98821-2431 Cabedelo PB Instagram;;red;16;instagram;derived_instagram_handle;Instagram profile @_luiscleber;https://instagram.com/_luiscleber;brand_not_confirmed|derived_handle_brand_not_confirmed
3a22854f-4f10-4a9c-9bdc-cd40abef570e;Tapiocaria da Edna Paraiba;Tapiocaria da Edna Paraiba Jacaré R. Praia do Jacaré (83) 98821-2431 Cabedelo PB Instagram;;red;3;instagram;organic;Pé na areia, a caipirinha, água de coco, a cervejinha ...;https://instagram.com/reel/CtrVa5vrl4i;instagram_reel_not_profile|brand_not_confirmed|instagram_profile_not_canonicalizable
3a22854f-4f10-4a9c-9bdc-cd40abef570e;Tapiocaria da Edna Paraiba;Tapiocaria da Edna Paraiba Jacaré R. Praia do Jacaré (83) 98821-2431 Cabedelo PB Instagram;;red;3;instagram;organic;infinita beleza ☀️ Pôr do sol nesta quarta-feira na Praia ...;https://instagram.com/reel/DIhinhOxLtv;instagram_reel_not_profile|brand_not_confirmed|instagram_profile_not_canonicalizable
3a22854f-4f10-4a9c-9bdc-cd40abef570e;Tapiocaria da Edna Paraiba;Tapiocaria da Edna Paraiba Jacaré R. Praia do Jacaré (83) 98821-2431 Cabedelo PB Instagram;;red;3;instagram;organic;No Terraço de Taypa, cada petisco é uma combinação de ...;https://instagram.com/p/DHWkUYIyEdp;instagram_p_not_profile|brand_not_confirmed|instagram_profile_not_canonicalizable
3a22854f-4f10-4a9c-9bdc-cd40abef570e;Tapiocaria da Edna Paraiba;Tapiocaria da Edna Paraiba Jacaré R. Praia do Jacaré (83) 98821-2431 Cabedelo PB Instagram;;red;3;instagram;organic;Cibelly Mar | Restaurante Flutuante ...;https://instagram.com/reel/DJoqOfpt7Bf;instagram_reel_not_profile|brand_not_confirmed|instagram_profile_not_canonicalizable
37ab4f58-d719-4d80-a795-591129dcd723;RESTAURANTE DA WILMA;RESTAURANTE DA WILMA Cabedelo Jacaré (83) 98732-3938 Cabedelo PB Instagram;yes;yellow;56;instagram;organic;Cibelly Mar | Restaurante Flutuante (@cibellymarr);https://instagram.com/cibellymarr;brand_not_confirmed
37ab4f58-d719-4d80-a795-591129dcd723;RESTAURANTE DA WILMA;RESTAURANTE DA WILMA Cabedelo Jacaré (83) 98732-3938 Cabedelo PB Instagram;;red;3;instagram;organic;Se você ainda não conhece o restaurante que flutua na Praia ...;https://instagram.com/reel/DTKx9EhDloy;instagram_reel_not_profile|brand_not_confirmed|instagram_profile_not_canonicalizable
37ab4f58-d719-4d80-a795-591129dcd723;RESTAURANTE DA WILMA;RESTAURANTE DA WILMA Cabedelo Jacaré (83) 98732-3938 Cabedelo PB Instagram;;red;3;instagram;organic;"Cibelly Mar | Restaurante Flutuante on Instagram: ""Por trás do ...";https://instagram.com/reel/DNSoMcHOUO0;instagram_reel_not_profile|brand_not_confirmed|instagram_profile_not_canonicalizable
37ab4f58-d719-4d80-a795-591129dcd723;RESTAURANTE DA WILMA;RESTAURANTE DA WILMA Cabedelo Jacaré (83) 98732-3938 Cabedelo PB Instagram;;red;-3;instagram;organic;Conta pra gente quem vai vir curtir tudo isso com você! A ...;https://instagram.com/reel/DXcI5fcOOBC;instagram_reel_not_profile|brand_not_confirmed|instagram_profile_not_canonicalizable
37ab4f58-d719-4d80-a795-591129dcd723;RESTAURANTE DA WILMA;RESTAURANTE DA WILMA Cabedelo Jacaré (83) 98732-3938 Cabedelo PB Instagram;;red;-3;instagram;organic;Aproveitar o dia por aqui é mais do que só um dia comum. É a ...;https://instagram.com/reel/DU27b8TDySA;instagram_reel_not_profile|brand_not_confirmed|instagram_profile_not_canonicalizable
37ab4f58-d719-4d80-a795-591129dcd723;RESTAURANTE DA WILMA;RESTAURANTE DA WILMA Cabedelo Jacaré (83) 98732-3938 Cabedelo PB Instagram;;red;-3;instagram;organic;Almoço bom é na Cibelly Mar, que tal você vir até aqui e ...;https://instagram.com/p/Csljqc8rCg0;instagram_p_not_profile|brand_not_confirmed|instagram_profile_not_canonicalizable
37ab4f58-d719-4d80-a795-591129dcd723;RESTAURANTE DA WILMA;RESTAURANTE DA WILMA Cabedelo Jacaré (83) 98732-3938 Cabedelo PB Instagram;;red;-3;instagram;organic;Você precisa conhecer esse restaurante na Praia do Jacaré ...;https://instagram.com/reel/DUA6HnsD7bI;instagram_reel_not_profile|brand_not_confirmed|instagram_profile_not_canonicalizable
37ab4f58-d719-4d80-a795-591129dcd723;RESTAURANTE DA WILMA;RESTAURANTE DA WILMA Cabedelo Jacaré (83) 98732-3938 Cabedelo PB Instagram;;red;-7;instagram;organic;Transforme sua semana em uma experiência única. Todo ...;https://instagram.com/p/DLlN2xuP_Jw;instagram_p_not_profile|brand_not_confirmed|instagram_profile_not_canonicalizable|city_not_confirmed
2b235799-a9b7-4b5b-b754-6aced57e707b;Atlântico bar, cabedelo;Atlântico bar, cabedelo Cabedelo Cassiano, Av. Cassiano da Cunha Nóbrega - Ponta de Matos (83) 99187-8408 Cabedelo PB Instagram;yes;yellow;63;instagram;organic;83 3228-1826 (zap) Vem viver o paraíso! # ...;https://instagram.com/p/DZ8AfH3xenc;instagram_p_not_profile|instagram_profile_not_canonicalizable
2b235799-a9b7-4b5b-b754-6aced57e707b;Atlântico bar, cabedelo;Atlântico bar, cabedelo Cabedelo Cassiano, Av. Cassiano da Cunha Nóbrega - Ponta de Matos (83) 99187-8408 Cabedelo PB Instagram;;red;38;instagram;organic;Tenda Formosa restaurante (@tendaformosaoficial);https://instagram.com/tendaformosaoficial;brand_not_confirmed|name_not_confirmed
2b235799-a9b7-4b5b-b754-6aced57e707b;Atlântico bar, cabedelo;Atlântico bar, cabedelo Cabedelo Cassiano, Av. Cassiano da Cunha Nóbrega - Ponta de Matos (83) 99187-8408 Cabedelo PB Instagram;;red;38;instagram;organic;gigantedomaroficial • Instagram photos and videos;https://instagram.com/gigantedomaroficial;brand_not_confirmed|name_not_confirmed
2b235799-a9b7-4b5b-b754-6aced57e707b;Atlântico bar, cabedelo;Atlântico bar, cabedelo Cabedelo Cassiano, Av. Cassiano da Cunha Nóbrega - Ponta de Matos (83) 99187-8408 Cabedelo PB Instagram;;red;-15;instagram;organic;Cabedelo PB Te espero lá! 🤘🏻🔥 #Digzin #reggae # ...;https://instagram.com/p/C6hCWnqL43F;instagram_p_not_profile|brand_not_confirmed|name_not_confirmed|instagram_profile_not_canonicalizable
2b235799-a9b7-4b5b-b754-6aced57e707b;Atlântico bar, cabedelo;Atlântico bar, cabedelo Cabedelo Cassiano, Av. Cassiano da Cunha Nóbrega - Ponta de Matos (83) 99187-8408 Cabedelo PB Instagram;;red;-18;tripadvisor;organic;SUMÉ BAR E RESTAURANTE, Cabedelo - City Center;https://tripadvisor.com.br/Restaurant_Review-g793398-d5367262-Reviews-Sume_Bar_e_Restaurante-Cabedelo_State_of_Paraiba.html;brand_not_confirmed|name_not_confirmed
2b235799-a9b7-4b5b-b754-6aced57e707b;Atlântico bar, cabedelo;Atlântico bar, cabedelo Cabedelo Cassiano, Av. Cassiano da Cunha Nóbrega - Ponta de Matos (83) 99187-8408 Cabedelo PB Instagram;;red;-21;instagram;organic;Caldinho Prime | Praia Formosa| Cabedelo | Peixe inteiro no ...;https://instagram.com/reel/C6mL4S-rCOE;instagram_reel_not_profile|brand_not_confirmed|name_not_confirmed|instagram_profile_not_canonicalizable
2b235799-a9b7-4b5b-b754-6aced57e707b;Atlântico bar, cabedelo;Atlântico bar, cabedelo Cabedelo Cassiano, Av. Cassiano da Cunha Nóbrega - Ponta de Matos (83) 99187-8408 Cabedelo PB Instagram;;red;-37;instagram;organic;"Ilha Dourada on Instagram: ""O restaurante mais pé na areia ...";https://instagram.com/reel/DD0Ogzgx71Y;instagram_reel_not_profile|brand_not_confirmed|name_not_confirmed|instagram_profile_not_canonicalizable|city_not_confirmed
2b235799-a9b7-4b5b-b754-6aced57e707b;Atlântico bar, cabedelo;Atlântico bar, cabedelo Cabedelo Cassiano, Av. Cassiano da Cunha Nóbrega - Ponta de Matos (83) 99187-8408 Cabedelo PB Instagram;;red;-37;instagram;organic;Olha só, nosso cliente favorito... Você;https://instagram.com/reel/DN6isZxisDp;instagram_reel_not_profile|brand_not_confirmed|name_not_confirmed|instagram_profile_not_canonicalizable|city_not_confirmed
98181d40-599b-4cb9-89c9-d65dca257d97;Pastelão da BR;Pastelão da BR Amazonia Park BR-230 (83) 98644-4647 Cabedelo PB Instagram;yes;yellow;68;instagram;organic;Pastelaria Litorânea (@pastelarialitoranea);https://instagram.com/pastelarialitoranea;brand_not_confirmed
98181d40-599b-4cb9-89c9-d65dca257d97;Pastelão da BR;Pastelão da BR Amazonia Park BR-230 (83) 98644-4647 Cabedelo PB Instagram;;yellow;56;instagram;organic;lacasadepastelpb (@lacasadepastelpbof) · Cabedelo, PB;https://instagram.com/lacasadepastelpbof;brand_not_confirmed
98181d40-599b-4cb9-89c9-d65dca257d97;Pastelão da BR;Pastelão da BR Amazonia Park BR-230 (83) 98644-4647 Cabedelo PB Instagram;;yellow;47;instagram;organic;"Pastelão on Instagram: ""Venha até o Pastelão ou peça já ...";https://instagram.com/reel/DL3GCNdBrwE;instagram_reel_not_profile|instagram_profile_not_canonicalizable|city_not_confirmed
98181d40-599b-4cb9-89c9-d65dca257d97;Pastelão da BR;Pastelão da BR Amazonia Park BR-230 (83) 98644-4647 Cabedelo PB Instagram;;red;3;instagram;organic;"Pastel da Liberdade João Pessoa on Instagram: ""O melhor ...";https://instagram.com/reel/DD5Jy4gvTd5;instagram_reel_not_profile|brand_not_confirmed|instagram_profile_not_canonicalizable
98181d40-599b-4cb9-89c9-d65dca257d97;Pastelão da BR;Pastelão da BR Amazonia Park BR-230 (83) 98644-4647 Cabedelo PB Instagram;;red;-7;instagram;organic;Chama no WhatsApp (83)9 9617-4595 ...;https://instagram.com/p/CvNrdzQOvPt;instagram_p_not_profile|brand_not_confirmed|instagram_profile_not_canonicalizable|city_not_confirmed
98181d40-599b-4cb9-89c9-d65dca257d97;Pastelão da BR;Pastelão da BR Amazonia Park BR-230 (83) 98644-4647 Cabedelo PB Instagram;;red;-19;instagram;organic;Segura essa sequencia das melhores e marca 3 amigos ...;https://instagram.com/reel/DTbe2WqEdXi;instagram_reel_not_profile|brand_not_confirmed|instagram_profile_not_canonicalizable|city_not_confirmed
98181d40-599b-4cb9-89c9-d65dca257d97;Pastelão da BR;Pastelão da BR Amazonia Park BR-230 (83) 98644-4647 Cabedelo PB Instagram;;red;-19;instagram;organic;TU NUNCA VIU UM PASTEL DESSE TAMANHO! ...;https://instagram.com/reel/DW4tP91jl7T;instagram_reel_not_profile|brand_not_confirmed|instagram_profile_not_canonicalizable|city_not_confirmed
98181d40-599b-4cb9-89c9-d65dca257d97;Pastelão da BR;Pastelão da BR Amazonia Park BR-230 (83) 98644-4647 Cabedelo PB Instagram;;red;-19;instagram;organic;QUEM CONSEGUIR ACERTAR O TEMPO, GANHA NA HORA ...;https://instagram.com/reel/DPZKcp5AIeX;instagram_reel_not_profile|brand_not_confirmed|instagram_profile_not_canonicalizable|city_not_confirmed
738fac6b-80b9-4424-bfb2-3ae18488cfcb;Davi do Coco;Davi do Coco Intermares Av. Oceano Atlântico (83) 98682-0231 Cabedelo PB Instagram;yes;yellow;98;instagram;derived_instagram_handle;Instagram profile @cocointermares;https://instagram.com/cocointermares;city_not_confirmed
738fac6b-80b9-4424-bfb2-3ae18488cfcb;Davi do Coco;Davi do Coco Intermares Av. Oceano Atlântico (83) 98682-0231 Cabedelo PB Instagram;;yellow;98;instagram;organic;𝙇𝙀𝙊 𝘿𝙊 𝘾𝙊𝘾𝙊 🇧🇷🥥 (@leodococo10);https://instagram.com/leodococo10/reels;city_not_confirmed
738fac6b-80b9-4424-bfb2-3ae18488cfcb;Davi do Coco;Davi do Coco Intermares Av. Oceano Atlântico (83) 98682-0231 Cabedelo PB Instagram;;red;43;instagram;organic;Esse é o famoso Davi do 🌴 Coco na orla de Intermares ...;https://instagram.com/p/DCePOvGRjsv;instagram_p_not_profile|instagram_profile_not_canonicalizable|city_not_confirmed
738fac6b-80b9-4424-bfb2-3ae18488cfcb;Davi do Coco;Davi do Coco Intermares Av. Oceano Atlântico (83) 98682-0231 Cabedelo PB Instagram;;red;43;instagram;organic;Vem tomar aquela água de coco gelada e no precinho aqui ...;https://instagram.com/reel/DaICKUBSBFp;instagram_reel_not_profile|instagram_profile_not_canonicalizable|city_not_confirmed
738fac6b-80b9-4424-bfb2-3ae18488cfcb;Davi do Coco;Davi do Coco Intermares Av. Oceano Atlântico (83) 98682-0231 Cabedelo PB Instagram;;red;38;serpapi.com;local;Davi do Coco;https://serpapi.com/search.json?device=desktop&engine=google&gl=br&google_domain=google.com.br&hl=pt-br&ludocid=125948534658124909&q=Davi+do+Coco+Intermares+Av.+Oceano+Atl%C3%A2ntico+%2883%29+98682-0231+Cabedelo+PB+Instagram;
738fac6b-80b9-4424-bfb2-3ae18488cfcb;Davi do Coco;Davi do Coco Intermares Av. Oceano Atlântico (83) 98682-0231 Cabedelo PB Instagram;;red;38;serpapi.com;local;Léo do Côco;https://serpapi.com/search.json?device=desktop&engine=google&gl=br&google_domain=google.com.br&hl=pt-br&ludocid=4091588336682117584&q=Davi+do+Coco+Intermares+Av.+Oceano+Atl%C3%A2ntico+%2883%29+98682-0231+Cabedelo+PB+Instagram;
738fac6b-80b9-4424-bfb2-3ae18488cfcb;Davi do Coco;Davi do Coco Intermares Av. Oceano Atlântico (83) 98682-0231 Cabedelo PB Instagram;;red;-11;instagram;organic;@cocointermares;https://instagram.com/reel/DZhkZfkR_y3;instagram_reel_not_profile|brand_not_confirmed|instagram_profile_not_canonicalizable|city_not_confirmed
738fac6b-80b9-4424-bfb2-3ae18488cfcb;Davi do Coco;Davi do Coco Intermares Av. Oceano Atlântico (83) 98682-0231 Cabedelo PB Instagram;;red;-11;instagram;organic;@cocointermares;https://instagram.com/reel/DVwRXpFicmR;instagram_reel_not_profile|brand_not_confirmed|instagram_profile_not_canonicalizable|city_not_confirmed
fa5d1264-03c0-491d-a52a-4bad168948b0;JKZ Alimentos (AÇAÍto);JKZ Alimentos (AÇAÍto) Lot. Parque Esperanca R. José Faustino da Silva Filho (83) 3268-0219 Cabedelo PB Instagram;;red;38;panrotas.com.br;organic;Empresa de açaí da Paraíba tem soluções para food service;https://panrotas.com.br/noticia-turismo/hotelaria/2013/11/empresa-de-acai-da-paraiba-tem-solucoes-para-food-service_93977.html;
fa5d1264-03c0-491d-a52a-4bad168948b0;JKZ Alimentos (AÇAÍto);JKZ Alimentos (AÇAÍto) Lot. Parque Esperanca R. José Faustino da Silva Filho (83) 3268-0219 Cabedelo PB Instagram;yes;red;16;instagram;organic;jk distribuidora de produtos alimentícios;https://instagram.com/jkdistribuidora2.0;brand_not_confirmed|name_not_confirmed|city_not_confirmed
fa5d1264-03c0-491d-a52a-4bad168948b0;JKZ Alimentos (AÇAÍto);JKZ Alimentos (AÇAÍto) Lot. Parque Esperanca R. José Faustino da Silva Filho (83) 3268-0219 Cabedelo PB Instagram;;red;-15;instagram;organic;O melhor açaí de Cabedelo. Praçaí Intermares. Vem pra cá ...;https://instagram.com/reel/DFgYAuqS7Ko;instagram_reel_not_profile|brand_not_confirmed|name_not_confirmed|instagram_profile_not_canonicalizable
fa5d1264-03c0-491d-a52a-4bad168948b0;JKZ Alimentos (AÇAÍto);JKZ Alimentos (AÇAÍto) Lot. Parque Esperanca R. José Faustino da Silva Filho (83) 3268-0219 Cabedelo PB Instagram;;red;-25;instagram;organic;Do seu jeito, do tamanho que a Trend pede… mas com a ...;https://instagram.com/reel/DPHPZRfjt7t;instagram_reel_not_profile|brand_not_confirmed|name_not_confirmed|instagram_profile_not_canonicalizable|city_not_confirmed
fa5d1264-03c0-491d-a52a-4bad168948b0;JKZ Alimentos (AÇAÍto);JKZ Alimentos (AÇAÍto) Lot. Parque Esperanca R. José Faustino da Silva Filho (83) 3268-0219 Cabedelo PB Instagram;;red;-25;instagram;organic;"Açaí Brasil Mix2 on Instagram: ""No Açaí Brasil Mix2, cada ...";https://instagram.com/reel/DOrnAFjjTJh;instagram_reel_not_profile|brand_not_confirmed|name_not_confirmed|instagram_profile_not_canonicalizable|city_not_confirmed
fa5d1264-03c0-491d-a52a-4bad168948b0;JKZ Alimentos (AÇAÍto);JKZ Alimentos (AÇAÍto) Lot. Parque Esperanca R. José Faustino da Silva Filho (83) 3268-0219 Cabedelo PB Instagram;;red;-31;instagram;organic;Rica em fibras, vitaminas e cheia de sabor, a #Jaca é ...;https://instagram.com/p/DE3QwzqPB1J;instagram_p_not_profile|brand_not_confirmed|name_not_confirmed|instagram_profile_not_canonicalizable|city_not_confirmed
fa5d1264-03c0-491d-a52a-4bad168948b0;JKZ Alimentos (AÇAÍto);JKZ Alimentos (AÇAÍto) Lot. Parque Esperanca R. José Faustino da Silva Filho (83) 3268-0219 Cabedelo PB Instagram;;red;-37;instagram;organic;"Ki Frutas on Instagram: ""Preocupação zero, deixamos onde ...";https://instagram.com/reel/DMyVfy7px0a;instagram_reel_not_profile|brand_not_confirmed|name_not_confirmed|instagram_profile_not_canonicalizable|city_not_confirmed
fa5d1264-03c0-491d-a52a-4bad168948b0;JKZ Alimentos (AÇAÍto);JKZ Alimentos (AÇAÍto) Lot. Parque Esperanca R. José Faustino da Silva Filho (83) 3268-0219 Cabedelo PB Instagram;;red;-37;instagram;organic;A espera acabou! A Glaçaí Sorveteria e ...;https://instagram.com/p/DQPtzIZkThg;instagram_p_not_profile|brand_not_confirmed|name_not_confirmed|instagram_profile_not_canonicalizable|city_not_confirmed
274e26ff-b503-440c-8c30-411d9d7c361f;Big lanches camboinha;Big lanches camboinha Camboinha R. Márcia Travassos (83) 99136-4218 Cabedelo PB Instagram;yes;yellow;120;instagram;organic;BIG LANCHES (@biglanchescamboinha) · Cabedelo, PB;https://instagram.com/biglanchescamboinha;
274e26ff-b503-440c-8c30-411d9d7c361f;Big lanches camboinha;Big lanches camboinha Camboinha R. Márcia Travassos (83) 99136-4218 Cabedelo PB Instagram;;yellow;110;instagram;organic;Pizzaria & Hambúrguer Big & Lanches ...;https://instagram.com/pizzaria_big_lanches;city_not_confirmed
274e26ff-b503-440c-8c30-411d9d7c361f;Big lanches camboinha;Big lanches camboinha Camboinha R. Márcia Travassos (83) 99136-4218 Cabedelo PB Instagram;;yellow;110;instagram;organic;Big Lanche Hamburgueria (@biglanche._) · Pindaré-Mirim, ...;https://instagram.com/biglanche._/?hl=pt;city_not_confirmed
274e26ff-b503-440c-8c30-411d9d7c361f;Big lanches camboinha;Big lanches camboinha Camboinha R. Márcia Travassos (83) 99136-4218 Cabedelo PB Instagram;;red;3;instagram;organic;Agora chegou a SUA VEZ de dar um mordidão em um dos ...;https://instagram.com/reel/DFEObNxRCCb;instagram_reel_not_profile|brand_not_confirmed|instagram_profile_not_canonicalizable
274e26ff-b503-440c-8c30-411d9d7c361f;Big lanches camboinha;Big lanches camboinha Camboinha R. Márcia Travassos (83) 99136-4218 Cabedelo PB Instagram;;red;2;instagram;derived_instagram_handle;Instagram profile @aracruz_027;https://instagram.com/aracruz_027;brand_not_confirmed|derived_handle_brand_not_confirmed|city_not_confirmed
274e26ff-b503-440c-8c30-411d9d7c361f;Big lanches camboinha;Big lanches camboinha Camboinha R. Márcia Travassos (83) 99136-4218 Cabedelo PB Instagram;;red;2;hubt.com.br;organic;Big Lanches - Cabedelo, PB - Hubt;https://hubt.com.br/big-lanches-;brand_not_confirmed
274e26ff-b503-440c-8c30-411d9d7c361f;Big lanches camboinha;Big lanches camboinha Camboinha R. Márcia Travassos (83) 99136-4218 Cabedelo PB Instagram;;red;1;instagram;organic;BIG LANCHES | DE OLHO NO PRÊMIO! 🎁🔥 Peça seu ...;https://instagram.com/p/DULsLfQAX_n;instagram_p_not_profile|brand_not_confirmed|instagram_profile_not_canonicalizable|city_not_confirmed
274e26ff-b503-440c-8c30-411d9d7c361f;Big lanches camboinha;Big lanches camboinha Camboinha R. Márcia Travassos (83) 99136-4218 Cabedelo PB Instagram;;red;1;instagram;organic;Dia das Mães é no Big X! Na compra de um combo lanche, ...;https://instagram.com/p/DC6z_YAOXIy;instagram_p_not_profile|brand_not_confirmed|instagram_profile_not_canonicalizable|city_not_confirmed
afa4d143-2996-418e-af22-d839e60b546a;Porto do Café;Porto do Café Centro Praça Getúlio Vargas (83) 98845-4070 Cabedelo PB Instagram;yes;yellow;110;instagram;organic;Café República (@caferepublica);https://instagram.com/caferepublica;city_not_confirmed
afa4d143-2996-418e-af22-d839e60b546a;Porto do Café;Porto do Café Centro Praça Getúlio Vargas (83) 98845-4070 Cabedelo PB Instagram;;yellow;106;instagram;organic;Rolê dos Cafés (@roledoscafespoa);https://instagram.com/roledoscafespoa;city_not_confirmed
afa4d143-2996-418e-af22-d839e60b546a;Porto do Café;Porto do Café Centro Praça Getúlio Vargas (83) 98845-4070 Cabedelo PB Instagram;;yellow;59;instagram;organic;Já experimentou nossos Latte Chocolate? Ainda não ...;https://instagram.com/p/C-agyozpSwc/?hl=am-et;instagram_p_not_profile|instagram_profile_not_canonicalizable
afa4d143-2996-418e-af22-d839e60b546a;Porto do Café;Porto do Café Centro Praça Getúlio Vargas (83) 98845-4070 Cabedelo PB Instagram;;yellow;56;instagram;derived_instagram_handle;Instagram profile @veras_opoint_dosamigos;https://instagram.com/veras_opoint_dosamigos;derived_handle_brand_not_confirmed|city_not_confirmed
afa4d143-2996-418e-af22-d839e60b546a;Porto do Café;Porto do Café Centro Praça Getúlio Vargas (83) 98845-4070 Cabedelo PB Instagram;;red;43;instagram;organic;Porto do Capim @veras_opoint_dosamigos ❤️☕️ ...;https://instagram.com/reel/DOSAbAukaWq;instagram_reel_not_profile|instagram_profile_not_canonicalizable|city_not_confirmed
afa4d143-2996-418e-af22-d839e60b546a;Porto do Café;Porto do Café Centro Praça Getúlio Vargas (83) 98845-4070 Cabedelo PB Instagram;;red;43;instagram;organic;O melhor momento de tomar aquele Café especial é muito ...;https://instagram.com/p/DCJsBYnJQM_;instagram_p_not_profile|instagram_profile_not_canonicalizable|city_not_confirmed
afa4d143-2996-418e-af22-d839e60b546a;Porto do Café;Porto do Café Centro Praça Getúlio Vargas (83) 98845-4070 Cabedelo PB Instagram;;red;38;instagram;organic;RESTAURANTE POR DO SOL • (@bar_restaurantepordosol);https://instagram.com/bar_restaurantepordosol;brand_not_confirmed|name_not_confirmed
afa4d143-2996-418e-af22-d839e60b546a;Porto do Café;Porto do Café Centro Praça Getúlio Vargas (83) 98845-4070 Cabedelo PB Instagram;;red;2;instagram;derived_instagram_handle;Instagram profile @oop;https://instagram.com/oop;brand_not_confirmed|derived_handle_brand_not_confirmed|city_not_confirmed
27df6fb8-c364-4b9d-be49-8ddb961464a2;Cosmo Lanches;Cosmo Lanches Jardim Beta Av. Pres. Venceslau Braz (83) 98776-8636 Cabedelo PB Instagram;yes;yellow;110;instagram;organic;Cosmo Lanches (@cosmolanchesoficial);https://instagram.com/cosmolanchesoficial;city_not_confirmed
27df6fb8-c364-4b9d-be49-8ddb961464a2;Cosmo Lanches;Cosmo Lanches Jardim Beta Av. Pres. Venceslau Braz (83) 98776-8636 Cabedelo PB Instagram;;yellow;98;instagram;organic;Cosmo lanches 🍔🍟🍽️🍕 (@cosmolanches);https://instagram.com/cosmolanches;city_not_confirmed
27df6fb8-c364-4b9d-be49-8ddb961464a2;Cosmo Lanches;Cosmo Lanches Jardim Beta Av. Pres. Venceslau Braz (83) 98776-8636 Cabedelo PB Instagram;;yellow;68;instagram;organic;Marcos Lanches - Cabedelo PB (@marcoslanchess_);https://instagram.com/marcoslanchess_;brand_not_confirmed
27df6fb8-c364-4b9d-be49-8ddb961464a2;Cosmo Lanches;Cosmo Lanches Jardim Beta Av. Pres. Venceslau Braz (83) 98776-8636 Cabedelo PB Instagram;;red;-7;instagram;organic;pause o vídeo e descubra qual será seu pedido de hoje no ...;https://instagram.com/reel/DO8j_dhk1rB;instagram_reel_not_profile|brand_not_confirmed|instagram_profile_not_canonicalizable|city_not_confirmed
27df6fb8-c364-4b9d-be49-8ddb961464a2;Cosmo Lanches;Cosmo Lanches Jardim Beta Av. Pres. Venceslau Braz (83) 98776-8636 Cabedelo PB Instagram;;red;-11;instagram;organic;🍔🍟 Apresentamos a vocês a nossa deliciosa lanchonete ...;https://instagram.com/reel/C0h4iN2rYKe;instagram_reel_not_profile|brand_not_confirmed|instagram_profile_not_canonicalizable|city_not_confirmed
27df6fb8-c364-4b9d-be49-8ddb961464a2;Cosmo Lanches;Cosmo Lanches Jardim Beta Av. Pres. Venceslau Braz (83) 98776-8636 Cabedelo PB Instagram;;red;-11;instagram;organic;Família Cosmo lanches;https://instagram.com/reel/CpEjYZoKFxb;instagram_reel_not_profile|brand_not_confirmed|instagram_profile_not_canonicalizable|city_not_confirmed
27df6fb8-c364-4b9d-be49-8ddb961464a2;Cosmo Lanches;Cosmo Lanches Jardim Beta Av. Pres. Venceslau Braz (83) 98776-8636 Cabedelo PB Instagram;;red;-19;instagram;organic;DOG TRIPLO BACON POR 💲20 HOJE ...;https://instagram.com/reel/DP7RUNIgX6l;instagram_reel_not_profile|brand_not_confirmed|instagram_profile_not_canonicalizable|city_not_confirmed
27df6fb8-c364-4b9d-be49-8ddb961464a2;Cosmo Lanches;Cosmo Lanches Jardim Beta Av. Pres. Venceslau Braz (83) 98776-8636 Cabedelo PB Instagram;;red;-19;instagram;organic;FERIADÃO ON! Escolha o seu KA Lanche preferido e ...;https://instagram.com/p/DCm5SV8S1n_;instagram_p_not_profile|brand_not_confirmed|instagram_profile_not_canonicalizable|city_not_confirmed
0160d19f-be11-446b-a6c5-5048889fff57;Pizzaria nock_nhock;Pizzaria nock_nhock Lot. Parque Esperanca R. Airton Sena (83) 99934-0514 Cabedelo PB Instagram;yes;yellow;56;instagram;organic;Eu Quero Pizza - Food Truck 🍕 (@euqueropizzafoodtruck);https://instagram.com/euqueropizzafoodtruck;brand_not_confirmed
0160d19f-be11-446b-a6c5-5048889fff57;Pizzaria nock_nhock;Pizzaria nock_nhock Lot. Parque Esperanca R. Airton Sena (83) 99934-0514 Cabedelo PB Instagram;;yellow;46;instagram;organic;Pizza Now (@pizzanowexpress);https://instagram.com/pizzanowexpress;brand_not_confirmed|city_not_confirmed
0160d19f-be11-446b-a6c5-5048889fff57;Pizzaria nock_nhock;Pizzaria nock_nhock Lot. Parque Esperanca R. Airton Sena (83) 99934-0514 Cabedelo PB Instagram;;red;3;instagram;organic;Pizza do Paulinho / Pizzaria em Cabedelo on Instagram ...;https://instagram.com/reel/DA_PK8_Rz56;instagram_reel_not_profile|brand_not_confirmed|instagram_profile_not_canonicalizable
0160d19f-be11-446b-a6c5-5048889fff57;Pizzaria nock_nhock;Pizzaria nock_nhock Lot. Parque Esperanca R. Airton Sena (83) 99934-0514 Cabedelo PB Instagram;;red;-6;instagram;derived_instagram_handle;Instagram profile @originalfoodjp;https://instagram.com/originalfoodjp;brand_not_confirmed|derived_handle_brand_not_confirmed|city_not_confirmed
0160d19f-be11-446b-a6c5-5048889fff57;Pizzaria nock_nhock;Pizzaria nock_nhock Lot. Parque Esperanca R. Airton Sena (83) 99934-0514 Cabedelo PB Instagram;;red;-13;instagram;organic;"Carmela Pizzeria on Instagram: "" CAMPEÃO DENTRO E ...";https://instagram.com/reel/DMyfPBuC-ba;instagram_reel_not_profile|brand_not_confirmed|instagram_profile_not_canonicalizable|city_not_confirmed
0160d19f-be11-446b-a6c5-5048889fff57;Pizzaria nock_nhock;Pizzaria nock_nhock Lot. Parque Esperanca R. Airton Sena (83) 99934-0514 Cabedelo PB Instagram;;red;-13;instagram;organic;João Pessoa/PB;https://instagram.com/p/DYAjKyfk2jV;instagram_p_not_profile|brand_not_confirmed|instagram_profile_not_canonicalizable|city_not_confirmed
0160d19f-be11-446b-a6c5-5048889fff57;Pizzaria nock_nhock;Pizzaria nock_nhock Lot. Parque Esperanca R. Airton Sena (83) 99934-0514 Cabedelo PB Instagram;;red;-19;instagram;organic;tá liberado o aquecimento. 📣⚽🍕 Na Nova Esperança: ...;https://instagram.com/p/DYp5kxGgnkO;instagram_p_not_profile|brand_not_confirmed|instagram_profile_not_canonicalizable|city_not_confirmed
0160d19f-be11-446b-a6c5-5048889fff57;Pizzaria nock_nhock;Pizzaria nock_nhock Lot. Parque Esperanca R. Airton Sena (83) 99934-0514 Cabedelo PB Instagram;;red;-19;instagram;organic;"Pizzaria do Carlão on Instagram: ""Viva essa experiência ...";https://instagram.com/reel/DJe3br1RJDK;instagram_reel_not_profile|brand_not_confirmed|instagram_profile_not_canonicalizable|city_not_confirmed
6a2fdb0c-b4ce-4085-9d59-b1240d59009a;JL Bolos;JL Bolos Jardim Camboinha R. Rio Paraíba (83) 98787-2334 Cabedelo PB Instagram;yes;yellow;110;instagram;organic;JOCIELE BOLOS 🎂 (@jlbolos1);https://instagram.com/jlbolos1;city_not_confirmed
6a2fdb0c-b4ce-4085-9d59-b1240d59009a;JL Bolos;JL Bolos Jardim Camboinha R. Rio Paraíba (83) 98787-2334 Cabedelo PB Instagram;;yellow;98;instagram;organic;(@jl.bolos.doces) • Instagram photos and videos;https://instagram.com/jl.bolos.doces;city_not_confirmed
6a2fdb0c-b4ce-4085-9d59-b1240d59009a;JL Bolos;JL Bolos Jardim Camboinha R. Rio Paraíba (83) 98787-2334 Cabedelo PB Instagram;;yellow;98;instagram;organic;JL BOLOS E TORTAS (@jlbolosetortas);https://instagram.com/jlbolosetortas;city_not_confirmed
6a2fdb0c-b4ce-4085-9d59-b1240d59009a;JL Bolos;JL Bolos Jardim Camboinha R. Rio Paraíba (83) 98787-2334 Cabedelo PB Instagram;;yellow;98;instagram;derived_instagram_handle;Instagram profile @casa_dos_bolos_mbc;https://instagram.com/casa_dos_bolos_mbc;city_not_confirmed
6a2fdb0c-b4ce-4085-9d59-b1240d59009a;JL Bolos;JL Bolos Jardim Camboinha R. Rio Paraíba (83) 98787-2334 Cabedelo PB Instagram;;red;2;wanderboat.ai;organic;JL Bolos in Região Geográfica Imediata de João Pessoa, Brazil;https://wanderboat.ai/restaurants/brazil/regi%C3%A3o-geogr%C3%A1fica-imediata-de-jo%C3%A3o-pessoa/jl-bolos/zYH8DpZJRLW63nM6JE6P8Q;brand_not_confirmed
6a2fdb0c-b4ce-4085-9d59-b1240d59009a;JL Bolos;JL Bolos Jardim Camboinha R. Rio Paraíba (83) 98787-2334 Cabedelo PB Instagram;;red;-5;instagram;organic;Se você trabalha com doces e bolos, aqui é o lugar certo para ...;https://instagram.com/reel/DRunY9ajqfQ;instagram_reel_not_profile|brand_not_confirmed|instagram_profile_not_canonicalizable|city_not_confirmed
6a2fdb0c-b4ce-4085-9d59-b1240d59009a;JL Bolos;JL Bolos Jardim Camboinha R. Rio Paraíba (83) 98787-2334 Cabedelo PB Instagram;;red;-7;instagram;organic;Espia só essa maravilha! 😍 O Bolo Caseiro no Pote de ...;https://instagram.com/p/DNqra0qNw25;instagram_p_not_profile|brand_not_confirmed|instagram_profile_not_canonicalizable|city_not_confirmed
6a2fdb0c-b4ce-4085-9d59-b1240d59009a;JL Bolos;JL Bolos Jardim Camboinha R. Rio Paraíba (83) 98787-2334 Cabedelo PB Instagram;;red;-11;instagram;organic;Boa tarde com essa delícia, venha para JL bolos 👨‍🍳❤️;https://instagram.com/p/CQGwl3WHkNs;instagram_p_not_profile|brand_not_confirmed|instagram_profile_not_canonicalizable|city_not_confirmed
47118179-91f8-4cd7-a84d-f015a7d6033f;Ravellas - Food Truck;Ravellas - Food Truck Intermares Rua Clóvis de Holanda Calado (83) 98789-1997 Cabedelo PB Instagram;yes;red;38;instagram;organic;Intermares Hall (@intermareshall) · Cabedelo, PB;https://instagram.com/intermareshall;brand_not_confirmed|name_not_confirmed
47118179-91f8-4cd7-a84d-f015a7d6033f;Ravellas - Food Truck;Ravellas - Food Truck Intermares Rua Clóvis de Holanda Calado (83) 98789-1997 Cabedelo PB Instagram;;red;32;instagram;organic;Prefeitura de Cabedelo (@prefeituradecabedelo);https://instagram.com/prefeituradecabedelo;brand_not_confirmed|name_not_confirmed
47118179-91f8-4cd7-a84d-f015a7d6033f;Ravellas - Food Truck;Ravellas - Food Truck Intermares Rua Clóvis de Holanda Calado (83) 98789-1997 Cabedelo PB Instagram;;red;11;instagram;organic;O melhor lugar pra quem ama hambúrguer na brasa, assados ...;https://instagram.com/reel/DTJc8qDEcJr;instagram_reel_not_profile|brand_not_confirmed|instagram_profile_not_canonicalizable
47118179-91f8-4cd7-a84d-f015a7d6033f;Ravellas - Food Truck;Ravellas - Food Truck Intermares Rua Clóvis de Holanda Calado (83) 98789-1997 Cabedelo PB Instagram;;red;-15;instagram;organic;CABEDELO/PB Fui visitar esse pier/passarela... Não sei bem ...;https://instagram.com/reel/DUZcNCrkbIw;instagram_reel_not_profile|brand_not_confirmed|name_not_confirmed|instagram_profile_not_canonicalizable
47118179-91f8-4cd7-a84d-f015a7d6033f;Ravellas - Food Truck;Ravellas - Food Truck Intermares Rua Clóvis de Holanda Calado (83) 98789-1997 Cabedelo PB Instagram;;red;-15;instagram;organic;Orla de Intermares, Cabedelo, Paraíba! Um ótimo lugar para ...;https://instagram.com/reel/DDZaPBGpkJG;instagram_reel_not_profile|brand_not_confirmed|name_not_confirmed|instagram_profile_not_canonicalizable
47118179-91f8-4cd7-a84d-f015a7d6033f;Ravellas - Food Truck;Ravellas - Food Truck Intermares Rua Clóvis de Holanda Calado (83) 98789-1997 Cabedelo PB Instagram;;red;-21;instagram;organic;Intermares é um bairro de Cabedelo (cidade que pertence ...;https://instagram.com/reel/CmZ9a00q_NI;instagram_reel_not_profile|brand_not_confirmed|name_not_confirmed|instagram_profile_not_canonicalizable
47118179-91f8-4cd7-a84d-f015a7d6033f;Ravellas - Food Truck;Ravellas - Food Truck Intermares Rua Clóvis de Holanda Calado (83) 98789-1997 Cabedelo PB Instagram;;red;-37;instagram;organic;Recebi esses vídeos, fotos e mensagem de moradores ...;https://instagram.com/p/DK_6aQCuaiD;instagram_p_not_profile|brand_not_confirmed|name_not_confirmed|instagram_profile_not_canonicalizable|city_not_confirmed
47118179-91f8-4cd7-a84d-f015a7d6033f;Ravellas - Food Truck;Ravellas - Food Truck Intermares Rua Clóvis de Holanda Calado (83) 98789-1997 Cabedelo PB Instagram;;red;-37;instagram;organic;Tá chegando o dia da nossa Feira ESTAÇÃO ...;https://instagram.com/p/DXiHL-7CRhg;instagram_p_not_profile|brand_not_confirmed|name_not_confirmed|instagram_profile_not_canonicalizable|city_not_confirmed
74a5c779-4ae7-4e7f-a91f-372783779162;Varanda da pizza Delivery;Varanda da pizza Delivery Parque Esperança R. Das Hortências (83) 99666-0928 Cabedelo PB Instagram;yes;yellow;110;instagram;organic;Varanda da Pizza Delivery (@varanda_da_pizza_delivery);https://instagram.com/varanda_da_pizza_delivery;city_not_confirmed
74a5c779-4ae7-4e7f-a91f-372783779162;Varanda da pizza Delivery;Varanda da pizza Delivery Parque Esperança R. Das Hortências (83) 99666-0928 Cabedelo PB Instagram;;yellow;110;instagram;organic;Varandas® EST.2013 (@varandasgrupo);https://instagram.com/varandasgrupo;city_not_confirmed
74a5c779-4ae7-4e7f-a91f-372783779162;Varanda da pizza Delivery;Varanda da pizza Delivery Parque Esperança R. Das Hortências (83) 99666-0928 Cabedelo PB Instagram;;yellow;110;instagram;organic;Varanda Pizza Bar (@pizzabarvaranda);https://instagram.com/pizzabarvaranda;city_not_confirmed
74a5c779-4ae7-4e7f-a91f-372783779162;Varanda da pizza Delivery;Varanda da pizza Delivery Parque Esperança R. Das Hortências (83) 99666-0928 Cabedelo PB Instagram;;yellow;110;instagram;organic;Varanda Gourmet (@varanda.gourmetsh);https://instagram.com/varanda.gourmetsh;city_not_confirmed
74a5c779-4ae7-4e7f-a91f-372783779162;Varanda da pizza Delivery;Varanda da pizza Delivery Parque Esperança R. Das Hortências (83) 99666-0928 Cabedelo PB Instagram;;yellow;98;instagram;organic;Varanda Restaurante e Pizzaria (@varandadavilla);https://instagram.com/varandadavilla;city_not_confirmed
74a5c779-4ae7-4e7f-a91f-372783779162;Varanda da pizza Delivery;Varanda da pizza Delivery Parque Esperança R. Das Hortências (83) 99666-0928 Cabedelo PB Instagram;;yellow;98;instagram;organic;Varanda pizzas (@varandapizzariadelivery) · Rio Claro, SP;https://instagram.com/varandapizzariadelivery;city_not_confirmed
74a5c779-4ae7-4e7f-a91f-372783779162;Varanda da pizza Delivery;Varanda da pizza Delivery Parque Esperança R. Das Hortências (83) 99666-0928 Cabedelo PB Instagram;;yellow;47;instagram;organic;Bem-vindo ao Varanda! Aqui, cada detalhe foi pensado pra ...;https://instagram.com/reel/DMDU1GnulQJ;instagram_reel_not_profile|instagram_profile_not_canonicalizable|city_not_confirmed
74a5c779-4ae7-4e7f-a91f-372783779162;Varanda da pizza Delivery;Varanda da pizza Delivery Parque Esperança R. Das Hortências (83) 99666-0928 Cabedelo PB Instagram;;yellow;47;instagram;organic;Peça pelo app ou venha comer com conforto e bom ...;https://instagram.com/reel/DYssf_ASBHp;instagram_reel_not_profile|instagram_profile_not_canonicalizable|city_not_confirmed
7c7122af-3461-4317-853e-634eaadcc895;Espetinho lá Brasil;Espetinho lá Brasil Intermares Av. Oceano Pacífico (61) 99908-5656 Cabedelo PB Instagram;yes;yellow;118;instagram;organic;Rope Espetos (@ropeespetos) · Cabedelo, PB;https://instagram.com/ropeespetos;
7c7122af-3461-4317-853e-634eaadcc895;Espetinho lá Brasil;Espetinho lá Brasil Intermares Av. Oceano Pacífico (61) 99908-5656 Cabedelo PB Instagram;;yellow;96;instagram;organic;ESPETINHO DA PRAIA 👑 (@espetinhodapraia);https://instagram.com/espetinhodapraia;city_not_confirmed
7c7122af-3461-4317-853e-634eaadcc895;Espetinho lá Brasil;Espetinho lá Brasil Intermares Av. Oceano Pacífico (61) 99908-5656 Cabedelo PB Instagram;;yellow;96;instagram;organic;espetinhos / grill / caldos/ churrasco (@olivergrilleespetos);https://instagram.com/olivergrilleespetos;city_not_confirmed
7c7122af-3461-4317-853e-634eaadcc895;Espetinho lá Brasil;Espetinho lá Brasil Intermares Av. Oceano Pacífico (61) 99908-5656 Cabedelo PB Instagram;;yellow;47;instagram;organic;"churrasco on Instagram: ""#selecaobrasileira #intermares ...";https://instagram.com/reel/DKh2jpSvy85;instagram_reel_not_profile|instagram_profile_not_canonicalizable
7c7122af-3461-4317-853e-634eaadcc895;Espetinho lá Brasil;Espetinho lá Brasil Intermares Av. Oceano Pacífico (61) 99908-5656 Cabedelo PB Instagram;;red;31;instagram;organic;Esse mar… 🌊😮‍💨 João Pessoa, Cabedelo… minha PB ...;https://instagram.com/reel/DFAcQQXudhv;instagram_reel_not_profile|name_not_confirmed|instagram_profile_not_canonicalizable
7c7122af-3461-4317-853e-634eaadcc895;Espetinho lá Brasil;Espetinho lá Brasil Intermares Av. Oceano Pacífico (61) 99908-5656 Cabedelo PB Instagram;;red;31;instagram;organic;"Casa de carnes da mamãe on Instagram: ""Nosso revendedor ...";https://instagram.com/reel/DDcaropOOzs;instagram_reel_not_profile|instagram_profile_not_canonicalizable|city_not_confirmed
7c7122af-3461-4317-853e-634eaadcc895;Espetinho lá Brasil;Espetinho lá Brasil Intermares Av. Oceano Pacífico (61) 99908-5656 Cabedelo PB Instagram;;red;31;instagram;organic;Sabor que surpreende em cada detalhe. 🍤✨ O Espetinho ...;https://instagram.com/p/DXjmce4jjqU;instagram_p_not_profile|instagram_profile_not_canonicalizable|city_not_confirmed
7c7122af-3461-4317-853e-634eaadcc895;Espetinho lá Brasil;Espetinho lá Brasil Intermares Av. Oceano Pacífico (61) 99908-5656 Cabedelo PB Instagram;;red;31;instagram;organic;"Praçaí Intermares on Instagram: ""O parquinho restaurado na ...";https://instagram.com/reel/C8NoqGBJ5bd;instagram_reel_not_profile|instagram_profile_not_canonicalizable|city_not_confirmed
d8c6249e-fab7-4e9b-a189-861ea7d8d40a;Toca da Árvore;Toca da Árvore Jacaré R. Pôr do Sol (83) 99862-3335 Cabedelo PB Instagram;yes;yellow;94;instagram;organic;treehouse.pb;https://instagram.com/treehouse.pb;city_not_confirmed
d8c6249e-fab7-4e9b-a189-861ea7d8d40a;Toca da Árvore;Toca da Árvore Jacaré R. Pôr do Sol (83) 99862-3335 Cabedelo PB Instagram;;yellow;70;instagram;derived_instagram_handle;Instagram profile @treehousejpa;https://instagram.com/treehousejpa;derived_handle_brand_not_confirmed
d8c6249e-fab7-4e9b-a189-861ea7d8d40a;Toca da Árvore;Toca da Árvore Jacaré R. Pôr do Sol (83) 99862-3335 Cabedelo PB Instagram;;yellow;57;instagram;organic;"TreeHouse on Instagram: ""Fim de tarde na @treehousejpa ...";https://instagram.com/reel/Cmu9_EQJaHd;instagram_reel_not_profile|instagram_profile_not_canonicalizable
d8c6249e-fab7-4e9b-a189-861ea7d8d40a;Toca da Árvore;Toca da Árvore Jacaré R. Pôr do Sol (83) 99862-3335 Cabedelo PB Instagram;;red;38;instagram;organic;Pôr do Sol do Jacaré (@pordosoldojacare) · Cabedelo, PB;https://instagram.com/pordosoldojacare;brand_not_confirmed|name_not_confirmed
d8c6249e-fab7-4e9b-a189-861ea7d8d40a;Toca da Árvore;Toca da Árvore Jacaré R. Pôr do Sol (83) 99862-3335 Cabedelo PB Instagram;;red;11;instagram;organic;O Pôr do Sol do Jacaré, em Cabedelo, João Pessoa, é um ...;https://instagram.com/reel/DVPhyS_keVS;instagram_reel_not_profile|brand_not_confirmed|instagram_profile_not_canonicalizable
d8c6249e-fab7-4e9b-a189-861ea7d8d40a;Toca da Árvore;Toca da Árvore Jacaré R. Pôr do Sol (83) 99862-3335 Cabedelo PB Instagram;;red;5;instagram;organic;Por do sol mais famoso, por do Sol do Jacaré em ...;https://instagram.com/reel/DQc7PAZjPcs;instagram_reel_not_profile|brand_not_confirmed|instagram_profile_not_canonicalizable
d8c6249e-fab7-4e9b-a189-861ea7d8d40a;Toca da Árvore;Toca da Árvore Jacaré R. Pôr do Sol (83) 99862-3335 Cabedelo PB Instagram;;red;-15;instagram;organic;Tentam descrever, mas a verdade é que o pôr do sol mais ...;https://instagram.com/reel/DTn20Gqjfv-;instagram_reel_not_profile|brand_not_confirmed|name_not_confirmed|instagram_profile_not_canonicalizable
d8c6249e-fab7-4e9b-a189-861ea7d8d40a;Toca da Árvore;Toca da Árvore Jacaré R. Pôr do Sol (83) 99862-3335 Cabedelo PB Instagram;;red;-15;instagram;organic;Pôr do sol na Praia do Jacaré – Cabedelo/PB Um espetáculo ...;https://instagram.com/reel/DUQIn0xkRZU;instagram_reel_not_profile|brand_not_confirmed|name_not_confirmed|instagram_profile_not_canonicalizable
e3acb420-5c76-4087-a1a7-0de39e4e3162;Açaí do Pará Intermares;Açaí do Pará Intermares Lot. Bela Vista R. Virginia Maria Nogueira Gadelha Pimentel (83) 98229-2123 Cabedelo PB Instagram;yes;yellow;56;instagram;organic;Praçaí Intermares (@pracaiintermares) · Cabedelo, PB;https://instagram.com/pracaiintermares;brand_not_confirmed
e3acb420-5c76-4087-a1a7-0de39e4e3162;Açaí do Pará Intermares;Açaí do Pará Intermares Lot. Bela Vista R. Virginia Maria Nogueira Gadelha Pimentel (83) 98229-2123 Cabedelo PB Instagram;;red;5;instagram;organic;O melhor açaí da Paraíba com as melhores clientes;https://instagram.com/p/C7m8EGzp4M7;instagram_p_not_profile|brand_not_confirmed|instagram_profile_not_canonicalizable
e3acb420-5c76-4087-a1a7-0de39e4e3162;Açaí do Pará Intermares;Açaí do Pará Intermares Lot. Bela Vista R. Virginia Maria Nogueira Gadelha Pimentel (83) 98229-2123 Cabedelo PB Instagram;;red;3;instagram;organic;O melhor açaí está aqui em intermares! ❤ 📍Localização;https://instagram.com/p/BTr1aryAUxL;instagram_p_not_profile|brand_not_confirmed|instagram_profile_not_canonicalizable
e3acb420-5c76-4087-a1a7-0de39e4e3162;Açaí do Pará Intermares;Açaí do Pará Intermares Lot. Bela Vista R. Virginia Maria Nogueira Gadelha Pimentel (83) 98229-2123 Cabedelo PB Instagram;;red;2;wanderboat.ai;organic;Açaí do Pará Intermares - R. Virginia Maria Nogueira ...;https://wanderboat.ai/restaurants/brazil/regi%C3%A3o-geogr%C3%A1fica-imediata-de-jo%C3%A3o-pessoa/a%C3%A7a%C3%AD-do-par%C3%A1-intermares/mclw0uPDT_OUU0zD_KN9Pw;brand_not_confirmed
e3acb420-5c76-4087-a1a7-0de39e4e3162;Açaí do Pará Intermares;Açaí do Pará Intermares Lot. Bela Vista R. Virginia Maria Nogueira Gadelha Pimentel (83) 98229-2123 Cabedelo PB Instagram;;red;-7;instagram;organic;Descubra o Melhor Açaí de Intermares na Praçaí! Turista, que ...;https://instagram.com/reel/DE5w-DjSfq2;instagram_reel_not_profile|brand_not_confirmed|instagram_profile_not_canonicalizable|city_not_confirmed
e3acb420-5c76-4087-a1a7-0de39e4e3162;Açaí do Pará Intermares;Açaí do Pará Intermares Lot. Bela Vista R. Virginia Maria Nogueira Gadelha Pimentel (83) 98229-2123 Cabedelo PB Instagram;;red;-7;instagram;organic;É que recheada que fala!? 🤤 Nossa barca de açaí TAM G ...;https://instagram.com/reel/CKy6Iw8pHvd;instagram_reel_not_profile|brand_not_confirmed|instagram_profile_not_canonicalizable|city_not_confirmed
e3acb420-5c76-4087-a1a7-0de39e4e3162;Açaí do Pará Intermares;Açaí do Pará Intermares Lot. Bela Vista R. Virginia Maria Nogueira Gadelha Pimentel (83) 98229-2123 Cabedelo PB Instagram;;red;-8;tiktok.com;organic;Açaí fresco e seguro: peça pelo iFood, WhatsApp ou visite ...;https://tiktok.com/@pointdoacaibelem/video/7649770026211495189;brand_not_confirmed|city_not_confirmed
e3acb420-5c76-4087-a1a7-0de39e4e3162;Açaí do Pará Intermares;Açaí do Pará Intermares Lot. Bela Vista R. Virginia Maria Nogueira Gadelha Pimentel (83) 98229-2123 Cabedelo PB Instagram;;red;-19;instagram;organic;A Praça do Açaí aqui no bairro de Intermares está ...;https://instagram.com/p/DIb3OC5pjH8;instagram_p_not_profile|brand_not_confirmed|instagram_profile_not_canonicalizable|city_not_confirmed
2e4d043d-4eae-48c9-852a-f81b7ef842f5;Bom apetite;Bom apetite Cabedelo Jacaré Cabedelo PB Instagram;yes;yellow;106;instagram;organic;Bom Apetite - Empanadas Argentinas - (@bomapetitejp);https://instagram.com/bomapetitejp;city_not_confirmed
2e4d043d-4eae-48c9-852a-f81b7ef842f5;Bom apetite;Bom apetite Cabedelo Jacaré Cabedelo PB Instagram;;yellow;106;instagram;organic;Bom Apetite (@restaurantebomapetitte);https://instagram.com/restaurantebomapetitte;city_not_confirmed
2e4d043d-4eae-48c9-852a-f81b7ef842f5;Bom apetite;Bom apetite Cabedelo Jacaré Cabedelo PB Instagram;;red;43;instagram;organic;Restaurante Bom Apetite;https://instagram.com/p/DEOKm0TJpnC;instagram_p_not_profile|instagram_profile_not_canonicalizable|city_not_confirmed
2e4d043d-4eae-48c9-852a-f81b7ef842f5;Bom apetite;Bom apetite Cabedelo Jacaré Cabedelo PB Instagram;;red;43;instagram;organic;Venha almoçar conosco. Rua José Loureiro, 40. E entrada ...;https://instagram.com/reel/DR0QkBMElb4;instagram_reel_not_profile|instagram_profile_not_canonicalizable|city_not_confirmed
2e4d043d-4eae-48c9-852a-f81b7ef842f5;Bom apetite;Bom apetite Cabedelo Jacaré Cabedelo PB Instagram;;red;43;instagram;organic;Bom apetite!!!;https://instagram.com/p/DJmKRIeOnhL;instagram_p_not_profile|instagram_profile_not_canonicalizable|city_not_confirmed
2e4d043d-4eae-48c9-852a-f81b7ef842f5;Bom apetite;Bom apetite Cabedelo Jacaré Cabedelo PB Instagram;;red;43;instagram;organic;No Bom Apetite, cada detalhe faz a diferença! 🧑‍🍳 ✨ ...;https://instagram.com/p/DDcRrg9MZcE;instagram_p_not_profile|instagram_profile_not_canonicalizable|city_not_confirmed
2e4d043d-4eae-48c9-852a-f81b7ef842f5;Bom apetite;Bom apetite Cabedelo Jacaré Cabedelo PB Instagram;;red;43;instagram;organic;Bom Apetite Bar & Restaurante | Vocês são a nossa maior ...;https://instagram.com/p/DOo3v2KDsVd;instagram_p_not_profile|instagram_profile_not_canonicalizable|city_not_confirmed
2e4d043d-4eae-48c9-852a-f81b7ef842f5;Bom apetite;Bom apetite Cabedelo Jacaré Cabedelo PB Instagram;;red;16;instagram;organic;𝑆𝑒𝑙𝑓 𝑆𝑒𝑟𝑣𝑖𝑐𝑒 𝐵𝑜𝑚 𝐴𝑝𝑒𝑡𝑖𝑡𝑒 (@selfservice83);https://instagram.com/selfservice83;brand_not_confirmed|name_not_confirmed|city_not_confirmed
0a3b0f9a-629f-41ff-b213-eeb69d825dc2;Renapizza;Renapizza Renascer R. São Sebastião (83) 99332-5522 Cabedelo PB Instagram;yes;red;40;instagram;organic;Renascer - João Pessoa/PB (@renascerjp);https://instagram.com/renascerjp/reels;brand_not_confirmed|city_not_confirmed
0a3b0f9a-629f-41ff-b213-eeb69d825dc2;Renapizza;Renapizza Renascer R. São Sebastião (83) 99332-5522 Cabedelo PB Instagram;;red;34;instagram;organic;renascer.cell - assistencia técnica em Android e iOS;https://instagram.com/renascer.cell;brand_not_confirmed|city_not_confirmed
0a3b0f9a-629f-41ff-b213-eeb69d825dc2;Renapizza;Renapizza Renascer R. São Sebastião (83) 99332-5522 Cabedelo PB Instagram;;red;34;instagram;organic;Lojas Renascer (@lojasrenasceroficial);https://instagram.com/lojasrenasceroficial;brand_not_confirmed|city_not_confirmed
0a3b0f9a-629f-41ff-b213-eeb69d825dc2;Renapizza;Renapizza Renascer R. São Sebastião (83) 99332-5522 Cabedelo PB Instagram;;red;34;instagram;organic;FARMACIA RENASCER (@farmaciarenascer3);https://instagram.com/farmaciarenascer3;brand_not_confirmed|city_not_confirmed
0a3b0f9a-629f-41ff-b213-eeb69d825dc2;Renapizza;Renapizza Renascer R. São Sebastião (83) 99332-5522 Cabedelo PB Instagram;;red;3;instagram;organic;NOSSAS LOJAS: Rua Maria Luiza da Conceição, 112B, ...;https://instagram.com/p/CtMYcK6g4Sg;instagram_p_not_profile|brand_not_confirmed|instagram_profile_not_canonicalizable
0a3b0f9a-629f-41ff-b213-eeb69d825dc2;Renapizza;Renapizza Renascer R. São Sebastião (83) 99332-5522 Cabedelo PB Instagram;;red;3;instagram;organic;Saída às 09:00h. Praça Getúlio Vargas centro de cabedelo PB ...;https://instagram.com/reel/DZphEV6K9kf;instagram_reel_not_profile|brand_not_confirmed|instagram_profile_not_canonicalizable
0a3b0f9a-629f-41ff-b213-eeb69d825dc2;Renapizza;Renapizza Renascer R. São Sebastião (83) 99332-5522 Cabedelo PB Instagram;;red;-3;instagram;organic;Renascer 3 Cabedelo João Pessoa Paraiba 👋 ❤️🐾🐾🐕;https://instagram.com/reel/DOtFe7cjST_;instagram_reel_not_profile|brand_not_confirmed|instagram_profile_not_canonicalizable
0a3b0f9a-629f-41ff-b213-eeb69d825dc2;Renapizza;Renapizza Renascer R. São Sebastião (83) 99332-5522 Cabedelo PB Instagram;;red;-6;cabedelo.pb.gov.br;organic;RENASCER-24 | Prefeitura de Cabedelo;https://cabedelo.pb.gov.br/renascer-24;brand_not_confirmed
436f9cd0-dff9-44c9-b070-180629e7a50e;Acai;Acai Lot. Oceania VI Av. Imbiridiba Cabedelo PB Instagram;yes;yellow;112;instagram;organic;Daniel Do Açaí (@danieldoacai);https://instagram.com/danieldoacai;
436f9cd0-dff9-44c9-b070-180629e7a50e;Acai;Acai Lot. Oceania VI Av. Imbiridiba Cabedelo PB Instagram;;yellow;106;instagram;organic;acaiaraxa2 · Cabedelo, PB;https://instagram.com/acaiaraxa2;
436f9cd0-dff9-44c9-b070-180629e7a50e;Acai;Acai Lot. Oceania VI Av. Imbiridiba Cabedelo PB Instagram;;yellow;100;instagram;organic;Açaí da Praia do Poço - Cabedelo (@acaidopoco);https://instagram.com/acaidopoco;
436f9cd0-dff9-44c9-b070-180629e7a50e;Acai;Acai Lot. Oceania VI Av. Imbiridiba Cabedelo PB Instagram;;yellow;100;instagram;organic;Toca do açaí (@toca_do_acai__) - Cabedelo;https://instagram.com/toca_do_acai__;
436f9cd0-dff9-44c9-b070-180629e7a50e;Acai;Acai Lot. Oceania VI Av. Imbiridiba Cabedelo PB Instagram;;yellow;90;instagram;derived_instagram_handle;Instagram profile @acaijacarebeach;https://instagram.com/acaijacarebeach;city_not_confirmed
436f9cd0-dff9-44c9-b070-180629e7a50e;Acai;Acai Lot. Oceania VI Av. Imbiridiba Cabedelo PB Instagram;;yellow;53;instagram;organic;O melhor açaí está aqui em intermares! ❤ 📍Localização;https://instagram.com/p/BTr1aryAUxL;instagram_p_not_profile|instagram_profile_not_canonicalizable
436f9cd0-dff9-44c9-b070-180629e7a50e;Acai;Acai Lot. Oceania VI Av. Imbiridiba Cabedelo PB Instagram;;yellow;53;instagram;organic;VEM PRA CABEDELO @acaijacarebeach #sorveteria #açaí ...;https://instagram.com/reel/DS5kcgbibga;instagram_reel_not_profile|instagram_profile_not_canonicalizable
436f9cd0-dff9-44c9-b070-180629e7a50e;Acai;Acai Lot. Oceania VI Av. Imbiridiba Cabedelo PB Instagram;;yellow;47;instagram;organic;"Praçaí Intermares on Instagram: ""Nosso açaí é 100% puro e ...";https://instagram.com/reel/C7wLWgwJlCg;instagram_reel_not_profile|instagram_profile_not_canonicalizable
80b5f0be-adea-4b91-8b8e-ee162f79f973;M E Refeição;M E Refeição Cabedelo Intermares Cabedelo PB Instagram;yes;yellow;56;instagram;organic;Tia Graça Doces e Salgados® (@tiagracadocesesalgados);https://instagram.com/tiagracadocesesalgados;brand_not_confirmed
80b5f0be-adea-4b91-8b8e-ee162f79f973;M E Refeição;M E Refeição Cabedelo Intermares Cabedelo PB Instagram;;yellow;50;instagram;organic;Prefeitura de Cabedelo (@prefeituradecabedelo);https://instagram.com/prefeituradecabedelo;brand_not_confirmed
80b5f0be-adea-4b91-8b8e-ee162f79f973;M E Refeição;M E Refeição Cabedelo Intermares Cabedelo PB Instagram;;yellow;50;instagram;organic;Numar Bar e Restaurante (@numarbarintermares);https://instagram.com/numarbarintermares;brand_not_confirmed
80b5f0be-adea-4b91-8b8e-ee162f79f973;M E Refeição;M E Refeição Cabedelo Intermares Cabedelo PB Instagram;;red;40;instagram;organic;PRIMO RICO (@primoricopb) • Instagram photos and videos;https://instagram.com/primoricopb;brand_not_confirmed|city_not_confirmed
80b5f0be-adea-4b91-8b8e-ee162f79f973;M E Refeição;M E Refeição Cabedelo Intermares Cabedelo PB Instagram;;red;3;instagram;organic;Numar Bar e Restaurante | Tem prato que chega na mesa e já ...;https://instagram.com/reel/DSfNEddFVJB;instagram_reel_not_profile|brand_not_confirmed|instagram_profile_not_canonicalizable
80b5f0be-adea-4b91-8b8e-ee162f79f973;M E Refeição;M E Refeição Cabedelo Intermares Cabedelo PB Instagram;;red;3;instagram;organic;"Arena MEAT House on Instagram: "" Intermares agora tem um ...";https://instagram.com/reel/DNlRBXiNYOD;instagram_reel_not_profile|brand_not_confirmed|instagram_profile_not_canonicalizable
80b5f0be-adea-4b91-8b8e-ee162f79f973;M E Refeição;M E Refeição Cabedelo Intermares Cabedelo PB Instagram;;red;3;instagram;organic;"ESPETINHO DA PRAIA on Instagram: ""Bateu a fome? A gente ...";https://instagram.com/reel/DDCVU5yhqIW;instagram_reel_not_profile|brand_not_confirmed|instagram_profile_not_canonicalizable
80b5f0be-adea-4b91-8b8e-ee162f79f973;M E Refeição;M E Refeição Cabedelo Intermares Cabedelo PB Instagram;;red;0;tripadvisor;organic;Restaurantes nas proximidades de Praia de Intermares;https://tripadvisor.com.br/RestaurantsNear-g793398-d2342304-Intermares_Beach-Cabedelo_State_of_Paraiba.html;brand_not_confirmed
f193a559-db9e-4530-be1f-889d9cd213ae;Burger Prime;Burger Prime Renascer R. Raul Seixas (83) 98617-5093 Cabedelo PB Instagram;yes;yellow;126;instagram;organic;BURGUER PRIME (@burguer.prime83);https://instagram.com/burguer.prime83;
f193a559-db9e-4530-be1f-889d9cd213ae;Burger Prime;Burger Prime Renascer R. Raul Seixas (83) 98617-5093 Cabedelo PB Instagram;;red;34;instagram;organic;083 Burger (@083burger) • Instagram photos and videos;https://instagram.com/083burger;brand_not_confirmed|city_not_confirmed
f193a559-db9e-4530-be1f-889d9cd213ae;Burger Prime;Burger Prime Renascer R. Raul Seixas (83) 98617-5093 Cabedelo PB Instagram;;red;5;instagram;organic;O BÁSICO QUE FUNCIONA! 🍔🔥 Nosso delicioso CLASSIC ...;https://instagram.com/reel/DJfDk7PpTkw;instagram_reel_not_profile|brand_not_confirmed|instagram_profile_not_canonicalizable
f193a559-db9e-4530-be1f-889d9cd213ae;Burger Prime;Burger Prime Renascer R. Raul Seixas (83) 98617-5093 Cabedelo PB Instagram;;red;1;instagram;organic;você não precisa escolher só um favorito. Do hambúrguer ...;https://instagram.com/p/DZ--dZ5N7Dp;instagram_p_not_profile|brand_not_confirmed|instagram_profile_not_canonicalizable|city_not_confirmed
f193a559-db9e-4530-be1f-889d9cd213ae;Burger Prime;Burger Prime Renascer R. Raul Seixas (83) 98617-5093 Cabedelo PB Instagram;;red;-11;instagram;organic;O endereço mudou. O vício continua! 🍔 A Burger Prime ...;https://instagram.com/p/DaWLhp_RBJA;instagram_p_not_profile|brand_not_confirmed|instagram_profile_not_canonicalizable|city_not_confirmed
f193a559-db9e-4530-be1f-889d9cd213ae;Burger Prime;Burger Prime Renascer R. Raul Seixas (83) 98617-5093 Cabedelo PB Instagram;;red;-11;instagram;organic;"BULL PRIME on Instagram: ""Dia Internacional do Hambúrguer ...";https://instagram.com/reel/DY5QTXTOygb;instagram_reel_not_profile|brand_not_confirmed|instagram_profile_not_canonicalizable|city_not_confirmed
f193a559-db9e-4530-be1f-889d9cd213ae;Burger Prime;Burger Prime Renascer R. Raul Seixas (83) 98617-5093 Cabedelo PB Instagram;;red;-11;instagram;organic;Burguer Prime | Tem gente fazendo de tudo para colocar as ...;https://instagram.com/reel/DaGFGvcsilg;instagram_reel_not_profile|brand_not_confirmed|instagram_profile_not_canonicalizable|city_not_confirmed
f193a559-db9e-4530-be1f-889d9cd213ae;Burger Prime;Burger Prime Renascer R. Raul Seixas (83) 98617-5093 Cabedelo PB Instagram;;red;-11;instagram;organic;Prime Burger | Hamburgueria Artesanal | não tem como negar ...;https://instagram.com/reel/DCSbTnSRrNS;instagram_reel_not_profile|brand_not_confirmed|instagram_profile_not_canonicalizable|city_not_confirmed
4ddf6e22-ced9-47e4-b213-c378d233f04d;MB Marmitas | Marmitaria em João Pessoa;MB Marmitas | Marmitaria em João Pessoa Poço R. Alfredo Chaves Cabedelo PB Instagram;yes;yellow;69;instagram;organic;Marmitaria Vovo Maria Redonda | Já estamos abertos ...;https://instagram.com/reel/DN-v-m6EV1o;instagram_reel_not_profile|instagram_profile_not_canonicalizable|city_not_confirmed
4ddf6e22-ced9-47e4-b213-c378d233f04d;MB Marmitas | Marmitaria em João Pessoa;MB Marmitas | Marmitaria em João Pessoa Poço R. Alfredo Chaves Cabedelo PB Instagram;;yellow;61;instagram;organic;Faça o pedido através do link da bio e receba o seu marmitex ...;https://instagram.com/reel/DA8Y1NANSTg;instagram_reel_not_profile|instagram_profile_not_canonicalizable|city_not_confirmed
4ddf6e22-ced9-47e4-b213-c378d233f04d;MB Marmitas | Marmitaria em João Pessoa;MB Marmitas | Marmitaria em João Pessoa Poço R. Alfredo Chaves Cabedelo PB Instagram;;yellow;51;instagram;organic;Dona Marmita Delivery (@donamarmitajp);https://instagram.com/donamarmitajp;conflicting_location:joao pessoa pb|city_not_confirmed
4ddf6e22-ced9-47e4-b213-c378d233f04d;MB Marmitas | Marmitaria em João Pessoa;MB Marmitas | Marmitaria em João Pessoa Poço R. Alfredo Chaves Cabedelo PB Instagram;;yellow;47;instagram;organic;Bessa 📱 Delivery On pelo link da bio e Ifood #minerim ...;https://instagram.com/p/DLXj9jCxvAI;instagram_p_not_profile|instagram_profile_not_canonicalizable|city_not_confirmed
4ddf6e22-ced9-47e4-b213-c378d233f04d;MB Marmitas | Marmitaria em João Pessoa;MB Marmitas | Marmitaria em João Pessoa Poço R. Alfredo Chaves Cabedelo PB Instagram;;yellow;47;instagram;organic;Josefa Taveira, 1916 Mangabeira Delivery (83)99119-5267. # ...;https://instagram.com/reel/C4Fswm8N9wF;instagram_reel_not_profile|instagram_profile_not_canonicalizable|city_not_confirmed
4ddf6e22-ced9-47e4-b213-c378d233f04d;MB Marmitas | Marmitaria em João Pessoa;MB Marmitas | Marmitaria em João Pessoa Poço R. Alfredo Chaves Cabedelo PB Instagram;;yellow;46;rappi.com.br;organic;Trembom Marmitaria - Renascer Preço e Cardápio delivery;https://rappi.com.br/restaurantes/900125548-trembom-marmitaria;
4ddf6e22-ced9-47e4-b213-c378d233f04d;MB Marmitas | Marmitaria em João Pessoa;MB Marmitas | Marmitaria em João Pessoa Poço R. Alfredo Chaves Cabedelo PB Instagram;;red;43;instagram;organic;DESCOBRIMOS AS MELHORES MARMITAS FIT DE JOÃO ...;https://instagram.com/reel/DAmgUb4tAQO;instagram_reel_not_profile|instagram_profile_not_canonicalizable|city_not_confirmed
4ddf6e22-ced9-47e4-b213-c378d233f04d;MB Marmitas | Marmitaria em João Pessoa;MB Marmitas | Marmitaria em João Pessoa Poço R. Alfredo Chaves Cabedelo PB Instagram;;red;43;instagram;organic;Carnaval é pra gastar energia no bloco, não na cozinha ...;https://instagram.com/reel/DUlHrAejryz/?hl=hr;instagram_reel_not_profile|instagram_profile_not_canonicalizable|city_not_confirmed
b91f652e-112d-4dcf-921c-4df6c2d1700f;Recanto do Pastel;Recanto do Pastel Recanto do Poço R. Gov. Antônio Mariz Cabedelo PB Instagram;yes;yellow;104;instagram;organic;Recanto do Pastel (@recantodopastel2025);https://instagram.com/recantodopastel2025;
b91f652e-112d-4dcf-921c-4df6c2d1700f;Recanto do Pastel;Recanto do Pastel Recanto do Poço R. Gov. Antônio Mariz Cabedelo PB Instagram;;yellow;100;instagram;organic;Recanto do Pastel (@recantodopastelbr);https://instagram.com/recantodopastelbr/reels;city_not_confirmed
b91f652e-112d-4dcf-921c-4df6c2d1700f;Recanto do Pastel;Recanto do Pastel Recanto do Poço R. Gov. Antônio Mariz Cabedelo PB Instagram;;yellow;53;instagram;organic;Compartilhando dica boa em João Pessoa-PB | Pastéis a ...;https://instagram.com/reel/DP7YdT0kWFh;instagram_reel_not_profile|instagram_profile_not_canonicalizable
b91f652e-112d-4dcf-921c-4df6c2d1700f;Recanto do Pastel;Recanto do Pastel Recanto do Poço R. Gov. Antônio Mariz Cabedelo PB Instagram;;yellow;47;instagram;organic;Pastel de carne bem saboroso, em Breve... Recanto do ...;https://instagram.com/p/DNVOVs1gEBf;instagram_p_not_profile|instagram_profile_not_canonicalizable|city_not_confirmed
b91f652e-112d-4dcf-921c-4df6c2d1700f;Recanto do Pastel;Recanto do Pastel Recanto do Poço R. Gov. Antônio Mariz Cabedelo PB Instagram;;yellow;47;instagram;organic;Recanto do pastel Cardápio em PVC 3mm;https://instagram.com/p/DTagXlujgB2;instagram_p_not_profile|instagram_profile_not_canonicalizable|city_not_confirmed
b91f652e-112d-4dcf-921c-4df6c2d1700f;Recanto do Pastel;Recanto do Pastel Recanto do Poço R. Gov. Antônio Mariz Cabedelo PB Instagram;;red;35;instagram;organic;Todas as terças e quartas, das 17h às 21h, você pode ...;https://instagram.com/reel/DIPHlD5xeWW;instagram_reel_not_profile|instagram_profile_not_canonicalizable|city_not_confirmed
b91f652e-112d-4dcf-921c-4df6c2d1700f;Recanto do Pastel;Recanto do Pastel Recanto do Poço R. Gov. Antônio Mariz Cabedelo PB Instagram;;red;35;instagram;organic;No Recanto, cada pastel é preparado com carinho e ...;https://instagram.com/p/DO6zqBBj8rd;instagram_p_not_profile|instagram_profile_not_canonicalizable|city_not_confirmed
b91f652e-112d-4dcf-921c-4df6c2d1700f;Recanto do Pastel;Recanto do Pastel Recanto do Poço R. Gov. Antônio Mariz Cabedelo PB Instagram;;red;35;instagram;organic;Recanto do Pastel | Trend se você quiser vim ver #pastelaria ...;https://instagram.com/reel/DXAkfWcjsI6;instagram_reel_not_profile|instagram_profile_not_canonicalizable|city_not_confirmed
7ea72c68-7a72-41e1-89e4-ecabaf00d859;ML Açaíteria;ML Açaíteria Recanto do Poço R. José Lins do Rêgo (83) 99805-8787 Cabedelo PB Instagram;yes;yellow;112;instagram;organic;Daniel Do Açaí (@danieldoacai);https://instagram.com/danieldoacai;
7ea72c68-7a72-41e1-89e4-ecabaf00d859;ML Açaíteria;ML Açaíteria Recanto do Poço R. José Lins do Rêgo (83) 99805-8787 Cabedelo PB Instagram;;yellow;96;instagram;organic;Açaí da Praia do Poço - Cabedelo (@acaidopoco);https://instagram.com/acaidopoco;
7ea72c68-7a72-41e1-89e4-ecabaf00d859;ML Açaíteria;ML Açaíteria Recanto do Poço R. José Lins do Rêgo (83) 99805-8787 Cabedelo PB Instagram;;yellow;92;instagram;organic;Recanto do Açai (@recantodoacaii_);https://instagram.com/recantodoacaii_;city_not_confirmed
7ea72c68-7a72-41e1-89e4-ecabaf00d859;ML Açaíteria;ML Açaíteria Recanto do Poço R. José Lins do Rêgo (83) 99805-8787 Cabedelo PB Instagram;;yellow;49;instagram;organic;O melhor açaí de Cabedelo. Praçaí Intermares. Vem pra cá ...;https://instagram.com/reel/DFgYAuqS7Ko;instagram_reel_not_profile|instagram_profile_not_canonicalizable
7ea72c68-7a72-41e1-89e4-ecabaf00d859;ML Açaíteria;ML Açaíteria Recanto do Poço R. José Lins do Rêgo (83) 99805-8787 Cabedelo PB Instagram;;red;40;instagram;derived_instagram_handle;Instagram profile @melhoracai;https://instagram.com/melhoracai;derived_handle_brand_not_confirmed|city_not_confirmed
7ea72c68-7a72-41e1-89e4-ecabaf00d859;ML Açaíteria;ML Açaíteria Recanto do Poço R. José Lins do Rêgo (83) 99805-8787 Cabedelo PB Instagram;;red;27;instagram;organic;Self service de Açaí Aqui no MAIS AÇAI, você encontra uma ...;https://instagram.com/reel/DX1qg7qgHb1;instagram_reel_not_profile|instagram_profile_not_canonicalizable|city_not_confirmed
7ea72c68-7a72-41e1-89e4-ecabaf00d859;ML Açaíteria;ML Açaíteria Recanto do Poço R. José Lins do Rêgo (83) 99805-8787 Cabedelo PB Instagram;;red;27;instagram;organic;Quer um açaí com a sua cara? Com tantas ...;https://instagram.com/p/DMqLoZ8MrBB/?hl=sv;instagram_p_not_profile|instagram_profile_not_canonicalizable|city_not_confirmed
7ea72c68-7a72-41e1-89e4-ecabaf00d859;ML Açaíteria;ML Açaíteria Recanto do Poço R. José Lins do Rêgo (83) 99805-8787 Cabedelo PB Instagram;;red;27;instagram;organic;Self service de Açaí 😋🥰🌟 Aqui no MAIS ...;https://instagram.com/p/DWboWosDS49/?__d=1httpswww.instagram.comsyjobodygoals;instagram_p_not_profile|instagram_profile_not_canonicalizable|city_not_confirmed
e078124e-e310-47b9-aa46-38ea0c3b8bf1;PAULISTA BURGER;PAULISTA BURGER Portal do Poço R. Marizeiro Cabedelo PB Instagram;yes;yellow;110;instagram;organic;(@paulistasburgerr) • Instagram photos and videos;https://instagram.com/paulistasburgerr;city_not_confirmed
e078124e-e310-47b9-aa46-38ea0c3b8bf1;PAULISTA BURGER;PAULISTA BURGER Portal do Poço R. Marizeiro Cabedelo PB Instagram;;yellow;110;instagram;organic;Paulista's Burgers (@paulistasburgers);https://instagram.com/paulistasburgers;city_not_confirmed
e078124e-e310-47b9-aa46-38ea0c3b8bf1;PAULISTA BURGER;PAULISTA BURGER Portal do Poço R. Marizeiro Cabedelo PB Instagram;;yellow;52;instagram;organic;I ❤ Burguer (@iloveburguerpb);https://instagram.com/iloveburguerpb;brand_not_confirmed|city_not_confirmed
e078124e-e310-47b9-aa46-38ea0c3b8bf1;PAULISTA BURGER;PAULISTA BURGER Portal do Poço R. Marizeiro Cabedelo PB Instagram;;yellow;46;instagram;organic;Hamburgueria Artesanal (@quintal.burgerbar);https://instagram.com/quintal.burgerbar;brand_not_confirmed|city_not_confirmed
e078124e-e310-47b9-aa46-38ea0c3b8bf1;PAULISTA BURGER;PAULISTA BURGER Portal do Poço R. Marizeiro Cabedelo PB Instagram;;red;43;instagram;organic;Paulista Burger 🧡 (@paulistaburger) · São Paulo, SP;https://instagram.com/paulistaburger/?hl=pt;conflicting_location:sao paulo, sp|city_not_confirmed
e078124e-e310-47b9-aa46-38ea0c3b8bf1;PAULISTA BURGER;PAULISTA BURGER Portal do Poço R. Marizeiro Cabedelo PB Instagram;;red;41;instagram;organic;Paulista Burger 🧡 | Sexta-feira daquele jeito que a gente ...;https://instagram.com/p/DLaAVXNPHnN;instagram_p_not_profile|instagram_profile_not_canonicalizable|city_not_confirmed
e078124e-e310-47b9-aa46-38ea0c3b8bf1;PAULISTA BURGER;PAULISTA BURGER Portal do Poço R. Marizeiro Cabedelo PB Instagram;;red;35;instagram;organic;Paulista Burger 🧡 | Neste Dia dos Namorados, o encontro ...;https://instagram.com/reel/DZfX5bwjUlF;instagram_reel_not_profile|instagram_profile_not_canonicalizable|city_not_confirmed
e078124e-e310-47b9-aa46-38ea0c3b8bf1;PAULISTA BURGER;PAULISTA BURGER Portal do Poço R. Marizeiro Cabedelo PB Instagram;;red;35;instagram;organic;Apresentamos o Paulista Burger, a ...;https://instagram.com/reel/C6EkYLZRzGq;instagram_reel_not_profile|instagram_profile_not_canonicalizable|city_not_confirmed
b37d1742-e516-4b41-9c93-8d64ef33f9c2;Tapiocaria da moça;Tapiocaria da moça Juarez Távora Na (83) 98714-8125 Cabedelo PB Instagram;yes;red;34;instagram;organic;emporiodatapioca - Fortaleza;https://instagram.com/emporiodatapioca/?hl=pt;brand_not_confirmed|city_not_confirmed
b37d1742-e516-4b41-9c93-8d64ef33f9c2;Tapiocaria da moça;Tapiocaria da moça Juarez Távora Na (83) 98714-8125 Cabedelo PB Instagram;;red;34;instagram;organic;Afonso Tapiocaria;https://instagram.com/popular/afonso-tapiocaria;brand_not_confirmed|city_not_confirmed
b37d1742-e516-4b41-9c93-8d64ef33f9c2;Tapiocaria da moça;Tapiocaria da moça Juarez Távora Na (83) 98714-8125 Cabedelo PB Instagram;;red;8;instagram;derived_instagram_handle;Instagram profile @tapiocariadojucapb;https://instagram.com/tapiocariadojucapb;brand_not_confirmed|derived_handle_brand_not_confirmed|city_not_confirmed
b37d1742-e516-4b41-9c93-8d64ef33f9c2;Tapiocaria da moça;Tapiocaria da moça Juarez Távora Na (83) 98714-8125 Cabedelo PB Instagram;;red;2;instagram;derived_instagram_handle;Instagram profile @tapiocariadojuca;https://instagram.com/tapiocariadojuca;brand_not_confirmed|derived_handle_brand_not_confirmed|city_not_confirmed
b37d1742-e516-4b41-9c93-8d64ef33f9c2;Tapiocaria da moça;Tapiocaria da moça Juarez Távora Na (83) 98714-8125 Cabedelo PB Instagram;;red;-5;instagram;organic;Vem pra melhor @tapiocariadojucapb;https://instagram.com/reel/DY2S0gSR0og;instagram_reel_not_profile|brand_not_confirmed|instagram_profile_not_canonicalizable|city_not_confirmed
b37d1742-e516-4b41-9c93-8d64ef33f9c2;Tapiocaria da moça;Tapiocaria da moça Juarez Távora Na (83) 98714-8125 Cabedelo PB Instagram;;red;-6;instagram;derived_instagram_handle;Instagram profile @gildatapioca;https://instagram.com/gildatapioca;brand_not_confirmed|derived_handle_brand_not_confirmed|city_not_confirmed
b37d1742-e516-4b41-9c93-8d64ef33f9c2;Tapiocaria da moça;Tapiocaria da moça Juarez Távora Na (83) 98714-8125 Cabedelo PB Instagram;;red;-13;instagram;organic;SANTA RITA/PB Finalmente chegamos em Santa Rita! E ja foi ...;https://instagram.com/reel/DSHzomxEaBA;instagram_reel_not_profile|brand_not_confirmed|instagram_profile_not_canonicalizable|city_not_confirmed
b37d1742-e516-4b41-9c93-8d64ef33f9c2;Tapiocaria da moça;Tapiocaria da moça Juarez Távora Na (83) 98714-8125 Cabedelo PB Instagram;;red;-19;instagram;organic;TAPIOCA MAS ANTIGA DO BAIRRO JOAQUIM TAVORA ...;https://instagram.com/reel/DVechepjtXh;instagram_reel_not_profile|brand_not_confirmed|instagram_profile_not_canonicalizable|city_not_confirmed
4fbc3698-a161-4c24-b3ff-4ed4a22e2b41;Sorv&cia;Sorv&cia Camalaú Av. São Sebastião Cabedelo PB Instagram;yes;yellow;110;instagram;organic;Sorv&cia (@sorvecia_sorveteria);https://instagram.com/sorvecia_sorveteria;
4fbc3698-a161-4c24-b3ff-4ed4a22e2b41;Sorv&cia;Sorv&cia Camalaú Av. São Sebastião Cabedelo PB Instagram;;yellow;62;instagram;organic;Unidade Camalaú (@sup_saosebastiaocamalau);https://instagram.com/sup_saosebastiaocamalau;brand_not_confirmed
4fbc3698-a161-4c24-b3ff-4ed4a22e2b41;Sorv&cia;Sorv&cia Camalaú Av. São Sebastião Cabedelo PB Instagram;;yellow;52;instagram;organic;Açaiteria JL 💜 (@acaiteria_jl_) - Camalaú Pb;https://instagram.com/acaiteria_jl_;brand_not_confirmed|city_not_confirmed
4fbc3698-a161-4c24-b3ff-4ed4a22e2b41;Sorv&cia;Sorv&cia Camalaú Av. São Sebastião Cabedelo PB Instagram;;yellow;52;instagram;organic;Camalaú PB💚🩷 (@duo_docura) - Confeitaria Artesanal;https://instagram.com/duo_docura;brand_not_confirmed|city_not_confirmed
4fbc3698-a161-4c24-b3ff-4ed4a22e2b41;Sorv&cia;Sorv&cia Camalaú Av. São Sebastião Cabedelo PB Instagram;;yellow;46;instagram;organic;SUPERMERCADO SÃO SEBASTIÃO ...;https://instagram.com/supermercadossebastiao;brand_not_confirmed|city_not_confirmed
4fbc3698-a161-4c24-b3ff-4ed4a22e2b41;Sorv&cia;Sorv&cia Camalaú Av. São Sebastião Cabedelo PB Instagram;;red;34;instagram;organic;(@60sabores) • Instagram photos and videos;https://instagram.com/60sabores;brand_not_confirmed|city_not_confirmed
4fbc3698-a161-4c24-b3ff-4ed4a22e2b41;Sorv&cia;Sorv&cia Camalaú Av. São Sebastião Cabedelo PB Instagram;;red;30;serpapi.com;local;Sorv&cia;https://serpapi.com/search.json?device=desktop&engine=google&gl=br&google_domain=google.com.br&hl=pt-br&ludocid=11544432865084484833&q=Sorv%26cia+Camala%C3%BA+Av.+S%C3%A3o+Sebasti%C3%A3o+Cabedelo+PB+Instagram;
4fbc3698-a161-4c24-b3ff-4ed4a22e2b41;Sorv&cia;Sorv&cia Camalaú Av. São Sebastião Cabedelo PB Instagram;;red;-6;serpapi.com;local;Supermercado São Sebastião - Unidade Camalaú;https://serpapi.com/search.json?device=desktop&engine=google&gl=br&google_domain=google.com.br&hl=pt-br&ludocid=7901280681486140873&q=Sorv%26cia+Camala%C3%BA+Av.+S%C3%A3o+Sebasti%C3%A3o+Cabedelo+PB+Instagram;brand_not_confirmed
9caafb45-c961-481d-8261-0aea2b1e4eec;Valéria Lanches Delivery;Valéria Lanches Delivery Recanto do Poço R. Sen. Rui Carneiro (83) 99631-1311 Cabedelo PB Instagram;yes;yellow;110;instagram;organic;Valéria Lanches (@valerialanches_delivery);https://instagram.com/valerialanches_delivery;city_not_confirmed
9caafb45-c961-481d-8261-0aea2b1e4eec;Valéria Lanches Delivery;Valéria Lanches Delivery Recanto do Poço R. Sen. Rui Carneiro (83) 99631-1311 Cabedelo PB Instagram;;yellow;98;instagram;organic;valerialanches;https://instagram.com/valerialanches/reels;city_not_confirmed
9caafb45-c961-481d-8261-0aea2b1e4eec;Valéria Lanches Delivery;Valéria Lanches Delivery Recanto do Poço R. Sen. Rui Carneiro (83) 99631-1311 Cabedelo PB Instagram;;yellow;98;instagram;organic;ValeriaLanches;https://instagram.com/valerialanches;city_not_confirmed
9caafb45-c961-481d-8261-0aea2b1e4eec;Valéria Lanches Delivery;Valéria Lanches Delivery Recanto do Poço R. Sen. Rui Carneiro (83) 99631-1311 Cabedelo PB Instagram;;yellow;47;instagram;organic;Valéria Lanches 🍔🍟 on Instagram;https://instagram.com/p/DXkbIpYgdEH/?__d=1%E6%8E%A2%E6%8E%A2%E5%8F%B7%E4%B9%B0%E5%8D%96%E4%BA%A4%E6%98%93%E5%B9%B3%E5%8F%B0%E2%9C%94%EF%B8%8F%2Bueiue.com%2B%E2%AD%90%2B%2B4G%E6%B5%81%E9%87%8F%E5%8D%A1%E4%BA%A4%E6%98%93%E5%B9%B3%E5%8F%B0;instagram_p_not_profile|instagram_profile_not_canonicalizable|city_not_confirmed
9caafb45-c961-481d-8261-0aea2b1e4eec;Valéria Lanches Delivery;Valéria Lanches Delivery Recanto do Poço R. Sen. Rui Carneiro (83) 99631-1311 Cabedelo PB Instagram;;yellow;47;instagram;organic;CONFUNSÃO NA VALÉRIA LANCHES DO EUCALIPTAL 🤯;https://instagram.com/reel/CqJxKjNj5YE;instagram_reel_not_profile|instagram_profile_not_canonicalizable|city_not_confirmed
9caafb45-c961-481d-8261-0aea2b1e4eec;Valéria Lanches Delivery;Valéria Lanches Delivery Recanto do Poço R. Sen. Rui Carneiro (83) 99631-1311 Cabedelo PB Instagram;;yellow;47;instagram;organic;Valeria Lanches on Instagram;https://instagram.com/p/B1AH9nZgbfb;instagram_p_not_profile|instagram_profile_not_canonicalizable|city_not_confirmed
9caafb45-c961-481d-8261-0aea2b1e4eec;Valéria Lanches Delivery;Valéria Lanches Delivery Recanto do Poço R. Sen. Rui Carneiro (83) 99631-1311 Cabedelo PB Instagram;;yellow;45;instagram;organic;Valeria Lanches (@vaalerialanches) · Rio de Janeiro, RJ;https://instagram.com/vaalerialanches;conflicting_location:rio de janeiro, rj|city_not_confirmed
9caafb45-c961-481d-8261-0aea2b1e4eec;Valéria Lanches Delivery;Valéria Lanches Delivery Recanto do Poço R. Sen. Rui Carneiro (83) 99631-1311 Cabedelo PB Instagram;;red;8;facebook;organic;Valéria Lanches | Volta Redonda RJ;https://facebook.com/TrailerDaValeria/?locale=pt_BR;city_not_confirmed
b6baa6f0-a148-49d2-830d-ea22a28cfeae;Magela Pizzaria;Magela Pizzaria Intermares Av. Oceano Atlântico Cabedelo PB Instagram;yes;yellow;110;instagram;organic;encerramos as atividades (@magelapizzaria);https://instagram.com/magelapizzaria;city_not_confirmed
b6baa6f0-a148-49d2-830d-ea22a28cfeae;Magela Pizzaria;Magela Pizzaria Intermares Av. Oceano Atlântico Cabedelo PB Instagram;;yellow;52;instagram;organic;Eu Quero Pizza - Food Truck 🍕 (@euqueropizzafoodtruck);https://instagram.com/euqueropizzafoodtruck;brand_not_confirmed|city_not_confirmed
b6baa6f0-a148-49d2-830d-ea22a28cfeae;Magela Pizzaria;Magela Pizzaria Intermares Av. Oceano Atlântico Cabedelo PB Instagram;;yellow;46;instagram;organic;Pizza Now (@pizzanowexpress);https://instagram.com/pizzanowexpress;brand_not_confirmed|city_not_confirmed
b6baa6f0-a148-49d2-830d-ea22a28cfeae;Magela Pizzaria;Magela Pizzaria Intermares Av. Oceano Atlântico Cabedelo PB Instagram;;yellow;46;instagram;organic;Mega Pizza e Massas (@megapizza1);https://instagram.com/megapizza1;brand_not_confirmed|city_not_confirmed
b6baa6f0-a148-49d2-830d-ea22a28cfeae;Magela Pizzaria;Magela Pizzaria Intermares Av. Oceano Atlântico Cabedelo PB Instagram;;red;3;instagram;organic;A melhor pizza Artesanal da região! . Estamos na Rua da ...;https://instagram.com/reel/DBKNF6jyA-0;instagram_reel_not_profile|brand_not_confirmed|instagram_profile_not_canonicalizable
b6baa6f0-a148-49d2-830d-ea22a28cfeae;Magela Pizzaria;Magela Pizzaria Intermares Av. Oceano Atlântico Cabedelo PB Instagram;;red;-19;instagram;organic;PIZZAS ESTUPIDAMENTE RECHEADAS POR APENAS R ...;https://instagram.com/reel/DV1nkMeiSRT;instagram_reel_not_profile|brand_not_confirmed|instagram_profile_not_canonicalizable|city_not_confirmed
b6baa6f0-a148-49d2-830d-ea22a28cfeae;Magela Pizzaria;Magela Pizzaria Intermares Av. Oceano Atlântico Cabedelo PB Instagram;;red;-19;instagram;organic;🍕 Magella Pizzaria está chegando em João Pessoa para ...;https://instagram.com/p/DQuLDSNDnXc;instagram_p_not_profile|brand_not_confirmed|instagram_profile_not_canonicalizable|city_not_confirmed
b6baa6f0-a148-49d2-830d-ea22a28cfeae;Magela Pizzaria;Magela Pizzaria Intermares Av. Oceano Atlântico Cabedelo PB Instagram;;red;-19;instagram;organic;Aqui vc encontra a melhor pizza Artesanal da regiao! Vem ...;https://instagram.com/reel/DKLAGp8hKuv;instagram_reel_not_profile|brand_not_confirmed|instagram_profile_not_canonicalizable|city_not_confirmed
4990a612-f3ae-4ca1-959b-694fc7d59b9e;Pastelaria em família;Pastelaria em família Camalaú R. São Miguel (83) 98608-6821 Cabedelo PB Instagram;yes;yellow;68;instagram;organic;Pastelaria Litorânea (@pastelarialitoranea);https://instagram.com/pastelarialitoranea;brand_not_confirmed
4990a612-f3ae-4ca1-959b-694fc7d59b9e;Pastelaria em família;Pastelaria em família Camalaú R. São Miguel (83) 98608-6821 Cabedelo PB Instagram;;yellow;47;instagram;organic;Chama no WhatsApp (83)9 9617-4595 ...;https://instagram.com/p/CvNrdzQOvPt;instagram_p_not_profile|instagram_profile_not_canonicalizable|city_not_confirmed
4990a612-f3ae-4ca1-959b-694fc7d59b9e;Pastelaria em família;Pastelaria em família Camalaú R. São Miguel (83) 98608-6821 Cabedelo PB Instagram;;yellow;46;instagram;organic;CASA DO PASTEL (@casadopastel83);https://instagram.com/casadopastel83;brand_not_confirmed|city_not_confirmed
4990a612-f3ae-4ca1-959b-694fc7d59b9e;Pastelaria em família;Pastelaria em família Camalaú R. São Miguel (83) 98608-6821 Cabedelo PB Instagram;;red;3;instagram;organic;"Pastel da Liberdade João Pessoa on Instagram: ""O melhor ...";https://instagram.com/reel/DD5Jy4gvTd5;instagram_reel_not_profile|brand_not_confirmed|instagram_profile_not_canonicalizable
4990a612-f3ae-4ca1-959b-694fc7d59b9e;Pastelaria em família;Pastelaria em família Camalaú R. São Miguel (83) 98608-6821 Cabedelo PB Instagram;;red;-6;instagram;derived_instagram_handle;Instagram profile @pastelaria_one;https://instagram.com/pastelaria_one;brand_not_confirmed|derived_handle_brand_not_confirmed|city_not_confirmed
4990a612-f3ae-4ca1-959b-694fc7d59b9e;Pastelaria em família;Pastelaria em família Camalaú R. São Miguel (83) 98608-6821 Cabedelo PB Instagram;;red;-6;instagram;derived_instagram_handle;Instagram profile @pastelariamlitu;https://instagram.com/pastelariamlitu;brand_not_confirmed|derived_handle_brand_not_confirmed|city_not_confirmed
4990a612-f3ae-4ca1-959b-694fc7d59b9e;Pastelaria em família;Pastelaria em família Camalaú R. São Miguel (83) 98608-6821 Cabedelo PB Instagram;;red;-7;instagram;organic;Boa noite. Bora fazer o seu pedido, estamos ...;https://instagram.com/p/DNT8XfKu-1Y;instagram_p_not_profile|brand_not_confirmed|instagram_profile_not_canonicalizable|city_not_confirmed
4990a612-f3ae-4ca1-959b-694fc7d59b9e;Pastelaria em família;Pastelaria em família Camalaú R. São Miguel (83) 98608-6821 Cabedelo PB Instagram;;red;-19;instagram;organic;A @pastelaria_one acabou de inaugurar em Maracanaú, com ...;https://instagram.com/reel/DWpTBpvhhzY;instagram_reel_not_profile|brand_not_confirmed|instagram_profile_not_canonicalizable|city_not_confirmed
13cacb5e-52f2-4d8c-80ed-26c53a847ea9;Esquina do galeto;Esquina do galeto Rua Rosa vieira Cabedelo PB Instagram;yes;yellow;118;instagram;organic;Restaurante Esquina do Galeto (@esquinadogaleto01);https://instagram.com/esquinadogaleto01;city_not_confirmed
13cacb5e-52f2-4d8c-80ed-26c53a847ea9;Esquina do galeto;Esquina do galeto Rua Rosa vieira Cabedelo PB Instagram;;red;-21;instagram;organic;O Bloco Empurrando o Jegue já fez história na Praia do Poço ...;https://instagram.com/reel/DGwDzGxBtEm;instagram_reel_not_profile|brand_not_confirmed|name_not_confirmed|instagram_profile_not_canonicalizable
13cacb5e-52f2-4d8c-80ed-26c53a847ea9;Esquina do galeto;Esquina do galeto Rua Rosa vieira Cabedelo PB Instagram;;red;-21;instagram;organic;No melhor e maior Arraiá do Litoral! ✨🫶🏼🎉 Te amo, ...;https://instagram.com/p/DLd5FFZtrw1;instagram_p_not_profile|brand_not_confirmed|name_not_confirmed|instagram_profile_not_canonicalizable
13cacb5e-52f2-4d8c-80ed-26c53a847ea9;Esquina do galeto;Esquina do galeto Rua Rosa vieira Cabedelo PB Instagram;;red;-21;instagram;organic;Aqui em cabedelo é muito bom família;https://instagram.com/reel/DYndwXdxuun;instagram_reel_not_profile|brand_not_confirmed|name_not_confirmed|instagram_profile_not_canonicalizable
13cacb5e-52f2-4d8c-80ed-26c53a847ea9;Esquina do galeto;Esquina do galeto Rua Rosa vieira Cabedelo PB Instagram;;red;-37;instagram;organic;Almoçar no restaurante @restauranteruraldobitelo ...;https://instagram.com/p/DTn8K3IFY-W;instagram_p_not_profile|brand_not_confirmed|name_not_confirmed|instagram_profile_not_canonicalizable|city_not_confirmed
13cacb5e-52f2-4d8c-80ed-26c53a847ea9;Esquina do galeto;Esquina do galeto Rua Rosa vieira Cabedelo PB Instagram;;red;-37;instagram;organic;Instagram;https://instagram.com/reel/DE7-DvARUQR;instagram_reel_not_profile|brand_not_confirmed|name_not_confirmed|instagram_profile_not_canonicalizable|city_not_confirmed
13cacb5e-52f2-4d8c-80ed-26c53a847ea9;Esquina do galeto;Esquina do galeto Rua Rosa vieira Cabedelo PB Instagram;;red;-37;instagram;organic;FEIJOADA BEIRA RIO | COMIDA REGIONAL E DE FRUTOS ...;https://instagram.com/reel/DZPmE0duJV9;instagram_reel_not_profile|brand_not_confirmed|name_not_confirmed|instagram_profile_not_canonicalizable|city_not_confirmed
13cacb5e-52f2-4d8c-80ed-26c53a847ea9;Esquina do galeto;Esquina do galeto Rua Rosa vieira Cabedelo PB Instagram;;red;-37;instagram;organic;Cazolla, criada no afeto ♥ | A gente ...;https://instagram.com/p/DYAQgCSAaWf/?__d=1%E7%8C%AA%E7%8C%AA%E7%A4%BE%E5%B7%A5%E5%BA%93%E2%9C%94%EF%B8%8F%2Bkfjilu.com%2B%E4%B8%93%E5%B1%9E%E6%9F%A5%E8%AF%A2%E4%BA%BA%E6%B0%91%E9%93%B6%E8%A1%8C%E5%BE%81%E4%BF%A1%E6%97%A0%E9%9C%80%E4%B8%AA%E4%BA%BA%E6%8E%88%E6%9D%83%E7%BB%88%E6%9E%81%E7%9A%84%E5%B7%AE%E4%BD%AC%E6%9F%A5%E7%A4%BE%E5%B7%A5%E5%BA%93;instagram_p_not_profile|brand_not_confirmed|name_not_confirmed|instagram_profile_not_canonicalizable|city_not_confirmed
b75a8384-f80f-4a6b-a230-d363cea67597;Tapioca Sabor Natural;Tapioca Sabor Natural Vila Sao Joao R. Dr. João Mata Cabedelo PB Instagram;yes;yellow;110;instagram;organic;O melhor da tapioca (@tapiocariadojoao_);https://instagram.com/tapiocariadojoao_;city_not_confirmed
b75a8384-f80f-4a6b-a230-d363cea67597;Tapioca Sabor Natural;Tapioca Sabor Natural Vila Sao Joao R. Dr. João Mata Cabedelo PB Instagram;;yellow;98;instagram;derived_instagram_handle;Instagram profile @uniao_tapiocas;https://instagram.com/uniao_tapiocas;city_not_confirmed
b75a8384-f80f-4a6b-a230-d363cea67597;Tapioca Sabor Natural;Tapioca Sabor Natural Vila Sao Joao R. Dr. João Mata Cabedelo PB Instagram;;yellow;98;instagram;organic;Rainha da Tapioca Nordestina 👑 (@rainhadatapioca);https://instagram.com/rainhadatapioca;city_not_confirmed
b75a8384-f80f-4a6b-a230-d363cea67597;Tapioca Sabor Natural;Tapioca Sabor Natural Vila Sao Joao R. Dr. João Mata Cabedelo PB Instagram;;yellow;61;instagram;organic;Quem ama tapioca? Feita com amor e recheada ...;https://instagram.com/p/DYZs9TxEWRu;instagram_p_not_profile|instagram_profile_not_canonicalizable|city_not_confirmed
b75a8384-f80f-4a6b-a230-d363cea67597;Tapioca Sabor Natural;Tapioca Sabor Natural Vila Sao Joao R. Dr. João Mata Cabedelo PB Instagram;;yellow;51;instagram;organic;Nada supera o sabor de uma tapioca fresquinha, feita na sua ...;https://instagram.com/reel/DVMl5F0gD-M;instagram_reel_not_profile|instagram_profile_not_canonicalizable|city_not_confirmed
b75a8384-f80f-4a6b-a230-d363cea67597;Tapioca Sabor Natural;Tapioca Sabor Natural Vila Sao Joao R. Dr. João Mata Cabedelo PB Instagram;;yellow;51;instagram;organic;Tapioca boa a gente sente de longe o cheirinho, né? 🔥 ⏰ ...;https://instagram.com/reel/DQ_sP_rjpoi;instagram_reel_not_profile|instagram_profile_not_canonicalizable
b75a8384-f80f-4a6b-a230-d363cea67597;Tapioca Sabor Natural;Tapioca Sabor Natural Vila Sao Joao R. Dr. João Mata Cabedelo PB Instagram;;red;43;instagram;organic;Se a vida te der tapioca, que seja assim: Recheada de um ...;https://instagram.com/p/DQQB3zXEYZz;instagram_p_not_profile|instagram_profile_not_canonicalizable|city_not_confirmed
b75a8384-f80f-4a6b-a230-d363cea67597;Tapioca Sabor Natural;Tapioca Sabor Natural Vila Sao Joao R. Dr. João Mata Cabedelo PB Instagram;;red;43;instagram;organic;@uniao_tapiocas Há 10 anos, unimos sabor, família e amor ...;https://instagram.com/reel/DZTFQ43xZhm;instagram_reel_not_profile|instagram_profile_not_canonicalizable|city_not_confirmed
26330241-3dbd-449f-ac54-9b789abc4a01;Self service da GG;Self service da GG Lot. Oceania VI R. Jair Cunha Cavalcanti Cabedelo PB Instagram;yes;yellow;128;instagram;organic;Restaurante Self Sabor (@_selfsabor) · Cabedelo, PB;https://instagram.com/_selfsabor;
26330241-3dbd-449f-ac54-9b789abc4a01;Self service da GG;Self service da GG Lot. Oceania VI R. Jair Cunha Cavalcanti Cabedelo PB Instagram;;red;43;instagram;organic;ELEITO O MELHOR SELF-SERVICE DO RN em 2025 🍽️ ...;https://instagram.com/p/DW_0S3LjLr_/?__d=1%E5%BE%AE%E5%8D%9A%E7%A7%81%E4%BA%BA%E5%8F%B7%E4%BA%A4%E6%98%93%E4%B8%AD%E5%BF%83%2B-%2B%E5%92%8C%E5%B9%B3%E7%B2%BE%E8%8B%B1%E5%B0%8F%E5%8F%B7%E7%BD%91%2B%E2%9C%94%EF%B8%8Fhaoba.cyou-%E5%BE%AE%E5%8D%9A%E5%B0%8F%E5%8F%B7%E5%B7%B2%E5%AE%9E%E5%90%8D%E8%B4%A6%E5%8F%B7%E5%87%BA%E5%94%AE;instagram_p_not_profile|instagram_profile_not_canonicalizable|city_not_confirmed
26330241-3dbd-449f-ac54-9b789abc4a01;Self service da GG;Self service da GG Lot. Oceania VI R. Jair Cunha Cavalcanti Cabedelo PB Instagram;;red;43;instagram;organic;Raiz Restaurante: O seu self-service com comida que tem ...;https://instagram.com/p/DLuNNzUO6nD;instagram_p_not_profile|instagram_profile_not_canonicalizable|city_not_confirmed
26330241-3dbd-449f-ac54-9b789abc4a01;Self service da GG;Self service da GG Lot. Oceania VI R. Jair Cunha Cavalcanti Cabedelo PB Instagram;;red;43;instagram;organic;Lagulla Restaurante | João Pessoa on Instagram;https://instagram.com/p/Bq5sTK1lPUN;instagram_p_not_profile|instagram_profile_not_canonicalizable|city_not_confirmed
26330241-3dbd-449f-ac54-9b789abc4a01;Self service da GG;Self service da GG Lot. Oceania VI R. Jair Cunha Cavalcanti Cabedelo PB Instagram;;red;-15;instagram;organic;Mirante Lounge on Instagram;https://instagram.com/reel/DCoXjvwOJqq;instagram_reel_not_profile|brand_not_confirmed|name_not_confirmed|instagram_profile_not_canonicalizable
26330241-3dbd-449f-ac54-9b789abc4a01;Self service da GG;Self service da GG Lot. Oceania VI R. Jair Cunha Cavalcanti Cabedelo PB Instagram;;red;-21;instagram;organic;Joao Pessoa e Cabedelo sempre impressionando, cidade ...;https://instagram.com/p/DEzlFMoOzwr;instagram_p_not_profile|brand_not_confirmed|name_not_confirmed|instagram_profile_not_canonicalizable
26330241-3dbd-449f-ac54-9b789abc4a01;Self service da GG;Self service da GG Lot. Oceania VI R. Jair Cunha Cavalcanti Cabedelo PB Instagram;;red;-24;instagram;derived_instagram_handle;Instagram profile @miranteloungepb;https://instagram.com/miranteloungepb;brand_not_confirmed|name_not_confirmed|derived_handle_brand_not_confirmed
26330241-3dbd-449f-ac54-9b789abc4a01;Self service da GG;Self service da GG Lot. Oceania VI R. Jair Cunha Cavalcanti Cabedelo PB Instagram;;red;-37;instagram;organic;Instagram;https://instagram.com/reel/DPJPqZyAtVn;instagram_reel_not_profile|brand_not_confirmed|name_not_confirmed|instagram_profile_not_canonicalizable|city_not_confirmed
637f341e-c8bb-4c2d-8ac6-1ffc96d4b2ce;Restaurante mar de amor;Restaurante mar de amor Portal do Poço Av. Pôr do Sol Cabedelo PB Instagram;yes;yellow;120;instagram;organic;Cibelly Mar | Restaurante Flutuante (@cibellymarr);https://instagram.com/cibellymarr;
637f341e-c8bb-4c2d-8ac6-1ffc96d4b2ce;Restaurante mar de amor;Restaurante mar de amor Portal do Poço Av. Pôr do Sol Cabedelo PB Instagram;;yellow;120;instagram;organic;gigantedomaroficial • Instagram photos and videos;https://instagram.com/gigantedomaroficial;
637f341e-c8bb-4c2d-8ac6-1ffc96d4b2ce;Restaurante mar de amor;Restaurante mar de amor Portal do Poço Av. Pôr do Sol Cabedelo PB Instagram;;red;11;instagram;organic;"Cibelly Mar | Restaurante Flutuante on Instagram: ""Chegar ao ...";https://instagram.com/reel/DWBmfjQp4w2;instagram_reel_not_profile|brand_not_confirmed|instagram_profile_not_canonicalizable
637f341e-c8bb-4c2d-8ac6-1ffc96d4b2ce;Restaurante mar de amor;Restaurante mar de amor Portal do Poço Av. Pôr do Sol Cabedelo PB Instagram;;red;11;instagram;organic;"Cibelly Mar | Restaurante Flutuante on Instagram: ""Qual é o ...";https://instagram.com/reel/DMKmlUuu_MG;instagram_reel_not_profile|brand_not_confirmed|instagram_profile_not_canonicalizable
637f341e-c8bb-4c2d-8ac6-1ffc96d4b2ce;Restaurante mar de amor;Restaurante mar de amor Portal do Poço Av. Pôr do Sol Cabedelo PB Instagram;;red;-11;instagram;organic;"Cibelly Mar | Restaurante Flutuante on Instagram: ""Por trás do ...";https://instagram.com/reel/DNSoMcHOUO0;instagram_reel_not_profile|brand_not_confirmed|instagram_profile_not_canonicalizable|city_not_confirmed
637f341e-c8bb-4c2d-8ac6-1ffc96d4b2ce;Restaurante mar de amor;Restaurante mar de amor Portal do Poço Av. Pôr do Sol Cabedelo PB Instagram;;red;-11;instagram;organic;Chega da água na boca 🤤 Não fique só na vontade ...;https://instagram.com/p/CsoQgMCrtOo;instagram_p_not_profile|brand_not_confirmed|instagram_profile_not_canonicalizable|city_not_confirmed
637f341e-c8bb-4c2d-8ac6-1ffc96d4b2ce;Restaurante mar de amor;Restaurante mar de amor Portal do Poço Av. Pôr do Sol Cabedelo PB Instagram;;red;-11;instagram;organic;"Cibelly Bar & Restaurante on Instagram: ""Vamos viver tudo ...";https://instagram.com/reel/Cmrcn1Dodsl;instagram_reel_not_profile|brand_not_confirmed|instagram_profile_not_canonicalizable|city_not_confirmed
637f341e-c8bb-4c2d-8ac6-1ffc96d4b2ce;Restaurante mar de amor;Restaurante mar de amor Portal do Poço Av. Pôr do Sol Cabedelo PB Instagram;;red;-11;instagram;organic;Cibelly Mar | Restaurante Flutuante ...;https://instagram.com/reel/DPWje3-jt_6;instagram_reel_not_profile|brand_not_confirmed|instagram_profile_not_canonicalizable|city_not_confirmed
56b08e89-b750-4ec9-9497-21900cf3d823;Bar E Restaurante Do Nal;Bar E Restaurante Do Nal praia miramar R. Cel. José Téles (83) 98706-1375 Cabedelo PB Instagram;yes;yellow;62;instagram;organic;Verano Praia Bar (@veranopraiabar);https://instagram.com/veranopraiabar;brand_not_confirmed
56b08e89-b750-4ec9-9497-21900cf3d823;Bar E Restaurante Do Nal;Bar E Restaurante Do Nal praia miramar R. Cel. José Téles (83) 98706-1375 Cabedelo PB Instagram;;yellow;56;instagram;organic;Cibelly Mar | Restaurante Flutuante (@cibellymarr);https://instagram.com/cibellymarr;brand_not_confirmed
56b08e89-b750-4ec9-9497-21900cf3d823;Bar E Restaurante Do Nal;Bar E Restaurante Do Nal praia miramar R. Cel. José Téles (83) 98706-1375 Cabedelo PB Instagram;;red;34;instagram;organic;Ilha Dourada (@ilhadouradarestaurante);https://instagram.com/ilhadouradarestaurante;brand_not_confirmed|city_not_confirmed
56b08e89-b750-4ec9-9497-21900cf3d823;Bar E Restaurante Do Nal;Bar E Restaurante Do Nal praia miramar R. Cel. José Téles (83) 98706-1375 Cabedelo PB Instagram;;red;9;instagram;organic;Gastronomia, ambiente instagramável, drinks deliciosos e ...;https://instagram.com/p/DWCcHL5EZ0Y;instagram_p_not_profile|brand_not_confirmed|instagram_profile_not_canonicalizable
56b08e89-b750-4ec9-9497-21900cf3d823;Bar E Restaurante Do Nal;Bar E Restaurante Do Nal praia miramar R. Cel. José Téles (83) 98706-1375 Cabedelo PB Instagram;;red;0;tripadvisor;organic;Verano Praia Bar - Restaurantes: Cabedelo;https://tripadvisor.com.br/Restaurant_Review-g793398-d25179755-Reviews-Verano_Praia_Bar-Cabedelo_State_of_Paraiba.html;brand_not_confirmed
56b08e89-b750-4ec9-9497-21900cf3d823;Bar E Restaurante Do Nal;Bar E Restaurante Do Nal praia miramar R. Cel. José Téles (83) 98706-1375 Cabedelo PB Instagram;;red;-6;cabedelo.pb.gov.br;organic;Verano Praia Bar | Prefeitura de Cabedelo;https://cabedelo.pb.gov.br/ondecomer/verano-praia-bar;brand_not_confirmed
56b08e89-b750-4ec9-9497-21900cf3d823;Bar E Restaurante Do Nal;Bar E Restaurante Do Nal praia miramar R. Cel. José Téles (83) 98706-1375 Cabedelo PB Instagram;;red;-19;instagram;organic;Marca aí seus amigos que precisam saber disso! O ...;https://instagram.com/reel/DTS3JURjRFL;instagram_reel_not_profile|brand_not_confirmed|instagram_profile_not_canonicalizable|city_not_confirmed
56b08e89-b750-4ec9-9497-21900cf3d823;Bar E Restaurante Do Nal;Bar E Restaurante Do Nal praia miramar R. Cel. José Téles (83) 98706-1375 Cabedelo PB Instagram;;red;-19;instagram;organic;A experiência de estar entre o céu e o mar, deliciando-se com ...;https://instagram.com/reel/DR2QHdYkVZz;instagram_reel_not_profile|brand_not_confirmed|instagram_profile_not_canonicalizable|city_not_confirmed
62958074-8ac2-487e-9cde-9b6c018c34dc;Empório Do Sabor;Empório Do Sabor Lot. Oceania VI R. Milton Macedo da Cruz Cabedelo PB Instagram;yes;yellow;118;instagram;organic;Empório do Sabor (@emporio_do_sabor_oficial);https://instagram.com/emporio_do_sabor_oficial;city_not_confirmed
62958074-8ac2-487e-9cde-9b6c018c34dc;Empório Do Sabor;Empório Do Sabor Lot. Oceania VI R. Milton Macedo da Cruz Cabedelo PB Instagram;;yellow;106;instagram;organic;EMPÓRIO DO SABOR (@emporioodosaboor);https://instagram.com/emporioodosaboor;city_not_confirmed
62958074-8ac2-487e-9cde-9b6c018c34dc;Empório Do Sabor;Empório Do Sabor Lot. Oceania VI R. Milton Macedo da Cruz Cabedelo PB Instagram;;yellow;106;instagram;organic;EMPÓRIO D🍳S SABORES🥓 (@emporio.dos.sabores);https://instagram.com/emporio.dos.sabores/?hl=pt;city_not_confirmed
62958074-8ac2-487e-9cde-9b6c018c34dc;Empório Do Sabor;Empório Do Sabor Lot. Oceania VI R. Milton Macedo da Cruz Cabedelo PB Instagram;;red;44;linktree;organic;Empório do Sabor Official: Instagram;https://linktr.ee/emporiodosaborrv;city_not_confirmed
62958074-8ac2-487e-9cde-9b6c018c34dc;Empório Do Sabor;Empório Do Sabor Lot. Oceania VI R. Milton Macedo da Cruz Cabedelo PB Instagram;;red;43;instagram;organic;"Bar on Instagram: ""Mood Empório do Sabor ativado! Aqui tem ...";https://instagram.com/reel/DY2dEjOxOVh;instagram_reel_not_profile|instagram_profile_not_canonicalizable|city_not_confirmed
62958074-8ac2-487e-9cde-9b6c018c34dc;Empório Do Sabor;Empório Do Sabor Lot. Oceania VI R. Milton Macedo da Cruz Cabedelo PB Instagram;;red;43;instagram;organic;Empório Sabores do Mundo | Um caminhão de novidades ...;https://instagram.com/reel/DWl6tG8Suor;instagram_reel_not_profile|instagram_profile_not_canonicalizable|city_not_confirmed
62958074-8ac2-487e-9cde-9b6c018c34dc;Empório Do Sabor;Empório Do Sabor Lot. Oceania VI R. Milton Macedo da Cruz Cabedelo PB Instagram;;red;43;instagram;organic;Empório Sabores do Mundo | Muitas Novidades por aqui ...;https://instagram.com/reel/DJrZCZ5t5Dv;instagram_reel_not_profile|instagram_profile_not_canonicalizable|city_not_confirmed
62958074-8ac2-487e-9cde-9b6c018c34dc;Empório Do Sabor;Empório Do Sabor Lot. Oceania VI R. Milton Macedo da Cruz Cabedelo PB Instagram;;red;43;instagram;organic;É HOJE! 🎉✨ Nosso espaço abre as portas e queremos ...;https://instagram.com/p/DU741KuDrWQ;instagram_p_not_profile|instagram_profile_not_canonicalizable|city_not_confirmed
743c1d75-28df-42ef-ba44-663a736f9783;Sabor da infância no pôr do sol;Sabor da infância no pôr do sol jacaré Praia do jacaré Pôr do sol do (83) 98860-4213 Cabedelo PB Instagram;yes;yellow;128;instagram;organic;Pôr do Sol do Jacaré (@pordosoldojacare) · Cabedelo, PB;https://instagram.com/pordosoldojacare;
743c1d75-28df-42ef-ba44-663a736f9783;Sabor da infância no pôr do sol;Sabor da infância no pôr do sol jacaré Praia do jacaré Pôr do sol do (83) 98860-4213 Cabedelo PB Instagram;;yellow;65;instagram;organic;O pôr do sol na Praia de Jacaré, em Cabedelo (PB), é um ...;https://instagram.com/reel/DDPanwHJhoS;instagram_reel_not_profile|instagram_profile_not_canonicalizable
743c1d75-28df-42ef-ba44-663a736f9783;Sabor da infância no pôr do sol;Sabor da infância no pôr do sol jacaré Praia do jacaré Pôr do sol do (83) 98860-4213 Cabedelo PB Instagram;;yellow;59;instagram;organic;A vida é muito curta para deixar o pôr do sol passar sem viver ...;https://instagram.com/reel/DZqDLXcB_1j;instagram_reel_not_profile|instagram_profile_not_canonicalizable
743c1d75-28df-42ef-ba44-663a736f9783;Sabor da infância no pôr do sol;Sabor da infância no pôr do sol jacaré Praia do jacaré Pôr do sol do (83) 98860-4213 Cabedelo PB Instagram;;yellow;59;instagram;organic;O Pôr do Sol do Jacaré, em Cabedelo, João Pessoa, é um ...;https://instagram.com/reel/DVPhyS_keVS;instagram_reel_not_profile|instagram_profile_not_canonicalizable
743c1d75-28df-42ef-ba44-663a736f9783;Sabor da infância no pôr do sol;Sabor da infância no pôr do sol jacaré Praia do jacaré Pôr do sol do (83) 98860-4213 Cabedelo PB Instagram;;red;43;instagram;organic;"Passeios em João Pessoa on Instagram: ""Por do sol no ...";https://instagram.com/reel/DZ0jSZ8v36v;instagram_reel_not_profile|instagram_profile_not_canonicalizable|city_not_confirmed
743c1d75-28df-42ef-ba44-663a736f9783;Sabor da infância no pôr do sol;Sabor da infância no pôr do sol jacaré Praia do jacaré Pôr do sol do (83) 98860-4213 Cabedelo PB Instagram;;red;38;turismo.joaopessoa.pb.gov.br;organic;Pôr do Sol do Jacaré | Turismo João Pessoa;https://turismo.joaopessoa.pb.gov.br/o-que-fazer/pontos-turisticos/praias-e-piscinas-naturais/por-do-jacare;
743c1d75-28df-42ef-ba44-663a736f9783;Sabor da infância no pôr do sol;Sabor da infância no pôr do sol jacaré Praia do jacaré Pôr do sol do (83) 98860-4213 Cabedelo PB Instagram;;red;38;paraibacriativa.com.br;organic;Casa Nordeste;https://paraibacriativa.com.br/artista/casa-nordeste;
743c1d75-28df-42ef-ba44-663a736f9783;Sabor da infância no pôr do sol;Sabor da infância no pôr do sol jacaré Praia do jacaré Pôr do sol do (83) 98860-4213 Cabedelo PB Instagram;;red;38;globoplay.globo.com;organic;JPB1 | Pôr do sol na Praia do Jacaré, em Cabedelo, continua ...;https://globoplay.globo.com/v/6402340;
b800fc7b-5bbe-44e1-b964-f96e36d4700a;Me gusta Açaí;Me gusta Açaí Intermares R. José Marcos de Melo Peixoto (83) 99979-7906 Cabedelo PB Instagram;yes;yellow;110;instagram;organic;ME GUSTA AÇAÍ® (@acai_megusta) · Vespasiano, MG;https://instagram.com/acai_megusta/?__d=1%E5%86%85%E8%92%99%E5%8F%A4%E5%91%BC%E4%BC%A6%E8%B4%9D%E5%B0%94%E6%83%B3%E8%A6%81%E6%89%BE%E6%A8%A1%E7%89%B9%E9%85%92%E5%B1%80%E5%85%A8%E5%A5%97%3F%2B-%2B%E5%91%BC%E4%BC%A6%E8%B4%9D%E5%B0%94%E6%A8%A1%E7%89%B9.%E2%9C%94%EF%B8%8Fbaoyang.cyou;city_not_confirmed
b800fc7b-5bbe-44e1-b964-f96e36d4700a;Me gusta Açaí;Me gusta Açaí Intermares R. José Marcos de Melo Peixoto (83) 99979-7906 Cabedelo PB Instagram;;yellow;56;instagram;organic;Praçaí Intermares (@pracaiintermares) · Cabedelo, PB;https://instagram.com/pracaiintermares;brand_not_confirmed
b800fc7b-5bbe-44e1-b964-f96e36d4700a;Me gusta Açaí;Me gusta Açaí Intermares R. José Marcos de Melo Peixoto (83) 99979-7906 Cabedelo PB Instagram;;yellow;56;instagram;organic;acaiaraxa2 · Cabedelo, PB;https://instagram.com/acaiaraxa2;brand_not_confirmed
b800fc7b-5bbe-44e1-b964-f96e36d4700a;Me gusta Açaí;Me gusta Açaí Intermares R. José Marcos de Melo Peixoto (83) 99979-7906 Cabedelo PB Instagram;;red;3;instagram;organic;"Pé de Fruta on Instagram: ""Você já conhece nossa loja que ...";https://instagram.com/reel/C7pBkVCMHP0;instagram_reel_not_profile|brand_not_confirmed|instagram_profile_not_canonicalizable
b800fc7b-5bbe-44e1-b964-f96e36d4700a;Me gusta Açaí;Me gusta Açaí Intermares R. José Marcos de Melo Peixoto (83) 99979-7906 Cabedelo PB Instagram;;red;3;instagram;organic;O melhor açaí está aqui em intermares! ❤ 📍Localização;https://instagram.com/p/BTr1aryAUxL;instagram_p_not_profile|brand_not_confirmed|instagram_profile_not_canonicalizable
b800fc7b-5bbe-44e1-b964-f96e36d4700a;Me gusta Açaí;Me gusta Açaí Intermares R. José Marcos de Melo Peixoto (83) 99979-7906 Cabedelo PB Instagram;;red;-7;instagram;organic;"Praçaí Intermares on Instagram: ""Todo dia é dia de tomar o ...";https://instagram.com/reel/C7ZgyqZxy0U;instagram_reel_not_profile|brand_not_confirmed|instagram_profile_not_canonicalizable|city_not_confirmed
b800fc7b-5bbe-44e1-b964-f96e36d4700a;Me gusta Açaí;Me gusta Açaí Intermares R. José Marcos de Melo Peixoto (83) 99979-7906 Cabedelo PB Instagram;;red;-19;instagram;organic;Descubra o Melhor Açaí de Intermares na Praçaí! Turista, que ...;https://instagram.com/reel/DE5w-DjSfq2;instagram_reel_not_profile|brand_not_confirmed|instagram_profile_not_canonicalizable|city_not_confirmed
b800fc7b-5bbe-44e1-b964-f96e36d4700a;Me gusta Açaí;Me gusta Açaí Intermares R. José Marcos de Melo Peixoto (83) 99979-7906 Cabedelo PB Instagram;;red;-19;instagram;organic;Self service de Açaí 😋🥰🌟 Aqui no MAIS ...;https://instagram.com/p/DX1qg7qgHb1;instagram_p_not_profile|brand_not_confirmed|instagram_profile_not_canonicalizable|city_not_confirmed
9092bbb6-9b7e-4aff-a990-7edecd6f155b;Bebel & Jó Pizzaria;Bebel & Jó Pizzaria Renascer Av. Ambrósio Miranda de Araújo Cabedelo PB Instagram;yes;yellow;46;instagram;organic;Pizza Now (@pizzanowexpress);https://instagram.com/pizzanowexpress;brand_not_confirmed|city_not_confirmed
9092bbb6-9b7e-4aff-a990-7edecd6f155b;Bebel & Jó Pizzaria;Bebel & Jó Pizzaria Renascer Av. Ambrósio Miranda de Araújo Cabedelo PB Instagram;;red;34;instagram;organic;Pizzaria Renascer | Rodízio (@pizzariarenascer);https://instagram.com/pizzariarenascer/?hl=pt;brand_not_confirmed|city_not_confirmed
9092bbb6-9b7e-4aff-a990-7edecd6f155b;Bebel & Jó Pizzaria;Bebel & Jó Pizzaria Renascer Av. Ambrósio Miranda de Araújo Cabedelo PB Instagram;;red;6;instagram;derived_instagram_handle;Instagram profile @southpizzas;https://instagram.com/southpizzas;brand_not_confirmed|derived_handle_brand_not_confirmed|city_not_confirmed
9092bbb6-9b7e-4aff-a990-7edecd6f155b;Bebel & Jó Pizzaria;Bebel & Jó Pizzaria Renascer Av. Ambrósio Miranda de Araújo Cabedelo PB Instagram;;red;3;instagram;organic;"Brock Pizza on Instagram: ""#VLOGDAY 2 da obra Mais um dia ...";https://instagram.com/reel/DZAuNR3yK2R;instagram_reel_not_profile|brand_not_confirmed|instagram_profile_not_canonicalizable
9092bbb6-9b7e-4aff-a990-7edecd6f155b;Bebel & Jó Pizzaria;Bebel & Jó Pizzaria Renascer Av. Ambrósio Miranda de Araújo Cabedelo PB Instagram;;red;-7;instagram;organic;Vem pra cá assistir com agente acompanhado da melhor ...;https://instagram.com/reel/DZQva5DuFaW;instagram_reel_not_profile|brand_not_confirmed|instagram_profile_not_canonicalizable|city_not_confirmed
9092bbb6-9b7e-4aff-a990-7edecd6f155b;Bebel & Jó Pizzaria;Bebel & Jó Pizzaria Renascer Av. Ambrósio Miranda de Araújo Cabedelo PB Instagram;;red;-7;instagram;organic;Galera, dia 13.06 (sábado) não funcionaremos! Iremos assistir ...;https://instagram.com/reel/DZdOg6aMSBZ;instagram_reel_not_profile|brand_not_confirmed|instagram_profile_not_canonicalizable|city_not_confirmed
9092bbb6-9b7e-4aff-a990-7edecd6f155b;Bebel & Jó Pizzaria;Bebel & Jó Pizzaria Renascer Av. Ambrósio Miranda de Araújo Cabedelo PB Instagram;;red;-19;instagram;organic;Pizzaria Renascer;https://instagram.com/p/DAdShrvxOvp;instagram_p_not_profile|brand_not_confirmed|instagram_profile_not_canonicalizable|city_not_confirmed
9092bbb6-9b7e-4aff-a990-7edecd6f155b;Bebel & Jó Pizzaria;Bebel & Jó Pizzaria Renascer Av. Ambrósio Miranda de Araújo Cabedelo PB Instagram;;red;-19;instagram;organic;Aguardem!!!;https://instagram.com/p/DY5ShFRAdH6;instagram_p_not_profile|brand_not_confirmed|instagram_profile_not_canonicalizable|city_not_confirmed
dfb456d7-1841-474d-bb54-fd442af3e295;Burguer Hall;Burguer Hall bessa R. Maurício de Alençar Cavalcante (83) 99382-3317 Cabedelo PB Instagram;yes;yellow;122;instagram;organic;Oxi Burguer Cabedelo (@oxicabedelo);https://instagram.com/oxicabedelo;
dfb456d7-1841-474d-bb54-fd442af3e295;Burguer Hall;Burguer Hall bessa R. Maurício de Alençar Cavalcante (83) 99382-3317 Cabedelo PB Instagram;;yellow;120;instagram;organic;HAMBURGUERIA ARTESANAL (@homesmashburguer);https://instagram.com/homesmashburguer;
dfb456d7-1841-474d-bb54-fd442af3e295;Burguer Hall;Burguer Hall bessa R. Maurício de Alençar Cavalcante (83) 99382-3317 Cabedelo PB Instagram;;yellow;118;instagram;organic;Burguer Hall - Bessa📍 (@burguerhall);https://instagram.com/burguerhall;city_not_confirmed
dfb456d7-1841-474d-bb54-fd442af3e295;Burguer Hall;Burguer Hall bessa R. Maurício de Alençar Cavalcante (83) 99382-3317 Cabedelo PB Instagram;;yellow;116;instagram;organic;I ❤ Burguer (@iloveburguerpb);https://instagram.com/iloveburguerpb;city_not_confirmed
dfb456d7-1841-474d-bb54-fd442af3e295;Burguer Hall;Burguer Hall bessa R. Maurício de Alençar Cavalcante (83) 99382-3317 Cabedelo PB Instagram;;yellow;51;instagram;organic;🍔🔥 Cabedelo, chegou o Manguinhos Burguer! Dia 17 de ...;https://instagram.com/p/DVu72coDT3N;instagram_p_not_profile|instagram_profile_not_canonicalizable
dfb456d7-1841-474d-bb54-fd442af3e295;Burguer Hall;Burguer Hall bessa R. Maurício de Alençar Cavalcante (83) 99382-3317 Cabedelo PB Instagram;;red;41;instagram;organic;"I Burguer on Instagram: ""Chegou fim de semana, hora de ...";https://instagram.com/reel/CwYf3Dir6mG;instagram_reel_not_profile|instagram_profile_not_canonicalizable|city_not_confirmed
dfb456d7-1841-474d-bb54-fd442af3e295;Burguer Hall;Burguer Hall bessa R. Maurício de Alençar Cavalcante (83) 99382-3317 Cabedelo PB Instagram;;red;38;wanderboat.ai;organic;Burguer Hall - R. Maurício de Alençar Cavalcante;https://wanderboat.ai/restaurants/brazil/regi%C3%A3o-geogr%C3%A1fica-imediata-de-jo%C3%A3o-pessoa/burguer-hall/XVZzlag7SEeRJenKv_gqYg;
dfb456d7-1841-474d-bb54-fd442af3e295;Burguer Hall;Burguer Hall bessa R. Maurício de Alençar Cavalcante (83) 99382-3317 Cabedelo PB Instagram;;red;35;instagram;organic;'O' Burguer 🍔 | Marca os amigos e vem!;https://instagram.com/reel/DaTvT8Dgeou;instagram_reel_not_profile|instagram_profile_not_canonicalizable|city_not_confirmed
d05af6c4-cbfa-4c6a-9d95-be4bc952d3d9;Cantinho do açaí;Cantinho do açaí Recanto do Poço R. Vinicius de Morais (83) 98621-5532 Cabedelo PB Instagram;yes;yellow;126;instagram;organic;CANTINHO DO AÇAÍ E DOCES;https://instagram.com/cantinhodoacaiedocess;
d05af6c4-cbfa-4c6a-9d95-be4bc952d3d9;Cantinho do açaí;Cantinho do açaí Recanto do Poço R. Vinicius de Morais (83) 98621-5532 Cabedelo PB Instagram;;yellow;110;instagram;organic;Cantinho do açai (@cantinho_doacai1);https://instagram.com/cantinho_doacai1;city_not_confirmed
d05af6c4-cbfa-4c6a-9d95-be4bc952d3d9;Cantinho do açaí;Cantinho do açaí Recanto do Poço R. Vinicius de Morais (83) 98621-5532 Cabedelo PB Instagram;;yellow;110;instagram;organic;Cantinho do Açai (@cantinhodoacai.rm);https://instagram.com/cantinhodoacai.rm;city_not_confirmed
d05af6c4-cbfa-4c6a-9d95-be4bc952d3d9;Cantinho do açaí;Cantinho do açaí Recanto do Poço R. Vinicius de Morais (83) 98621-5532 Cabedelo PB Instagram;;yellow;98;instagram;organic;Cantinho do açai (@1cantinhodoacai);https://instagram.com/1cantinhodoacai;city_not_confirmed
d05af6c4-cbfa-4c6a-9d95-be4bc952d3d9;Cantinho do açaí;Cantinho do açaí Recanto do Poço R. Vinicius de Morais (83) 98621-5532 Cabedelo PB Instagram;;yellow;88;instagram;organic;Cantinho do Açaí (@canntinhoacai);https://instagram.com/canntinhoacai;city_not_confirmed
d05af6c4-cbfa-4c6a-9d95-be4bc952d3d9;Cantinho do açaí;Cantinho do açaí Recanto do Poço R. Vinicius de Morais (83) 98621-5532 Cabedelo PB Instagram;;yellow;47;instagram;organic;Cantinho do Açaí | Loja aberta para receber vocês, nossos ...;https://instagram.com/reel/DNv0xsuXsJw;instagram_reel_not_profile|instagram_profile_not_canonicalizable|city_not_confirmed
d05af6c4-cbfa-4c6a-9d95-be4bc952d3d9;Cantinho do açaí;Cantinho do açaí Recanto do Poço R. Vinicius de Morais (83) 98621-5532 Cabedelo PB Instagram;;red;35;instagram;organic;Cantinho do Açaí | Atenção: esse vídeo causa vontade ...;https://instagram.com/reel/DYXvry_orM9;instagram_reel_not_profile|instagram_profile_not_canonicalizable|city_not_confirmed
d05af6c4-cbfa-4c6a-9d95-be4bc952d3d9;Cantinho do açaí;Cantinho do açaí Recanto do Poço R. Vinicius de Morais (83) 98621-5532 Cabedelo PB Instagram;;red;35;instagram;organic;"Cantinho do Açaí on Instagram: ""Apresentamos a vocês o ...";https://instagram.com/reel/DJZtXDJxAxH;instagram_reel_not_profile|instagram_profile_not_canonicalizable|city_not_confirmed
c0081954-6410-42be-9abd-96c4300b6ec5;Cantinho Bom;Cantinho Bom Jardim Camboinha R. Santa Rita de Cássia (83) 99376-7145 Cabedelo PB Instagram;yes;yellow;120;instagram;derived_instagram_handle;Instagram profile @202cantinho;https://instagram.com/202cantinho;
c0081954-6410-42be-9abd-96c4300b6ec5;Cantinho Bom;Cantinho Bom Jardim Camboinha R. Santa Rita de Cássia (83) 99376-7145 Cabedelo PB Instagram;;yellow;98;instagram;organic;Cantinho do Bolo (@cantinhodoboloslz);https://instagram.com/cantinhodoboloslz/reels;city_not_confirmed
c0081954-6410-42be-9abd-96c4300b6ec5;Cantinho Bom;Cantinho Bom Jardim Camboinha R. Santa Rita de Cássia (83) 99376-7145 Cabedelo PB Instagram;;yellow;57;instagram;organic;Camboinha Flat 📍 Rua Raul de Souza Carvalho, 208 – ...;https://instagram.com/p/DYFYtmzlqRm;instagram_p_not_profile|instagram_profile_not_canonicalizable
c0081954-6410-42be-9abd-96c4300b6ec5;Cantinho Bom;Cantinho Bom Jardim Camboinha R. Santa Rita de Cássia (83) 99376-7145 Cabedelo PB Instagram;;red;38;instagram;organic;gigantedomaroficial • Instagram photos and videos;https://instagram.com/gigantedomaroficial;brand_not_confirmed|name_not_confirmed
c0081954-6410-42be-9abd-96c4300b6ec5;Cantinho Bom;Cantinho Bom Jardim Camboinha R. Santa Rita de Cássia (83) 99376-7145 Cabedelo PB Instagram;;red;35;instagram;organic;O Cantinho já está em clima de São João e esse ano estamos ...;https://instagram.com/reel/DYrqO5QRXoZ;instagram_reel_not_profile|instagram_profile_not_canonicalizable|city_not_confirmed
c0081954-6410-42be-9abd-96c4300b6ec5;Cantinho Bom;Cantinho Bom Jardim Camboinha R. Santa Rita de Cássia (83) 99376-7145 Cabedelo PB Instagram;;red;35;instagram;organic;Restaurante Cantinho Nordestino | UM JANTAR ESPECIAL ...;https://instagram.com/reel/DP2B7jYicYh;instagram_reel_not_profile|instagram_profile_not_canonicalizable|city_not_confirmed
c0081954-6410-42be-9abd-96c4300b6ec5;Cantinho Bom;Cantinho Bom Jardim Camboinha R. Santa Rita de Cássia (83) 99376-7145 Cabedelo PB Instagram;;red;35;instagram;organic;🍰✨ Nosso delicioso Bolo de Paçoquinha está esperando ...;https://instagram.com/p/DZqeKntJzop;instagram_p_not_profile|instagram_profile_not_canonicalizable|city_not_confirmed
c0081954-6410-42be-9abd-96c4300b6ec5;Cantinho Bom;Cantinho Bom Jardim Camboinha R. Santa Rita de Cássia (83) 99376-7145 Cabedelo PB Instagram;;red;-15;instagram;organic;ALUGADO Apartamento para aluguel em Camboinha ...;https://instagram.com/reel/DGOn1hxSWWj;instagram_reel_not_profile|brand_not_confirmed|name_not_confirmed|instagram_profile_not_canonicalizable
d03f3aca-7cdf-4227-b701-fd1a439be3c5;Piratas Burger;Piratas Burger Intermares Av. Oceano Atlântico (83) 98155-6636 Cabedelo PB Instagram;yes;yellow;98;instagram;organic;Piratas Art Burger (@piratasartburger);https://instagram.com/piratasartburger;city_not_confirmed
d03f3aca-7cdf-4227-b701-fd1a439be3c5;Piratas Burger;Piratas Burger Intermares Av. Oceano Atlântico (83) 98155-6636 Cabedelo PB Instagram;;yellow;68;instagram;organic;Big Jack Sanduicheria (@bigjack.intermares) · Cabedelo, PB;https://instagram.com/bigjack.intermares;brand_not_confirmed
d03f3aca-7cdf-4227-b701-fd1a439be3c5;Piratas Burger;Piratas Burger Intermares Av. Oceano Atlântico (83) 98155-6636 Cabedelo PB Instagram;;yellow;46;instagram;organic;Pirata.burger;https://instagram.com/pirata.burger/reels;brand_not_confirmed|city_not_confirmed
d03f3aca-7cdf-4227-b701-fd1a439be3c5;Piratas Burger;Piratas Burger Intermares Av. Oceano Atlântico (83) 98155-6636 Cabedelo PB Instagram;;yellow;46;instagram;organic;Navio Pirata Hamburgueria (@naviopiratahamburgueria);https://instagram.com/naviopiratahamburgueria;brand_not_confirmed|city_not_confirmed
d03f3aca-7cdf-4227-b701-fd1a439be3c5;Piratas Burger;Piratas Burger Intermares Av. Oceano Atlântico (83) 98155-6636 Cabedelo PB Instagram;;red;35;instagram;organic;Caro e gentil marujo! Sabemos que vocês precisam de ...;https://instagram.com/reel/DUWa5uYEUbm;instagram_reel_not_profile|instagram_profile_not_canonicalizable|city_not_confirmed
d03f3aca-7cdf-4227-b701-fd1a439be3c5;Piratas Burger;Piratas Burger Intermares Av. Oceano Atlântico (83) 98155-6636 Cabedelo PB Instagram;;red;35;instagram;organic;Já envia pro @ que você sabe que jamais diria não para um ...;https://instagram.com/reel/DUJi7bKEer1;instagram_reel_not_profile|instagram_profile_not_canonicalizable|city_not_confirmed
d03f3aca-7cdf-4227-b701-fd1a439be3c5;Piratas Burger;Piratas Burger Intermares Av. Oceano Atlântico (83) 98155-6636 Cabedelo PB Instagram;;red;35;instagram;organic;A Piratas que você já conhece agora vai viver um novo ...;https://instagram.com/p/DZqDt2DE_Gm;instagram_p_not_profile|instagram_profile_not_canonicalizable|city_not_confirmed
d03f3aca-7cdf-4227-b701-fd1a439be3c5;Piratas Burger;Piratas Burger Intermares Av. Oceano Atlântico (83) 98155-6636 Cabedelo PB Instagram;;red;3;instagram;organic;O melhor lugar pra quem ama hambúrguer na brasa, assados ...;https://instagram.com/reel/DTJc8qDEcJr;instagram_reel_not_profile|brand_not_confirmed|instagram_profile_not_canonicalizable
e744a813-7f24-4f4c-a422-d54e2c0ab2ff;Juci;Juci Intermares R. Golfo de Cadis Cabedelo PB Instagram;yes;yellow;50;instagram;organic;Prefeitura de Cabedelo (@prefeituradecabedelo);https://instagram.com/prefeituradecabedelo;brand_not_confirmed
e744a813-7f24-4f4c-a422-d54e2c0ab2ff;Juci;Juci Intermares R. Golfo de Cadis Cabedelo PB Instagram;;red;3;instagram;organic;Conheça o bairro de Intermares em Cabedelo! . . . Me segue ...;https://instagram.com/reel/DWcZnXQEtAd;instagram_reel_not_profile|brand_not_confirmed|instagram_profile_not_canonicalizable
e744a813-7f24-4f4c-a422-d54e2c0ab2ff;Juci;Juci Intermares R. Golfo de Cadis Cabedelo PB Instagram;;red;3;instagram;organic;☀️ Praia de Intermares — Cabedelo, Paraíba Um ...;https://instagram.com/reel/DQ1b3iVETLP/?hl=pt-br;instagram_reel_not_profile|brand_not_confirmed|instagram_profile_not_canonicalizable
e744a813-7f24-4f4c-a422-d54e2c0ab2ff;Juci;Juci Intermares R. Golfo de Cadis Cabedelo PB Instagram;;red;3;instagram;organic;Intermares é aquele pedaço nobre de Cabedelo que muita ...;https://instagram.com/reel/DSKt6TTkZbl;instagram_reel_not_profile|brand_not_confirmed|instagram_profile_not_canonicalizable
e744a813-7f24-4f4c-a422-d54e2c0ab2ff;Juci;Juci Intermares R. Golfo de Cadis Cabedelo PB Instagram;;red;3;instagram;organic;Intermares / Cabedelo / PB Entre o mangue,o rio e um mar ...;https://instagram.com/reel/C2fq4S3RqzI;instagram_reel_not_profile|brand_not_confirmed|instagram_profile_not_canonicalizable
e744a813-7f24-4f4c-a422-d54e2c0ab2ff;Juci;Juci Intermares R. Golfo de Cadis Cabedelo PB Instagram;;red;3;instagram;organic;Intermares, cidade de Cabedelo, região metropolitana de ...;https://instagram.com/reel/DSI9knDDvpP;instagram_reel_not_profile|brand_not_confirmed|instagram_profile_not_canonicalizable
e744a813-7f24-4f4c-a422-d54e2c0ab2ff;Juci;Juci Intermares R. Golfo de Cadis Cabedelo PB Instagram;;red;3;instagram;organic;Intermares, Cabedelo - Pb Você que esta buscando ...;https://instagram.com/reel/DIErtOEvugl;instagram_reel_not_profile|brand_not_confirmed|instagram_profile_not_canonicalizable
e744a813-7f24-4f4c-a422-d54e2c0ab2ff;Juci;Juci Intermares R. Golfo de Cadis Cabedelo PB Instagram;;red;-3;instagram;organic;Intermares, em Cabedelo, destaca-se como um dos bairros ...;https://instagram.com/p/DQJwfi8Dq43;instagram_p_not_profile|brand_not_confirmed|instagram_profile_not_canonicalizable
fee9720d-1e25-487a-9a73-df9e407e73a6;Restaurante;Restaurante Vila Sao Joao R. Cel. José Téles Cabedelo PB Instagram;yes;yellow;106;instagram;organic;Cibelly Bar & Restaurante (@cibellybar) · Cabedelo, PB;https://instagram.com/cibellybar/?hl=pt-br;
fee9720d-1e25-487a-9a73-df9e407e73a6;Restaurante;Restaurante Vila Sao Joao R. Cel. José Téles Cabedelo PB Instagram;;yellow;102;instagram;organic;gigantedomaroficial • Instagram photos and videos;https://instagram.com/gigantedomaroficial;
fee9720d-1e25-487a-9a73-df9e407e73a6;Restaurante;Restaurante Vila Sao Joao R. Cel. José Téles Cabedelo PB Instagram;;yellow;92;instagram;organic;VILLA (@villa_sjbv) • Instagram photos and videos;https://instagram.com/villa_sjbv/?hl=pt;city_not_confirmed
fee9720d-1e25-487a-9a73-df9e407e73a6;Restaurante;Restaurante Vila Sao Joao R. Cel. José Téles Cabedelo PB Instagram;;yellow;53;instagram;organic;"Cibelly Mar | Restaurante Flutuante on Instagram: ""Somos um ...";https://instagram.com/reel/DJoqOfpt7Bf;instagram_reel_not_profile|instagram_profile_not_canonicalizable
fee9720d-1e25-487a-9a73-df9e407e73a6;Restaurante;Restaurante Vila Sao Joao R. Cel. José Téles Cabedelo PB Instagram;;red;37;instagram;organic;"Restaurante Rural Vó Maria on Instagram: ""Abertura do São ...";https://instagram.com/reel/DZQGTj7IT1h;instagram_reel_not_profile|instagram_profile_not_canonicalizable|city_not_confirmed
fee9720d-1e25-487a-9a73-df9e407e73a6;Restaurante;Restaurante Vila Sao Joao R. Cel. José Téles Cabedelo PB Instagram;;red;31;instagram;organic;"PORTAL NORDESTE on Instagram: ""🍽️ Restaurante Casa ...";https://instagram.com/reel/DPq5eqEjSjk;instagram_reel_not_profile|instagram_profile_not_canonicalizable|city_not_confirmed
fee9720d-1e25-487a-9a73-df9e407e73a6;Restaurante;Restaurante Vila Sao Joao R. Cel. José Téles Cabedelo PB Instagram;;red;31;instagram;organic;Se você ainda não conhece o restaurante que flutua na Praia ...;https://instagram.com/reel/DTKx9EhDloy;instagram_reel_not_profile|instagram_profile_not_canonicalizable|city_not_confirmed
fee9720d-1e25-487a-9a73-df9e407e73a6;Restaurante;Restaurante Vila Sao Joao R. Cel. José Téles Cabedelo PB Instagram;;red;27;instagram;organic;O São João deixa tudo mais especial, né? O Boteco da ...;https://instagram.com/p/DZSX9CBOuMI;instagram_p_not_profile|instagram_profile_not_canonicalizable|city_not_confirmed
ca0f0788-f272-4859-826e-38af8e426eef;Caribe burger;Caribe burger Bessa, Cabedelo Rodovia 230 km 13 (83) 98178-9635 Cabedelo PB Instagram;yes;yellow;56;instagram;organic;Cibelly Mar | Restaurante Flutuante (@cibellymarr);https://instagram.com/cibellymarr;brand_not_confirmed
ca0f0788-f272-4859-826e-38af8e426eef;Caribe burger;Caribe burger Bessa, Cabedelo Rodovia 230 km 13 (83) 98178-9635 Cabedelo PB Instagram;;yellow;52;instagram;organic;I ❤ Burguer (@iloveburguerpb);https://instagram.com/iloveburguerpb;brand_not_confirmed|city_not_confirmed
ca0f0788-f272-4859-826e-38af8e426eef;Caribe burger;Caribe burger Bessa, Cabedelo Rodovia 230 km 13 (83) 98178-9635 Cabedelo PB Instagram;;yellow;46;instagram;organic;Eu Quero Burguer (@euqueroburguerartesanal);https://instagram.com/euqueroburguerartesanal;brand_not_confirmed|city_not_confirmed
ca0f0788-f272-4859-826e-38af8e426eef;Caribe burger;Caribe burger Bessa, Cabedelo Rodovia 230 km 13 (83) 98178-9635 Cabedelo PB Instagram;;yellow;46;instagram;organic;Hamburgueria Artesanal (@tbburger.oficial);https://instagram.com/tbburger.oficial;brand_not_confirmed|city_not_confirmed
ca0f0788-f272-4859-826e-38af8e426eef;Caribe burger;Caribe burger Bessa, Cabedelo Rodovia 230 km 13 (83) 98178-9635 Cabedelo PB Instagram;;red;34;instagram;organic;083 Burger (@083burger) • Instagram photos and videos;https://instagram.com/083burger;brand_not_confirmed|city_not_confirmed
ca0f0788-f272-4859-826e-38af8e426eef;Caribe burger;Caribe burger Bessa, Cabedelo Rodovia 230 km 13 (83) 98178-9635 Cabedelo PB Instagram;;red;3;instagram;organic;CABEDELO/PB Umas das muitas coisas boas de fazer esse ...;https://instagram.com/reel/DWCkMp8EUgV;instagram_reel_not_profile|brand_not_confirmed|instagram_profile_not_canonicalizable
ca0f0788-f272-4859-826e-38af8e426eef;Caribe burger;Caribe burger Bessa, Cabedelo Rodovia 230 km 13 (83) 98178-9635 Cabedelo PB Instagram;;red;3;instagram;organic;Bianca Gabriely | Passeio pelo Forte de cabedelo em João ...;https://instagram.com/reel/DX1UrChzojv;instagram_reel_not_profile|brand_not_confirmed|instagram_profile_not_canonicalizable
ca0f0788-f272-4859-826e-38af8e426eef;Caribe burger;Caribe burger Bessa, Cabedelo Rodovia 230 km 13 (83) 98178-9635 Cabedelo PB Instagram;;red;-3;instagram;organic;Hambúrguer não é tudo igual — e foi exatamente isso que eu ...;https://instagram.com/reel/DTlELitANiP;instagram_reel_not_profile|brand_not_confirmed|instagram_profile_not_canonicalizable
e4463ab8-c32d-4e3e-aa0c-b93e2a9f7015;Triniity Burguer;Triniity Burguer Centro Vila dos Estivadores Cabedelo PB Instagram;yes;yellow;88;instagram;organic;T R I N I T Y B U R G E R 🔺 (@trinity.burger);https://instagram.com/trinity.burger;city_not_confirmed
e4463ab8-c32d-4e3e-aa0c-b93e2a9f7015;Triniity Burguer;Triniity Burguer Centro Vila dos Estivadores Cabedelo PB Instagram;;yellow;88;instagram;organic;T R I N I T Y B U R G E R 🔺 (@trinity.burger);https://instagram.com/trinity.burger/reels;city_not_confirmed
e4463ab8-c32d-4e3e-aa0c-b93e2a9f7015;Triniity Burguer;Triniity Burguer Centro Vila dos Estivadores Cabedelo PB Instagram;;red;35;instagram;organic;É oficial! Ele chegou! . Trinity Burger, hambúrguer do mês de ...;https://instagram.com/reel/DPR2XYujghd/?hl=th;instagram_reel_not_profile|instagram_profile_not_canonicalizable|city_not_confirmed
e4463ab8-c32d-4e3e-aa0c-b93e2a9f7015;Triniity Burguer;Triniity Burguer Centro Vila dos Estivadores Cabedelo PB Instagram;;red;-37;instagram;organic;Nossa casinha está tão linda e aconchegante, vem nós visitar;https://instagram.com/reel/CKMh_5wlSb9;instagram_reel_not_profile|brand_not_confirmed|name_not_confirmed|instagram_profile_not_canonicalizable|city_not_confirmed
e4463ab8-c32d-4e3e-aa0c-b93e2a9f7015;Triniity Burguer;Triniity Burguer Centro Vila dos Estivadores Cabedelo PB Instagram;;red;-37;instagram;organic;Se liga nesse vídeo Aqui na Trinity Burger o negócio é sério ...;https://instagram.com/reel/DMp6mF9Rh8c;instagram_reel_not_profile|brand_not_confirmed|name_not_confirmed|instagram_profile_not_canonicalizable|city_not_confirmed
e4463ab8-c32d-4e3e-aa0c-b93e2a9f7015;Triniity Burguer;Triniity Burguer Centro Vila dos Estivadores Cabedelo PB Instagram;;red;-37;instagram;organic;Home sweet home! 🥰🍔;https://instagram.com/p/CZ1rBv3LQft;instagram_p_not_profile|brand_not_confirmed|name_not_confirmed|instagram_profile_not_canonicalizable|city_not_confirmed
e4463ab8-c32d-4e3e-aa0c-b93e2a9f7015;Triniity Burguer;Triniity Burguer Centro Vila dos Estivadores Cabedelo PB Instagram;;red;-37;instagram;organic;Original;https://instagram.com/p/DEYntLmxrLw;instagram_p_not_profile|brand_not_confirmed|name_not_confirmed|instagram_profile_not_canonicalizable|city_not_confirmed
e4463ab8-c32d-4e3e-aa0c-b93e2a9f7015;Triniity Burguer;Triniity Burguer Centro Vila dos Estivadores Cabedelo PB Instagram;;red;-37;instagram;organic;"T R I N I T Y B U R G E R on Instagram: ""Trinity Burger não é ...";https://instagram.com/reel/DT2_sD3ji9d;instagram_reel_not_profile|brand_not_confirmed|name_not_confirmed|instagram_profile_not_canonicalizable|city_not_confirmed
942e480f-7b67-4aae-9967-e795bdf7502d;Therê Açaí e Sorvete;Therê Açaí e Sorvete Centro R. Duque de Caxias (83) 99332-8972 Cabedelo PB Instagram;yes;red;44;instagram;organic;Daniel Do Açaí (@danieldoacai);https://instagram.com/danieldoacai;brand_not_confirmed|name_not_confirmed
942e480f-7b67-4aae-9967-e795bdf7502d;Therê Açaí e Sorvete;Therê Açaí e Sorvete Centro R. Duque de Caxias (83) 99332-8972 Cabedelo PB Instagram;;red;41;instagram;organic;ACABA DE INAUGURAR: BUFFET DE AÇAÍ + SORVETES E ...;https://instagram.com/reel/DCXatKtPzS0;instagram_reel_not_profile|instagram_profile_not_canonicalizable|city_not_confirmed
942e480f-7b67-4aae-9967-e795bdf7502d;Therê Açaí e Sorvete;Therê Açaí e Sorvete Centro R. Duque de Caxias (83) 99332-8972 Cabedelo PB Instagram;;red;35;instagram;organic;Quando bater aquele desejo de um docinho especial, você ...;https://instagram.com/p/DR2uWGMEq2g;instagram_p_not_profile|instagram_profile_not_canonicalizable|city_not_confirmed
942e480f-7b67-4aae-9967-e795bdf7502d;Therê Açaí e Sorvete;Therê Açaí e Sorvete Centro R. Duque de Caxias (83) 99332-8972 Cabedelo PB Instagram;;red;35;instagram;organic;SELF SERVICE DE AÇAÍ E SORVETE POR APENAS R$6,99 ...;https://instagram.com/reel/DNOLxvTMxZl;instagram_reel_not_profile|instagram_profile_not_canonicalizable|city_not_confirmed
942e480f-7b67-4aae-9967-e795bdf7502d;Therê Açaí e Sorvete;Therê Açaí e Sorvete Centro R. Duque de Caxias (83) 99332-8972 Cabedelo PB Instagram;;red;35;instagram;organic;The Best Açaí;https://instagram.com/reel/DWoiSI1ESN-;instagram_reel_not_profile|instagram_profile_not_canonicalizable|city_not_confirmed
942e480f-7b67-4aae-9967-e795bdf7502d;Therê Açaí e Sorvete;Therê Açaí e Sorvete Centro R. Duque de Caxias (83) 99332-8972 Cabedelo PB Instagram;;red;35;instagram;organic;Imagina montar o seu sorvete com os sabores que você ...;https://instagram.com/p/DNGSmuTMpPu;instagram_p_not_profile|instagram_profile_not_canonicalizable|city_not_confirmed
942e480f-7b67-4aae-9967-e795bdf7502d;Therê Açaí e Sorvete;Therê Açaí e Sorvete Centro R. Duque de Caxias (83) 99332-8972 Cabedelo PB Instagram;;red;-25;instagram;organic;Do seu jeito, do tamanho que a Trend pede… mas com a ...;https://instagram.com/reel/DPHPZRfjt7t;instagram_reel_not_profile|brand_not_confirmed|name_not_confirmed|instagram_profile_not_canonicalizable|city_not_confirmed
942e480f-7b67-4aae-9967-e795bdf7502d;Therê Açaí e Sorvete;Therê Açaí e Sorvete Centro R. Duque de Caxias (83) 99332-8972 Cabedelo PB Instagram;;red;-25;instagram;organic;Bateu aquela vontade de açaí? Agora ficou ainda mais fácil ...;https://instagram.com/reel/DPKVIQmEhjp;instagram_reel_not_profile|brand_not_confirmed|name_not_confirmed|instagram_profile_not_canonicalizable|city_not_confirmed
6e248922-94fd-4138-86a0-92c7a04fcfff;cabe 1one açaí;cabe 1one açaí Lj 01 - Centro Praça Venâncio Neiva (83) 98229-2123 Cabedelo PB Instagram;yes;yellow;70;instagram;organic;Daniel Do Açaí (@danieldoacai);https://instagram.com/danieldoacai;brand_not_confirmed
6e248922-94fd-4138-86a0-92c7a04fcfff;cabe 1one açaí;cabe 1one açaí Lj 01 - Centro Praça Venâncio Neiva (83) 98229-2123 Cabedelo PB Instagram;;red;38;wanderboat.ai;organic;cabe 1one açaí - Praça Venâncio Neiva, 11 - loja 01;https://wanderboat.ai/restaurants/brazil/regi%C3%A3o-geogr%C3%A1fica-imediata-de-jo%C3%A3o-pessoa/cabe-1one-a%C3%A7a%C3%AD/jH3SO5uoTLqeiYXwyMUvUw;
6e248922-94fd-4138-86a0-92c7a04fcfff;cabe 1one açaí;cabe 1one açaí Lj 01 - Centro Praça Venâncio Neiva (83) 98229-2123 Cabedelo PB Instagram;;red;17;instagram;organic;(83) 9 8669-5781 #jampaaçai #açaí #cabedelo #hojetemjp;https://instagram.com/p/CSDItj1gaFZ;instagram_p_not_profile|brand_not_confirmed|instagram_profile_not_canonicalizable
6e248922-94fd-4138-86a0-92c7a04fcfff;cabe 1one açaí;cabe 1one açaí Lj 01 - Centro Praça Venâncio Neiva (83) 98229-2123 Cabedelo PB Instagram;;red;16;instagram;organic;Açaí da Praça 💜 (@acaidapracaoficial);https://instagram.com/acaidapracaoficial;brand_not_confirmed|name_not_confirmed|city_not_confirmed
6e248922-94fd-4138-86a0-92c7a04fcfff;cabe 1one açaí;cabe 1one açaí Lj 01 - Centro Praça Venâncio Neiva (83) 98229-2123 Cabedelo PB Instagram;;red;11;instagram;organic;"Praçaí Intermares on Instagram: ""Nosso açaí é 100% puro e ...";https://instagram.com/reel/C7wLWgwJlCg;instagram_reel_not_profile|brand_not_confirmed|instagram_profile_not_canonicalizable
6e248922-94fd-4138-86a0-92c7a04fcfff;cabe 1one açaí;cabe 1one açaí Lj 01 - Centro Praça Venâncio Neiva (83) 98229-2123 Cabedelo PB Instagram;;red;-25;instagram;organic;DIA DO AÇAÍ! 😍💜 Confira as ofertas do nosso encarte do ...;https://instagram.com/p/DONzy3VjsSA;instagram_p_not_profile|brand_not_confirmed|name_not_confirmed|instagram_profile_not_canonicalizable|city_not_confirmed
6e248922-94fd-4138-86a0-92c7a04fcfff;cabe 1one açaí;cabe 1one açaí Lj 01 - Centro Praça Venâncio Neiva (83) 98229-2123 Cabedelo PB Instagram;;red;-25;instagram;organic;Peça o seu açaí agora, no @acai_abencoado_oficial;https://instagram.com/p/DUVkVLUjviN;instagram_p_not_profile|brand_not_confirmed|name_not_confirmed|instagram_profile_not_canonicalizable|city_not_confirmed
6e248922-94fd-4138-86a0-92c7a04fcfff;cabe 1one açaí;cabe 1one açaí Lj 01 - Centro Praça Venâncio Neiva (83) 98229-2123 Cabedelo PB Instagram;;red;-34;instagram;derived_instagram_handle;Instagram profile @acai_abencoado_oficial;https://instagram.com/acai_abencoado_oficial;brand_not_confirmed|name_not_confirmed|derived_handle_brand_not_confirmed|city_not_confirmed
b70edc4d-f352-4cc1-9680-4f5d6cd5c773;gat mal ponta de campina;gat mal ponta de campina Intermares Av. Oceano Atlântico Cabedelo PB Instagram;yes;yellow;114;instagram;organic;Get Mall | Seu Shopping em Cabedelo (@getmall.oficial);https://instagram.com/getmall.oficial;
b70edc4d-f352-4cc1-9680-4f5d6cd5c773;gat mal ponta de campina;gat mal ponta de campina Intermares Av. Oceano Atlântico Cabedelo PB Instagram;;red;38;serpapi.com;local;GETMall;https://serpapi.com/search.json?device=desktop&engine=google&gl=br&google_domain=google.com.br&hl=pt-br&ludocid=2085636360400986377&q=gat+mal+ponta+de+campina+Intermares+Av.+Oceano+Atl%C3%A2ntico+Cabedelo+PB+Instagram;
b70edc4d-f352-4cc1-9680-4f5d6cd5c773;gat mal ponta de campina;gat mal ponta de campina Intermares Av. Oceano Atlântico Cabedelo PB Instagram;;red;38;serpapi.com;local;gat mal ponta de campina;https://serpapi.com/search.json?device=desktop&engine=google&gl=br&google_domain=google.com.br&hl=pt-br&ludocid=12143988203244390455&q=gat+mal+ponta+de+campina+Intermares+Av.+Oceano+Atl%C3%A2ntico+Cabedelo+PB+Instagram;
b70edc4d-f352-4cc1-9680-4f5d6cd5c773;gat mal ponta de campina;gat mal ponta de campina Intermares Av. Oceano Atlântico Cabedelo PB Instagram;;red;18;instagram;derived_instagram_handle;Instagram profile @aferroyfogo;https://instagram.com/aferroyfogo;brand_not_confirmed|derived_handle_brand_not_confirmed
b70edc4d-f352-4cc1-9680-4f5d6cd5c773;gat mal ponta de campina;gat mal ponta de campina Intermares Av. Oceano Atlântico Cabedelo PB Instagram;;red;16;instagram;organic;Ponta de Campina (@pontadecampina);https://instagram.com/pontadecampina;brand_not_confirmed|name_not_confirmed|city_not_confirmed
b70edc4d-f352-4cc1-9680-4f5d6cd5c773;gat mal ponta de campina;gat mal ponta de campina Intermares Av. Oceano Atlântico Cabedelo PB Instagram;;red;5;instagram;organic;Isto é @getmall.oficial , em ponta de Campina , Cabedelo um ...;https://instagram.com/reel/DEmFpzGRooH;instagram_reel_not_profile|brand_not_confirmed|instagram_profile_not_canonicalizable
b70edc4d-f352-4cc1-9680-4f5d6cd5c773;gat mal ponta de campina;gat mal ponta de campina Intermares Av. Oceano Atlântico Cabedelo PB Instagram;;red;5;instagram;organic;O melhor ponto de encontro de Cabedelo é aqui, no ...;https://instagram.com/p/Cz1WN3zr1bv;instagram_p_not_profile|brand_not_confirmed|instagram_profile_not_canonicalizable
b70edc4d-f352-4cc1-9680-4f5d6cd5c773;gat mal ponta de campina;gat mal ponta de campina Intermares Av. Oceano Atlântico Cabedelo PB Instagram;;red;5;instagram;organic;Neste verão, aproveite tudo o que o Get Mall tem a oferecer ...;https://instagram.com/reel/DEVDWEyp5eu;instagram_reel_not_profile|brand_not_confirmed|instagram_profile_not_canonicalizable
3d145fe5-ceba-49ab-9b1d-50b6c19118de;Café Cabedelo;Café Cabedelo Camboinha R. Aurélio Guedes Cavalcante (83) 99859-1092 Cabedelo PB Instagram;yes;yellow;50;instagram;organic;Prefeitura de Cabedelo (@prefeituradecabedelo);https://instagram.com/prefeituradecabedelo;brand_not_confirmed
3d145fe5-ceba-49ab-9b1d-50b6c19118de;Café Cabedelo;Café Cabedelo Camboinha R. Aurélio Guedes Cavalcante (83) 99859-1092 Cabedelo PB Instagram;;red;34;instagram;organic;KUBANACAN Bar (@kubanacanbar);https://instagram.com/kubanacanbar;brand_not_confirmed|city_not_confirmed
3d145fe5-ceba-49ab-9b1d-50b6c19118de;Café Cabedelo;Café Cabedelo Camboinha R. Aurélio Guedes Cavalcante (83) 99859-1092 Cabedelo PB Instagram;;red;3;instagram;organic;como pessoense, esses são meus lugares favoritos no verão ...;https://instagram.com/reel/DS5rBYMD_py;instagram_reel_not_profile|brand_not_confirmed|instagram_profile_not_canonicalizable
3d145fe5-ceba-49ab-9b1d-50b6c19118de;Café Cabedelo;Café Cabedelo Camboinha R. Aurélio Guedes Cavalcante (83) 99859-1092 Cabedelo PB Instagram;;red;3;instagram;organic;Hoje em Camboinha Cabedelo PB ...;https://instagram.com/p/DXQIrNrESwa/?__d=1telegram%E7%A4%BE%E5%B7%A5%E5%BA%93%E6%9C%BA%E5%99%A8%E4%BA%BA%E2%9C%94%EF%B8%8F%2Bwanbila.com%2B%E5%BF%85%E5%BA%94%E7%A4%BE%E5%B7%A5%E5%BA%93%E6%9F%A5%E8%AF%A2%E6%9F%90%E4%B8%AA%E4%BA%BA%E5%90%8D%E4%B8%8B%E6%89%80%E6%9C%89%E6%88%BF%E4%BA%A7%E9%A6%96%E8%A6%81%E9%80%89%E6%8B%A9%E7%9A%84%E6%8A%80%E6%9C%AF%E5%9B%A2%E9%98%9F%E5%8D%8F%E4%BD%9C;instagram_p_not_profile|brand_not_confirmed|instagram_profile_not_canonicalizable
3d145fe5-ceba-49ab-9b1d-50b6c19118de;Café Cabedelo;Café Cabedelo Camboinha R. Aurélio Guedes Cavalcante (83) 99859-1092 Cabedelo PB Instagram;;red;-3;instagram;organic;Joao Pessoa e Cabedelo sempre impressionando, cidade ...;https://instagram.com/p/DEzlFMoOzwr;instagram_p_not_profile|brand_not_confirmed|instagram_profile_not_canonicalizable
3d145fe5-ceba-49ab-9b1d-50b6c19118de;Café Cabedelo;Café Cabedelo Camboinha R. Aurélio Guedes Cavalcante (83) 99859-1092 Cabedelo PB Instagram;;red;-3;instagram;organic;"Prefeitura de Cabedelo on Instagram: ""Chegou o Cabedelo ...";https://instagram.com/reel/DaWUlWrgfYZ;instagram_reel_not_profile|brand_not_confirmed|instagram_profile_not_canonicalizable
3d145fe5-ceba-49ab-9b1d-50b6c19118de;Café Cabedelo;Café Cabedelo Camboinha R. Aurélio Guedes Cavalcante (83) 99859-1092 Cabedelo PB Instagram;;red;-3;instagram;organic;no Mercado Público de Cabedelo, recebendo o carinho ...;https://instagram.com/p/Daantk3lnst;instagram_p_not_profile|brand_not_confirmed|instagram_profile_not_canonicalizable
3d145fe5-ceba-49ab-9b1d-50b6c19118de;Café Cabedelo;Café Cabedelo Camboinha R. Aurélio Guedes Cavalcante (83) 99859-1092 Cabedelo PB Instagram;;red;-11;instagram;organic;Boa música, ambiente agradável e comida feita com afeto. ...;https://instagram.com/p/DX2pXFMiFQe;instagram_p_not_profile|brand_not_confirmed|instagram_profile_not_canonicalizable|city_not_confirmed
352e2216-3bb5-4742-9960-374c9ca64e13;Açai;Açai Cabedelo Ponta de Campina Cabedelo PB Instagram;yes;yellow;112;instagram;organic;Daniel Do Açaí (@danieldoacai);https://instagram.com/danieldoacai;
352e2216-3bb5-4742-9960-374c9ca64e13;Açai;Açai Cabedelo Ponta de Campina Cabedelo PB Instagram;;yellow;112;instagram;organic;Açaí da Cris | Açaiteria Cabedelo (@acaidacris);https://instagram.com/acaidacris;
352e2216-3bb5-4742-9960-374c9ca64e13;Açai;Açai Cabedelo Ponta de Campina Cabedelo PB Instagram;;yellow;106;instagram;organic;PontAçaí - Açaiteria (@pontacaioficial) · Cabedelo, PB;https://instagram.com/pontacaioficial;
352e2216-3bb5-4742-9960-374c9ca64e13;Açai;Açai Cabedelo Ponta de Campina Cabedelo PB Instagram;;yellow;106;instagram;organic;acaiaraxa2 · Cabedelo, PB;https://instagram.com/acaiaraxa2;
352e2216-3bb5-4742-9960-374c9ca64e13;Açai;Açai Cabedelo Ponta de Campina Cabedelo PB Instagram;;yellow;100;instagram;organic;Açaí da Praia do Poço - Cabedelo (@acaidopoco);https://instagram.com/acaidopoco;
352e2216-3bb5-4742-9960-374c9ca64e13;Açai;Açai Cabedelo Ponta de Campina Cabedelo PB Instagram;;yellow;100;instagram;organic;Toca do açaí (@toca_do_acai__) - Cabedelo;https://instagram.com/toca_do_acai__;
352e2216-3bb5-4742-9960-374c9ca64e13;Açai;Açai Cabedelo Ponta de Campina Cabedelo PB Instagram;;yellow;49;instagram;organic;"Get Mall | Seu Shopping em Cabedelo on Instagram: ""No ...";https://instagram.com/reel/DCu3mWBJq9y;instagram_reel_not_profile|instagram_profile_not_canonicalizable
352e2216-3bb5-4742-9960-374c9ca64e13;Açai;Açai Cabedelo Ponta de Campina Cabedelo PB Instagram;;yellow;47;instagram;organic;O melhor açaí de Cabedelo. Praçaí Intermares. Vem pra cá ...;https://instagram.com/reel/DFgYAuqS7Ko;instagram_reel_not_profile|instagram_profile_not_canonicalizable
07528f63-3aed-4cf0-b1cc-81f762be4c00;Alfa;Alfa Lot. Nazareth R. Dr. Lima Neto Cabedelo PB Instagram;yes;yellow;50;instagram;organic;Edvaldo Neto (@edvaldonetocabedelo);https://instagram.com/edvaldonetocabedelo;brand_not_confirmed
07528f63-3aed-4cf0-b1cc-81f762be4c00;Alfa;Alfa Lot. Nazareth R. Dr. Lima Neto Cabedelo PB Instagram;;red;3;instagram;organic;O prefeito afastado de Cabedelo, Edvaldo neto, se ...;https://instagram.com/reel/DXMhYQ9kbmT;instagram_reel_not_profile|brand_not_confirmed|instagram_profile_not_canonicalizable
07528f63-3aed-4cf0-b1cc-81f762be4c00;Alfa;Alfa Lot. Nazareth R. Dr. Lima Neto Cabedelo PB Instagram;;red;3;instagram;organic;O prefeito interino de Cabedelo, Edvaldo Neto (Avante ...;https://instagram.com/p/DTCCAH6jBHU;instagram_p_not_profile|brand_not_confirmed|instagram_profile_not_canonicalizable
07528f63-3aed-4cf0-b1cc-81f762be4c00;Alfa;Alfa Lot. Nazareth R. Dr. Lima Neto Cabedelo PB Instagram;;red;-3;instagram;organic;POSSE COMO PREFEITO DE CABEDELO! Na manhã ...;https://instagram.com/p/DBrCGVLxldH;instagram_p_not_profile|brand_not_confirmed|instagram_profile_not_canonicalizable
07528f63-3aed-4cf0-b1cc-81f762be4c00;Alfa;Alfa Lot. Nazareth R. Dr. Lima Neto Cabedelo PB Instagram;;red;-3;instagram;organic;O prefeito eleito de Cabedelo, Edvaldo Neto, foi diplomado no ...;https://instagram.com/reel/DYxrzAlxZof;instagram_reel_not_profile|brand_not_confirmed|instagram_profile_not_canonicalizable
07528f63-3aed-4cf0-b1cc-81f762be4c00;Alfa;Alfa Lot. Nazareth R. Dr. Lima Neto Cabedelo PB Instagram;;red;-3;instagram;organic;@edvaldonetocabedelo é o novo prefeito de Cabedelo e ...;https://instagram.com/p/DXFaDqXAf9y;instagram_p_not_profile|brand_not_confirmed|instagram_profile_not_canonicalizable
07528f63-3aed-4cf0-b1cc-81f762be4c00;Alfa;Alfa Lot. Nazareth R. Dr. Lima Neto Cabedelo PB Instagram;;red;-3;instagram;organic;O prefeito de Cabedelo, Edvaldo Neto, foi afastado do cargo ...;https://instagram.com/reel/DXG_DcmAU2V;instagram_reel_not_profile|brand_not_confirmed|instagram_profile_not_canonicalizable
07528f63-3aed-4cf0-b1cc-81f762be4c00;Alfa;Alfa Lot. Nazareth R. Dr. Lima Neto Cabedelo PB Instagram;;red;-3;instagram;organic;O presidente da Câmara Municipal de Cabedelo, Edvaldo ...;https://instagram.com/p/DSYaMKogCKo;instagram_p_not_profile|brand_not_confirmed|instagram_profile_not_canonicalizable
0e3f0746-de34-4715-93fc-06a1b5c10e2b;D Lay Refeições - Marmitaria;D Lay Refeições - Marmitaria Renascer Av. Ambrósio Miranda de Araújo (83) 98676-2921 Cabedelo PB Instagram;yes;yellow;126;instagram;organic;oxentemarmitaria (@oxentemarmitaria083);https://instagram.com/oxentemarmitaria083;
0e3f0746-de34-4715-93fc-06a1b5c10e2b;D Lay Refeições - Marmitaria;D Lay Refeições - Marmitaria Renascer Av. Ambrósio Miranda de Araújo (83) 98676-2921 Cabedelo PB Instagram;;red;44;instagram;organic;TAPIOCARIA DO DINHO 🔥 (@tapiocariadinho);https://instagram.com/tapiocariadinho;brand_not_confirmed|name_not_confirmed
0e3f0746-de34-4715-93fc-06a1b5c10e2b;D Lay Refeições - Marmitaria;D Lay Refeições - Marmitaria Renascer Av. Ambrósio Miranda de Araújo (83) 98676-2921 Cabedelo PB Instagram;;red;42;rappi.com.br;organic;Trembom Marmitaria - Renascer Preço e Cardápio delivery;https://rappi.com.br/restaurantes/900125548-trembom-marmitaria;
0e3f0746-de34-4715-93fc-06a1b5c10e2b;D Lay Refeições - Marmitaria;D Lay Refeições - Marmitaria Renascer Av. Ambrósio Miranda de Araújo (83) 98676-2921 Cabedelo PB Instagram;;red;35;instagram;organic;Almoço pronto, do jeito que você precisa. Marmitex ...;https://instagram.com/p/DS2OQvlDT2t;instagram_p_not_profile|instagram_profile_not_canonicalizable|city_not_confirmed
0e3f0746-de34-4715-93fc-06a1b5c10e2b;D Lay Refeições - Marmitaria;D Lay Refeições - Marmitaria Renascer Av. Ambrósio Miranda de Araújo (83) 98676-2921 Cabedelo PB Instagram;;red;32;instagram;organic;Cantinho do Real lanches (@cantinhodoreallanches);https://instagram.com/cantinhodoreallanches;brand_not_confirmed|name_not_confirmed
0e3f0746-de34-4715-93fc-06a1b5c10e2b;D Lay Refeições - Marmitaria;D Lay Refeições - Marmitaria Renascer Av. Ambrósio Miranda de Araújo (83) 98676-2921 Cabedelo PB Instagram;;red;-25;instagram;organic;Faça seu pedido Pedido de marmita,entrega grátis até as 11h ...;https://instagram.com/reel/DWEkdJlDpdW;instagram_reel_not_profile|brand_not_confirmed|name_not_confirmed|instagram_profile_not_canonicalizable|city_not_confirmed
0e3f0746-de34-4715-93fc-06a1b5c10e2b;D Lay Refeições - Marmitaria;D Lay Refeições - Marmitaria Renascer Av. Ambrósio Miranda de Araújo (83) 98676-2921 Cabedelo PB Instagram;;red;-37;instagram;organic;🍽️ MARMITA TRADICIONAL É NO RESTAURANTE ...;https://instagram.com/reel/DZP7i9YB7th;instagram_reel_not_profile|brand_not_confirmed|name_not_confirmed|instagram_profile_not_canonicalizable|city_not_confirmed
0e3f0746-de34-4715-93fc-06a1b5c10e2b;D Lay Refeições - Marmitaria;D Lay Refeições - Marmitaria Renascer Av. Ambrósio Miranda de Araújo (83) 98676-2921 Cabedelo PB Instagram;;red;-37;instagram;organic;🍽️ Marmita Tradicional do Restaurante Renascer! Sabor ...;https://instagram.com/p/DTxhXUpFdq0;instagram_p_not_profile|brand_not_confirmed|name_not_confirmed|instagram_profile_not_canonicalizable|city_not_confirmed
9aad8169-49b0-4726-9924-14ec8b6f9d38;Nossa Pizza;Nossa Pizza Portal do Poço Av. Maria de Oliveira Gomes (83) 99649-4684 Cabedelo PB Instagram;yes;red;3;instagram;organic;A melhor pizza artesanal! . Vem Estamos na Rua da Enseada ...;https://instagram.com/reel/DIr2VbSxYSx;instagram_reel_not_profile|brand_not_confirmed|instagram_profile_not_canonicalizable
9aad8169-49b0-4726-9924-14ec8b6f9d38;Nossa Pizza;Nossa Pizza Portal do Poço Av. Maria de Oliveira Gomes (83) 99649-4684 Cabedelo PB Instagram;;red;1;instagram;organic;🥥🍫 Aquele sabor que abraça, conforta e surpreende ...;https://instagram.com/p/DSIzMWijp4k;instagram_p_not_profile|brand_not_confirmed|instagram_profile_not_canonicalizable|city_not_confirmed
9aad8169-49b0-4726-9924-14ec8b6f9d38;Nossa Pizza;Nossa Pizza Portal do Poço Av. Maria de Oliveira Gomes (83) 99649-4684 Cabedelo PB Instagram;;red;1;instagram;organic;A experiência completa que você procura 🍕 Pizza boa ...;https://instagram.com/p/DRiAnREEo2h;instagram_p_not_profile|brand_not_confirmed|instagram_profile_not_canonicalizable|city_not_confirmed
9aad8169-49b0-4726-9924-14ec8b6f9d38;Nossa Pizza;Nossa Pizza Portal do Poço Av. Maria de Oliveira Gomes (83) 99649-4684 Cabedelo PB Instagram;;red;-3;instagram;organic;Estamos em Camboinha viu! Todos os dias das 18h às 23h ...;https://instagram.com/reel/DD0DVOiSYvl;instagram_reel_not_profile|brand_not_confirmed|instagram_profile_not_canonicalizable
9aad8169-49b0-4726-9924-14ec8b6f9d38;Nossa Pizza;Nossa Pizza Portal do Poço Av. Maria de Oliveira Gomes (83) 99649-4684 Cabedelo PB Instagram;;red;-11;instagram;organic;Todo dia é dia de saborear o melhor rodízio da cidade! 🤩🍕 ...;https://instagram.com/p/DSAuG3Tibgi;instagram_p_not_profile|brand_not_confirmed|instagram_profile_not_canonicalizable|city_not_confirmed
9aad8169-49b0-4726-9924-14ec8b6f9d38;Nossa Pizza;Nossa Pizza Portal do Poço Av. Maria de Oliveira Gomes (83) 99649-4684 Cabedelo PB Instagram;;red;-11;instagram;organic;molho de tomate, mussarela, salmão, cubos de queijo ...;https://instagram.com/p/DYfqBMptv3e;instagram_p_not_profile|brand_not_confirmed|instagram_profile_not_canonicalizable|city_not_confirmed
9aad8169-49b0-4726-9924-14ec8b6f9d38;Nossa Pizza;Nossa Pizza Portal do Poço Av. Maria de Oliveira Gomes (83) 99649-4684 Cabedelo PB Instagram;;red;-11;instagram;organic;"Casa Nossa Pizzaria on Instagram: "" Venha celebrar o Dia da ...";https://instagram.com/reel/DL73NqgRJ0q;instagram_reel_not_profile|brand_not_confirmed|instagram_profile_not_canonicalizable|city_not_confirmed
9aad8169-49b0-4726-9924-14ec8b6f9d38;Nossa Pizza;Nossa Pizza Portal do Poço Av. Maria de Oliveira Gomes (83) 99649-4684 Cabedelo PB Instagram;;red;-11;instagram;organic;Sabor inesperado, combinação perfeita. Nossa pizza ...;https://instagram.com/p/DMi4rRBKNEY;instagram_p_not_profile|brand_not_confirmed|instagram_profile_not_canonicalizable|city_not_confirmed
725b6497-4be9-4426-a2c0-dd3b55ff7956;Espetinho Pé na Areia;Espetinho Pé na Areia Amazonia Park R. Gameleira (83) 98689-2722 Cabedelo PB Instagram;yes;yellow;122;instagram;organic;Espetinho União (@espetinho_unia) · Cabedelo, PB;https://instagram.com/espetinho_unia;
725b6497-4be9-4426-a2c0-dd3b55ff7956;Espetinho Pé na Areia;Espetinho Pé na Areia Amazonia Park R. Gameleira (83) 98689-2722 Cabedelo PB Instagram;;yellow;96;instagram;organic;ESPETINHO DA PRAIA 👑 (@espetinhodapraia);https://instagram.com/espetinhodapraia;city_not_confirmed
725b6497-4be9-4426-a2c0-dd3b55ff7956;Espetinho Pé na Areia;Espetinho Pé na Areia Amazonia Park R. Gameleira (83) 98689-2722 Cabedelo PB Instagram;;yellow;84;instagram;organic;Espetinho Do Mineiro (@espetinhodomineiro1);https://instagram.com/espetinhodomineiro1/reels;city_not_confirmed
725b6497-4be9-4426-a2c0-dd3b55ff7956;Espetinho Pé na Areia;Espetinho Pé na Areia Amazonia Park R. Gameleira (83) 98689-2722 Cabedelo PB Instagram;;yellow;84;instagram;organic;Espetinho de Garagem (@espetinhodegaragem);https://instagram.com/espetinhodegaragem;city_not_confirmed
725b6497-4be9-4426-a2c0-dd3b55ff7956;Espetinho Pé na Areia;Espetinho Pé na Areia Amazonia Park R. Gameleira (83) 98689-2722 Cabedelo PB Instagram;;yellow;84;instagram;derived_instagram_handle;Instagram profile @penaareiapark;https://instagram.com/penaareiapark;city_not_confirmed
725b6497-4be9-4426-a2c0-dd3b55ff7956;Espetinho Pé na Areia;Espetinho Pé na Areia Amazonia Park R. Gameleira (83) 98689-2722 Cabedelo PB Instagram;;red;31;instagram;organic;Temos diversos sabores de Espetinhos para você escolher ...;https://instagram.com/p/CWneSQrLxJB;instagram_p_not_profile|instagram_profile_not_canonicalizable|city_not_confirmed
725b6497-4be9-4426-a2c0-dd3b55ff7956;Espetinho Pé na Areia;Espetinho Pé na Areia Amazonia Park R. Gameleira (83) 98689-2722 Cabedelo PB Instagram;;red;31;instagram;organic;Um espaço pra ficar, conversar e aproveitar sem pressa. Aqui ...;https://instagram.com/reel/DU_7DWjjmRI;instagram_reel_not_profile|instagram_profile_not_canonicalizable|city_not_confirmed
725b6497-4be9-4426-a2c0-dd3b55ff7956;Espetinho Pé na Areia;Espetinho Pé na Areia Amazonia Park R. Gameleira (83) 98689-2722 Cabedelo PB Instagram;;red;31;instagram;organic;NESTE SEXTA, dia 29 de maio SERRA CAIADA é o ponto ...;https://instagram.com/p/DY3APaWsIja;instagram_p_not_profile|instagram_profile_not_canonicalizable|city_not_confirmed
a62661ec-86ed-4ed2-8144-f105736312ad;food service;food service Cabedelo Muro da São Brás, R. Floresta - Camboinha (83) 99139-5546 Cabedelo PB Instagram;yes;red;32;instagram;organic;Prefeitura de Cabedelo (@prefeituradecabedelo);https://instagram.com/prefeituradecabedelo;brand_not_confirmed|name_not_confirmed
a62661ec-86ed-4ed2-8144-f105736312ad;food service;food service Cabedelo Muro da São Brás, R. Floresta - Camboinha (83) 99139-5546 Cabedelo PB Instagram;;red;32;instagram;organic;Get Mall | Seu Shopping em Cabedelo (@getmall.oficial);https://instagram.com/getmall.oficial;brand_not_confirmed|name_not_confirmed
a62661ec-86ed-4ed2-8144-f105736312ad;food service;food service Cabedelo Muro da São Brás, R. Floresta - Camboinha (83) 99139-5546 Cabedelo PB Instagram;;red;2;instagram;derived_instagram_handle;Instagram profile @sabordecarino;https://instagram.com/sabordecarino;brand_not_confirmed|derived_handle_brand_not_confirmed|city_not_confirmed
a62661ec-86ed-4ed2-8144-f105736312ad;food service;food service Cabedelo Muro da São Brás, R. Floresta - Camboinha (83) 99139-5546 Cabedelo PB Instagram;;red;1;instagram;organic;como pessoense, esses são meus lugares favoritos no verão ...;https://instagram.com/reel/DS5rBYMD_py;instagram_reel_not_profile|brand_not_confirmed|instagram_profile_not_canonicalizable|city_not_confirmed
a62661ec-86ed-4ed2-8144-f105736312ad;food service;food service Cabedelo Muro da São Brás, R. Floresta - Camboinha (83) 99139-5546 Cabedelo PB Instagram;;red;-11;instagram;organic;Sigam @sabordecarino para acompanhar onde elas estão ...;https://instagram.com/reel/DSpUr_BDiTR;instagram_reel_not_profile|brand_not_confirmed|instagram_profile_not_canonicalizable|city_not_confirmed
a62661ec-86ed-4ed2-8144-f105736312ad;food service;food service Cabedelo Muro da São Brás, R. Floresta - Camboinha (83) 99139-5546 Cabedelo PB Instagram;;red;-15;instagram;organic;"Comunidade Fraterno Amor on Instagram: ""Agora chegou a ...";https://instagram.com/reel/DFEObNxRCCb;instagram_reel_not_profile|brand_not_confirmed|name_not_confirmed|instagram_profile_not_canonicalizable
a62661ec-86ed-4ed2-8144-f105736312ad;food service;food service Cabedelo Muro da São Brás, R. Floresta - Camboinha (83) 99139-5546 Cabedelo PB Instagram;;red;-15;instagram;organic;São Braz - Indústria, Cabedelo PB;https://instagram.com/explore/locations/275728277/sao-braz---industria-cabedelo-pb;instagram_explore_not_profile|brand_not_confirmed|name_not_confirmed|instagram_profile_not_canonicalizable
a62661ec-86ed-4ed2-8144-f105736312ad;food service;food service Cabedelo Muro da São Brás, R. Floresta - Camboinha (83) 99139-5546 Cabedelo PB Instagram;;red;-21;instagram;organic;Joao Pessoa e Cabedelo sempre impressionando, cidade ...;https://instagram.com/p/DEzlFMoOzwr;instagram_p_not_profile|brand_not_confirmed|name_not_confirmed|instagram_profile_not_canonicalizable
65ebdb63-241a-4831-8015-09a936d25b61;Obra Fest Verão;Obra Fest Verão Intermares Av. Oceano Atlântico Cabedelo PB Instagram;yes;yellow;128;instagram;organic;Fest Verão Paraíba (@festverao_pb);https://instagram.com/festverao_pb;
65ebdb63-241a-4831-8015-09a936d25b61;Obra Fest Verão;Obra Fest Verão Intermares Av. Oceano Atlântico Cabedelo PB Instagram;;yellow;65;instagram;organic;Cabedelo/PB mais uma edição do Fest Verão Paraíba que ...;https://instagram.com/p/DTqRVPFCeeH;instagram_p_not_profile|instagram_profile_not_canonicalizable
65ebdb63-241a-4831-8015-09a936d25b61;Obra Fest Verão;Obra Fest Verão Intermares Av. Oceano Atlântico Cabedelo PB Instagram;;yellow;65;instagram;organic;Fest Verão Paraíba | Estão prontos? Por aqui estamos ...;https://instagram.com/reel/DEavDHPREjQ;instagram_reel_not_profile|instagram_profile_not_canonicalizable
65ebdb63-241a-4831-8015-09a936d25b61;Obra Fest Verão;Obra Fest Verão Intermares Av. Oceano Atlântico Cabedelo PB Instagram;;yellow;59;instagram;organic;Fest Verão Paraíba | Bell Marques faz parte dessa história ...;https://instagram.com/reel/DTdHntPjTIz;instagram_reel_not_profile|instagram_profile_not_canonicalizable
65ebdb63-241a-4831-8015-09a936d25b61;Obra Fest Verão;Obra Fest Verão Intermares Av. Oceano Atlântico Cabedelo PB Instagram;;yellow;49;instagram;organic;Fest Verão Paraíba | Da série, curtindo o verão e com ...;https://instagram.com/p/DE2gZiFO1AY;instagram_p_not_profile|instagram_profile_not_canonicalizable|city_not_confirmed
65ebdb63-241a-4831-8015-09a936d25b61;Obra Fest Verão;Obra Fest Verão Intermares Av. Oceano Atlântico Cabedelo PB Instagram;;yellow;46;serpapi.com;local;Arena Fest Verão Paraíba;https://serpapi.com/search.json?device=desktop&engine=google&gl=br&google_domain=google.com.br&hl=pt-br&ludocid=5339219500770250456&q=Obra+Fest+Ver%C3%A3o+Intermares+Av.+Oceano+Atl%C3%A2ntico+Cabedelo+PB+Instagram;
65ebdb63-241a-4831-8015-09a936d25b61;Obra Fest Verão;Obra Fest Verão Intermares Av. Oceano Atlântico Cabedelo PB Instagram;;yellow;46;serpapi.com;local;Obra Fest Verão;https://serpapi.com/search.json?device=desktop&engine=google&gl=br&google_domain=google.com.br&hl=pt-br&ludocid=15950821483124805054&q=Obra+Fest+Ver%C3%A3o+Intermares+Av.+Oceano+Atl%C3%A2ntico+Cabedelo+PB+Instagram;
65ebdb63-241a-4831-8015-09a936d25b61;Obra Fest Verão;Obra Fest Verão Intermares Av. Oceano Atlântico Cabedelo PB Instagram;;red;43;instagram;organic;Fest Verão Paraíba | O Fest Verão é feito de grandes ...;https://instagram.com/reel/DTi0H-9kax_;instagram_reel_not_profile|instagram_profile_not_canonicalizable|city_not_confirmed
4e7acf35-2f23-41de-89f6-1a98cf6e0b4b;Espetinho São Paulo;Espetinho São Paulo Planta de Lucena R. Severina Souto Batista Cabedelo PB Instagram;yes;red;-20;linguateca.pt;organic;formas.chave.txt;https://linguateca.pt/acesso/tokens/formas.chave.txt;brand_not_confirmed|city_not_confirmed
4e7acf35-2f23-41de-89f6-1a98cf6e0b4b;Espetinho São Paulo;Espetinho São Paulo Planta de Lucena R. Severina Souto Batista Cabedelo PB Instagram;;red;-22;tiktok.com;organic;Yakisoba Original em João Pessoa: Conheça o ...;https://tiktok.com/@boralimaiseubr/video/7570337733206363400;brand_not_confirmed|city_not_confirmed
4e7acf35-2f23-41de-89f6-1a98cf6e0b4b;Espetinho São Paulo;Espetinho São Paulo Planta de Lucena R. Severina Souto Batista Cabedelo PB Instagram;;red;-28;linguateca.pt;organic;Lista de formas deste corpo e sua frequência;https://linguateca.pt/acesso/tokens/formas.floresta.txt;brand_not_confirmed|city_not_confirmed
4e7acf35-2f23-41de-89f6-1a98cf6e0b4b;Espetinho São Paulo;Espetinho São Paulo Planta de Lucena R. Severina Souto Batista Cabedelo PB Instagram;;red;-28;huggingface.co;organic;vocab.txt;https://huggingface.co/nilc-nlp/glove-50d/resolve/main/vocab.txt?download=true;brand_not_confirmed|city_not_confirmed
4e7acf35-2f23-41de-89f6-1a98cf6e0b4b;Espetinho São Paulo;Espetinho São Paulo Planta de Lucena R. Severina Souto Batista Cabedelo PB Instagram;;red;-28;academia.edu;organic;Dicionario portugues;https://academia.edu/32592435/Dicionario_portugues;brand_not_confirmed|city_not_confirmed
27f1b5b7-56c6-49dd-80b5-4273a1dc3761;Rainha da tapioca;Rainha da tapioca Lot. Oceania R. Milton Macedo da Cruz (83) 98711-6152 Cabedelo PB Instagram;yes;yellow;118;instagram;organic;Rainha da Tapioca Nordestina 👑 (@rainhadatapioca);https://instagram.com/rainhadatapioca;city_not_confirmed
27f1b5b7-56c6-49dd-80b5-4273a1dc3761;Rainha da tapioca;Rainha da tapioca Lot. Oceania R. Milton Macedo da Cruz (83) 98711-6152 Cabedelo PB Instagram;;yellow;106;instagram;organic;Rainha da Tapioca Nordestina 👑 (@rainhadatapioca);https://instagram.com/rainhadatapioca/reels;city_not_confirmed
27f1b5b7-56c6-49dd-80b5-4273a1dc3761;Rainha da tapioca;Rainha da tapioca Lot. Oceania R. Milton Macedo da Cruz (83) 98711-6152 Cabedelo PB Instagram;;yellow;98;instagram;derived_instagram_handle;Instagram profile @deias.tapiocasgourmet;https://instagram.com/deias.tapiocasgourmet;city_not_confirmed
27f1b5b7-56c6-49dd-80b5-4273a1dc3761;Rainha da tapioca;Rainha da tapioca Lot. Oceania R. Milton Macedo da Cruz (83) 98711-6152 Cabedelo PB Instagram;;red;43;instagram;organic;🌽✨ O sabor da tradição está te esperando! Na Rainha da ...;https://instagram.com/p/DKAp7KtRA0h;instagram_p_not_profile|instagram_profile_not_canonicalizable|city_not_confirmed
27f1b5b7-56c6-49dd-80b5-4273a1dc3761;Rainha da tapioca;Rainha da tapioca Lot. Oceania R. Milton Macedo da Cruz (83) 98711-6152 Cabedelo PB Instagram;;red;43;instagram;organic;"Rainha da Tapioca Nordestina on Instagram: ""A fome bateu? ...";https://instagram.com/reel/DVyaIPNkYRw;instagram_reel_not_profile|instagram_profile_not_canonicalizable|city_not_confirmed
27f1b5b7-56c6-49dd-80b5-4273a1dc3761;Rainha da tapioca;Rainha da tapioca Lot. Oceania R. Milton Macedo da Cruz (83) 98711-6152 Cabedelo PB Instagram;;red;43;instagram;organic;Isso aqui não é “só” tapioca… é outro nível Cada detalhe ...;https://instagram.com/reel/DWCgkW6kfMq;instagram_reel_not_profile|instagram_profile_not_canonicalizable|city_not_confirmed
27f1b5b7-56c6-49dd-80b5-4273a1dc3761;Rainha da tapioca;Rainha da tapioca Lot. Oceania R. Milton Macedo da Cruz (83) 98711-6152 Cabedelo PB Instagram;;red;43;instagram;organic;na Rainha da Tapioca, cada sorriso conta uma história ...;https://instagram.com/p/DTf4ug8Ese-;instagram_p_not_profile|instagram_profile_not_canonicalizable|city_not_confirmed
27f1b5b7-56c6-49dd-80b5-4273a1dc3761;Rainha da tapioca;Rainha da tapioca Lot. Oceania R. Milton Macedo da Cruz (83) 98711-6152 Cabedelo PB Instagram;;red;43;instagram;organic;cai na Rainha e aproveite as delícias que só a gente tem ...;https://instagram.com/reel/DPSBn0WkXfz;instagram_reel_not_profile|instagram_profile_not_canonicalizable|city_not_confirmed
6315b5cf-756f-416b-b698-4b1c081c6366;Biruta Burger;Biruta Burger Intermares R. Golfo Veneza (83) 98176-4185 Cabedelo PB Instagram;yes;yellow;110;instagram;organic;Birutas Burger ® (@birutasburgeroficial);https://instagram.com/birutasburgeroficial;city_not_confirmed
6315b5cf-756f-416b-b698-4b1c081c6366;Biruta Burger;Biruta Burger Intermares R. Golfo Veneza (83) 98176-4185 Cabedelo PB Instagram;;yellow;98;instagram;derived_instagram_handle;Instagram profile @birutarecife;https://instagram.com/birutarecife;city_not_confirmed
6315b5cf-756f-416b-b698-4b1c081c6366;Biruta Burger;Biruta Burger Intermares R. Golfo Veneza (83) 98176-4185 Cabedelo PB Instagram;;yellow;47;instagram;organic;@birutarecife - Cardápio Online para Delivery ou Retirada ...;https://instagram.com/reel/DM006K5uKeM;instagram_reel_not_profile|instagram_profile_not_canonicalizable|city_not_confirmed
6315b5cf-756f-416b-b698-4b1c081c6366;Biruta Burger;Biruta Burger Intermares R. Golfo Veneza (83) 98176-4185 Cabedelo PB Instagram;;yellow;46;instagram;organic;Eu Quero Burguer (@euqueroburguerartesanal);https://instagram.com/euqueroburguerartesanal;brand_not_confirmed|city_not_confirmed
6315b5cf-756f-416b-b698-4b1c081c6366;Biruta Burger;Biruta Burger Intermares R. Golfo Veneza (83) 98176-4185 Cabedelo PB Instagram;;yellow;46;instagram;organic;Hambúrgueria Artesanal (@quebradaburger);https://instagram.com/quebradaburger/?hl=pt;brand_not_confirmed|city_not_confirmed
6315b5cf-756f-416b-b698-4b1c081c6366;Biruta Burger;Biruta Burger Intermares R. Golfo Veneza (83) 98176-4185 Cabedelo PB Instagram;;red;35;instagram;organic;Biruta Bar | Qual sua porção preferida do Biruta? Hoje é ...;https://instagram.com/p/DL-x26QBTsd;instagram_p_not_profile|instagram_profile_not_canonicalizable|city_not_confirmed
6315b5cf-756f-416b-b698-4b1c081c6366;Biruta Burger;Biruta Burger Intermares R. Golfo Veneza (83) 98176-4185 Cabedelo PB Instagram;;red;35;instagram;organic;Biruta Bar | Tirinhas suculentas de filé mignon servidas na ...;https://instagram.com/reel/DND9UbhpMS4;instagram_reel_not_profile|instagram_profile_not_canonicalizable|city_not_confirmed
6315b5cf-756f-416b-b698-4b1c081c6366;Biruta Burger;Biruta Burger Intermares R. Golfo Veneza (83) 98176-4185 Cabedelo PB Instagram;;red;3;instagram;organic;O melhor lugar pra quem ama hambúrguer na brasa, assados ...;https://instagram.com/reel/DTJc8qDEcJr;instagram_reel_not_profile|brand_not_confirmed|instagram_profile_not_canonicalizable
68fed341-d74c-4c02-806c-a217e74b7d2f;Fatia do Céu;Fatia do Céu Recanto do Poço R. Porto Marseille Cabedelo PB Instagram;yes;yellow;118;instagram;organic;Fatia do Céu (@fatia_ceu);https://instagram.com/fatia_ceu;city_not_confirmed
68fed341-d74c-4c02-806c-a217e74b7d2f;Fatia do Céu;Fatia do Céu Recanto do Poço R. Porto Marseille Cabedelo PB Instagram;;red;1;instagram;organic;Doce Aquarella | a fatia que todo mundo quer 🩷 peça ...;https://instagram.com/p/DNalsySgjev;instagram_p_not_profile|brand_not_confirmed|instagram_profile_not_canonicalizable|city_not_confirmed
68fed341-d74c-4c02-806c-a217e74b7d2f;Fatia do Céu;Fatia do Céu Recanto do Poço R. Porto Marseille Cabedelo PB Instagram;;red;-11;instagram;organic;"Duquesa Confeitaria ® on Instagram: "" Hoje é dia de Festival ...";https://instagram.com/reel/DZSzLbVpED7;instagram_reel_not_profile|brand_not_confirmed|instagram_profile_not_canonicalizable|city_not_confirmed
68fed341-d74c-4c02-806c-a217e74b7d2f;Fatia do Céu;Fatia do Céu Recanto do Poço R. Porto Marseille Cabedelo PB Instagram;;red;-11;instagram;organic;🍓☕ Tem combinações que simplesmente aquecem ...;https://instagram.com/p/DaP5sUxxyXa;instagram_p_not_profile|brand_not_confirmed|instagram_profile_not_canonicalizable|city_not_confirmed
68fed341-d74c-4c02-806c-a217e74b7d2f;Fatia do Céu;Fatia do Céu Recanto do Poço R. Porto Marseille Cabedelo PB Instagram;;red;-11;instagram;organic;Neste domingo teremos nossas deliciosas fatias🤤 ...;https://instagram.com/p/DaTFPg2REQs;instagram_p_not_profile|brand_not_confirmed|instagram_profile_not_canonicalizable|city_not_confirmed
68fed341-d74c-4c02-806c-a217e74b7d2f;Fatia do Céu;Fatia do Céu Recanto do Poço R. Porto Marseille Cabedelo PB Instagram;;red;-11;instagram;organic;Festival de Fatias acontecendo por aqui, e você não vai ...;https://instagram.com/reel/DX1i2KjxrOO;instagram_reel_not_profile|brand_not_confirmed|instagram_profile_not_canonicalizable|city_not_confirmed
68fed341-d74c-4c02-806c-a217e74b7d2f;Fatia do Céu;Fatia do Céu Recanto do Poço R. Porto Marseille Cabedelo PB Instagram;;red;-11;instagram;organic;Verão combina com leveza, sabor e… Torta Júlia de ...;https://instagram.com/p/DUBRCkfAGET;instagram_p_not_profile|brand_not_confirmed|instagram_profile_not_canonicalizable|city_not_confirmed
68fed341-d74c-4c02-806c-a217e74b7d2f;Fatia do Céu;Fatia do Céu Recanto do Poço R. Porto Marseille Cabedelo PB Instagram;;red;-11;instagram;organic;Alô, Alcântara! Chegou o 1º Festival de Fatias e tá ...;https://instagram.com/reel/DWFdviWDp5M;instagram_reel_not_profile|brand_not_confirmed|instagram_profile_not_canonicalizable|city_not_confirmed
d6f9c697-1969-49b6-8f3e-737b9f74ea23;Pizzaria NEVARE;Pizzaria NEVARE Lot. Oceania VI Av. Araçá Cabedelo PB Instagram;yes;yellow;68;instagram;organic;Center Pizza Cabedelo PB (@centerpizza_cabedelo);https://instagram.com/centerpizza_cabedelo;brand_not_confirmed
d6f9c697-1969-49b6-8f3e-737b9f74ea23;Pizzaria NEVARE;Pizzaria NEVARE Lot. Oceania VI Av. Araçá Cabedelo PB Instagram;;yellow;56;instagram;organic;Eu Quero Pizza - Food Truck 🍕 (@euqueropizzafoodtruck);https://instagram.com/euqueropizzafoodtruck;brand_not_confirmed
d6f9c697-1969-49b6-8f3e-737b9f74ea23;Pizzaria NEVARE;Pizzaria NEVARE Lot. Oceania VI Av. Araçá Cabedelo PB Instagram;;red;35;instagram;organic;À Família Nevare terá o maior prazer em receber sua ...;https://instagram.com/p/DPC0yeHgCts;instagram_p_not_profile|instagram_profile_not_canonicalizable|city_not_confirmed
d6f9c697-1969-49b6-8f3e-737b9f74ea23;Pizzaria NEVARE;Pizzaria NEVARE Lot. Oceania VI Av. Araçá Cabedelo PB Instagram;;red;3;instagram;organic;UMA DAS PIZZARIAS MAIS BEM AVALIADAS DE JOÃO ...;https://instagram.com/reel/DKP8whNJOr4;instagram_reel_not_profile|brand_not_confirmed|instagram_profile_not_canonicalizable
d6f9c697-1969-49b6-8f3e-737b9f74ea23;Pizzaria NEVARE;Pizzaria NEVARE Lot. Oceania VI Av. Araçá Cabedelo PB Instagram;;red;3;instagram;organic;Melhor pizza ! . Estamos na Rua da Enseada 1215, Ponta de ...;https://instagram.com/reel/DDDV2FcB0e4;instagram_reel_not_profile|brand_not_confirmed|instagram_profile_not_canonicalizable
d6f9c697-1969-49b6-8f3e-737b9f74ea23;Pizzaria NEVARE;Pizzaria NEVARE Lot. Oceania VI Av. Araçá Cabedelo PB Instagram;;red;-3;instagram;organic;Araxá Pizza agora é Sarau Pizza Bar. Estamos de cara ...;https://instagram.com/p/CfwvEycJ2Do;instagram_p_not_profile|brand_not_confirmed|instagram_profile_not_canonicalizable
d6f9c697-1969-49b6-8f3e-737b9f74ea23;Pizzaria NEVARE;Pizzaria NEVARE Lot. Oceania VI Av. Araçá Cabedelo PB Instagram;;red;-3;instagram;organic;"Pizza Now on Instagram: ""O Verão com Pizza Now é muito ...";https://instagram.com/reel/DD1jO7BRoup;instagram_reel_not_profile|brand_not_confirmed|instagram_profile_not_canonicalizable
d6f9c697-1969-49b6-8f3e-737b9f74ea23;Pizzaria NEVARE;Pizzaria NEVARE Lot. Oceania VI Av. Araçá Cabedelo PB Instagram;;red;-13;instagram;organic;"I ❤️ Pizza on Instagram: "" É oficial: a ILove Pizza PB já abriu ...";https://instagram.com/reel/DWzgo9jDd-q;instagram_reel_not_profile|brand_not_confirmed|instagram_profile_not_canonicalizable|city_not_confirmed
1d3e88fe-546d-4e89-a3e5-0ab54670cfea;Cafeteria Deus Seja Louvado;Cafeteria Deus Seja Louvado Renascer R. São José (83) 98618-3414 Cabedelo PB Instagram;yes;yellow;104;instagram;organic;Deus seja louvado;https://instagram.com/rei_do_cafe021/reel/DKwvwiiRiP2/?hl=bn;city_not_confirmed
1d3e88fe-546d-4e89-a3e5-0ab54670cfea;Cafeteria Deus Seja Louvado;Cafeteria Deus Seja Louvado Renascer R. São José (83) 98618-3414 Cabedelo PB Instagram;;yellow;51;instagram;organic;Deus seja louvado!;https://instagram.com/p/DaNibCRDLwT;instagram_p_not_profile|instagram_profile_not_canonicalizable|city_not_confirmed
1d3e88fe-546d-4e89-a3e5-0ab54670cfea;Cafeteria Deus Seja Louvado;Cafeteria Deus Seja Louvado Renascer R. São José (83) 98618-3414 Cabedelo PB Instagram;;yellow;51;instagram;organic;Deus seja louvado 🙏🙏🙏;https://instagram.com/p/CoTXRhMuDH7;instagram_p_not_profile|instagram_profile_not_canonicalizable|city_not_confirmed
1d3e88fe-546d-4e89-a3e5-0ab54670cfea;Cafeteria Deus Seja Louvado;Cafeteria Deus Seja Louvado Renascer R. São José (83) 98618-3414 Cabedelo PB Instagram;;red;43;instagram;organic;Louvado e engrandecido seja o nome do Senhor. ...;https://instagram.com/p/DFftlibu0RL;instagram_p_not_profile|instagram_profile_not_canonicalizable|city_not_confirmed
1d3e88fe-546d-4e89-a3e5-0ab54670cfea;Cafeteria Deus Seja Louvado;Cafeteria Deus Seja Louvado Renascer R. São José (83) 98618-3414 Cabedelo PB Instagram;;red;43;instagram;organic;Bom dia Amados de Deus que seja abençoado;https://instagram.com/p/DXmCA1QDnSw/?__d=1%E5%9B%9B%E9%80%9A%E4%B8%80%E8%BE%BE%E6%9F%A5%E8%AF%A2%E6%9F%A5%E8%AF%A2%E7%A7%BB%E5%8A%A8%E8%81%94%E9%80%9A%E7%94%B5%E4%BF%A1%E6%9C%BA%E4%B8%BB%E5%AE%9E%E5%90%8D%E4%BF%A1%E6%81%AF%E3%80%82%E6%9C%89%E5%94%AE%E5%90%8E%E7%9A%84%E7%8B%97%E7%8B%97%E5%85%8D%E8%B4%B9%E7%A4%BE%E5%B7%A52025%E7%A4%BE%E5%B7%A5%E5%BA%93%E6%9C%80%E6%96%B0%E6%95%B0%E6%8D%AE%E5%9C%A8%E7%BA%BF%E6%9F%A5%E8%AF%A2%E7%BD%91%E7%AB%99%E2%9C%94%EF%B8%8Fb5a06.com;instagram_p_not_profile|instagram_profile_not_canonicalizable|city_not_confirmed
1d3e88fe-546d-4e89-a3e5-0ab54670cfea;Cafeteria Deus Seja Louvado;Cafeteria Deus Seja Louvado Renascer R. São José (83) 98618-3414 Cabedelo PB Instagram;;red;-11;instagram;organic;"Santuário do Café on Instagram: ""Mais do que uma cafeteria ...";https://instagram.com/reel/DZsb1v-CXBL;instagram_reel_not_profile|brand_not_confirmed|instagram_profile_not_canonicalizable|city_not_confirmed
1d3e88fe-546d-4e89-a3e5-0ab54670cfea;Cafeteria Deus Seja Louvado;Cafeteria Deus Seja Louvado Renascer R. São José (83) 98618-3414 Cabedelo PB Instagram;;red;-11;instagram;organic;Café com Deus;https://instagram.com/reel/DZKWlZFAIx6;instagram_reel_not_profile|brand_not_confirmed|instagram_profile_not_canonicalizable|city_not_confirmed
1d3e88fe-546d-4e89-a3e5-0ab54670cfea;Cafeteria Deus Seja Louvado;Cafeteria Deus Seja Louvado Renascer R. São José (83) 98618-3414 Cabedelo PB Instagram;;red;-25;instagram;organic;Estamos abertos nesse feriado pra te atender 💛 Vem até a ...;https://instagram.com/p/DXZS8t_kYfl;instagram_p_not_profile|brand_not_confirmed|name_not_confirmed|instagram_profile_not_canonicalizable|city_not_confirmed
a108a394-1cb3-478b-a857-2d6770d853c4;Rodizio de caldo do carioca;Rodizio de caldo do carioca Renascer Rod. Br Duzentos e Trinta Cabedelo PB Instagram;yes;yellow;55;instagram;organic;Friozinho combina com aconchego, sabor e aquela ...;https://instagram.com/p/DYnSzOsIXF0;instagram_p_not_profile|instagram_profile_not_canonicalizable|city_not_confirmed
a108a394-1cb3-478b-a857-2d6770d853c4;Rodizio de caldo do carioca;Rodizio de caldo do carioca Renascer Rod. Br Duzentos e Trinta Cabedelo PB Instagram;;yellow;47;instagram;organic;"Restaurante em Foz on Instagram: ""Até o dia 31 de julho ...";https://instagram.com/reel/DZkUUrkOhH4;instagram_reel_not_profile|instagram_profile_not_canonicalizable|city_not_confirmed
a108a394-1cb3-478b-a857-2d6770d853c4;Rodizio de caldo do carioca;Rodizio de caldo do carioca Renascer Rod. Br Duzentos e Trinta Cabedelo PB Instagram;;red;43;instagram;organic;"Restaurante on Instagram: ""✅🤤 #caldos #rodizio ...";https://instagram.com/p/DR21GXgCVk9;instagram_p_not_profile|instagram_profile_not_canonicalizable|city_not_confirmed
a108a394-1cb3-478b-a857-2d6770d853c4;Rodizio de caldo do carioca;Rodizio de caldo do carioca Renascer Rod. Br Duzentos e Trinta Cabedelo PB Instagram;;red;43;instagram;organic;O Melhor Rodízio de Caldos do Brasil!!;https://instagram.com/p/DXz6_JICVTT;instagram_p_not_profile|instagram_profile_not_canonicalizable|city_not_confirmed
a108a394-1cb3-478b-a857-2d6770d853c4;Rodizio de caldo do carioca;Rodizio de caldo do carioca Renascer Rod. Br Duzentos e Trinta Cabedelo PB Instagram;;red;43;instagram;organic;RODÍZIO DE CALDOS EM SUZANO! Em um espaço super ...;https://instagram.com/p/DMvv6OLyEGe;instagram_p_not_profile|instagram_profile_not_canonicalizable|city_not_confirmed
a108a394-1cb3-478b-a857-2d6770d853c4;Rodizio de caldo do carioca;Rodizio de caldo do carioca Renascer Rod. Br Duzentos e Trinta Cabedelo PB Instagram;;red;43;instagram;organic;"Bar do Zinho on Instagram: ""Rodízio de Caldos Sirva-se a ...";https://instagram.com/reel/DKS7qa3NsLT;instagram_reel_not_profile|instagram_profile_not_canonicalizable|city_not_confirmed
a108a394-1cb3-478b-a857-2d6770d853c4;Rodizio de caldo do carioca;Rodizio de caldo do carioca Renascer Rod. Br Duzentos e Trinta Cabedelo PB Instagram;;red;-11;instagram;organic;A gente ama um tira-gosto. Mas aí vem caprichado, bem ...;https://instagram.com/reel/DZN_A_Axu2d;instagram_reel_not_profile|brand_not_confirmed|instagram_profile_not_canonicalizable|city_not_confirmed
a108a394-1cb3-478b-a857-2d6770d853c4;Rodizio de caldo do carioca;Rodizio de caldo do carioca Renascer Rod. Br Duzentos e Trinta Cabedelo PB Instagram;;red;-37;instagram;organic;Rolezando Indaiatuba | TAMBÉM AS SEXTAS FEIRAS ...;https://instagram.com/reel/DY4mtLJO7Eg;instagram_reel_not_profile|brand_not_confirmed|name_not_confirmed|instagram_profile_not_canonicalizable|city_not_confirmed
90afab4e-44eb-4068-8c16-09dc29a585c8;Rua São Miguel 159;Rua São Miguel 159 Camalaú R. São Miguel Cabedelo PB Instagram;;yellow;57;instagram;organic;São Miguel Arcanjo 🙏 Enviamos para todo o Brasil. Catálogo ...;https://instagram.com/reel/C-tFnmYyLSQ;instagram_reel_not_profile|instagram_profile_not_canonicalizable
90afab4e-44eb-4068-8c16-09dc29a585c8;Rua São Miguel 159;Rua São Miguel 159 Camalaú R. São Miguel Cabedelo PB Instagram;yes;yellow;48;instagram;derived_instagram_handle;Instagram profile @athos_medicamentos;https://instagram.com/athos_medicamentos;derived_handle_brand_not_confirmed|city_not_confirmed
90afab4e-44eb-4068-8c16-09dc29a585c8;Rua São Miguel 159;Rua São Miguel 159 Camalaú R. São Miguel Cabedelo PB Instagram;;red;41;instagram;organic;São Miguel de Taipu-PB: posses de Laelson Albuquerque ...;https://instagram.com/p/DEIzBiIpEzH/?__d=11;instagram_p_not_profile|instagram_profile_not_canonicalizable|city_not_confirmed
90afab4e-44eb-4068-8c16-09dc29a585c8;Rua São Miguel 159;Rua São Miguel 159 Camalaú R. São Miguel Cabedelo PB Instagram;;red;-15;instagram;organic;Obrigada Cabedelo-PB! Que show lindo ...;https://instagram.com/p/DLSI_PxuhwS;instagram_p_not_profile|brand_not_confirmed|name_not_confirmed|instagram_profile_not_canonicalizable
90afab4e-44eb-4068-8c16-09dc29a585c8;Rua São Miguel 159;Rua São Miguel 159 Camalaú R. São Miguel Cabedelo PB Instagram;;red;-21;instagram;organic;Joao Pessoa e Cabedelo sempre impressionando, cidade ...;https://instagram.com/p/DEzlFMoOzwr;instagram_p_not_profile|brand_not_confirmed|name_not_confirmed|instagram_profile_not_canonicalizable
90afab4e-44eb-4068-8c16-09dc29a585c8;Rua São Miguel 159;Rua São Miguel 159 Camalaú R. São Miguel Cabedelo PB Instagram;;red;-21;instagram;organic;no Mercado Público de Cabedelo, recebendo o carinho ...;https://instagram.com/p/Daantk3lnst;instagram_p_not_profile|brand_not_confirmed|name_not_confirmed|instagram_profile_not_canonicalizable
90afab4e-44eb-4068-8c16-09dc29a585c8;Rua São Miguel 159;Rua São Miguel 159 Camalaú R. São Miguel Cabedelo PB Instagram;;red;-37;instagram;organic;Instagram;https://instagram.com/reel/DJKmxrpRCHg;instagram_reel_not_profile|brand_not_confirmed|name_not_confirmed|instagram_profile_not_canonicalizable|city_not_confirmed
90afab4e-44eb-4068-8c16-09dc29a585c8;Rua São Miguel 159;Rua São Miguel 159 Camalaú R. São Miguel Cabedelo PB Instagram;;red;-37;instagram;organic;Instagram;https://instagram.com/reel/DGb2tV9J9PQ;instagram_reel_not_profile|brand_not_confirmed|name_not_confirmed|instagram_profile_not_canonicalizable|city_not_confirmed
78bc8cab-4471-43ea-b776-619a6778caaa;Churrascaria Do Gaúcho;Churrascaria Do Gaúcho Cabedelo Ponta de Matos Cabedelo PB Instagram;yes;red;34;instagram;organic;Churrascaria Palace (@churrascariapalace);https://instagram.com/churrascariapalace;brand_not_confirmed|city_not_confirmed
78bc8cab-4471-43ea-b776-619a6778caaa;Churrascaria Do Gaúcho;Churrascaria Do Gaúcho Cabedelo Ponta de Matos Cabedelo PB Instagram;;red;8;walmorchurrascaria.com.br;organic;Churrascaria do Walmor;https://walmorchurrascaria.com.br;city_not_confirmed
78bc8cab-4471-43ea-b776-619a6778caaa;Churrascaria Do Gaúcho;Churrascaria Do Gaúcho Cabedelo Ponta de Matos Cabedelo PB Instagram;;red;-6;serpapi.com;local;Nota 10 Churrascaria;https://serpapi.com/search.json?device=desktop&engine=google&gl=br&google_domain=google.com.br&hl=pt-br&ludocid=5454767526226010329&q=Churrascaria+Do+Ga%C3%BAcho+Cabedelo+Ponta+de+Matos+Cabedelo+PB+Instagram;brand_not_confirmed
78bc8cab-4471-43ea-b776-619a6778caaa;Churrascaria Do Gaúcho;Churrascaria Do Gaúcho Cabedelo Ponta de Matos Cabedelo PB Instagram;;red;-6;serpapi.com;local;CHURRAS | Restaurante Castelo | Churrascaria;https://serpapi.com/search.json?device=desktop&engine=google&gl=br&google_domain=google.com.br&hl=pt-br&ludocid=8918415696498725399&q=Churrascaria+Do+Ga%C3%BAcho+Cabedelo+Ponta+de+Matos+Cabedelo+PB+Instagram;brand_not_confirmed
78bc8cab-4471-43ea-b776-619a6778caaa;Churrascaria Do Gaúcho;Churrascaria Do Gaúcho Cabedelo Ponta de Matos Cabedelo PB Instagram;;red;-6;serpapi.com;local;Churrascaria e Restaurante Costhelaria.;https://serpapi.com/search.json?device=desktop&engine=google&gl=br&google_domain=google.com.br&hl=pt-br&ludocid=3558870962822261229&q=Churrascaria+Do+Ga%C3%BAcho+Cabedelo+Ponta+de+Matos+Cabedelo+PB+Instagram;brand_not_confirmed
78bc8cab-4471-43ea-b776-619a6778caaa;Churrascaria Do Gaúcho;Churrascaria Do Gaúcho Cabedelo Ponta de Matos Cabedelo PB Instagram;;red;-19;instagram;organic;A MELHOR CHURRASCARIA BOA E BARATA DE SP ...;https://instagram.com/reel/DV7MD8kj23L/?hl=pt-br;instagram_reel_not_profile|brand_not_confirmed|instagram_profile_not_canonicalizable|city_not_confirmed
78bc8cab-4471-43ea-b776-619a6778caaa;Churrascaria Do Gaúcho;Churrascaria Do Gaúcho Cabedelo Ponta de Matos Cabedelo PB Instagram;;red;-28;churrascariapalace.com.br;organic;Churrascaria Palace - Churrascaria Palace;https://churrascariapalace.com.br;brand_not_confirmed|city_not_confirmed
78bc8cab-4471-43ea-b776-619a6778caaa;Churrascaria Do Gaúcho;Churrascaria Do Gaúcho Cabedelo Ponta de Matos Cabedelo PB Instagram;;red;-28;pt.wikipedia.org;organic;Churrascaria – Wikipédia, a enciclopédia livre;https://pt.wikipedia.org/wiki/Churrascaria;brand_not_confirmed|city_not_confirmed
8fb49605-7614-4c27-9a31-406de6240e2d;Espetinho da Praça;Espetinho da Praça Cabedelo Renascer III, R. Raul Seixas - Lot. Joao Paulo (83) 98847-1337 Cabedelo PB Instagram;yes;red;34;instagram;organic;ESPETINHO DA PRAIA 👑 (@espetinhodapraia);https://instagram.com/espetinhodapraia;brand_not_confirmed|city_not_confirmed
8fb49605-7614-4c27-9a31-406de6240e2d;Espetinho da Praça;Espetinho da Praça Cabedelo Renascer III, R. Raul Seixas - Lot. Joao Paulo (83) 98847-1337 Cabedelo PB Instagram;;red;-3;instagram;organic;O melhor espetinho de cabedelo agora no conforto da sua ...;https://instagram.com/p/CL91XFbLRAc;instagram_p_not_profile|brand_not_confirmed|instagram_profile_not_canonicalizable
8fb49605-7614-4c27-9a31-406de6240e2d;Espetinho da Praça;Espetinho da Praça Cabedelo Renascer III, R. Raul Seixas - Lot. Joao Paulo (83) 98847-1337 Cabedelo PB Instagram;;red;-6;instagram;derived_instagram_handle;Instagram profile @jardimdoespetoportaldosol;https://instagram.com/jardimdoespetoportaldosol;brand_not_confirmed|derived_handle_brand_not_confirmed|city_not_confirmed
8fb49605-7614-4c27-9a31-406de6240e2d;Espetinho da Praça;Espetinho da Praça Cabedelo Renascer III, R. Raul Seixas - Lot. Joao Paulo (83) 98847-1337 Cabedelo PB Instagram;;red;-6;instagram;derived_instagram_handle;Instagram profile @pontodoespetinho.sjb;https://instagram.com/pontodoespetinho.sjb;brand_not_confirmed|derived_handle_brand_not_confirmed|city_not_confirmed
8fb49605-7614-4c27-9a31-406de6240e2d;Espetinho da Praça;Espetinho da Praça Cabedelo Renascer III, R. Raul Seixas - Lot. Joao Paulo (83) 98847-1337 Cabedelo PB Instagram;;red;-6;cabedelo.pb.gov.br;organic;Prefeitura de Cabedelo entrega Unidade Pesqueira no ...;https://cabedelo.pb.gov.br/prefeitura-de-cabedelo-entrega-unidade-pesqueira-no-renascer;brand_not_confirmed
8fb49605-7614-4c27-9a31-406de6240e2d;Espetinho da Praça;Espetinho da Praça Cabedelo Renascer III, R. Raul Seixas - Lot. Joao Paulo (83) 98847-1337 Cabedelo PB Instagram;;red;-11;instagram;organic;Churrasquinho que chama a galera e não dura muito ...;https://instagram.com/p/DXfE0zFE32-;instagram_p_not_profile|brand_not_confirmed|instagram_profile_not_canonicalizable|city_not_confirmed
8fb49605-7614-4c27-9a31-406de6240e2d;Espetinho da Praça;Espetinho da Praça Cabedelo Renascer III, R. Raul Seixas - Lot. Joao Paulo (83) 98847-1337 Cabedelo PB Instagram;;red;-19;instagram;organic;Venha conhecer nossa unidade do Espetinho da Praia no ...;https://instagram.com/reel/C45xiayhyE-;instagram_reel_not_profile|brand_not_confirmed|instagram_profile_not_canonicalizable|city_not_confirmed
8fb49605-7614-4c27-9a31-406de6240e2d;Espetinho da Praça;Espetinho da Praça Cabedelo Renascer III, R. Raul Seixas - Lot. Joao Paulo (83) 98847-1337 Cabedelo PB Instagram;;red;-19;instagram;organic;Marca aí seus amigos que precisam saber disso ...;https://instagram.com/reel/DR0L7EdDyqG;instagram_reel_not_profile|brand_not_confirmed|instagram_profile_not_canonicalizable|city_not_confirmed
f5973934-5e9b-463c-9d2a-a7342c3041e5;CASA DA PIZZA;CASA DA PIZZA Recanto do Poço R. Honório Patrício dos Santos Cabedelo PB Instagram;yes;yellow;98;instagram;organic;IMOBILIÁRIA CASA IMÓVEIS (@casaimoveis);https://instagram.com/casaimoveis;city_not_confirmed
f5973934-5e9b-463c-9d2a-a7342c3041e5;CASA DA PIZZA;CASA DA PIZZA Recanto do Poço R. Honório Patrício dos Santos Cabedelo PB Instagram;;red;2;serpapi.com;local;Loja de Decoração | Casa, Quintal, Etc & Tal - On Line;https://serpapi.com/search.json?device=desktop&engine=google&gl=br&google_domain=google.com.br&hl=pt-br&ludocid=1674548720238153614&q=CASA+DA+PIZZA+Recanto+do+Po%C3%A7o+R.+Hon%C3%B3rio+Patr%C3%ADcio+dos+Santos+Cabedelo+PB+Instagram;brand_not_confirmed
f5973934-5e9b-463c-9d2a-a7342c3041e5;CASA DA PIZZA;CASA DA PIZZA Recanto do Poço R. Honório Patrício dos Santos Cabedelo PB Instagram;;red;2;serpapi.com;local;Casa das Persianas ltda.;https://serpapi.com/search.json?device=desktop&engine=google&gl=br&google_domain=google.com.br&hl=pt-br&ludocid=1470991498748391482&q=CASA+DA+PIZZA+Recanto+do+Po%C3%A7o+R.+Hon%C3%B3rio+Patr%C3%ADcio+dos+Santos+Cabedelo+PB+Instagram;brand_not_confirmed
f5973934-5e9b-463c-9d2a-a7342c3041e5;CASA DA PIZZA;CASA DA PIZZA Recanto do Poço R. Honório Patrício dos Santos Cabedelo PB Instagram;;red;2;serpapi.com;local;Casa das Fraldas N.S. Aparecida;https://serpapi.com/search.json?device=desktop&engine=google&gl=br&google_domain=google.com.br&hl=pt-br&ludocid=7600348714051168011&q=CASA+DA+PIZZA+Recanto+do+Po%C3%A7o+R.+Hon%C3%B3rio+Patr%C3%ADcio+dos+Santos+Cabedelo+PB+Instagram;brand_not_confirmed
f5973934-5e9b-463c-9d2a-a7342c3041e5;CASA DA PIZZA;CASA DA PIZZA Recanto do Poço R. Honório Patrício dos Santos Cabedelo PB Instagram;;red;-20;youtube.com;organic;CASA RÚSTICA, CONSTRUÍDA NO MEIO DA FLORESTA ...;https://youtube.com/watch?v=0Lh_cFVUIpk;brand_not_confirmed|city_not_confirmed
f5973934-5e9b-463c-9d2a-a7342c3041e5;CASA DA PIZZA;CASA DA PIZZA Recanto do Poço R. Honório Patrício dos Santos Cabedelo PB Instagram;;red;-20;compactoimoveis.com.br;organic;1161 imóveis Casa em São José do Rio Preto, SP para venda;https://compactoimoveis.com.br/comprar/Sao-Jose-do-Rio-Preto/Casa;brand_not_confirmed|city_not_confirmed
f5973934-5e9b-463c-9d2a-a7342c3041e5;CASA DA PIZZA;CASA DA PIZZA Recanto do Poço R. Honório Patrício dos Santos Cabedelo PB Instagram;;red;-20;centuryimobiliaria.com.br;organic;75 Casas Para Vender;https://centuryimobiliaria.com.br/imoveis.php?para=vender&tipo=2;brand_not_confirmed|city_not_confirmed
f5973934-5e9b-463c-9d2a-a7342c3041e5;CASA DA PIZZA;CASA DA PIZZA Recanto do Poço R. Honório Patrício dos Santos Cabedelo PB Instagram;;red;-20;imobiliariaemaximovel.com.br;organic;2051 imóveis Casa em Sorocaba, SP para venda - Imobiliária;https://imobiliariaemaximovel.com.br/comprar/Sorocaba/Casa;brand_not_confirmed|city_not_confirmed
57a68170-1982-436a-a5b9-02366f6a999b;Café cultural;Café cultural Jardim Camboinha R. Augusto José Couto de Faria Cabedelo PB Instagram;yes;yellow;118;instagram;organic;Casa de Cultura DDD83 - Cabedelo ...;https://instagram.com/casadeculturaddd83_oficial;
57a68170-1982-436a-a5b9-02366f6a999b;Café cultural;Café cultural Jardim Camboinha R. Augusto José Couto de Faria Cabedelo PB Instagram;;yellow;51;instagram;organic;"Brasil on Instagram: ""Vem Viver Cabedelo ✨️ Neste verão, a ...";https://instagram.com/reel/DRvFl-BDmBR;instagram_reel_not_profile|instagram_profile_not_canonicalizable
57a68170-1982-436a-a5b9-02366f6a999b;Café cultural;Café cultural Jardim Camboinha R. Augusto José Couto de Faria Cabedelo PB Instagram;;red;38;instagram;organic;SECULT Cabedelo/PB - Brasil (@secultcabedelo);https://instagram.com/secultcabedelo;brand_not_confirmed|name_not_confirmed
57a68170-1982-436a-a5b9-02366f6a999b;Café cultural;Café cultural Jardim Camboinha R. Augusto José Couto de Faria Cabedelo PB Instagram;;red;38;instagram;organic;gigantedomaroficial • Instagram photos and videos;https://instagram.com/gigantedomaroficial;brand_not_confirmed|name_not_confirmed
57a68170-1982-436a-a5b9-02366f6a999b;Café cultural;Café cultural Jardim Camboinha R. Augusto José Couto de Faria Cabedelo PB Instagram;;red;32;instagram;organic;Prefeitura de Cabedelo (@prefeituradecabedelo);https://instagram.com/prefeituradecabedelo;brand_not_confirmed|name_not_confirmed
57a68170-1982-436a-a5b9-02366f6a999b;Café cultural;Café cultural Jardim Camboinha R. Augusto José Couto de Faria Cabedelo PB Instagram;;red;-15;instagram;organic;Sextou Cabedelo!;https://instagram.com/reel/DSKYJ--DRYI;instagram_reel_not_profile|brand_not_confirmed|name_not_confirmed|instagram_profile_not_canonicalizable
57a68170-1982-436a-a5b9-02366f6a999b;Café cultural;Café cultural Jardim Camboinha R. Augusto José Couto de Faria Cabedelo PB Instagram;;red;-15;instagram;organic;Na efervescência do verão de Camboinha (Cabedelo-Pb) o ...;https://instagram.com/reel/DTG2s2LCSzl;instagram_reel_not_profile|brand_not_confirmed|name_not_confirmed|instagram_profile_not_canonicalizable
57a68170-1982-436a-a5b9-02366f6a999b;Café cultural;Café cultural Jardim Camboinha R. Augusto José Couto de Faria Cabedelo PB Instagram;;red;-21;instagram;organic;Vamos relembrar os melhores momentos da última edição da ...;https://instagram.com/reel/DQ9fvFWExYv;instagram_reel_not_profile|brand_not_confirmed|name_not_confirmed|instagram_profile_not_canonicalizable