restaurant_id;restaurant_name;query;selected;tier;score;platform;source;title;link;flags
e6fc253f-7f28-47f8-891f-df98848adda0;Center Pizza Cabedelo;Center Pizza Cabedelo Centro R. Duque de Caxias (83) 98629-0531 Cabedelo PB Instagram;yes;yellow;114;instagram;derived_instagram_handle;Instagram profile @centerpizza_cabedelo;https://instagram.com/centerpizza_cabedelo;
e6fc253f-7f28-47f8-891f-df98848adda0;Center Pizza Cabedelo;Center Pizza Cabedelo Centro R. Duque de Caxias (83) 98629-0531 Cabedelo PB Instagram;;yellow;51;instagram;organic;Sua confraternização é na @centerpizza_cabedelo ❤️ ...;https://instagram.com/reel/DSTcVomjr-P;instagram_reel_not_profile|instagram_profile_not_canonicalizable
e6fc253f-7f28-47f8-891f-df98848adda0;Center Pizza Cabedelo;Center Pizza Cabedelo Centro R. Duque de Caxias (83) 98629-0531 Cabedelo PB Instagram;;yellow;51;instagram;organic;E o tão esperado dia será hoje, e você é nosso convidado. ...;https://instagram.com/p/DKC9YNsJ6rG;instagram_p_not_profile|instagram_profile_not_canonicalizable
e6fc253f-7f28-47f8-891f-df98848adda0;Center Pizza Cabedelo;Center Pizza Cabedelo Centro R. Duque de Caxias (83) 98629-0531 Cabedelo PB Instagram;;red;36;tripadvisor;organic;CENTER PIZZA, Cabedelo - Comentários de Restaurantes ...;https://tripadvisor.com.br/Restaurant_Review-g793398-d34286682-Reviews-Center_Pizza-Cabedelo_State_of_Paraiba.html;
e6fc253f-7f28-47f8-891f-df98848adda0;Center Pizza Cabedelo;Center Pizza Cabedelo Centro R. Duque de Caxias (83) 98629-0531 Cabedelo PB Instagram;;red;16;instagram;derived_instagram_handle;Instagram profile @oz;https://instagram.com/oz;brand_not_confirmed|derived_handle_brand_not_confirmed
e6fc253f-7f28-47f8-891f-df98848adda0;Center Pizza Cabedelo;Center Pizza Cabedelo Centro R. Duque de Caxias (83) 98629-0531 Cabedelo PB Instagram;;red;3;instagram;organic;Aqui vc encontra a melhor pizza Artesanal da regiao! Vem ...;https://instagram.com/p/DKLAGp8hKuv;instagram_p_not_profile|brand_not_confirmed|instagram_profile_not_canonicalizable
e6fc253f-7f28-47f8-891f-df98848adda0;Center Pizza Cabedelo;Center Pizza Cabedelo Centro R. Duque de Caxias (83) 98629-0531 Cabedelo PB Instagram;;red;3;instagram;organic;Melhor pizza ! . Estamos na Rua da Enseada 1215, Ponta de ...;https://instagram.com/reel/DDDV2FcB0e4;instagram_reel_not_profile|brand_not_confirmed|instagram_profile_not_canonicalizable
e6fc253f-7f28-47f8-891f-df98848adda0;Center Pizza Cabedelo;Center Pizza Cabedelo Centro R. Duque de Caxias (83) 98629-0531 Cabedelo PB Instagram;;red;3;instagram;organic;Na Pizza do Paulinho, cada detalhe é pensado pra entregar ...;https://instagram.com/reel/DOROznjDpfT;instagram_reel_not_profile|brand_not_confirmed|instagram_profile_not_canonicalizable
ecac91e3-52c0-4780-9867-6b3b1d096089;I love burguer;I love burguer Vila Sao Joao Praça Getúlio Vargas (83) 99311-5016 Cabedelo PB Instagram;;green;130;anota_ai;organic;I LOVE BURGUER | Delivery em Cabedelo | Pedido online;https://pedido.anota.ai/loja/i-love-burguer-8;
ecac91e3-52c0-4780-9867-6b3b1d096089;I love burguer;I love burguer Vila Sao Joao Praça Getúlio Vargas (83) 99311-5016 Cabedelo PB Instagram;yes;yellow;124;instagram;organic;I ❤ Burguer (@iloveburguerpb);https://instagram.com/iloveburguerpb;city_not_confirmed
ecac91e3-52c0-4780-9867-6b3b1d096089;I love burguer;I love burguer Vila Sao Joao Praça Getúlio Vargas (83) 99311-5016 Cabedelo PB Instagram;;yellow;65;instagram;organic;"I Burguer on Instagram: ""Chegou fim de semana, hora de ...";https://instagram.com/reel/CwYf3Dir6mG;instagram_reel_not_profile|instagram_profile_not_canonicalizable
ecac91e3-52c0-4780-9867-6b3b1d096089;I love burguer;I love burguer Vila Sao Joao Praça Getúlio Vargas (83) 99311-5016 Cabedelo PB Instagram;;yellow;59;instagram;organic;#TBT desse dia memorável que ficará marcado em nossos ...;https://instagram.com/p/Cth0MxEtOtw;instagram_p_not_profile|instagram_profile_not_canonicalizable
ecac91e3-52c0-4780-9867-6b3b1d096089;I love burguer;I love burguer Vila Sao Joao Praça Getúlio Vargas (83) 99311-5016 Cabedelo PB Instagram;;yellow;59;instagram;organic;"I Burguer on Instagram: "" Venha conhecer as opções do ...";https://instagram.com/reel/DPACwC1j0KA;instagram_reel_not_profile|instagram_profile_not_canonicalizable
ecac91e3-52c0-4780-9867-6b3b1d096089;I love burguer;I love burguer Vila Sao Joao Praça Getúlio Vargas (83) 99311-5016 Cabedelo PB Instagram;;yellow;59;instagram;organic;João Pessoa 🌴🌊 | Já ouviu falar na sensação de Cabedelo ...;https://instagram.com/reel/DNeMxtjSbUp;instagram_reel_not_profile|instagram_profile_not_canonicalizable
ecac91e3-52c0-4780-9867-6b3b1d096089;I love burguer;I love burguer Vila Sao Joao Praça Getúlio Vargas (83) 99311-5016 Cabedelo PB Instagram;;yellow;55;instagram;organic;Quintou e é de lei pedir I love hoje!! 🍔🔥 📍 Localizados: R ...;https://instagram.com/p/DaTYQbjBmb-;instagram_p_not_profile|instagram_profile_not_canonicalizable|city_not_confirmed
ecac91e3-52c0-4780-9867-6b3b1d096089;I love burguer;I love burguer Vila Sao Joao Praça Getúlio Vargas (83) 99311-5016 Cabedelo PB Instagram;;red;35;instagram;organic;O hambúrguer que vai ganhar o seu coração está aqui no I ...;https://instagram.com/p/DPUulR4kdjR;instagram_p_not_profile|instagram_profile_not_canonicalizable|city_not_confirmed
bd7494af-1c04-49da-973a-f9de6dafe780;NutriFit Marmita Fitness Congeladas;NutriFit Marmita Fitness Congeladas Cabedelo Intermares (83) 98721-6120 Cabedelo PB Instagram;yes;yellow;138;instagram;organic;Marmitas Fitness NutriFit👩‍🍳personal chef josy costa (@ ...;https://instagram.com/marmita_nutrifit/reels;
bd7494af-1c04-49da-973a-f9de6dafe780;NutriFit Marmita Fitness Congeladas;NutriFit Marmita Fitness Congeladas Cabedelo Intermares (83) 98721-6120 Cabedelo PB Instagram;;yellow;126;instagram;derived_instagram_handle;Instagram profile @aj_marmitas84;https://instagram.com/aj_marmitas84;
bd7494af-1c04-49da-973a-f9de6dafe780;NutriFit Marmita Fitness Congeladas;NutriFit Marmita Fitness Congeladas Cabedelo Intermares (83) 98721-6120 Cabedelo PB Instagram;;yellow;110;instagram;derived_instagram_handle;Instagram profile @marmita_nutrifit;https://instagram.com/marmita_nutrifit;city_not_confirmed
bd7494af-1c04-49da-973a-f9de6dafe780;NutriFit Marmita Fitness Congeladas;NutriFit Marmita Fitness Congeladas Cabedelo Intermares (83) 98721-6120 Cabedelo PB Instagram;;yellow;67;instagram;organic;Fitness de verdade, com sabor de comida de casa! Nossas ...;https://instagram.com/reel/DRPZoVPEXmb;instagram_reel_not_profile|instagram_profile_not_canonicalizable
bd7494af-1c04-49da-973a-f9de6dafe780;NutriFit Marmita Fitness Congeladas;NutriFit Marmita Fitness Congeladas Cabedelo Intermares (83) 98721-6120 Cabedelo PB Instagram;;yellow;59;instagram;organic;Reel by Marmitas Fitness NutriFit👩‍🍳personal chef josy ...;https://instagram.com/p/DH1YgCfpKIY;instagram_p_not_profile|instagram_profile_not_canonicalizable|city_not_confirmed
bd7494af-1c04-49da-973a-f9de6dafe780;NutriFit Marmita Fitness Congeladas;NutriFit Marmita Fitness Congeladas Cabedelo Intermares (83) 98721-6120 Cabedelo PB Instagram;;yellow;59;instagram;organic;NutriFit Marmitas Sua semana fitness resolvida com ...;https://instagram.com/p/DRVNRmvgbj7;instagram_p_not_profile|instagram_profile_not_canonicalizable|city_not_confirmed
bd7494af-1c04-49da-973a-f9de6dafe780;NutriFit Marmita Fitness Congeladas;NutriFit Marmita Fitness Congeladas Cabedelo Intermares (83) 98721-6120 Cabedelo PB Instagram;;yellow;51;instagram;organic;@marmita_nutrifit;https://instagram.com/p/DFYwmp0JvCw;instagram_p_not_profile|instagram_profile_not_canonicalizable|city_not_confirmed
bd7494af-1c04-49da-973a-f9de6dafe780;NutriFit Marmita Fitness Congeladas;NutriFit Marmita Fitness Congeladas Cabedelo Intermares (83) 98721-6120 Cabedelo PB Instagram;;yellow;51;instagram;organic;NATIVA GRILL- Delmiro | Chegando super novidade na ...;https://instagram.com/reel/C1UheGYuks0;instagram_reel_not_profile|instagram_profile_not_canonicalizable|city_not_confirmed
6e825bdf-c07e-4b4c-ab3e-98d7fe713928;Melhor Sabor - Churrascaria e Self-Service;Melhor Sabor - Churrascaria e Self-Service Renascer R. João Clementino Gomes (83) 98716-7904 Cabedelo PB Instagram;yes;yellow;106;instagram;organic;RESTAURANTE MELHOR SABOR PRIME ...;https://instagram.com/melhor_sabor01;city_not_confirmed
6e825bdf-c07e-4b4c-ab3e-98d7fe713928;Melhor Sabor - Churrascaria e Self-Service;Melhor Sabor - Churrascaria e Self-Service Renascer R. João Clementino Gomes (83) 98716-7904 Cabedelo PB Instagram;;yellow;94;instagram;organic;PRIMO RICO (@primoricopb) • Instagram photos and videos;https://instagram.com/primoricopb;city_not_confirmed
6e825bdf-c07e-4b4c-ab3e-98d7fe713928;Melhor Sabor - Churrascaria e Self-Service;Melhor Sabor - Churrascaria e Self-Service Renascer R. João Clementino Gomes (83) 98716-7904 Cabedelo PB Instagram;;yellow;56;instagram;derived_instagram_handle;Instagram profile @reidocaldo;https://instagram.com/reidocaldo;derived_handle_brand_not_confirmed|city_not_confirmed
6e825bdf-c07e-4b4c-ab3e-98d7fe713928;Melhor Sabor - Churrascaria e Self-Service;Melhor Sabor - Churrascaria e Self-Service Renascer R. João Clementino Gomes (83) 98716-7904 Cabedelo PB Instagram;;yellow;55;instagram;organic;A qualidade que o melhor self-service do bairro pode te ...;https://instagram.com/reel/DIkP2ouxOve;instagram_reel_not_profile|instagram_profile_not_canonicalizable|city_not_confirmed
6e825bdf-c07e-4b4c-ab3e-98d7fe713928;Melhor Sabor - Churrascaria e Self-Service;Melhor Sabor - Churrascaria e Self-Service Renascer R. João Clementino Gomes (83) 98716-7904 Cabedelo PB Instagram;;red;43;instagram;organic;ELEITO O MELHOR SELF-SERVICE DO RN em 2025 🍽️ ...;https://instagram.com/p/DW_0S3LjLr_/?__d=1%E5%BE%AE%E5%8D%9A%E7%A7%81%E4%BA%BA%E5%8F%B7%E4%BA%A4%E6%98%93%E4%B8%AD%E5%BF%83%2B-%2B%E5%92%8C%E5%B9%B3%E7%B2%BE%E8%8B%B1%E5%B0%8F%E5%8F%B7%E7%BD%91%2B%E2%9C%94%EF%B8%8Fhaoba.cyou-%E5%BE%AE%E5%8D%9A%E5%B0%8F%E5%8F%B7%E5%B7%B2%E5%AE%9E%E5%90%8D%E8%B4%A6%E5%8F%B7%E5%87%BA%E5%94%AE;instagram_p_not_profile|instagram_profile_not_canonicalizable|city_not_confirmed
6e825bdf-c07e-4b4c-ab3e-98d7fe713928;Melhor Sabor - Churrascaria e Self-Service;Melhor Sabor - Churrascaria e Self-Service Renascer R. João Clementino Gomes (83) 98716-7904 Cabedelo PB Instagram;;red;43;instagram;organic;Até a IA já sabe qual é o melhor do self-service 👀🫣;https://instagram.com/p/DYnA0fzE_17;instagram_p_not_profile|instagram_profile_not_canonicalizable|city_not_confirmed
6e825bdf-c07e-4b4c-ab3e-98d7fe713928;Melhor Sabor - Churrascaria e Self-Service;Melhor Sabor - Churrascaria e Self-Service Renascer R. João Clementino Gomes (83) 98716-7904 Cabedelo PB Instagram;;red;43;instagram;organic;"João Pessoa on Instagram: ""É SIMPLESMENTE O MELHOR ...";https://instagram.com/reel/DAWNnw9poJN;instagram_reel_not_profile|instagram_profile_not_canonicalizable|city_not_confirmed
6e825bdf-c07e-4b4c-ab3e-98d7fe713928;Melhor Sabor - Churrascaria e Self-Service;Melhor Sabor - Churrascaria e Self-Service Renascer R. João Clementino Gomes (83) 98716-7904 Cabedelo PB Instagram;;red;43;instagram;organic;O melhor self-service da cidade Variedade de pratos ...;https://instagram.com/p/DTvQkFlkSoC;instagram_p_not_profile|instagram_profile_not_canonicalizable|city_not_confirmed
133c9168-09a2-4fbc-b42e-af5ac51d23cb;Bom Tempero Restaurante;Bom Tempero Restaurante Cabedelo Av. Maria de Oliveira Gomes - Portal do Poço Cabedelo PB Instagram;yes;red;38;instagram;organic;Restaurante Self Sabor (@_selfsabor) · Cabedelo, PB;https://instagram.com/_selfsabor;brand_not_confirmed|name_not_confirmed
133c9168-09a2-4fbc-b42e-af5ac51d23cb;Bom Tempero Restaurante;Bom Tempero Restaurante Cabedelo Av. Maria de Oliveira Gomes - Portal do Poço Cabedelo PB Instagram;;red;22;instagram;organic;PRIMO RICO (@primoricopb) • Instagram photos and videos;https://instagram.com/primoricopb;brand_not_confirmed|name_not_confirmed|city_not_confirmed
133c9168-09a2-4fbc-b42e-af5ac51d23cb;Bom Tempero Restaurante;Bom Tempero Restaurante Cabedelo Av. Maria de Oliveira Gomes - Portal do Poço Cabedelo PB Instagram;;red;2;instagram;derived_instagram_handle;Instagram profile @tvcidadejp;https://instagram.com/tvcidadejp;brand_not_confirmed|derived_handle_brand_not_confirmed|city_not_confirmed
133c9168-09a2-4fbc-b42e-af5ac51d23cb;Bom Tempero Restaurante;Bom Tempero Restaurante Cabedelo Av. Maria de Oliveira Gomes - Portal do Poço Cabedelo PB Instagram;;red;-11;instagram;organic;Resumo dessa entrevista para a @tvcidadejp, que foi cheia ...;https://instagram.com/reel/DWjKFlsODj_;instagram_reel_not_profile|brand_not_confirmed|instagram_profile_not_canonicalizable|city_not_confirmed
133c9168-09a2-4fbc-b42e-af5ac51d23cb;Bom Tempero Restaurante;Bom Tempero Restaurante Cabedelo Av. Maria de Oliveira Gomes - Portal do Poço Cabedelo PB Instagram;;red;-15;instagram;organic;🍽️ Restaurante Casa de Taipa – Cabedelo/PB 🌵 Se você ...;https://instagram.com/reel/DPq5eqEjSjk;instagram_reel_not_profile|brand_not_confirmed|name_not_confirmed|instagram_profile_not_canonicalizable
133c9168-09a2-4fbc-b42e-af5ac51d23cb;Bom Tempero Restaurante;Bom Tempero Restaurante Cabedelo Av. Maria de Oliveira Gomes - Portal do Poço Cabedelo PB Instagram;;red;-15;instagram;organic;"Cibelly Mar | Restaurante Flutuante on Instagram: ""Por trás do ...";https://instagram.com/reel/DNSoMcHOUO0;instagram_reel_not_profile|brand_not_confirmed|name_not_confirmed|instagram_profile_not_canonicalizable
133c9168-09a2-4fbc-b42e-af5ac51d23cb;Bom Tempero Restaurante;Bom Tempero Restaurante Cabedelo Av. Maria de Oliveira Gomes - Portal do Poço Cabedelo PB Instagram;;red;-19;instagram;organic;"Self-Service em João Pessoa on Instagram: ""Sábadou, meu ...";https://instagram.com/reel/DRFH6ecEpbE;instagram_reel_not_profile|brand_not_confirmed|name_not_confirmed|instagram_profile_not_canonicalizable|city_not_confirmed
133c9168-09a2-4fbc-b42e-af5ac51d23cb;Bom Tempero Restaurante;Bom Tempero Restaurante Cabedelo Av. Maria de Oliveira Gomes - Portal do Poço Cabedelo PB Instagram;;red;-21;instagram;organic;Esse rubacão de camarão é a perfeição sim! Cremoso e ...;https://instagram.com/p/DZdLexyRBIJ;instagram_p_not_profile|brand_not_confirmed|name_not_confirmed|instagram_profile_not_canonicalizable
9acd9efa-a669-453b-a548-2387fa2e7612;Sorveteria Tropical;Sorveteria Tropical Lot. Oceania VI R. Jair Cunha Cavalcanti Cabedelo PB Instagram;yes;yellow;110;instagram;organic;Sorveteria Tropical | RJ (@jjsorveteriatropical);https://instagram.com/jjsorveteriatropical/reels;city_not_confirmed
9acd9efa-a669-453b-a548-2387fa2e7612;Sorveteria Tropical;Sorveteria Tropical Lot. Oceania VI R. Jair Cunha Cavalcanti Cabedelo PB Instagram;;yellow;110;instagram;organic;Sorveteria Tropical | RJ (@jjsorveteriatropical);https://instagram.com/jjsorveteriatropical/?hl=pt;city_not_confirmed
9acd9efa-a669-453b-a548-2387fa2e7612;Sorveteria Tropical;Sorveteria Tropical Lot. Oceania VI R. Jair Cunha Cavalcanti Cabedelo PB Instagram;;yellow;98;instagram;organic;Sorveteria e Açaiteria Tropical (@sorvetetropicalmellf);https://instagram.com/sorvetetropicalmellf;city_not_confirmed
9acd9efa-a669-453b-a548-2387fa2e7612;Sorveteria Tropical;Sorveteria Tropical Lot. Oceania VI R. Jair Cunha Cavalcanti Cabedelo PB Instagram;;red;35;instagram;organic;Faltou ontem? “Perdi alguma coisa?” Nada demais… só a ...;https://instagram.com/reel/DXwcEbVxJV0;instagram_reel_not_profile|instagram_profile_not_canonicalizable|city_not_confirmed
9acd9efa-a669-453b-a548-2387fa2e7612;Sorveteria Tropical;Sorveteria Tropical Lot. Oceania VI R. Jair Cunha Cavalcanti Cabedelo PB Instagram;;red;35;instagram;organic;Se você perder isso HOJE, vai se arrepender depois O verão ...;https://instagram.com/reel/DTbYVInEi1G;instagram_reel_not_profile|instagram_profile_not_canonicalizable|city_not_confirmed
9acd9efa-a669-453b-a548-2387fa2e7612;Sorveteria Tropical;Sorveteria Tropical Lot. Oceania VI R. Jair Cunha Cavalcanti Cabedelo PB Instagram;;red;35;instagram;organic;Quando a vontade de sorvete bate ...;https://instagram.com/p/DTvHP78laKm;instagram_p_not_profile|instagram_profile_not_canonicalizable|city_not_confirmed
9acd9efa-a669-453b-a548-2387fa2e7612;Sorveteria Tropical;Sorveteria Tropical Lot. Oceania VI R. Jair Cunha Cavalcanti Cabedelo PB Instagram;;red;35;instagram;organic;Ah, não pode ter tudo…” Aqui na Tropical: PODE SIM Um de ...;https://instagram.com/reel/DT0aIiWDqXS;instagram_reel_not_profile|instagram_profile_not_canonicalizable|city_not_confirmed
9acd9efa-a669-453b-a548-2387fa2e7612;Sorveteria Tropical;Sorveteria Tropical Lot. Oceania VI R. Jair Cunha Cavalcanti Cabedelo PB Instagram;;red;35;instagram;organic;A Experiência Tropical começa na escolha, encanta ...;https://instagram.com/p/DVGYXiyGYHr;instagram_p_not_profile|instagram_profile_not_canonicalizable|city_not_confirmed
ea0bb6d3-17df-4665-b715-32054f497d99;Na brasa hambúrgueria;Na brasa hambúrgueria Centro Av. Pastor José Alves de Oliveira (83) 98655-6103 Cabedelo PB Instagram;yes;yellow;110;instagram;organic;Na Brasa Brasil (@nabrasabrasil_);https://instagram.com/nabrasabrasil_;city_not_confirmed
ea0bb6d3-17df-4665-b715-32054f497d99;Na brasa hambúrgueria;Na brasa hambúrgueria Centro Av. Pastor José Alves de Oliveira (83) 98655-6103 Cabedelo PB Instagram;;yellow;98;instagram;organic;NA BRASA / HAMBÚRGUERIA ARTESANAL ...;https://instagram.com/nabrasa_burg;city_not_confirmed
ea0bb6d3-17df-4665-b715-32054f497d99;Na brasa hambúrgueria;Na brasa hambúrgueria Centro Av. Pastor José Alves de Oliveira (83) 98655-6103 Cabedelo PB Instagram;;yellow;98;instagram;organic;HAMBURGUERIA (@nabrasaburgercg);https://instagram.com/nabrasaburgercg;city_not_confirmed
ea0bb6d3-17df-4665-b715-32054f497d99;Na brasa hambúrgueria;Na brasa hambúrgueria Centro Av. Pastor José Alves de Oliveira (83) 98655-6103 Cabedelo PB Instagram;;yellow;98;instagram;organic;Na Brasa Burger SM ®️ (@nabrasa672_sm);https://instagram.com/nabrasa672_sm/?__d=1%E5%BE%AE%E5%8D%9A%E7%A7%81%E4%BA%BA%E5%8F%B7%E8%BD%AC%E8%AE%A9%E5%B9%B3%E5%8F%B0%2B-%2B%E5%8D%83%E7%A6%A7%E4%BC%A0%E5%AA%92%2Bhaoba.cyou-%E5%BE%AE%E5%8D%9A%E5%B0%8F%E5%8F%B7%E5%B7%B2%E5%AE%9E%E5%90%8D%E8%B4%A6%E5%8F%B7%E5%87%BA%E5%94%AE;city_not_confirmed
ea0bb6d3-17df-4665-b715-32054f497d99;Na brasa hambúrgueria;Na brasa hambúrgueria Centro Av. Pastor José Alves de Oliveira (83) 98655-6103 Cabedelo PB Instagram;;red;1;instagram;organic;"NA BRASA BURGER DELIVERY on Instagram: ""Se você ...";https://instagram.com/reel/DV1YuxbEdqb;instagram_reel_not_profile|brand_not_confirmed|instagram_profile_not_canonicalizable|city_not_confirmed
ea0bb6d3-17df-4665-b715-32054f497d99;Na brasa hambúrgueria;Na brasa hambúrgueria Centro Av. Pastor José Alves de Oliveira (83) 98655-6103 Cabedelo PB Instagram;;red;1;instagram;organic;🚀🍔 Fome bateu? Então se prepare: o Na Brasa leva seu ...;https://instagram.com/p/DNWBcX6g43D;instagram_p_not_profile|brand_not_confirmed|instagram_profile_not_canonicalizable|city_not_confirmed
ea0bb6d3-17df-4665-b715-32054f497d99;Na brasa hambúrgueria;Na brasa hambúrgueria Centro Av. Pastor José Alves de Oliveira (83) 98655-6103 Cabedelo PB Instagram;;red;1;instagram;organic;Quando a fome aperta, só existe um lugar capaz de resolver ...;https://instagram.com/reel/DSGZMV2gIH9;instagram_reel_not_profile|brand_not_confirmed|instagram_profile_not_canonicalizable|city_not_confirmed
ea0bb6d3-17df-4665-b715-32054f497d99;Na brasa hambúrgueria;Na brasa hambúrgueria Centro Av. Pastor José Alves de Oliveira (83) 98655-6103 Cabedelo PB Instagram;;red;-7;instagram;organic;Qualidade, sabor e experiência em cada pedido. Aqui, seu ...;https://instagram.com/p/DRxoPVFEh9_;instagram_p_not_profile|brand_not_confirmed|instagram_profile_not_canonicalizable|city_not_confirmed
e3c86dc8-4ac8-4ae0-84f9-83e6167d3570;Restaurante da Helena;Restaurante da Helena Portal do Poço Av. Araçá (83) 98725-4401 Cabedelo PB Instagram;yes;yellow;98;instagram;derived_instagram_handle;Instagram profile @helenarizzo;https://instagram.com/helenarizzo;city_not_confirmed
e3c86dc8-4ac8-4ae0-84f9-83e6167d3570;Restaurante da Helena;Restaurante da Helena Portal do Poço Av. Araçá (83) 98725-4401 Cabedelo PB Instagram;;yellow;50;instagram;organic;Ilha Dourada (@ilhadouradarestaurante);https://instagram.com/ilhadouradarestaurante;brand_not_confirmed
e3c86dc8-4ac8-4ae0-84f9-83e6167d3570;Restaurante da Helena;Restaurante da Helena Portal do Poço Av. Araçá (83) 98725-4401 Cabedelo PB Instagram;;red;35;instagram;organic;Isso é um vlog chefona @helenarizzo Fui no Mani matar a ...;https://instagram.com/reel/DR0ZyGoD6Uk;instagram_reel_not_profile|instagram_profile_not_canonicalizable|city_not_confirmed
e3c86dc8-4ac8-4ae0-84f9-83e6167d3570;Restaurante da Helena;Restaurante da Helena Portal do Poço Av. Araçá (83) 98725-4401 Cabedelo PB Instagram;;red;3;instagram;organic;Vem conhecer a charmosa praia do Poço em Cabedelo/PB ...;https://instagram.com/reel/DRu3dibER3T;instagram_reel_not_profile|brand_not_confirmed|instagram_profile_not_canonicalizable
e3c86dc8-4ac8-4ae0-84f9-83e6167d3570;Restaurante da Helena;Restaurante da Helena Portal do Poço Av. Araçá (83) 98725-4401 Cabedelo PB Instagram;;red;3;instagram;organic;🍽️ Restaurante Casa de Taipa – Cabedelo/PB 🌵 Se você ...;https://instagram.com/reel/DPq5eqEjSjk;instagram_reel_not_profile|brand_not_confirmed|instagram_profile_not_canonicalizable
e3c86dc8-4ac8-4ae0-84f9-83e6167d3570;Restaurante da Helena;Restaurante da Helena Portal do Poço Av. Araçá (83) 98725-4401 Cabedelo PB Instagram;;red;3;instagram;organic;🍽️Peixada individual por apenas R$10,00 ...;https://instagram.com/reel/DRAG6mQjolp;instagram_reel_not_profile|brand_not_confirmed|instagram_profile_not_canonicalizable
e3c86dc8-4ac8-4ae0-84f9-83e6167d3570;Restaurante da Helena;Restaurante da Helena Portal do Poço Av. Araçá (83) 98725-4401 Cabedelo PB Instagram;;red;-3;instagram;organic;"Ilha Dourada on Instagram: ""Lembrando que aqui no Ilha ...";https://instagram.com/reel/DYe_uO6FR9F;instagram_reel_not_profile|brand_not_confirmed|instagram_profile_not_canonicalizable
e3c86dc8-4ac8-4ae0-84f9-83e6167d3570;Restaurante da Helena;Restaurante da Helena Portal do Poço Av. Araçá (83) 98725-4401 Cabedelo PB Instagram;;red;-6;cabedelo.pb.gov.br;organic;Com refeições a R$ 1, Prefeitura de Cabedelo vai entregar ...;https://cabedelo.pb.gov.br/com-refeicoes-a-r-1-prefeitura-de-cabedelo-vai-entregar-1o-restaurante-popular-da-cidade;brand_not_confirmed
cec28f47-fb35-4c1b-af88-4af762996479;TCF - The Cheeseburguer Factory - Unidade Cabedelo;TCF - The Cheeseburguer Factory - Unidade Cabedelo Sl A15 - Ponta de Campina Av. Oceano Atlântico Cabedelo PB Instagram;yes;yellow;122;instagram;organic;The CheeseBurguer Factory 🏅 (@thecheeseburguerfactory);https://instagram.com/thecheeseburguerfactory;city_not_confirmed
cec28f47-fb35-4c1b-af88-4af762996479;TCF - The Cheeseburguer Factory - Unidade Cabedelo;TCF - The Cheeseburguer Factory - Unidade Cabedelo Sl A15 - Ponta de Campina Av. Oceano Atlântico Cabedelo PB Instagram;;yellow;75;instagram;organic;Há dois tipos de pessoas no mundo: as que degustam e as ...;https://instagram.com/reel/C40vYQWOlVY;instagram_reel_not_profile|instagram_profile_not_canonicalizable
cec28f47-fb35-4c1b-af88-4af762996479;TCF - The Cheeseburguer Factory - Unidade Cabedelo;TCF - The Cheeseburguer Factory - Unidade Cabedelo Sl A15 - Ponta de Campina Av. Oceano Atlântico Cabedelo PB Instagram;;yellow;67;instagram;organic;A dica #GETdodia é o @thecheeseburguerfactory 🏅Eleito ...;https://instagram.com/reel/Ckf10z3rNSP;instagram_reel_not_profile|instagram_profile_not_canonicalizable
cec28f47-fb35-4c1b-af88-4af762996479;TCF - The Cheeseburguer Factory - Unidade Cabedelo;TCF - The Cheeseburguer Factory - Unidade Cabedelo Sl A15 - Ponta de Campina Av. Oceano Atlântico Cabedelo PB Instagram;;yellow;59;instagram;organic;"TCF - The CheeseBurguer Factory on Instagram: ""Confie ...";https://instagram.com/reel/DGjbHzZSnr7;instagram_reel_not_profile|instagram_profile_not_canonicalizable|city_not_confirmed
cec28f47-fb35-4c1b-af88-4af762996479;TCF - The Cheeseburguer Factory - Unidade Cabedelo;TCF - The Cheeseburguer Factory - Unidade Cabedelo Sl A15 - Ponta de Campina Av. Oceano Atlântico Cabedelo PB Instagram;;yellow;59;instagram;organic;TCF - The CheeseBurguer Factory 🏅 on ...;https://instagram.com/reel/DIrsoXHybfX;instagram_reel_not_profile|instagram_profile_not_canonicalizable|city_not_confirmed
cec28f47-fb35-4c1b-af88-4af762996479;TCF - The Cheeseburguer Factory - Unidade Cabedelo;TCF - The Cheeseburguer Factory - Unidade Cabedelo Sl A15 - Ponta de Campina Av. Oceano Atlântico Cabedelo PB Instagram;;yellow;52;tripadvisor;organic;THE CHEESEBURGUER FACTORY CABEDELO;https://tripadvisor.com.br/Restaurant_Review-g793398-d26355921-Reviews-The_Cheeseburguer_Factory_Cabedelo-Cabedelo_State_of_Paraiba.html;
cec28f47-fb35-4c1b-af88-4af762996479;TCF - The Cheeseburguer Factory - Unidade Cabedelo;TCF - The Cheeseburguer Factory - Unidade Cabedelo Sl A15 - Ponta de Campina Av. Oceano Atlântico Cabedelo PB Instagram;;yellow;51;instagram;organic;Para todo tipo de gosto, existe um The Cheeseburguer ...;https://instagram.com/p/DIheCKuS7kJ;instagram_p_not_profile|instagram_profile_not_canonicalizable|city_not_confirmed
cec28f47-fb35-4c1b-af88-4af762996479;TCF - The Cheeseburguer Factory - Unidade Cabedelo;TCF - The Cheeseburguer Factory - Unidade Cabedelo Sl A15 - Ponta de Campina Av. Oceano Atlântico Cabedelo PB Instagram;;red;-19;instagram;organic;como pessoense, esses são meus lugares favoritos no verão ...;https://instagram.com/reel/DS5rBYMD_py;instagram_reel_not_profile|brand_not_confirmed|name_not_confirmed|instagram_profile_not_canonicalizable|city_not_confirmed
67b9591e-9ba2-4db0-b81f-4cd2d45d03ad;Hora Da Pizza;Hora Da Pizza Lot. Oceania VI R. Arco Íris (83) 99355-8904 Cabedelo PB Instagram;yes;yellow;114;instagram;organic;HoradaPizzaDelivery (@horadapizzaa_);https://instagram.com/horadapizzaa_;
67b9591e-9ba2-4db0-b81f-4cd2d45d03ad;Hora Da Pizza;Hora Da Pizza Lot. Oceania VI R. Arco Íris (83) 99355-8904 Cabedelo PB Instagram;;yellow;98;instagram;organic;Toda Hora Pizza (@todahorapizza);https://instagram.com/todahorapizza;city_not_confirmed
67b9591e-9ba2-4db0-b81f-4cd2d45d03ad;Hora Da Pizza;Hora Da Pizza Lot. Oceania VI R. Arco Íris (83) 99355-8904 Cabedelo PB Instagram;;red;5;instagram;organic;Aiaiaii Delícia 🍕😍;https://instagram.com/p/DA7P2fgphjf/?hl=zh-cn;instagram_p_not_profile|brand_not_confirmed|instagram_profile_not_canonicalizable
67b9591e-9ba2-4db0-b81f-4cd2d45d03ad;Hora Da Pizza;Hora Da Pizza Lot. Oceania VI R. Arco Íris (83) 99355-8904 Cabedelo PB Instagram;;red;3;instagram;organic;A melhor pizza a partir de R$ 29,90! . Vem 📍Estamos na ...;https://instagram.com/p/DA4NaqvxV7G;instagram_p_not_profile|brand_not_confirmed|instagram_profile_not_canonicalizable
67b9591e-9ba2-4db0-b81f-4cd2d45d03ad;Hora Da Pizza;Hora Da Pizza Lot. Oceania VI R. Arco Íris (83) 99355-8904 Cabedelo PB Instagram;;red;3;instagram;organic;"I ❤️ Pizza on Instagram: "" É oficial: a ILove Pizza PB já abriu ...";https://instagram.com/reel/DWzgo9jDd-q;instagram_reel_not_profile|brand_not_confirmed|instagram_profile_not_canonicalizable
67b9591e-9ba2-4db0-b81f-4cd2d45d03ad;Hora Da Pizza;Hora Da Pizza Lot. Oceania VI R. Arco Íris (83) 99355-8904 Cabedelo PB Instagram;;red;1;instagram;organic;A Hora di Pizza está chegando para conquistar a Zona Sul ...;https://instagram.com/p/DO0tJKGDbzO;instagram_p_not_profile|brand_not_confirmed|instagram_profile_not_canonicalizable|city_not_confirmed
67b9591e-9ba2-4db0-b81f-4cd2d45d03ad;Hora Da Pizza;Hora Da Pizza Lot. Oceania VI R. Arco Íris (83) 99355-8904 Cabedelo PB Instagram;;red;-1;instagram;organic;Não perde tempo e vem logo experimentar o sabor exclusivo ...;https://instagram.com/reel/DYXtDTPzWQC;instagram_reel_not_profile|brand_not_confirmed|instagram_profile_not_canonicalizable|city_not_confirmed
67b9591e-9ba2-4db0-b81f-4cd2d45d03ad;Hora Da Pizza;Hora Da Pizza Lot. Oceania VI R. Arco Íris (83) 99355-8904 Cabedelo PB Instagram;;red;-3;instagram;organic;A melhor pizza de Cabedelo tá passando na sua telinha ❤️ ...;https://instagram.com/reel/DXKxfcnCTQ1;instagram_reel_not_profile|brand_not_confirmed|instagram_profile_not_canonicalizable
35c95d02-3a7b-480d-8061-b276ee281fca;Pizza Família Cipriano;Pizza Família Cipriano Intermares R. Golfo Danzig (83) 98153-5458 Cabedelo PB Instagram;yes;yellow;122;instagram;organic;Família Cipriano (@pizzariafamiliacipriano);https://instagram.com/pizzariafamiliacipriano;
35c95d02-3a7b-480d-8061-b276ee281fca;Pizza Família Cipriano;Pizza Família Cipriano Intermares R. Golfo Danzig (83) 98153-5458 Cabedelo PB Instagram;;yellow;104;instagram;organic;Mostrando o porque você deve vir conhecer a Cipriano ...;https://instagram.com/ciprianopizza/reel/DZ3JHQjJH8A;city_not_confirmed
35c95d02-3a7b-480d-8061-b276ee281fca;Pizza Família Cipriano;Pizza Família Cipriano Intermares R. Golfo Danzig (83) 98153-5458 Cabedelo PB Instagram;;yellow;104;instagram;organic;Cipriano Pizza & Panino (@ciprianopizza);https://instagram.com/ciprianopizza;city_not_confirmed
35c95d02-3a7b-480d-8061-b276ee281fca;Pizza Família Cipriano;Pizza Família Cipriano Intermares R. Golfo Danzig (83) 98153-5458 Cabedelo PB Instagram;;red;38;facebook;organic;Pizza Família Cipriano | Cabedelo PB;https://facebook.com/61586869958623?locale=fr_CA;
35c95d02-3a7b-480d-8061-b276ee281fca;Pizza Família Cipriano;Pizza Família Cipriano Intermares R. Golfo Danzig (83) 98153-5458 Cabedelo PB Instagram;;red;35;instagram;organic;UMA DAS PIZZARIAS MAIS BEM AVALIADAS DE JOÃO ...;https://instagram.com/reel/DKP8whNJOr4;instagram_reel_not_profile|instagram_profile_not_canonicalizable|city_not_confirmed
35c95d02-3a7b-480d-8061-b276ee281fca;Pizza Família Cipriano;Pizza Família Cipriano Intermares R. Golfo Danzig (83) 98153-5458 Cabedelo PB Instagram;;red;34;instagram;organic;Eu Quero Pizza - Food Truck 🍕 (@euqueropizzafoodtruck);https://instagram.com/euqueropizzafoodtruck;brand_not_confirmed|name_not_confirmed|city_not_confirmed
35c95d02-3a7b-480d-8061-b276ee281fca;Pizza Família Cipriano;Pizza Família Cipriano Intermares R. Golfo Danzig (83) 98153-5458 Cabedelo PB Instagram;;red;16;wanderboat.ai;organic;Pizza Família Cipriano;https://wanderboat.ai/restaurants/brazil/regi%C3%A3o-geogr%C3%A1fica-imediata-de-jo%C3%A3o-pessoa/pizza-fam%C3%ADlia-cipriano/T-7YmD6aSUKgiKYG1SrGgQ;city_not_confirmed
35c95d02-3a7b-480d-8061-b276ee281fca;Pizza Família Cipriano;Pizza Família Cipriano Intermares R. Golfo Danzig (83) 98153-5458 Cabedelo PB Instagram;;red;-15;instagram;organic;A melhor pizza a partir de R$ 29,90! . Vem 📍Estamos na ...;https://instagram.com/p/DA4NaqvxV7G;instagram_p_not_profile|brand_not_confirmed|name_not_confirmed|instagram_profile_not_canonicalizable
a6bf4269-0471-4d9f-b207-0adfc6308285;Seu Jerônimo;Seu Jerônimo Cabedelo R. Virginia Maria Nogueira Gadelha Pimentel - Lot. Bela Vista (83) 98746-8640 Cabedelo PB Instagram;yes;yellow;128;instagram;organic;Seu Jerônimo (@seujeronimo_) · Cabedelo, PB;https://instagram.com/seujeronimo_/reels;
a6bf4269-0471-4d9f-b207-0adfc6308285;Seu Jerônimo;Seu Jerônimo Cabedelo R. Virginia Maria Nogueira Gadelha Pimentel - Lot. Bela Vista (83) 98746-8640 Cabedelo PB Instagram;;red;32;instagram;organic;Prefeitura de Cabedelo (@prefeituradecabedelo);https://instagram.com/prefeituradecabedelo;brand_not_confirmed|name_not_confirmed
a6bf4269-0471-4d9f-b207-0adfc6308285;Seu Jerônimo;Seu Jerônimo Cabedelo R. Virginia Maria Nogueira Gadelha Pimentel - Lot. Bela Vista (83) 98746-8640 Cabedelo PB Instagram;;red;32;instagram;organic;Maury Ribeiro (@blogdamaury);https://instagram.com/blogdamaury;brand_not_confirmed|name_not_confirmed
a6bf4269-0471-4d9f-b207-0adfc6308285;Seu Jerônimo;Seu Jerônimo Cabedelo R. Virginia Maria Nogueira Gadelha Pimentel - Lot. Bela Vista (83) 98746-8640 Cabedelo PB Instagram;;red;-15;instagram;organic;Cabedelo amanhã VOTA 2️⃣2️⃣✅ É @walbervirgolino e ...;https://instagram.com/p/DXA89wQDRwB/?__d=1soul%E6%BB%A1%E6%9C%88%E5%8F%B7%E5%A6%82%E4%BD%95%E5%85%BB%E7%B2%89%E2%9C%94%EF%B8%8F%2Bweixinle.com%2B%E2%AD%90%2B%2B%E9%AB%98%E8%8A%9D%E9%BA%BB%E5%88%86%E6%94%AF%E4%BB%98%E5%AE%9D%E5%8F%B7%E8%B4%AD%E4%B9%B0%E6%B8%A0%E9%81%93;instagram_p_not_profile|brand_not_confirmed|name_not_confirmed|instagram_profile_not_canonicalizable
a6bf4269-0471-4d9f-b207-0adfc6308285;Seu Jerônimo;Seu Jerônimo Cabedelo R. Virginia Maria Nogueira Gadelha Pimentel - Lot. Bela Vista (83) 98746-8640 Cabedelo PB Instagram;;red;-21;instagram;organic;"Prefeitura de Cabedelo on Instagram: ""Chegou o Cabedelo ...";https://instagram.com/reel/DaWUlWrgfYZ;instagram_reel_not_profile|brand_not_confirmed|name_not_confirmed|instagram_profile_not_canonicalizable
a6bf4269-0471-4d9f-b207-0adfc6308285;Seu Jerônimo;Seu Jerônimo Cabedelo R. Virginia Maria Nogueira Gadelha Pimentel - Lot. Bela Vista (83) 98746-8640 Cabedelo PB Instagram;;red;-21;instagram;organic;Papai Noel chegando na Praça Intermares, no Bela Vista ...;https://instagram.com/reel/DDTYEBVxg9Q;instagram_reel_not_profile|brand_not_confirmed|name_not_confirmed|instagram_profile_not_canonicalizable
a6bf4269-0471-4d9f-b207-0adfc6308285;Seu Jerônimo;Seu Jerônimo Cabedelo R. Virginia Maria Nogueira Gadelha Pimentel - Lot. Bela Vista (83) 98746-8640 Cabedelo PB Instagram;;red;-21;instagram;organic;Deus ainda tem grandes coisas para fazer EM CABEDELO ...;https://instagram.com/p/DXHPIMUjRkp/?__d=11;instagram_p_not_profile|brand_not_confirmed|name_not_confirmed|instagram_profile_not_canonicalizable
a6bf4269-0471-4d9f-b207-0adfc6308285;Seu Jerônimo;Seu Jerônimo Cabedelo R. Virginia Maria Nogueira Gadelha Pimentel - Lot. Bela Vista (83) 98746-8640 Cabedelo PB Instagram;;red;-21;instagram;organic;Diante da recente rotatividade na prefeitura de Cabedelo ...;https://instagram.com/p/DYDF_NchyzC;instagram_p_not_profile|brand_not_confirmed|name_not_confirmed|instagram_profile_not_canonicalizable
0f0b83e3-c399-4f1a-89d6-34cf485b2608;Rope Espetos;Rope Espetos Intermares Av. Oceano Atlântico (83) 98854-0926 Cabedelo PB Instagram;yes;yellow;110;instagram;organic;espetinhos / grill / caldos/ churrasco (@olivergrilleespetos);https://instagram.com/olivergrilleespetos;city_not_confirmed
0f0b83e3-c399-4f1a-89d6-34cf485b2608;Rope Espetos;Rope Espetos Intermares Av. Oceano Atlântico (83) 98854-0926 Cabedelo PB Instagram;;yellow;106;instagram;organic;Rope Espetos (@ropespetos);https://instagram.com/ropespetos;city_not_confirmed
0f0b83e3-c399-4f1a-89d6-34cf485b2608;Rope Espetos;Rope Espetos Intermares Av. Oceano Atlântico (83) 98854-0926 Cabedelo PB Instagram;;yellow;51;instagram;organic;Oliver Grill e Espetos;https://instagram.com/reel/DKh2jpSvy85;instagram_reel_not_profile|instagram_profile_not_canonicalizable
0f0b83e3-c399-4f1a-89d6-34cf485b2608;Rope Espetos;Rope Espetos Intermares Av. Oceano Atlântico (83) 98854-0926 Cabedelo PB Instagram;;red;43;instagram;organic;Hoje é dia de quarta em dobro no ROPE ESPETOS! ...;https://instagram.com/p/DBekZ6JynfB;instagram_p_not_profile|instagram_profile_not_canonicalizable|city_not_confirmed
0f0b83e3-c399-4f1a-89d6-34cf485b2608;Rope Espetos;Rope Espetos Intermares Av. Oceano Atlântico (83) 98854-0926 Cabedelo PB Instagram;;red;35;instagram;organic;Marca aí seus amigos que precisam ...;https://instagram.com/p/DXFfqgGgRKN/?__d=1%2F;instagram_p_not_profile|instagram_profile_not_canonicalizable|city_not_confirmed
0f0b83e3-c399-4f1a-89d6-34cf485b2608;Rope Espetos;Rope Espetos Intermares Av. Oceano Atlântico (83) 98854-0926 Cabedelo PB Instagram;;red;32;wanderboat.ai;organic;Rope Espetos in Av. Oceano Atlântico, 422 - Intermares, Cabedelo;https://wanderboat.ai/local-businesses/brazil/regi%C3%A3o-geogr%C3%A1fica-imediata-de-jo%C3%A3o-pessoa/rope-espetos/W_Uqwr_LSJyojZEQrxp8dw;
0f0b83e3-c399-4f1a-89d6-34cf485b2608;Rope Espetos;Rope Espetos Intermares Av. Oceano Atlântico (83) 98854-0926 Cabedelo PB Instagram;;red;16;instagram;organic;ESPETINHO DA PRAIA 👑 (@espetinhodapraia);https://instagram.com/espetinhodapraia;brand_not_confirmed|name_not_confirmed|city_not_confirmed
0f0b83e3-c399-4f1a-89d6-34cf485b2608;Rope Espetos;Rope Espetos Intermares Av. Oceano Atlântico (83) 98854-0926 Cabedelo PB Instagram;;red;-37;instagram;organic;Te esperamos no mais querido de intermares ...;https://instagram.com/p/CQjiGROtfp6;instagram_p_not_profile|brand_not_confirmed|name_not_confirmed|instagram_profile_not_canonicalizable|city_not_confirmed
393e1305-e40d-4281-99c5-ebe01cc24c27;Açaí Jacaré Beach;Açaí Jacaré Beach Praia Do Jacare R. Clodoaldo Gouveia Cabedelo PB Instagram;yes;yellow;114;instagram;derived_instagram_handle;Instagram profile @acaijacarebeach;https://instagram.com/acaijacarebeach;
393e1305-e40d-4281-99c5-ebe01cc24c27;Açaí Jacaré Beach;Açaí Jacaré Beach Praia Do Jacare R. Clodoaldo Gouveia Cabedelo PB Instagram;;red;5;instagram;organic;Reel by AÇAI JACARÉ BEACH (@acaijacarebeach);https://instagram.com/p/C9f3WWwRybU;instagram_p_not_profile|brand_not_confirmed|instagram_profile_not_canonicalizable
393e1305-e40d-4281-99c5-ebe01cc24c27;Açaí Jacaré Beach;Açaí Jacaré Beach Praia Do Jacare R. Clodoaldo Gouveia Cabedelo PB Instagram;;red;3;instagram;organic;"Terraço de taypa on Instagram: ""Se você ainda não conhece o ...";https://instagram.com/reel/DIZVVdNpxn1;instagram_reel_not_profile|brand_not_confirmed|instagram_profile_not_canonicalizable
393e1305-e40d-4281-99c5-ebe01cc24c27;Açaí Jacaré Beach;Açaí Jacaré Beach Praia Do Jacare R. Clodoaldo Gouveia Cabedelo PB Instagram;;red;-20;wanderboat.ai;organic;Açaí Jacaré Beach - R. Clodoaldo Gouveia, 214;https://wanderboat.ai/restaurants/brazil/regi%C3%A3o-geogr%C3%A1fica-imediata-de-jo%C3%A3o-pessoa/a%C3%A7a%C3%AD-jacar%C3%A9-beach/ZMHYdTyESdCqX58RDAFoPA;brand_not_confirmed|city_not_confirmed
0ca69331-2d1e-48f9-8401-dffb785df697;ESFIELDS;ESFIELDS Cabedelo Av. Oceano Atlântico - Ponta de Campina Cabedelo PB Instagram;yes;yellow;132;instagram;organic;ESFIELD´S (@esfieldsjp) · Cabedelo, PB;https://instagram.com/esfieldsjp;
0ca69331-2d1e-48f9-8401-dffb785df697;ESFIELDS;ESFIELDS Cabedelo Av. Oceano Atlântico - Ponta de Campina Cabedelo PB Instagram;;yellow;56;instagram;organic;SECULT Cabedelo/PB - Brasil (@secultcabedelo);https://instagram.com/secultcabedelo;brand_not_confirmed
0ca69331-2d1e-48f9-8401-dffb785df697;ESFIELDS;ESFIELDS Cabedelo Av. Oceano Atlântico - Ponta de Campina Cabedelo PB Instagram;;yellow;51;instagram;organic;Minha visita completa a @esfieldsjp ! Todos os produtos tem ...;https://instagram.com/reel/DV0t1APAD3N;instagram_reel_not_profile|instagram_profile_not_canonicalizable
0ca69331-2d1e-48f9-8401-dffb785df697;ESFIELDS;ESFIELDS Cabedelo Av. Oceano Atlântico - Ponta de Campina Cabedelo PB Instagram;;yellow;50;instagram;organic;Get Mall | Seu Shopping em Cabedelo (@getmall.oficial);https://instagram.com/getmall.oficial;brand_not_confirmed
0ca69331-2d1e-48f9-8401-dffb785df697;ESFIELDS;ESFIELDS Cabedelo Av. Oceano Atlântico - Ponta de Campina Cabedelo PB Instagram;;yellow;50;instagram;organic;Prefeitura de Cabedelo (@prefeituradecabedelo);https://instagram.com/prefeituradecabedelo;brand_not_confirmed
0ca69331-2d1e-48f9-8401-dffb785df697;ESFIELDS;ESFIELDS Cabedelo Av. Oceano Atlântico - Ponta de Campina Cabedelo PB Instagram;;red;35;instagram;organic;Esfields entrou na trend do estúdio Ghibli! O que achou ...;https://instagram.com/reel/DHy5B0gv2YQ;instagram_reel_not_profile|instagram_profile_not_canonicalizable|city_not_confirmed
0ca69331-2d1e-48f9-8401-dffb785df697;ESFIELDS;ESFIELDS Cabedelo Av. Oceano Atlântico - Ponta de Campina Cabedelo PB Instagram;;red;35;instagram;organic;E aí, seu amor verdadeiro paga a conta ou divide com você ...;https://instagram.com/reel/C9KU1IvOIWr;instagram_reel_not_profile|instagram_profile_not_canonicalizable|city_not_confirmed
0ca69331-2d1e-48f9-8401-dffb785df697;ESFIELDS;ESFIELDS Cabedelo Av. Oceano Atlântico - Ponta de Campina Cabedelo PB Instagram;;red;30;pedidoligesfihacaririoca.ccmpedidoonline.com.br;organic;Esfields - Intermares, Cabedelo - PB;https://pedidoligesfihacaririoca.ccmpedidoonline.com.br/franquias.php?cep=0&cidade=Cabedelo&uf=PB;
41451228-761b-4912-a7f7-c4407a1010bd;Barraca Do Anão;Barraca Do Anão Cabedelo Ponta de Campina Cabedelo PB Instagram;yes;yellow;51;instagram;organic;PRAIA PONTA DE MATOS, em Cabedelo, bem pertinho ...;https://instagram.com/p/CT-kzWIJ8Xr/?hl=pt;instagram_p_not_profile|instagram_profile_not_canonicalizable
41451228-761b-4912-a7f7-c4407a1010bd;Barraca Do Anão;Barraca Do Anão Cabedelo Ponta de Campina Cabedelo PB Instagram;;yellow;51;instagram;organic;Esta é uma praia linda que você precisa conhecer! Estou ...;https://instagram.com/reel/Cx3r54juBSJ;instagram_reel_not_profile|instagram_profile_not_canonicalizable
41451228-761b-4912-a7f7-c4407a1010bd;Barraca Do Anão;Barraca Do Anão Cabedelo Ponta de Campina Cabedelo PB Instagram;;red;-15;instagram;organic;Mais fotos de nossa aventura em Cabedelo-PB;https://instagram.com/p/DZvovQlGgHy/?img_index=2;instagram_p_not_profile|brand_not_confirmed|name_not_confirmed|instagram_profile_not_canonicalizable
41451228-761b-4912-a7f7-c4407a1010bd;Barraca Do Anão;Barraca Do Anão Cabedelo Ponta de Campina Cabedelo PB Instagram;;red;-15;instagram;organic;Esse mar… 🌊😮‍💨 João Pessoa, Cabedelo… minha PB ...;https://instagram.com/reel/DFAcQQXudhv;instagram_reel_not_profile|brand_not_confirmed|name_not_confirmed|instagram_profile_not_canonicalizable
41451228-761b-4912-a7f7-c4407a1010bd;Barraca Do Anão;Barraca Do Anão Cabedelo Ponta de Campina Cabedelo PB Instagram;;red;-21;instagram;organic;Você conhece esta praia?? Pra quem não ...;https://instagram.com/p/CjTq6cEJqkM;instagram_p_not_profile|brand_not_confirmed|name_not_confirmed|instagram_profile_not_canonicalizable
41451228-761b-4912-a7f7-c4407a1010bd;Barraca Do Anão;Barraca Do Anão Cabedelo Ponta de Campina Cabedelo PB Instagram;;red;-21;instagram;organic;Verão pede lugar gostoso, né? E se for perto da praia, melhor ...;https://instagram.com/reel/DTS4UdHjsOf;instagram_reel_not_profile|brand_not_confirmed|name_not_confirmed|instagram_profile_not_canonicalizable
41451228-761b-4912-a7f7-c4407a1010bd;Barraca Do Anão;Barraca Do Anão Cabedelo Ponta de Campina Cabedelo PB Instagram;;red;-21;instagram;organic;Por que ainda não superamos esse dia e esse mar! 31/12 ...;https://instagram.com/p/DTDEkSpDjyV;instagram_p_not_profile|brand_not_confirmed|name_not_confirmed|instagram_profile_not_canonicalizable
41451228-761b-4912-a7f7-c4407a1010bd;Barraca Do Anão;Barraca Do Anão Cabedelo Ponta de Campina Cabedelo PB Instagram;;red;-21;instagram;organic;"Lovina Ponta de Campina on Instagram: ""🎙️ “Bem-vindo ao ...";https://instagram.com/reel/DDKp-iJJ60x;instagram_reel_not_profile|brand_not_confirmed|name_not_confirmed|instagram_profile_not_canonicalizable
7dfea73b-b593-4acf-8bf1-71a099224008;Pizza do Paulinho;Pizza do Paulinho Vila Sao Joao Av. Monsenhor José da Silva Coutinho (83) 98852-8675 Cabedelo PB Instagram;yes;yellow;132;instagram;organic;Pizza do Paulinho / Pizzaria em Cabedelo ...;https://instagram.com/pizzadopaulinhopb;
7dfea73b-b593-4acf-8bf1-71a099224008;Pizza do Paulinho;Pizza do Paulinho Vila Sao Joao Av. Monsenhor José da Silva Coutinho (83) 98852-8675 Cabedelo PB Instagram;;green;116;anota_ai;organic;Pizza do Paulinho | Delivery em CABEDELO - Pedidos Anota aí;https://pedido.anota.ai/loja/pizza-do-paulinho?referer=gbp_anota;
7dfea73b-b593-4acf-8bf1-71a099224008;Pizza do Paulinho;Pizza do Paulinho Vila Sao Joao Av. Monsenhor José da Silva Coutinho (83) 98852-8675 Cabedelo PB Instagram;;yellow;98;instagram;organic;𝐏𝐢𝐳𝐳𝐚𝐫𝐢𝐚 𝐝𝐨 𝐏𝐚𝐮𝐥𝐢𝐧𝐡𝐨 🍕 (@pizzaria_do_paulinho);https://instagram.com/pizzaria_do_paulinho/reels;city_not_confirmed
7dfea73b-b593-4acf-8bf1-71a099224008;Pizza do Paulinho;Pizza do Paulinho Vila Sao Joao Av. Monsenhor José da Silva Coutinho (83) 98852-8675 Cabedelo PB Instagram;;yellow;70;instagram;derived_instagram_handle;Instagram profile @oz;https://instagram.com/oz;derived_handle_brand_not_confirmed
7dfea73b-b593-4acf-8bf1-71a099224008;Pizza do Paulinho;Pizza do Paulinho Vila Sao Joao Av. Monsenhor José da Silva Coutinho (83) 98852-8675 Cabedelo PB Instagram;;yellow;57;instagram;organic;Na Pizza do Paulinho, cada detalhe é pensado pra entregar ...;https://instagram.com/reel/DOROznjDpfT;instagram_reel_not_profile|instagram_profile_not_canonicalizable
7dfea73b-b593-4acf-8bf1-71a099224008;Pizza do Paulinho;Pizza do Paulinho Vila Sao Joao Av. Monsenhor José da Silva Coutinho (83) 98852-8675 Cabedelo PB Instagram;;red;35;instagram;organic;Estaremos sempre a disposição de lhes oferecer o melhor!!!;https://instagram.com/p/DFtkjNkRmPt;instagram_p_not_profile|instagram_profile_not_canonicalizable|city_not_confirmed
7dfea73b-b593-4acf-8bf1-71a099224008;Pizza do Paulinho;Pizza do Paulinho Vila Sao Joao Av. Monsenhor José da Silva Coutinho (83) 98852-8675 Cabedelo PB Instagram;;red;35;instagram;organic;Aqui na Pizzaria do Paulinho, cada fatia é feita com amor e ...;https://instagram.com/p/DAbPoXICcIl;instagram_p_not_profile|instagram_profile_not_canonicalizable|city_not_confirmed
7dfea73b-b593-4acf-8bf1-71a099224008;Pizza do Paulinho;Pizza do Paulinho Vila Sao Joao Av. Monsenhor José da Silva Coutinho (83) 98852-8675 Cabedelo PB Instagram;;red;35;instagram;organic;Visão completa da Pizzaria do Paulinho;https://instagram.com/reel/DUJpZk6gWQT;instagram_reel_not_profile|instagram_profile_not_canonicalizable|city_not_confirmed
799763e1-04c1-495d-a7ea-5489a0897da8;A Casa do Lanche;A Casa do Lanche Formosa R. Est. Paulo Maia Guimarães (83) 99862-1050 Cabedelo PB Instagram;yes;yellow;110;instagram;organic;CASA DO LANCHE DELIVERY 🛵 (@casadolanche_sl);https://instagram.com/casadolanche_sl;city_not_confirmed
799763e1-04c1-495d-a7ea-5489a0897da8;A Casa do Lanche;A Casa do Lanche Formosa R. Est. Paulo Maia Guimarães (83) 99862-1050 Cabedelo PB Instagram;;yellow;68;instagram;organic;LANCHONETE EM CABEDELO (PB) (@rosaalanches_);https://instagram.com/rosaalanches_;brand_not_confirmed
799763e1-04c1-495d-a7ea-5489a0897da8;A Casa do Lanche;A Casa do Lanche Formosa R. Est. Paulo Maia Guimarães (83) 99862-1050 Cabedelo PB Instagram;;yellow;46;instagram;organic;KA LANCHES (@kalanchesjp);https://instagram.com/kalanchesjp;brand_not_confirmed|city_not_confirmed
799763e1-04c1-495d-a7ea-5489a0897da8;A Casa do Lanche;A Casa do Lanche Formosa R. Est. Paulo Maia Guimarães (83) 99862-1050 Cabedelo PB Instagram;;red;11;instagram;organic;Reel by ROSA LANCHES - LANCHONETE EM CABEDELO ...;https://instagram.com/reel/DZfD_MsOEZo;instagram_reel_not_profile|brand_not_confirmed|instagram_profile_not_canonicalizable
799763e1-04c1-495d-a7ea-5489a0897da8;A Casa do Lanche;A Casa do Lanche Formosa R. Est. Paulo Maia Guimarães (83) 99862-1050 Cabedelo PB Instagram;;red;6;instagram;derived_instagram_handle;Instagram profile @barbosa.lanches;https://instagram.com/barbosa.lanches;brand_not_confirmed|derived_handle_brand_not_confirmed|city_not_confirmed
799763e1-04c1-495d-a7ea-5489a0897da8;A Casa do Lanche;A Casa do Lanche Formosa R. Est. Paulo Maia Guimarães (83) 99862-1050 Cabedelo PB Instagram;;red;3;instagram;organic;CABEDELO/PB Umas das muitas coisas boas de fazer esse ...;https://instagram.com/reel/DWCkMp8EUgV;instagram_reel_not_profile|brand_not_confirmed|instagram_profile_not_canonicalizable
799763e1-04c1-495d-a7ea-5489a0897da8;A Casa do Lanche;A Casa do Lanche Formosa R. Est. Paulo Maia Guimarães (83) 99862-1050 Cabedelo PB Instagram;;red;-7;instagram;organic;Pedido da mesa do lado 📍 @barbosa.lanches;https://instagram.com/p/DWz44GyiXxl/?__d=1%E6%9C%80%E5%BF%AB%E6%9F%A5%E8%AF%A2%E6%A1%88%E4%BB%B6%E8%BF%9B%E5%BA%A6%E5%8F%8A%E8%81%94%E7%B3%BB%E4%BA%BA%E3%80%82%E6%9C%8D%E5%8A%A1%E6%9C%80%E6%9C%89%E8%80%90%E5%BF%83%E7%9A%84%E7%BA%BF%E4%BA%BA%E4%BC%A0%E9%80%92%E6%9D%B0%E6%8B%89%E5%BE%B7%E7%A4%BE%E5%B7%A5%E5%BA%93%E2%9C%94%EF%B8%8Fpsps.click;instagram_p_not_profile|brand_not_confirmed|instagram_profile_not_canonicalizable|city_not_confirmed
799763e1-04c1-495d-a7ea-5489a0897da8;A Casa do Lanche;A Casa do Lanche Formosa R. Est. Paulo Maia Guimarães (83) 99862-1050 Cabedelo PB Instagram;;red;-7;instagram;organic;Pedido da mesa do lado 📍 @barbosa.lanches;https://instagram.com/p/DWz44GyiXxl/?__d=1%E6%9F%A5%E5%BD%95%E9%9F%B3%E6%9F%A5%E8%AF%A2%E8%BD%A6%E8%BE%86%E8%A1%8C%E9%A9%B6%E8%BD%A8%E8%BF%B9%E5%AE%9A%E4%BD%8D%2C%E6%9C%80%E9%9D%A0%E8%B0%B1%E7%9A%84E%E6%95%B0%E6%8D%AEqq%E7%A4%BE%E5%B7%A5%E5%BA%93%E5%9C%A8%E7%BA%BF%E6%9F%A5%E8%AF%A2%E2%9C%94%EF%B8%8Fshegongo.com;instagram_p_not_profile|brand_not_confirmed|instagram_profile_not_canonicalizable|city_not_confirmed
970fe52c-b7f8-46bf-a594-93b443b6d3e5;Guaiamum & Cia - Cabedelo PB;Guaiamum & Cia - Cabedelo PB Cabedelo R. Cleto Campêlo - Vila Sao Joao (83) 98879-6950 Cabedelo PB Instagram;yes;yellow;120;instagram;organic;Metalúrgica Metal & Cia (@metalecia) · Cabedelo, PB;https://instagram.com/metalecia;
970fe52c-b7f8-46bf-a594-93b443b6d3e5;Guaiamum & Cia - Cabedelo PB;Guaiamum & Cia - Cabedelo PB Cabedelo R. Cleto Campêlo - Vila Sao Joao (83) 98879-6950 Cabedelo PB Instagram;;yellow;120;instagram;organic;gigantedomaroficial • Instagram photos and videos;https://instagram.com/gigantedomaroficial;
970fe52c-b7f8-46bf-a594-93b443b6d3e5;Guaiamum & Cia - Cabedelo PB;Guaiamum & Cia - Cabedelo PB Cabedelo R. Cleto Campêlo - Vila Sao Joao (83) 98879-6950 Cabedelo PB Instagram;;red;38;vendaagora.com;organic;GUAIAMUM & CIA Cabedelo PB;https://vendaagora.com/guaiamum;
970fe52c-b7f8-46bf-a594-93b443b6d3e5;Guaiamum & Cia - Cabedelo PB;Guaiamum & Cia - Cabedelo PB Cabedelo R. Cleto Campêlo - Vila Sao Joao (83) 98879-6950 Cabedelo PB Instagram;;red;-15;instagram;organic;Saída às 09:00h. Praça Getúlio Vargas centro de cabedelo PB ...;https://instagram.com/reel/DZphEV6K9kf;instagram_reel_not_profile|brand_not_confirmed|name_not_confirmed|instagram_profile_not_canonicalizable
970fe52c-b7f8-46bf-a594-93b443b6d3e5;Guaiamum & Cia - Cabedelo PB;Guaiamum & Cia - Cabedelo PB Cabedelo R. Cleto Campêlo - Vila Sao Joao (83) 98879-6950 Cabedelo PB Instagram;;red;-15;instagram;organic;NOSSAS LOJAS: Rua Maria Luiza da Conceição, 112B, ...;https://instagram.com/p/CtMYcK6g4Sg;instagram_p_not_profile|brand_not_confirmed|name_not_confirmed|instagram_profile_not_canonicalizable
970fe52c-b7f8-46bf-a594-93b443b6d3e5;Guaiamum & Cia - Cabedelo PB;Guaiamum & Cia - Cabedelo PB Cabedelo R. Cleto Campêlo - Vila Sao Joao (83) 98879-6950 Cabedelo PB Instagram;;red;-15;instagram;organic;É tanta beleza! Praia do Poço, Cabedelo-PB Viva o Nordeste ...;https://instagram.com/reel/DCJUdPzxsA4;instagram_reel_not_profile|brand_not_confirmed|name_not_confirmed|instagram_profile_not_canonicalizable
970fe52c-b7f8-46bf-a594-93b443b6d3e5;Guaiamum & Cia - Cabedelo PB;Guaiamum & Cia - Cabedelo PB Cabedelo R. Cleto Campêlo - Vila Sao Joao (83) 98879-6950 Cabedelo PB Instagram;;red;-15;instagram;organic;Esse mar… 🌊😮‍💨 João Pessoa, Cabedelo… minha PB ...;https://instagram.com/reel/DFAcQQXudhv;instagram_reel_not_profile|brand_not_confirmed|name_not_confirmed|instagram_profile_not_canonicalizable
970fe52c-b7f8-46bf-a594-93b443b6d3e5;Guaiamum & Cia - Cabedelo PB;Guaiamum & Cia - Cabedelo PB Cabedelo R. Cleto Campêlo - Vila Sao Joao (83) 98879-6950 Cabedelo PB Instagram;;red;-15;instagram;organic;Azul que nem o céu! Praia Formosa, Cabedelo, PB. 📽️ ...;https://instagram.com/reel/C3k6Et0OCjB;instagram_reel_not_profile|brand_not_confirmed|name_not_confirmed|instagram_profile_not_canonicalizable
0f02c321-43d9-480f-be67-bc650e00d0d2;Eu Quero Burguer;Eu Quero Burguer Intermares Praça Bela Vista de Intermares (83) 99850-4733 Cabedelo PB Instagram;yes;yellow;118;instagram;organic;Eu Quero Burguer (@euqueroburguerartesanal);https://instagram.com/euqueroburguerartesanal;city_not_confirmed
0f02c321-43d9-480f-be67-bc650e00d0d2;Eu Quero Burguer;Eu Quero Burguer Intermares Praça Bela Vista de Intermares (83) 99850-4733 Cabedelo PB Instagram;;yellow;118;instagram;organic;O queridinho Burguer Almagre! . Vem Estamos na Praça ...;https://instagram.com/euqueroburguerartesanal/p/DXFrx9fD_VD/?hl=zh-cn;city_not_confirmed
0f02c321-43d9-480f-be67-bc650e00d0d2;Eu Quero Burguer;Eu Quero Burguer Intermares Praça Bela Vista de Intermares (83) 99850-4733 Cabedelo PB Instagram;;yellow;118;instagram;organic;Photos by Eu Quero Burguer (@euqueroburguerartesanal);https://instagram.com/euqueroburguerartesanal/p/DBjuaEbvKRg;city_not_confirmed
0f02c321-43d9-480f-be67-bc650e00d0d2;Eu Quero Burguer;Eu Quero Burguer Intermares Praça Bela Vista de Intermares (83) 99850-4733 Cabedelo PB Instagram;;yellow;59;instagram;organic;Conheça nosso Duble X-Burguer! . Vem, Estamos na Praça ...;https://instagram.com/reel/DZlJMhsv_M9;instagram_reel_not_profile|instagram_profile_not_canonicalizable
0f02c321-43d9-480f-be67-bc650e00d0d2;Eu Quero Burguer;Eu Quero Burguer Intermares Praça Bela Vista de Intermares (83) 99850-4733 Cabedelo PB Instagram;;yellow;55;instagram;organic;Photos by Eu Quero Burguer (@euqueroburguerartesanal);https://instagram.com/p/C-dadRrJU1R;instagram_p_not_profile|instagram_profile_not_canonicalizable|city_not_confirmed
0f02c321-43d9-480f-be67-bc650e00d0d2;Eu Quero Burguer;Eu Quero Burguer Intermares Praça Bela Vista de Intermares (83) 99850-4733 Cabedelo PB Instagram;;yellow;47;instagram;organic;Que tal um Hambúrguer artesanal hoje? . Vem 📍Estamos na ...;https://instagram.com/reel/DGJbMLyvzs0;instagram_reel_not_profile|instagram_profile_not_canonicalizable|city_not_confirmed
0f02c321-43d9-480f-be67-bc650e00d0d2;Eu Quero Burguer;Eu Quero Burguer Intermares Praça Bela Vista de Intermares (83) 99850-4733 Cabedelo PB Instagram;;red;43;instagram;organic;Estamso na Praça BelaVista em Intermares , das 17h as 23h ...;https://instagram.com/reel/DZituJvPlMa;instagram_reel_not_profile|instagram_profile_not_canonicalizable|city_not_confirmed
0f02c321-43d9-480f-be67-bc650e00d0d2;Eu Quero Burguer;Eu Quero Burguer Intermares Praça Bela Vista de Intermares (83) 99850-4733 Cabedelo PB Instagram;;red;43;instagram;organic;"Eu Quero Burguer on Instagram: ""Nosso cantinho fica na ...";https://instagram.com/reel/DV_3f9oj9nA;instagram_reel_not_profile|instagram_profile_not_canonicalizable|city_not_confirmed
2ed733a0-a4c7-4bb4-b280-21d7752c0409;Sushiyaki Restaurante;Sushiyaki Restaurante Ponta de Matos R. Ten. Antônio Pontes (83) 98684-5886 Cabedelo PB Instagram;yes;yellow;114;instagram;organic;Sushiyaki Culinária Oriental (@sushiyaki_restaurante);https://instagram.com/sushiyaki_restaurante;
2ed733a0-a4c7-4bb4-b280-21d7752c0409;Sushiyaki Restaurante;Sushiyaki Restaurante Ponta de Matos R. Ten. Antônio Pontes (83) 98684-5886 Cabedelo PB Instagram;;yellow;47;instagram;organic;2022年7月28日;https://instagram.com/p/CgkxRnAL1H8/?hl=zh-cn;instagram_p_not_profile|instagram_profile_not_canonicalizable|city_not_confirmed
2ed733a0-a4c7-4bb4-b280-21d7752c0409;Sushiyaki Restaurante;Sushiyaki Restaurante Ponta de Matos R. Ten. Antônio Pontes (83) 98684-5886 Cabedelo PB Instagram;;red;3;instagram;organic;O SUSHI MAIS FAMOSO DE INTERMARES Av Mar Vermelho ...;https://instagram.com/reel/DAGlh2qpRl5;instagram_reel_not_profile|brand_not_confirmed|instagram_profile_not_canonicalizable
2ed733a0-a4c7-4bb4-b280-21d7752c0409;Sushiyaki Restaurante;Sushiyaki Restaurante Ponta de Matos R. Ten. Antônio Pontes (83) 98684-5886 Cabedelo PB Instagram;;red;-7;instagram;organic;Genteee, vai perder é? Água na boca só de olhar!! 😍😍 ...;https://instagram.com/p/CNa-_DgrCMg;instagram_p_not_profile|brand_not_confirmed|instagram_profile_not_canonicalizable|city_not_confirmed
2ed733a0-a4c7-4bb4-b280-21d7752c0409;Sushiyaki Restaurante;Sushiyaki Restaurante Ponta de Matos R. Ten. Antônio Pontes (83) 98684-5886 Cabedelo PB Instagram;;red;-7;instagram;organic;Quem resisti a isso? 😍 Uma tentação dessa, tá esperando ...;https://instagram.com/p/CKZJbYsF7ai;instagram_p_not_profile|brand_not_confirmed|instagram_profile_not_canonicalizable|city_not_confirmed
2ed733a0-a4c7-4bb4-b280-21d7752c0409;Sushiyaki Restaurante;Sushiyaki Restaurante Ponta de Matos R. Ten. Antônio Pontes (83) 98684-5886 Cabedelo PB Instagram;;red;-7;instagram;organic;A partir das 18h estaremos abertos. ✅;https://instagram.com/p/DBWFPMiOjNP/?hl=zh-cn;instagram_p_not_profile|brand_not_confirmed|instagram_profile_not_canonicalizable|city_not_confirmed
2ed733a0-a4c7-4bb4-b280-21d7752c0409;Sushiyaki Restaurante;Sushiyaki Restaurante Ponta de Matos R. Ten. Antônio Pontes (83) 98684-5886 Cabedelo PB Instagram;;red;-7;instagram;organic;No Sushiaki, o menu é focado na culinária japonesa ...;https://instagram.com/reel/DVRABbAjYjy;instagram_reel_not_profile|brand_not_confirmed|instagram_profile_not_canonicalizable|city_not_confirmed
2ed733a0-a4c7-4bb4-b280-21d7752c0409;Sushiyaki Restaurante;Sushiyaki Restaurante Ponta de Matos R. Ten. Antônio Pontes (83) 98684-5886 Cabedelo PB Instagram;;red;-19;instagram;organic;No Sushi Yaki (sim, a gente também tem cachorro-quente ...;https://instagram.com/reel/DNoehDvucK8;instagram_reel_not_profile|brand_not_confirmed|instagram_profile_not_canonicalizable|city_not_confirmed
cb4d3075-dcad-45a2-a348-e8de93ef15cc;Açaí da Hill Point;Açaí da Hill Point Rua Mar das Antilhas Trailer (83) 2178-3682 Cabedelo PB Instagram;;green;124;anota_ai;organic;Açai da Hill Point | Delivery em CABEDELO | Pedido online;https://pedido.anota.ai/loja/aai-da-hill-point;
cb4d3075-dcad-45a2-a348-e8de93ef15cc;Açaí da Hill Point;Açaí da Hill Point Rua Mar das Antilhas Trailer (83) 2178-3682 Cabedelo PB Instagram;yes;yellow;110;instagram;organic;D'point Açaí | Açaiteria (@dpoint_acai);https://instagram.com/dpoint_acai;city_not_confirmed
cb4d3075-dcad-45a2-a348-e8de93ef15cc;Açaí da Hill Point;Açaí da Hill Point Rua Mar das Antilhas Trailer (83) 2178-3682 Cabedelo PB Instagram;;yellow;106;instagram;organic;Açaí da Hill Point - Refrescant (@acaidahillpoint);https://instagram.com/acaidahillpoint;city_not_confirmed
cb4d3075-dcad-45a2-a348-e8de93ef15cc;Açaí da Hill Point;Açaí da Hill Point Rua Mar das Antilhas Trailer (83) 2178-3682 Cabedelo PB Instagram;;red;44;instagram;organic;Daniel Do Açaí (@danieldoacai);https://instagram.com/danieldoacai;brand_not_confirmed|name_not_confirmed
cb4d3075-dcad-45a2-a348-e8de93ef15cc;Açaí da Hill Point;Açaí da Hill Point Rua Mar das Antilhas Trailer (83) 2178-3682 Cabedelo PB Instagram;;red;38;serpapi.com;local;Açaí da Hill Point;https://serpapi.com/search.json?device=desktop&engine=google&gl=br&google_domain=google.com.br&hl=pt-br&ludocid=1883862751830584035&q=A%C3%A7a%C3%AD+da+Hill+Point+Rua+Mar+das+Antilhas+Trailer+%2883%29+2178-3682+Cabedelo+PB+Instagram;
cb4d3075-dcad-45a2-a348-e8de93ef15cc;Açaí da Hill Point;Açaí da Hill Point Rua Mar das Antilhas Trailer (83) 2178-3682 Cabedelo PB Instagram;;red;38;serpapi.com;local;Hill Point - Açaiteria e Sorveteria;https://serpapi.com/search.json?device=desktop&engine=google&gl=br&google_domain=google.com.br&hl=pt-br&ludocid=14378907305807918596&q=A%C3%A7a%C3%AD+da+Hill+Point+Rua+Mar+das+Antilhas+Trailer+%2883%29+2178-3682+Cabedelo+PB+Instagram;
cb4d3075-dcad-45a2-a348-e8de93ef15cc;Açaí da Hill Point;Açaí da Hill Point Rua Mar das Antilhas Trailer (83) 2178-3682 Cabedelo PB Instagram;;red;-25;instagram;organic;Já pensou em tomar um açaí especial desse?? Ele já está ...;https://instagram.com/reel/DNQYD7vo4oV;instagram_reel_not_profile|brand_not_confirmed|name_not_confirmed|instagram_profile_not_canonicalizable|city_not_confirmed
cb4d3075-dcad-45a2-a348-e8de93ef15cc;Açaí da Hill Point;Açaí da Hill Point Rua Mar das Antilhas Trailer (83) 2178-3682 Cabedelo PB Instagram;;red;-25;instagram;organic;O MELHOR AÇAÍ DELIVERY DA CIDADE E FICA ABERTO ...;https://instagram.com/reel/DSGePcwgEeZ;instagram_reel_not_profile|brand_not_confirmed|name_not_confirmed|instagram_profile_not_canonicalizable|city_not_confirmed
58f3eb00-556c-496a-abee-790e691903ce;Pastel do Thiago;Pastel do Thiago Cabedelo R. Sólon de Lucena - Ponta de Matos (83) 98823-7441 Cabedelo PB Instagram;yes;yellow;98;instagram;organic;O melhor pastel do mundo (@thiago_pasteis);https://instagram.com/thiago_pasteis;city_not_confirmed
58f3eb00-556c-496a-abee-790e691903ce;Pastel do Thiago;Pastel do Thiago Cabedelo R. Sólon de Lucena - Ponta de Matos (83) 98823-7441 Cabedelo PB Instagram;;yellow;68;instagram;organic;Pastelaria Litorânea (@pastelarialitoranea);https://instagram.com/pastelarialitoranea;brand_not_confirmed
58f3eb00-556c-496a-abee-790e691903ce;Pastel do Thiago;Pastel do Thiago Cabedelo R. Sólon de Lucena - Ponta de Matos (83) 98823-7441 Cabedelo PB Instagram;;red;3;instagram;organic;Compartilhando dica boa em João Pessoa-PB | Pastéis a ...;https://instagram.com/reel/DP7YdT0kWFh;instagram_reel_not_profile|brand_not_confirmed|instagram_profile_not_canonicalizable
58f3eb00-556c-496a-abee-790e691903ce;Pastel do Thiago;Pastel do Thiago Cabedelo R. Sólon de Lucena - Ponta de Matos (83) 98823-7441 Cabedelo PB Instagram;;red;3;instagram;organic;"Pastel da Liberdade João Pessoa on Instagram: ""O melhor ...";https://instagram.com/reel/DD5Jy4gvTd5;instagram_reel_not_profile|brand_not_confirmed|instagram_profile_not_canonicalizable
58f3eb00-556c-496a-abee-790e691903ce;Pastel do Thiago;Pastel do Thiago Cabedelo R. Sólon de Lucena - Ponta de Matos (83) 98823-7441 Cabedelo PB Instagram;;red;-19;instagram;organic;🥟✨ Faça da sua imaginação o seu pastel! Aqui você cria, ...;https://instagram.com/p/DYafKONAWgG;instagram_p_not_profile|brand_not_confirmed|instagram_profile_not_canonicalizable|city_not_confirmed
58f3eb00-556c-496a-abee-790e691903ce;Pastel do Thiago;Pastel do Thiago Cabedelo R. Sólon de Lucena - Ponta de Matos (83) 98823-7441 Cabedelo PB Instagram;;red;-19;instagram;organic;Pastel de camarão cura tudo... menos a vontade de comer ...;https://instagram.com/reel/DaQUlhYRi0q;instagram_reel_not_profile|brand_not_confirmed|instagram_profile_not_canonicalizable|city_not_confirmed
58f3eb00-556c-496a-abee-790e691903ce;Pastel do Thiago;Pastel do Thiago Cabedelo R. Sólon de Lucena - Ponta de Matos (83) 98823-7441 Cabedelo PB Instagram;;red;-19;instagram;organic;Nosso pastel de camarão #tradicional #raiz ...;https://instagram.com/p/DL2ZAOoxt_6;instagram_p_not_profile|brand_not_confirmed|instagram_profile_not_canonicalizable|city_not_confirmed
58f3eb00-556c-496a-abee-790e691903ce;Pastel do Thiago;Pastel do Thiago Cabedelo R. Sólon de Lucena - Ponta de Matos (83) 98823-7441 Cabedelo PB Instagram;;red;-19;instagram;organic;O queridinho por todos passando no seu feed ❤️ Pastel ...;https://instagram.com/p/DCUwXJ9hS6D;instagram_p_not_profile|brand_not_confirmed|instagram_profile_not_canonicalizable|city_not_confirmed
3e32d9c6-3c16-47a9-912a-b3627b13088d;Bonitinha das tapiocas;Bonitinha das tapiocas Cabedelo Av. Pôr do Sol (87) 99906-3738 Cabedelo PB Instagram;;red;41;instagram;organic;JOÃO PESSOA/PB A tapioca da Dona Nilda não tem perfil no ...;https://instagram.com/reel/DPlpuKCkU3_;instagram_reel_not_profile|instagram_profile_not_canonicalizable|city_not_confirmed
3e32d9c6-3c16-47a9-912a-b3627b13088d;Bonitinha das tapiocas;Bonitinha das tapiocas Cabedelo Av. Pôr do Sol (87) 99906-3738 Cabedelo PB Instagram;yes;red;38;instagram;organic;Tapioca da Leuda (@tapiocadaleuda);https://instagram.com/tapiocadaleuda;brand_not_confirmed|name_not_confirmed
3e32d9c6-3c16-47a9-912a-b3627b13088d;Bonitinha das tapiocas;Bonitinha das tapiocas Cabedelo Av. Pôr do Sol (87) 99906-3738 Cabedelo PB Instagram;;red;35;instagram;organic;eu me achando 'o bonitão das tapiocas' no programa de ...;https://instagram.com/p/DGENnoDxX_y;instagram_p_not_profile|instagram_profile_not_canonicalizable|city_not_confirmed
3e32d9c6-3c16-47a9-912a-b3627b13088d;Bonitinha das tapiocas;Bonitinha das tapiocas Cabedelo Av. Pôr do Sol (87) 99906-3738 Cabedelo PB Instagram;;red;-21;instagram;organic;Venham experimentar nossa tapioca que é referência aqui ...;https://instagram.com/reel/DX31SVoA32Z;instagram_reel_not_profile|brand_not_confirmed|name_not_confirmed|instagram_profile_not_canonicalizable
3e32d9c6-3c16-47a9-912a-b3627b13088d;Bonitinha das tapiocas;Bonitinha das tapiocas Cabedelo Av. Pôr do Sol (87) 99906-3738 Cabedelo PB Instagram;;red;-24;youtube.com;organic;Dizem ser A MELHOR TAPIOCA da orla de João Pessoa ...;https://youtube.com/watch?v=G9dan7bbAdQ;brand_not_confirmed|name_not_confirmed
3e32d9c6-3c16-47a9-912a-b3627b13088d;Bonitinha das tapiocas;Bonitinha das tapiocas Cabedelo Av. Pôr do Sol (87) 99906-3738 Cabedelo PB Instagram;;red;-25;instagram;organic;Leve, gostosa e pronta em minutos A tapioca é a escolha ...;https://instagram.com/reel/DUib4vmDQgQ;instagram_reel_not_profile|brand_not_confirmed|name_not_confirmed|instagram_profile_not_canonicalizable|city_not_confirmed
3e32d9c6-3c16-47a9-912a-b3627b13088d;Bonitinha das tapiocas;Bonitinha das tapiocas Cabedelo Av. Pôr do Sol (87) 99906-3738 Cabedelo PB Instagram;;red;-37;instagram;organic;Tapioca boa a gente sente de longe o cheirinho, né? 🔥 ⏰ ...;https://instagram.com/reel/DQ_sP_rjpoi;instagram_reel_not_profile|brand_not_confirmed|name_not_confirmed|instagram_profile_not_canonicalizable|city_not_confirmed
3e32d9c6-3c16-47a9-912a-b3627b13088d;Bonitinha das tapiocas;Bonitinha das tapiocas Cabedelo Av. Pôr do Sol (87) 99906-3738 Cabedelo PB Instagram;;red;-37;instagram;organic;"Terraço de taypa on Instagram: ""Se você ainda não conhece o ...";https://instagram.com/reel/DIZVVdNpxn1;instagram_reel_not_profile|brand_not_confirmed|name_not_confirmed|instagram_profile_not_canonicalizable|city_not_confirmed
9cb77fed-f80f-42b5-9bfe-5027f4fb0a2e;Villa Porto;Villa Porto Cabedelo R. Duque de Caxias - Vila Sao Joao (83) 98791-9204 Cabedelo PB Instagram;yes;yellow;122;instagram;organic;VILLA PORTO | FOOD PARK 🌟 (@villaportocabedelo);https://instagram.com/villaportocabedelo;
9cb77fed-f80f-42b5-9bfe-5027f4fb0a2e;Villa Porto;Villa Porto Cabedelo R. Duque de Caxias - Vila Sao Joao (83) 98791-9204 Cabedelo PB Instagram;;yellow;116;instagram;organic;Vila do Porto (@vila_do_porto);https://instagram.com/vila_do_porto/reels;city_not_confirmed
9cb77fed-f80f-42b5-9bfe-5027f4fb0a2e;Villa Porto;Villa Porto Cabedelo R. Duque de Caxias - Vila Sao Joao (83) 98791-9204 Cabedelo PB Instagram;;yellow;112;instagram;organic;Prefeitura de Cabedelo (@prefeituradecabedelo);https://instagram.com/prefeituradecabedelo;
9cb77fed-f80f-42b5-9bfe-5027f4fb0a2e;Villa Porto;Villa Porto Cabedelo R. Duque de Caxias - Vila Sao Joao (83) 98791-9204 Cabedelo PB Instagram;;yellow;59;instagram;organic;Villa Porto antigo Center Lanches, um lugar lindo para você ...;https://instagram.com/reel/DKlAONMvkLj;instagram_reel_not_profile|instagram_profile_not_canonicalizable
9cb77fed-f80f-42b5-9bfe-5027f4fb0a2e;Villa Porto;Villa Porto Cabedelo R. Duque de Caxias - Vila Sao Joao (83) 98791-9204 Cabedelo PB Instagram;;red;-11;instagram;organic;25/07 - às 19hs| Vila do Porto Link na Bio;https://instagram.com/reel/DaQSAdIx7r4;instagram_reel_not_profile|brand_not_confirmed|instagram_profile_not_canonicalizable|city_not_confirmed
9cb77fed-f80f-42b5-9bfe-5027f4fb0a2e;Villa Porto;Villa Porto Cabedelo R. Duque de Caxias - Vila Sao Joao (83) 98791-9204 Cabedelo PB Instagram;;red;-15;instagram;organic;Esse mar… 🌊😮‍💨 João Pessoa, Cabedelo… minha PB ...;https://instagram.com/reel/DFAcQQXudhv;instagram_reel_not_profile|brand_not_confirmed|name_not_confirmed|instagram_profile_not_canonicalizable
9cb77fed-f80f-42b5-9bfe-5027f4fb0a2e;Villa Porto;Villa Porto Cabedelo R. Duque de Caxias - Vila Sao Joao (83) 98791-9204 Cabedelo PB Instagram;;red;-15;instagram;organic;Saída às 09:00h. Praça Getúlio Vargas centro de cabedelo PB ...;https://instagram.com/reel/DZphEV6K9kf;instagram_reel_not_profile|brand_not_confirmed|name_not_confirmed|instagram_profile_not_canonicalizable
9cb77fed-f80f-42b5-9bfe-5027f4fb0a2e;Villa Porto;Villa Porto Cabedelo R. Duque de Caxias - Vila Sao Joao (83) 98791-9204 Cabedelo PB Instagram;;red;-21;instagram;organic;"Prefeitura de Cabedelo on Instagram: ""Chegou o Cabedelo ...";https://instagram.com/reel/DaWUlWrgfYZ;instagram_reel_not_profile|brand_not_confirmed|name_not_confirmed|instagram_profile_not_canonicalizable
2b235799-a9b7-4b5b-b754-6aced57e707b;Atlântico bar, cabedelo;Atlântico bar, cabedelo Cabedelo Cassiano, Av. Cassiano da Cunha Nóbrega - Ponta de Matos (83) 99187-8408 Cabedelo PB Instagram;yes;yellow;63;instagram;organic;83 3228-1826 (zap) Vem viver o paraíso! # ...;https://instagram.com/p/DZ8AfH3xenc;instagram_p_not_profile|instagram_profile_not_canonicalizable
2b235799-a9b7-4b5b-b754-6aced57e707b;Atlântico bar, cabedelo;Atlântico bar, cabedelo Cabedelo Cassiano, Av. Cassiano da Cunha Nóbrega - Ponta de Matos (83) 99187-8408 Cabedelo PB Instagram;;red;38;instagram;organic;Tenda Formosa restaurante (@tendaformosaoficial);https://instagram.com/tendaformosaoficial;brand_not_confirmed|name_not_confirmed
2b235799-a9b7-4b5b-b754-6aced57e707b;Atlântico bar, cabedelo;Atlântico bar, cabedelo Cabedelo Cassiano, Av. Cassiano da Cunha Nóbrega - Ponta de Matos (83) 99187-8408 Cabedelo PB Instagram;;red;38;instagram;organic;gigantedomaroficial • Instagram photos and videos;https://instagram.com/gigantedomaroficial;brand_not_confirmed|name_not_confirmed
2b235799-a9b7-4b5b-b754-6aced57e707b;Atlântico bar, cabedelo;Atlântico bar, cabedelo Cabedelo Cassiano, Av. Cassiano da Cunha Nóbrega - Ponta de Matos (83) 99187-8408 Cabedelo PB Instagram;;red;-15;instagram;organic;"Lovina Ponta de Campina on Instagram: ""Vamos almoçar ...";https://instagram.com/reel/CxDjerhL58p;instagram_reel_not_profile|brand_not_confirmed|name_not_confirmed|instagram_profile_not_canonicalizable
2b235799-a9b7-4b5b-b754-6aced57e707b;Atlântico bar, cabedelo;Atlântico bar, cabedelo Cabedelo Cassiano, Av. Cassiano da Cunha Nóbrega - Ponta de Matos (83) 99187-8408 Cabedelo PB Instagram;;red;-15;instagram;organic;Se esse vídeo apareceu pra você… é porque alguém te deve ...;https://instagram.com/reel/DRpQWTfCb0n;instagram_reel_not_profile|brand_not_confirmed|name_not_confirmed|instagram_profile_not_canonicalizable
2b235799-a9b7-4b5b-b754-6aced57e707b;Atlântico bar, cabedelo;Atlântico bar, cabedelo Cabedelo Cassiano, Av. Cassiano da Cunha Nóbrega - Ponta de Matos (83) 99187-8408 Cabedelo PB Instagram;;red;-18;tripadvisor;organic;Caldinho Prime Formosa - Restaurantes: Cabedelo;https://tripadvisor.com.br/Restaurant_Review-g793398-d34142908-Reviews-Caldinho_Prime_Formosa-Cabedelo_State_of_Paraiba.html;brand_not_confirmed|name_not_confirmed
2b235799-a9b7-4b5b-b754-6aced57e707b;Atlântico bar, cabedelo;Atlântico bar, cabedelo Cabedelo Cassiano, Av. Cassiano da Cunha Nóbrega - Ponta de Matos (83) 99187-8408 Cabedelo PB Instagram;;red;-21;instagram;organic;Caldinho Prime | Praia Formosa| Cabedelo | Peixe inteiro no ...;https://instagram.com/reel/C6mL4S-rCOE;instagram_reel_not_profile|brand_not_confirmed|name_not_confirmed|instagram_profile_not_canonicalizable
2b235799-a9b7-4b5b-b754-6aced57e707b;Atlântico bar, cabedelo;Atlântico bar, cabedelo Cabedelo Cassiano, Av. Cassiano da Cunha Nóbrega - Ponta de Matos (83) 99187-8408 Cabedelo PB Instagram;;red;-21;instagram;organic;Nossa localização é privilegiada à beira-mar da praia de ...;https://instagram.com/p/DBuIyYmpIoj;instagram_p_not_profile|brand_not_confirmed|name_not_confirmed|instagram_profile_not_canonicalizable
3a22854f-4f10-4a9c-9bdc-cd40abef570e;Tapiocaria da Edna Paraiba;Tapiocaria da Edna Paraiba Cabedelo R. Praia do Jacaré - Jacaré (83) 98821-2431 Cabedelo PB Instagram;yes;yellow;56;instagram;organic;Tapioca da Leuda (@tapiocadaleuda);https://instagram.com/tapiocadaleuda;brand_not_confirmed
3a22854f-4f10-4a9c-9bdc-cd40abef570e;Tapiocaria da Edna Paraiba;Tapiocaria da Edna Paraiba Cabedelo R. Praia do Jacaré - Jacaré (83) 98821-2431 Cabedelo PB Instagram;;yellow;56;instagram;organic;A loja da Castanha (@casadonordestejp) · Cabedelo, PB;https://instagram.com/casadonordestejp;brand_not_confirmed
3a22854f-4f10-4a9c-9bdc-cd40abef570e;Tapiocaria da Edna Paraiba;Tapiocaria da Edna Paraiba Cabedelo R. Praia do Jacaré - Jacaré (83) 98821-2431 Cabedelo PB Instagram;;red;10;instagram;derived_instagram_handle;Instagram profile @tvcidadejp;https://instagram.com/tvcidadejp;brand_not_confirmed|derived_handle_brand_not_confirmed
3a22854f-4f10-4a9c-9bdc-cd40abef570e;Tapiocaria da Edna Paraiba;Tapiocaria da Edna Paraiba Cabedelo R. Praia do Jacaré - Jacaré (83) 98821-2431 Cabedelo PB Instagram;;red;6;instagram;derived_instagram_handle;Instagram profile @ifoodbrasil;https://instagram.com/ifoodbrasil;brand_not_confirmed|derived_handle_brand_not_confirmed|city_not_confirmed
3a22854f-4f10-4a9c-9bdc-cd40abef570e;Tapiocaria da Edna Paraiba;Tapiocaria da Edna Paraiba Cabedelo R. Praia do Jacaré - Jacaré (83) 98821-2431 Cabedelo PB Instagram;;red;3;instagram;organic;"Cibelly Mar | Restaurante Flutuante on Instagram: ""Somos um ...";https://instagram.com/reel/DJoqOfpt7Bf;instagram_reel_not_profile|brand_not_confirmed|instagram_profile_not_canonicalizable
3a22854f-4f10-4a9c-9bdc-cd40abef570e;Tapiocaria da Edna Paraiba;Tapiocaria da Edna Paraiba Cabedelo R. Praia do Jacaré - Jacaré (83) 98821-2431 Cabedelo PB Instagram;;red;3;instagram;organic;"Cibelly Mar | Restaurante Flutuante on Instagram: ""Vem viver ...";https://instagram.com/reel/C8M0MhMJfuL;instagram_reel_not_profile|brand_not_confirmed|instagram_profile_not_canonicalizable
3a22854f-4f10-4a9c-9bdc-cd40abef570e;Tapiocaria da Edna Paraiba;Tapiocaria da Edna Paraiba Cabedelo R. Praia do Jacaré - Jacaré (83) 98821-2431 Cabedelo PB Instagram;;red;-3;instagram;organic;Tapioca boa a gente sente de longe o cheirinho, né? 🔥 ⏰ ...;https://instagram.com/reel/DQ_sP_rjpoi;instagram_reel_not_profile|brand_not_confirmed|instagram_profile_not_canonicalizable
3a22854f-4f10-4a9c-9bdc-cd40abef570e;Tapiocaria da Edna Paraiba;Tapiocaria da Edna Paraiba Cabedelo R. Praia do Jacaré - Jacaré (83) 98821-2431 Cabedelo PB Instagram;;red;-3;instagram;organic;Resumo dessa entrevista para a @tvcidadejp, que foi cheia ...;https://instagram.com/reel/DWjKFlsODj_;instagram_reel_not_profile|brand_not_confirmed|instagram_profile_not_canonicalizable
37ab4f58-d719-4d80-a795-591129dcd723;RESTAURANTE DA WILMA;RESTAURANTE DA WILMA Cabedelo Jacaré (83) 98732-3938 Cabedelo PB Instagram;yes;yellow;56;instagram;organic;Cibelly Mar | Restaurante Flutuante (@cibellymarr);https://instagram.com/cibellymarr;brand_not_confirmed
37ab4f58-d719-4d80-a795-591129dcd723;RESTAURANTE DA WILMA;RESTAURANTE DA WILMA Cabedelo Jacaré (83) 98732-3938 Cabedelo PB Instagram;;yellow;56;instagram;organic;Tenda Formosa restaurante (@tendaformosaoficial);https://instagram.com/tendaformosaoficial;brand_not_confirmed
37ab4f58-d719-4d80-a795-591129dcd723;RESTAURANTE DA WILMA;RESTAURANTE DA WILMA Cabedelo Jacaré (83) 98732-3938 Cabedelo PB Instagram;;red;3;instagram;organic;"Cibelly Mar | Restaurante Flutuante on Instagram: ""Qual é o ...";https://instagram.com/reel/DMKmlUuu_MG;instagram_reel_not_profile|brand_not_confirmed|instagram_profile_not_canonicalizable
37ab4f58-d719-4d80-a795-591129dcd723;RESTAURANTE DA WILMA;RESTAURANTE DA WILMA Cabedelo Jacaré (83) 98732-3938 Cabedelo PB Instagram;;red;3;instagram;organic;"Cibelly Mar | Restaurante Flutuante on Instagram: ""Por trás do ...";https://instagram.com/reel/DNSoMcHOUO0;instagram_reel_not_profile|brand_not_confirmed|instagram_profile_not_canonicalizable
37ab4f58-d719-4d80-a795-591129dcd723;RESTAURANTE DA WILMA;RESTAURANTE DA WILMA Cabedelo Jacaré (83) 98732-3938 Cabedelo PB Instagram;;red;-3;instagram;organic;Conta pra gente quem vai vir curtir tudo isso com você! A ...;https://instagram.com/reel/DXcI5fcOOBC;instagram_reel_not_profile|brand_not_confirmed|instagram_profile_not_canonicalizable
37ab4f58-d719-4d80-a795-591129dcd723;RESTAURANTE DA WILMA;RESTAURANTE DA WILMA Cabedelo Jacaré (83) 98732-3938 Cabedelo PB Instagram;;red;-3;instagram;organic;É o tipo de experiência que mistura música, ...;https://instagram.com/p/DW80uHdpsT1/?__d=1telegram%E7%A4%BE%E5%B7%A5%E5%BA%93%E6%9C%BA%E5%99%A8%E4%BA%BA%E2%9C%94%EF%B8%8F%2Bwanbila.com%2B%E5%BF%85%E5%BA%94%E7%A4%BE%E5%B7%A5%E5%BA%93%E6%9F%A5%E8%AF%A2%E6%9F%90%E4%B8%AA%E4%BA%BA%E5%90%8D%E4%B8%8B%E6%89%80%E6%9C%89%E6%88%BF%E4%BA%A7%E9%A6%96%E8%A6%81%E9%80%89%E6%8B%A9%E7%9A%84%E6%8A%80%E6%9C%AF%E5%9B%A2%E9%98%9F%E5%8D%8F%E4%BD%9C;instagram_p_not_profile|brand_not_confirmed|instagram_profile_not_canonicalizable
37ab4f58-d719-4d80-a795-591129dcd723;RESTAURANTE DA WILMA;RESTAURANTE DA WILMA Cabedelo Jacaré (83) 98732-3938 Cabedelo PB Instagram;;red;-3;instagram;organic;Almoço bom é na Cibelly Mar, que tal você vir até aqui e ...;https://instagram.com/p/Csljqc8rCg0;instagram_p_not_profile|brand_not_confirmed|instagram_profile_not_canonicalizable
37ab4f58-d719-4d80-a795-591129dcd723;RESTAURANTE DA WILMA;RESTAURANTE DA WILMA Cabedelo Jacaré (83) 98732-3938 Cabedelo PB Instagram;;red;-3;instagram;organic;A partir das 15h, no dia 19 de abril, Jorge, ...;https://instagram.com/p/DXICFNDvof5/?__d=1skidsense%E7%B3%BB%E5%88%97%E2%9C%94%EF%B8%8F%2B%E3%80%90tianchacha.com%E3%80%91%E2%9C%94%EF%B8%8F%E5%9C%A8%E7%BA%BF%E7%A4%BE%E5%B7%A5%E5%BA%93%E6%9F%A5%E7%94%B7%E6%9C%8B%E5%8F%8B%E6%8E%A2%E6%8E%A2%E5%8F%B7%E5%AE%A2%E6%88%B7%E6%9C%80%E5%A4%9A%E7%9A%84liemo%E7%A4%BE%E5%B7%A5%E5%BA%93;instagram_p_not_profile|brand_not_confirmed|instagram_profile_not_canonicalizable
738fac6b-80b9-4424-bfb2-3ae18488cfcb;Davi do Coco;Davi do Coco Intermares Av. Oceano Atlântico (83) 98682-0231 Cabedelo PB Instagram;yes;yellow;114;instagram;derived_instagram_handle;Instagram profile @cocointermares;https://instagram.com/cocointermares;
738fac6b-80b9-4424-bfb2-3ae18488cfcb;Davi do Coco;Davi do Coco Intermares Av. Oceano Atlântico (83) 98682-0231 Cabedelo PB Instagram;;yellow;59;instagram;organic;Davi do Coco é o nome dele, venha tomar aquele coco bem ...;https://instagram.com/reel/DZvdwESJ-rk;instagram_reel_not_profile|instagram_profile_not_canonicalizable
738fac6b-80b9-4424-bfb2-3ae18488cfcb;Davi do Coco;Davi do Coco Intermares Av. Oceano Atlântico (83) 98682-0231 Cabedelo PB Instagram;;red;43;instagram;organic;Venham tomar aquela água de coco no precinho aqui ...;https://instagram.com/p/DaBXHGipWop;instagram_p_not_profile|instagram_profile_not_canonicalizable|city_not_confirmed
738fac6b-80b9-4424-bfb2-3ae18488cfcb;Davi do Coco;Davi do Coco Intermares Av. Oceano Atlântico (83) 98682-0231 Cabedelo PB Instagram;;red;43;instagram;organic;Teve passeio no bosque, teve água de coco pro Davi;https://instagram.com/p/DXT-SVIDs1b;instagram_p_not_profile|instagram_profile_not_canonicalizable|city_not_confirmed
738fac6b-80b9-4424-bfb2-3ae18488cfcb;Davi do Coco;Davi do Coco Intermares Av. Oceano Atlântico (83) 98682-0231 Cabedelo PB Instagram;;red;43;instagram;organic;Davi queria o côco gigante;https://instagram.com/reel/DUXDsmdDK8O;instagram_reel_not_profile|instagram_profile_not_canonicalizable|city_not_confirmed
738fac6b-80b9-4424-bfb2-3ae18488cfcb;Davi do Coco;Davi do Coco Intermares Av. Oceano Atlântico (83) 98682-0231 Cabedelo PB Instagram;;red;-11;instagram;organic;@cocointermares;https://instagram.com/reel/DaTCfr-uOW-;instagram_reel_not_profile|brand_not_confirmed|instagram_profile_not_canonicalizable|city_not_confirmed
738fac6b-80b9-4424-bfb2-3ae18488cfcb;Davi do Coco;Davi do Coco Intermares Av. Oceano Atlântico (83) 98682-0231 Cabedelo PB Instagram;;red;-11;instagram;organic;Na manhã desse sábado tô por aqui no @cocointermares ...;https://instagram.com/reel/DWtbrCSjmF2;instagram_reel_not_profile|brand_not_confirmed|instagram_profile_not_canonicalizable|city_not_confirmed
738fac6b-80b9-4424-bfb2-3ae18488cfcb;Davi do Coco;Davi do Coco Intermares Av. Oceano Atlântico (83) 98682-0231 Cabedelo PB Instagram;;red;-11;instagram;organic;@cocointermares;https://instagram.com/reel/DXRisOsEZ0V;instagram_reel_not_profile|brand_not_confirmed|instagram_profile_not_canonicalizable|city_not_confirmed
fa5d1264-03c0-491d-a52a-4bad168948b0;JKZ Alimentos (AÇAÍto);JKZ Alimentos (AÇAÍto) Cabedelo R. José Faustino da Silva Filho - Lot. Parque Esperanca (83) 3268-0219 Cabedelo PB Instagram;;yellow;62;instadelivery;organic;AçaíKm0 Cardápio - Delivery de Açai em Cabedelo;https://instadelivery.com.br/acaikm0;brand_not_confirmed|name_not_confirmed
fa5d1264-03c0-491d-a52a-4bad168948b0;JKZ Alimentos (AÇAÍto);JKZ Alimentos (AÇAÍto) Cabedelo R. José Faustino da Silva Filho - Lot. Parque Esperanca (83) 3268-0219 Cabedelo PB Instagram;yes;red;44;instagram;organic;Queens do Açaí (@queensdoacai) - Cabedelo;https://instagram.com/queensdoacai;brand_not_confirmed|name_not_confirmed
fa5d1264-03c0-491d-a52a-4bad168948b0;JKZ Alimentos (AÇAÍto);JKZ Alimentos (AÇAÍto) Cabedelo R. José Faustino da Silva Filho - Lot. Parque Esperanca (83) 3268-0219 Cabedelo PB Instagram;;red;44;instagram;organic;Açaí da Cris | Açaiteria Cabedelo (@acaidacris);https://instagram.com/acaidacris;brand_not_confirmed|name_not_confirmed
fa5d1264-03c0-491d-a52a-4bad168948b0;JKZ Alimentos (AÇAÍto);JKZ Alimentos (AÇAÍto) Cabedelo R. José Faustino da Silva Filho - Lot. Parque Esperanca (83) 3268-0219 Cabedelo PB Instagram;;red;38;panrotas.com.br;organic;Empresa de açaí da Paraíba tem soluções para food service;https://panrotas.com.br/noticia-turismo/hotelaria/2013/11/empresa-de-acai-da-paraiba-tem-solucoes-para-food-service_93977.html;
fa5d1264-03c0-491d-a52a-4bad168948b0;JKZ Alimentos (AÇAÍto);JKZ Alimentos (AÇAÍto) Cabedelo R. José Faustino da Silva Filho - Lot. Parque Esperanca (83) 3268-0219 Cabedelo PB Instagram;;red;32;instagram;organic;K2 sorveteria (@k2_sorveteria);https://instagram.com/k2_sorveteria;brand_not_confirmed|name_not_confirmed
fa5d1264-03c0-491d-a52a-4bad168948b0;JKZ Alimentos (AÇAÍto);JKZ Alimentos (AÇAÍto) Cabedelo R. José Faustino da Silva Filho - Lot. Parque Esperanca (83) 3268-0219 Cabedelo PB Instagram;;red;-9;instagram;organic;Só para quem gosta de açaí no copo! 😍💚 Aquela produção ...;https://instagram.com/p/CPyShR7JuSn;instagram_p_not_profile|brand_not_confirmed|name_not_confirmed|instagram_profile_not_canonicalizable
fa5d1264-03c0-491d-a52a-4bad168948b0;JKZ Alimentos (AÇAÍto);JKZ Alimentos (AÇAÍto) Cabedelo R. José Faustino da Silva Filho - Lot. Parque Esperanca (83) 3268-0219 Cabedelo PB Instagram;;red;-19;instagram;organic;O presidente da federação de Jiu-Jitsu da Pb @keypessoa ...;https://instagram.com/p/C6jVTP4LyGk;instagram_p_not_profile|brand_not_confirmed|name_not_confirmed|instagram_profile_not_canonicalizable|city_not_confirmed
fa5d1264-03c0-491d-a52a-4bad168948b0;JKZ Alimentos (AÇAÍto);JKZ Alimentos (AÇAÍto) Cabedelo R. José Faustino da Silva Filho - Lot. Parque Esperanca (83) 3268-0219 Cabedelo PB Instagram;;red;-34;instagram;derived_instagram_handle;Instagram profile @keypessoa;https://instagram.com/keypessoa;brand_not_confirmed|name_not_confirmed|derived_handle_brand_not_confirmed|city_not_confirmed
98181d40-599b-4cb9-89c9-d65dca257d97;Pastelão da BR;Pastelão da BR Cabedelo BR-230 - Amazonia Park (83) 98644-4647 Cabedelo PB Instagram;yes;yellow;68;instagram;organic;Pastelaria Litorânea (@pastelarialitoranea);https://instagram.com/pastelarialitoranea;brand_not_confirmed
98181d40-599b-4cb9-89c9-d65dca257d97;Pastelão da BR;Pastelão da BR Cabedelo BR-230 - Amazonia Park (83) 98644-4647 Cabedelo PB Instagram;;yellow;56;instagram;organic;lacasadepastelpb (@lacasadepastelpbof) · Cabedelo, PB;https://instagram.com/lacasadepastelpbof;brand_not_confirmed
98181d40-599b-4cb9-89c9-d65dca257d97;Pastelão da BR;Pastelão da BR Cabedelo BR-230 - Amazonia Park (83) 98644-4647 Cabedelo PB Instagram;;yellow;46;instagram;organic;Hora Do Pastel (@horadopasteloficial);https://instagram.com/horadopasteloficial/?hl=pt-br;brand_not_confirmed|city_not_confirmed
98181d40-599b-4cb9-89c9-d65dca257d97;Pastelão da BR;Pastelão da BR Cabedelo BR-230 - Amazonia Park (83) 98644-4647 Cabedelo PB Instagram;;red;3;instagram;organic;"Pastel da Liberdade João Pessoa on Instagram: ""O melhor ...";https://instagram.com/reel/DD5Jy4gvTd5;instagram_reel_not_profile|brand_not_confirmed|instagram_profile_not_canonicalizable
98181d40-599b-4cb9-89c9-d65dca257d97;Pastelão da BR;Pastelão da BR Cabedelo BR-230 - Amazonia Park (83) 98644-4647 Cabedelo PB Instagram;;red;3;instagram;organic;Compartilhando dica boa em João Pessoa-PB | Pastéis a ...;https://instagram.com/reel/DP7YdT0kWFh;instagram_reel_not_profile|brand_not_confirmed|instagram_profile_not_canonicalizable
98181d40-599b-4cb9-89c9-d65dca257d97;Pastelão da BR;Pastelão da BR Cabedelo BR-230 - Amazonia Park (83) 98644-4647 Cabedelo PB Instagram;;red;3;instagram;organic;Compartilhando dica boa em João Pessoa-PB | Você sabia ...;https://instagram.com/reel/DJAb4tuNq5K/?hl=pt;instagram_reel_not_profile|brand_not_confirmed|instagram_profile_not_canonicalizable
98181d40-599b-4cb9-89c9-d65dca257d97;Pastelão da BR;Pastelão da BR Cabedelo BR-230 - Amazonia Park (83) 98644-4647 Cabedelo PB Instagram;;red;-19;instagram;organic;Ki Pastel Do Catolé®️🥇 | Dump de 50 dias que vivemos ...;https://instagram.com/p/DU9DKVcjx10;instagram_p_not_profile|brand_not_confirmed|instagram_profile_not_canonicalizable|city_not_confirmed
98181d40-599b-4cb9-89c9-d65dca257d97;Pastelão da BR;Pastelão da BR Cabedelo BR-230 - Amazonia Park (83) 98644-4647 Cabedelo PB Instagram;;red;-19;instagram;organic;Segura essa sequencia das melhores e marca 3 amigos ...;https://instagram.com/reel/DTbe2WqEdXi;instagram_reel_not_profile|brand_not_confirmed|instagram_profile_not_canonicalizable|city_not_confirmed
9007523d-76dc-4621-a738-134d99dfddd1;Manos Burger Cabedelo;Manos Burger Cabedelo Cabedelo Praça Getúlio Vargas - Ponta de Matos (83) 98125-7854 Cabedelo PB Instagram;yes;yellow;114;instagram;derived_instagram_handle;Instagram profile @manosburgercabedelo;https://instagram.com/manosburgercabedelo;
9007523d-76dc-4621-a738-134d99dfddd1;Manos Burger Cabedelo;Manos Burger Cabedelo Cabedelo Praça Getúlio Vargas - Ponta de Matos (83) 98125-7854 Cabedelo PB Instagram;;yellow;52;instagram;organic;I ❤ Burguer (@iloveburguerpb);https://instagram.com/iloveburguerpb;brand_not_confirmed|city_not_confirmed
9007523d-76dc-4621-a738-134d99dfddd1;Manos Burger Cabedelo;Manos Burger Cabedelo Cabedelo Praça Getúlio Vargas - Ponta de Matos (83) 98125-7854 Cabedelo PB Instagram;;yellow;46;instagram;organic;HAMBURGUERIA ARTESANAL (@homesmashburguer);https://instagram.com/homesmashburguer;brand_not_confirmed|city_not_confirmed
9007523d-76dc-4621-a738-134d99dfddd1;Manos Burger Cabedelo;Manos Burger Cabedelo Cabedelo Praça Getúlio Vargas - Ponta de Matos (83) 98125-7854 Cabedelo PB Instagram;;red;5;instagram;organic;Reel by Manos Burger Cabedelo (@manosburgercabedelo);https://instagram.com/p/CzxBe0uLvQO;instagram_p_not_profile|brand_not_confirmed|instagram_profile_not_canonicalizable
9007523d-76dc-4621-a738-134d99dfddd1;Manos Burger Cabedelo;Manos Burger Cabedelo Cabedelo Praça Getúlio Vargas - Ponta de Matos (83) 98125-7854 Cabedelo PB Instagram;;red;3;instagram;organic;CABEDELO/PB Umas das muitas coisas boas de fazer esse ...;https://instagram.com/reel/DWCkMp8EUgV;instagram_reel_not_profile|brand_not_confirmed|instagram_profile_not_canonicalizable
9007523d-76dc-4621-a738-134d99dfddd1;Manos Burger Cabedelo;Manos Burger Cabedelo Cabedelo Praça Getúlio Vargas - Ponta de Matos (83) 98125-7854 Cabedelo PB Instagram;;red;3;instagram;organic;O melhor Hambúrguer artesanal! Vem 📍Estamos na Rua ...;https://instagram.com/p/DKK_aUXvOQ1;instagram_p_not_profile|brand_not_confirmed|instagram_profile_not_canonicalizable
9007523d-76dc-4621-a738-134d99dfddd1;Manos Burger Cabedelo;Manos Burger Cabedelo Cabedelo Praça Getúlio Vargas - Ponta de Matos (83) 98125-7854 Cabedelo PB Instagram;;red;3;instagram;organic;Compartilhando dica boa em João Pessoa-PB | 🍔 O melhor ...;https://instagram.com/reel/DLnr-ATpE_K;instagram_reel_not_profile|brand_not_confirmed|instagram_profile_not_canonicalizable
9007523d-76dc-4621-a738-134d99dfddd1;Manos Burger Cabedelo;Manos Burger Cabedelo Cabedelo Praça Getúlio Vargas - Ponta de Matos (83) 98125-7854 Cabedelo PB Instagram;;red;-3;instagram;organic;🍔🔥 Cabedelo, chegou o Manguinhos Burguer! Dia 17 de ...;https://instagram.com/p/DVu72coDT3N;instagram_p_not_profile|brand_not_confirmed|instagram_profile_not_canonicalizable
274e26ff-b503-440c-8c30-411d9d7c361f;Big lanches camboinha;Big lanches camboinha Camboinha R. Márcia Travassos (83) 99136-4218 Cabedelo PB Instagram;yes;yellow;120;instagram;organic;BIG LANCHES (@biglanchescamboinha) · Cabedelo, PB;https://instagram.com/biglanchescamboinha;
274e26ff-b503-440c-8c30-411d9d7c361f;Big lanches camboinha;Big lanches camboinha Camboinha R. Márcia Travassos (83) 99136-4218 Cabedelo PB Instagram;;yellow;110;instagram;organic;Big Lanche Hamburgueria (@biglanche._) · Pindaré-Mirim, ...;https://instagram.com/biglanche._/?hl=pt;city_not_confirmed
274e26ff-b503-440c-8c30-411d9d7c361f;Big lanches camboinha;Big lanches camboinha Camboinha R. Márcia Travassos (83) 99136-4218 Cabedelo PB Instagram;;yellow;98;instagram;derived_instagram_handle;Instagram profile @biglanchesdaprainha;https://instagram.com/biglanchesdaprainha;city_not_confirmed
274e26ff-b503-440c-8c30-411d9d7c361f;Big lanches camboinha;Big lanches camboinha Camboinha R. Márcia Travassos (83) 99136-4218 Cabedelo PB Instagram;;red;3;instagram;organic;"Comunidade Fraterno Amor on Instagram: ""Agora chegou a ...";https://instagram.com/reel/DFEObNxRCCb;instagram_reel_not_profile|brand_not_confirmed|instagram_profile_not_canonicalizable
274e26ff-b503-440c-8c30-411d9d7c361f;Big lanches camboinha;Big lanches camboinha Camboinha R. Márcia Travassos (83) 99136-4218 Cabedelo PB Instagram;;red;2;instagram;derived_instagram_handle;Instagram profile @aracruz_027;https://instagram.com/aracruz_027;brand_not_confirmed|derived_handle_brand_not_confirmed|city_not_confirmed
274e26ff-b503-440c-8c30-411d9d7c361f;Big lanches camboinha;Big lanches camboinha Camboinha R. Márcia Travassos (83) 99136-4218 Cabedelo PB Instagram;;red;2;hubt.com.br;organic;Big Lanches - Cabedelo, PB - Hubt;https://hubt.com.br/big-lanches-;brand_not_confirmed
274e26ff-b503-440c-8c30-411d9d7c361f;Big lanches camboinha;Big lanches camboinha Camboinha R. Márcia Travassos (83) 99136-4218 Cabedelo PB Instagram;;red;1;instagram;organic;BIG LANCHES | DE OLHO NO PRÊMIO! 🎁🔥 Peça seu ...;https://instagram.com/p/DULsLfQAX_n;instagram_p_not_profile|brand_not_confirmed|instagram_profile_not_canonicalizable|city_not_confirmed
274e26ff-b503-440c-8c30-411d9d7c361f;Big lanches camboinha;Big lanches camboinha Camboinha R. Márcia Travassos (83) 99136-4218 Cabedelo PB Instagram;;red;1;instagram;organic;Dia das Mães é no Big X! Na compra de um combo lanche, ...;https://instagram.com/p/DC6z_YAOXIy;instagram_p_not_profile|brand_not_confirmed|instagram_profile_not_canonicalizable|city_not_confirmed
afa4d143-2996-418e-af22-d839e60b546a;Porto do Café;Porto do Café Centro Praça Getúlio Vargas (83) 98845-4070 Cabedelo PB Instagram;yes;yellow;106;instagram;organic;CAFETERIA | PORTO DO CAFÉ (@portodocafe__);https://instagram.com/portodocafe__;city_not_confirmed
afa4d143-2996-418e-af22-d839e60b546a;Porto do Café;Porto do Café Centro Praça Getúlio Vargas (83) 98845-4070 Cabedelo PB Instagram;;yellow;98;instagram;organic;Quiero Café | 10 anos (@quierocafeoficial);https://instagram.com/quierocafeoficial/?hl=pt-br;city_not_confirmed
afa4d143-2996-418e-af22-d839e60b546a;Porto do Café;Porto do Café Centro Praça Getúlio Vargas (83) 98845-4070 Cabedelo PB Instagram;;yellow;59;instagram;organic;Já experimentou nossos Latte Chocolate? Ainda não ...;https://instagram.com/p/C-agyozpSwc/?hl=am-et;instagram_p_not_profile|instagram_profile_not_canonicalizable
afa4d143-2996-418e-af22-d839e60b546a;Porto do Café;Porto do Café Centro Praça Getúlio Vargas (83) 98845-4070 Cabedelo PB Instagram;;yellow;56;instagram;derived_instagram_handle;Instagram profile @veras_opoint_dosamigos;https://instagram.com/veras_opoint_dosamigos;derived_handle_brand_not_confirmed|city_not_confirmed
afa4d143-2996-418e-af22-d839e60b546a;Porto do Café;Porto do Café Centro Praça Getúlio Vargas (83) 98845-4070 Cabedelo PB Instagram;;red;43;instagram;organic;Porto Café | Brás e Tatuapé | Aqui na Porto você pode fazer ...;https://instagram.com/reel/DNgV-G_xKpY;instagram_reel_not_profile|instagram_profile_not_canonicalizable|city_not_confirmed
afa4d143-2996-418e-af22-d839e60b546a;Porto do Café;Porto do Café Centro Praça Getúlio Vargas (83) 98845-4070 Cabedelo PB Instagram;;red;43;instagram;organic;Porto do Capim @veras_opoint_dosamigos ❤️☕️ ...;https://instagram.com/reel/DOSAbAukaWq;instagram_reel_not_profile|instagram_profile_not_canonicalizable|city_not_confirmed
afa4d143-2996-418e-af22-d839e60b546a;Porto do Café;Porto do Café Centro Praça Getúlio Vargas (83) 98845-4070 Cabedelo PB Instagram;;red;38;instagram;organic;RESTAURANTE POR DO SOL • (@bar_restaurantepordosol);https://instagram.com/bar_restaurantepordosol;brand_not_confirmed|name_not_confirmed
afa4d143-2996-418e-af22-d839e60b546a;Porto do Café;Porto do Café Centro Praça Getúlio Vargas (83) 98845-4070 Cabedelo PB Instagram;;red;-11;instagram;organic;João Pessoa, prepara o coração. O Praça da Moça Café está ...;https://instagram.com/reel/DVTv4UAkXUT;instagram_reel_not_profile|brand_not_confirmed|instagram_profile_not_canonicalizable|city_not_confirmed
0160d19f-be11-446b-a6c5-5048889fff57;Pizzaria nock_nhock;Pizzaria nock_nhock Lot. Parque Esperanca R. Airton Sena (83) 99934-0514 Cabedelo PB Instagram;yes;yellow;56;instagram;organic;Eu Quero Pizza - Food Truck 🍕 (@euqueropizzafoodtruck);https://instagram.com/euqueropizzafoodtruck;brand_not_confirmed
0160d19f-be11-446b-a6c5-5048889fff57;Pizzaria nock_nhock;Pizzaria nock_nhock Lot. Parque Esperanca R. Airton Sena (83) 99934-0514 Cabedelo PB Instagram;;yellow;46;instagram;organic;Pizza Now (@pizzanowexpress);https://instagram.com/pizzanowexpress;brand_not_confirmed|city_not_confirmed
0160d19f-be11-446b-a6c5-5048889fff57;Pizzaria nock_nhock;Pizzaria nock_nhock Lot. Parque Esperanca R. Airton Sena (83) 99934-0514 Cabedelo PB Instagram;;red;-6;instagram;derived_instagram_handle;Instagram profile @originalfoodjp;https://instagram.com/originalfoodjp;brand_not_confirmed|derived_handle_brand_not_confirmed|city_not_confirmed
0160d19f-be11-446b-a6c5-5048889fff57;Pizzaria nock_nhock;Pizzaria nock_nhock Lot. Parque Esperanca R. Airton Sena (83) 99934-0514 Cabedelo PB Instagram;;red;-13;instagram;organic;"Carmela Pizzeria on Instagram: "" CAMPEÃO DENTRO E ...";https://instagram.com/reel/DMyfPBuC-ba;instagram_reel_not_profile|brand_not_confirmed|instagram_profile_not_canonicalizable|city_not_confirmed
0160d19f-be11-446b-a6c5-5048889fff57;Pizzaria nock_nhock;Pizzaria nock_nhock Lot. Parque Esperanca R. Airton Sena (83) 99934-0514 Cabedelo PB Instagram;;red;-13;instagram;organic;João Pessoa/PB;https://instagram.com/p/DYAjKyfk2jV;instagram_p_not_profile|brand_not_confirmed|instagram_profile_not_canonicalizable|city_not_confirmed
0160d19f-be11-446b-a6c5-5048889fff57;Pizzaria nock_nhock;Pizzaria nock_nhock Lot. Parque Esperanca R. Airton Sena (83) 99934-0514 Cabedelo PB Instagram;;red;-19;instagram;organic;tá liberado o aquecimento. 📣⚽🍕 Na Nova Esperança: ...;https://instagram.com/p/DYp5kxGgnkO;instagram_p_not_profile|brand_not_confirmed|instagram_profile_not_canonicalizable|city_not_confirmed
0160d19f-be11-446b-a6c5-5048889fff57;Pizzaria nock_nhock;Pizzaria nock_nhock Lot. Parque Esperanca R. Airton Sena (83) 99934-0514 Cabedelo PB Instagram;;red;-19;instagram;organic;"Pizzaria do Carlão on Instagram: ""Viva essa experiência ...";https://instagram.com/reel/DJe3br1RJDK;instagram_reel_not_profile|brand_not_confirmed|instagram_profile_not_canonicalizable|city_not_confirmed
0160d19f-be11-446b-a6c5-5048889fff57;Pizzaria nock_nhock;Pizzaria nock_nhock Lot. Parque Esperanca R. Airton Sena (83) 99934-0514 Cabedelo PB Instagram;;red;-19;instagram;organic;🚨 PIZZA NOW está com Oferta de 1 Pizza Grande com 4 ...;https://instagram.com/p/DMqe1R7psqG;instagram_p_not_profile|brand_not_confirmed|instagram_profile_not_canonicalizable|city_not_confirmed
a9904835-65ca-4efd-9caf-c8c7354f9ee5;Self-service da nany;Self-service da nany Cabedelo R. Monsenhor Valfredo Leal - Vila Sao Joao (83) 99101-1680 Cabedelo PB Instagram;;green;130;anota_ai;organic;Self Service da Nany | Delivery em Cabedelo | Pedido online;https://pedido.anota.ai/loja/self-service-da-nany;
a9904835-65ca-4efd-9caf-c8c7354f9ee5;Self-service da nany;Self-service da nany Cabedelo R. Monsenhor Valfredo Leal - Vila Sao Joao (83) 99101-1680 Cabedelo PB Instagram;yes;yellow;122;instagram;organic;SELF-SERVICE & MARMITARIA (@selfservicedanany_);https://instagram.com/selfservicedanany_;
a9904835-65ca-4efd-9caf-c8c7354f9ee5;Self-service da nany;Self-service da nany Cabedelo R. Monsenhor Valfredo Leal - Vila Sao Joao (83) 99101-1680 Cabedelo PB Instagram;;yellow;94;instagram;organic;PRIMO RICO (@primoricopb) • Instagram photos and videos;https://instagram.com/primoricopb;city_not_confirmed
a9904835-65ca-4efd-9caf-c8c7354f9ee5;Self-service da nany;Self-service da nany Cabedelo R. Monsenhor Valfredo Leal - Vila Sao Joao (83) 99101-1680 Cabedelo PB Instagram;;red;38;instagram;organic;Meninas Bar e Restaurante (@meninasbar) · Cabedelos, PB;https://instagram.com/meninasbar;brand_not_confirmed|name_not_confirmed
a9904835-65ca-4efd-9caf-c8c7354f9ee5;Self-service da nany;Self-service da nany Cabedelo R. Monsenhor Valfredo Leal - Vila Sao Joao (83) 99101-1680 Cabedelo PB Instagram;;red;35;instagram;organic;ELEITO O MELHOR SELF-SERVICE DO RN em 2025 🍽️ ...;https://instagram.com/p/DW_0S3LjLr_/?__d=1%E5%BE%AE%E5%8D%9A%E7%A7%81%E4%BA%BA%E5%8F%B7%E4%BA%A4%E6%98%93%E4%B8%AD%E5%BF%83%2B-%2B%E5%92%8C%E5%B9%B3%E7%B2%BE%E8%8B%B1%E5%B0%8F%E5%8F%B7%E7%BD%91%2B%E2%9C%94%EF%B8%8Fhaoba.cyou-%E5%BE%AE%E5%8D%9A%E5%B0%8F%E5%8F%B7%E5%B7%B2%E5%AE%9E%E5%90%8D%E8%B4%A6%E5%8F%B7%E5%87%BA%E5%94%AE;instagram_p_not_profile|instagram_profile_not_canonicalizable|city_not_confirmed
a9904835-65ca-4efd-9caf-c8c7354f9ee5;Self-service da nany;Self-service da nany Cabedelo R. Monsenhor Valfredo Leal - Vila Sao Joao (83) 99101-1680 Cabedelo PB Instagram;;red;35;instagram;organic;Dump de delícias do nosso Self Service ! ♥️;https://instagram.com/p/DMdVrVQsrJE;instagram_p_not_profile|instagram_profile_not_canonicalizable|city_not_confirmed
a9904835-65ca-4efd-9caf-c8c7354f9ee5;Self-service da nany;Self-service da nany Cabedelo R. Monsenhor Valfredo Leal - Vila Sao Joao (83) 99101-1680 Cabedelo PB Instagram;;red;35;instagram;organic;Uma variedade em nosso buffet e tudo a vontade 😋😋;https://instagram.com/p/DW1a885ggXN/?__d=1%E6%9C%BA%E6%88%BF%E6%9F%A5%E8%AF%A2%E8%BD%A6%E8%BE%86%E8%A1%8C%E9%A9%B6%E8%BD%A8%E8%BF%B9%E5%AE%9A%E4%BD%8D%E3%80%82%E6%9C%80%E5%AE%89%E5%85%A8%E7%9A%84%E5%86%85%E9%83%A8%E5%85%BC%E8%81%8C%E5%B7%A5%E4%BD%9Cqq%E7%A4%BE%E5%B7%A5%E5%BA%93%E5%9C%A8%E7%BA%BF%E6%9F%A5%E8%AF%A2%E2%9C%94%EF%B8%8Fshegongo.com;instagram_p_not_profile|instagram_profile_not_canonicalizable|city_not_confirmed
a9904835-65ca-4efd-9caf-c8c7354f9ee5;Self-service da nany;Self-service da nany Cabedelo R. Monsenhor Valfredo Leal - Vila Sao Joao (83) 99101-1680 Cabedelo PB Instagram;;red;5;instagram;organic;Nany, a PRÓPRIA! 🧡👩🏻‍🍳;https://instagram.com/p/C6w2fIcLWRL;instagram_p_not_profile|brand_not_confirmed|instagram_profile_not_canonicalizable
0ea2219a-fb1e-47e2-9e40-7da6a335dbd6;Pastelle (Pastelaria artesanal);Pastelle (Pastelaria artesanal) Cabedelo R. Raul Seixas - Renascer (83) 98690-5043 Cabedelo PB Instagram;yes;yellow;120;instagram;organic;Pastelaria Artesanal 🥇 (@pastelleofc) · Cabedelo, PB;https://instagram.com/pastelleofc;
0ea2219a-fb1e-47e2-9e40-7da6a335dbd6;Pastelle (Pastelaria artesanal);Pastelle (Pastelaria artesanal) Cabedelo R. Raul Seixas - Renascer (83) 98690-5043 Cabedelo PB Instagram;;yellow;50;instagram;organic;Pastelaria Litorânea (@pastelarialitoranea);https://instagram.com/pastelarialitoranea;brand_not_confirmed|name_not_confirmed
0ea2219a-fb1e-47e2-9e40-7da6a335dbd6;Pastelle (Pastelaria artesanal);Pastelle (Pastelaria artesanal) Cabedelo R. Raul Seixas - Renascer (83) 98690-5043 Cabedelo PB Instagram;;yellow;46;wanderboat.ai;organic;Pastelle (Pastelaria artesanal) in R. Raul Seixas;https://wanderboat.ai/local-businesses/brazil/regi%C3%A3o-geogr%C3%A1fica-imediata-de-jo%C3%A3o-pessoa/pastelle-(pastelaria-artesanal)/qYG0Tv-KSUCPSI_WguWMGA;
0ea2219a-fb1e-47e2-9e40-7da6a335dbd6;Pastelle (Pastelaria artesanal);Pastelle (Pastelaria artesanal) Cabedelo R. Raul Seixas - Renascer (83) 98690-5043 Cabedelo PB Instagram;;red;28;instagram;organic;CASA DO PASTEL (@casadopastel83);https://instagram.com/casadopastel83;brand_not_confirmed|name_not_confirmed|city_not_confirmed
0ea2219a-fb1e-47e2-9e40-7da6a335dbd6;Pastelle (Pastelaria artesanal);Pastelle (Pastelaria artesanal) Cabedelo R. Raul Seixas - Renascer (83) 98690-5043 Cabedelo PB Instagram;;red;-15;instagram;organic;O melhor pastel de Camboinha te espera!🤩 Agora ficou ...;https://instagram.com/reel/DD5Jy4gvTd5;instagram_reel_not_profile|brand_not_confirmed|name_not_confirmed|instagram_profile_not_canonicalizable
0ea2219a-fb1e-47e2-9e40-7da6a335dbd6;Pastelle (Pastelaria artesanal);Pastelle (Pastelaria artesanal) Cabedelo R. Raul Seixas - Renascer (83) 98690-5043 Cabedelo PB Instagram;;red;-37;instagram;organic;Chama no WhatsApp (83)9 9617-4595 ...;https://instagram.com/p/CvNrdzQOvPt;instagram_p_not_profile|brand_not_confirmed|name_not_confirmed|instagram_profile_not_canonicalizable|city_not_confirmed
0ea2219a-fb1e-47e2-9e40-7da6a335dbd6;Pastelle (Pastelaria artesanal);Pastelle (Pastelaria artesanal) Cabedelo R. Raul Seixas - Renascer (83) 98690-5043 Cabedelo PB Instagram;;red;-37;instagram;organic;Oxeeee, e tu vai ficar de fora é? 👀 O melhor pastel da Zona ...;https://instagram.com/reel/DTyifnqAW4n;instagram_reel_not_profile|brand_not_confirmed|name_not_confirmed|instagram_profile_not_canonicalizable|city_not_confirmed
0ea2219a-fb1e-47e2-9e40-7da6a335dbd6;Pastelle (Pastelaria artesanal);Pastelle (Pastelaria artesanal) Cabedelo R. Raul Seixas - Renascer (83) 98690-5043 Cabedelo PB Instagram;;red;-37;instagram;organic;Mais de 30 sabores de pastel em um só festival ...;https://instagram.com/p/DPjwSO3EeCB;instagram_p_not_profile|brand_not_confirmed|name_not_confirmed|instagram_profile_not_canonicalizable|city_not_confirmed
27df6fb8-c364-4b9d-be49-8ddb961464a2;Cosmo Lanches;Cosmo Lanches Jardim Beta Av. Pres. Venceslau Braz (83) 98776-8636 Cabedelo PB Instagram;yes;yellow;110;instagram;organic;Cosmo Lanches (@cosmolanchesoficial);https://instagram.com/cosmolanchesoficial;city_not_confirmed
27df6fb8-c364-4b9d-be49-8ddb961464a2;Cosmo Lanches;Cosmo Lanches Jardim Beta Av. Pres. Venceslau Braz (83) 98776-8636 Cabedelo PB Instagram;;yellow;98;instagram;organic;Cosmo lanches 🍔🍟🍽️🍕 (@cosmolanches);https://instagram.com/cosmolanches;city_not_confirmed
27df6fb8-c364-4b9d-be49-8ddb961464a2;Cosmo Lanches;Cosmo Lanches Jardim Beta Av. Pres. Venceslau Braz (83) 98776-8636 Cabedelo PB Instagram;;yellow;68;instagram;organic;Marcos Lanches - Cabedelo PB (@marcoslanchess_);https://instagram.com/marcoslanchess_;brand_not_confirmed
27df6fb8-c364-4b9d-be49-8ddb961464a2;Cosmo Lanches;Cosmo Lanches Jardim Beta Av. Pres. Venceslau Braz (83) 98776-8636 Cabedelo PB Instagram;;red;34;instagram;organic;Mumu lanches OFC (@mumu_lanches_ofc);https://instagram.com/mumu_lanches_ofc;brand_not_confirmed|city_not_confirmed
27df6fb8-c364-4b9d-be49-8ddb961464a2;Cosmo Lanches;Cosmo Lanches Jardim Beta Av. Pres. Venceslau Braz (83) 98776-8636 Cabedelo PB Instagram;;red;3;instagram;organic;CABEDELO/PB Umas das muitas coisas boas de fazer esse ...;https://instagram.com/reel/DWCkMp8EUgV;instagram_reel_not_profile|brand_not_confirmed|instagram_profile_not_canonicalizable
27df6fb8-c364-4b9d-be49-8ddb961464a2;Cosmo Lanches;Cosmo Lanches Jardim Beta Av. Pres. Venceslau Braz (83) 98776-8636 Cabedelo PB Instagram;;red;-6;instagram;derived_instagram_handle;Instagram profile @deiako;https://instagram.com/deiako;brand_not_confirmed|derived_handle_brand_not_confirmed|city_not_confirmed
27df6fb8-c364-4b9d-be49-8ddb961464a2;Cosmo Lanches;Cosmo Lanches Jardim Beta Av. Pres. Venceslau Braz (83) 98776-8636 Cabedelo PB Instagram;;red;-7;instagram;organic;Chega de dúvidas! A melhor experiência de delivery da ...;https://instagram.com/reel/DOt7sxyiEq6;instagram_reel_not_profile|brand_not_confirmed|instagram_profile_not_canonicalizable|city_not_confirmed
27df6fb8-c364-4b9d-be49-8ddb961464a2;Cosmo Lanches;Cosmo Lanches Jardim Beta Av. Pres. Venceslau Braz (83) 98776-8636 Cabedelo PB Instagram;;red;-19;instagram;organic;Instagram;https://instagram.com/reel/Cxd9VSorzh1;instagram_reel_not_profile|brand_not_confirmed|instagram_profile_not_canonicalizable|city_not_confirmed
74a5c779-4ae7-4e7f-a91f-372783779162;Varanda da pizza Delivery;Varanda da pizza Delivery Cabedelo R. Das Hortências - Parque Esperança (83) 99666-0928 Cabedelo PB Instagram;yes;yellow;110;instagram;organic;Varanda da Pizza Delivery (@varanda_da_pizza_delivery);https://instagram.com/varanda_da_pizza_delivery;city_not_confirmed
74a5c779-4ae7-4e7f-a91f-372783779162;Varanda da pizza Delivery;Varanda da pizza Delivery Cabedelo R. Das Hortências - Parque Esperança (83) 99666-0928 Cabedelo PB Instagram;;yellow;110;instagram;organic;Varandas® EST.2013 (@varandasgrupo);https://instagram.com/varandasgrupo;city_not_confirmed
74a5c779-4ae7-4e7f-a91f-372783779162;Varanda da pizza Delivery;Varanda da pizza Delivery Cabedelo R. Das Hortências - Parque Esperança (83) 99666-0928 Cabedelo PB Instagram;;yellow;110;instagram;organic;Varanda Gourmet (@varanda.gourmetsh);https://instagram.com/varanda.gourmetsh;city_not_confirmed
74a5c779-4ae7-4e7f-a91f-372783779162;Varanda da pizza Delivery;Varanda da pizza Delivery Cabedelo R. Das Hortências - Parque Esperança (83) 99666-0928 Cabedelo PB Instagram;;yellow;98;instagram;organic;Varanda Pizzaria (@varanda_pizzaria_);https://instagram.com/varanda_pizzaria_;city_not_confirmed
74a5c779-4ae7-4e7f-a91f-372783779162;Varanda da pizza Delivery;Varanda da pizza Delivery Cabedelo R. Das Hortências - Parque Esperança (83) 99666-0928 Cabedelo PB Instagram;;yellow;98;instagram;derived_instagram_handle;Instagram profile @avarandapizza;https://instagram.com/avarandapizza;city_not_confirmed
74a5c779-4ae7-4e7f-a91f-372783779162;Varanda da pizza Delivery;Varanda da pizza Delivery Cabedelo R. Das Hortências - Parque Esperança (83) 99666-0928 Cabedelo PB Instagram;;yellow;47;instagram;organic;Bem-vindo ao Varanda! Aqui, cada detalhe foi pensado pra ...;https://instagram.com/reel/DMDU1GnulQJ;instagram_reel_not_profile|instagram_profile_not_canonicalizable|city_not_confirmed
74a5c779-4ae7-4e7f-a91f-372783779162;Varanda da pizza Delivery;Varanda da pizza Delivery Cabedelo R. Das Hortências - Parque Esperança (83) 99666-0928 Cabedelo PB Instagram;;yellow;47;instagram;organic;Photo by Varanda da Pizza Delivery (@ ...;https://instagram.com/p/DaOSRpsI4mu;instagram_p_not_profile|instagram_profile_not_canonicalizable|city_not_confirmed
74a5c779-4ae7-4e7f-a91f-372783779162;Varanda da pizza Delivery;Varanda da pizza Delivery Cabedelo R. Das Hortências - Parque Esperança (83) 99666-0928 Cabedelo PB Instagram;;yellow;47;instagram;organic;Reel by A Varanda Pizzaria Delivery (@avarandapizza) · April ...;https://instagram.com/reel/CqoOemvgpJL;instagram_reel_not_profile|instagram_profile_not_canonicalizable|city_not_confirmed
6a2fdb0c-b4ce-4085-9d59-b1240d59009a;JL Bolos;JL Bolos Jardim Camboinha R. Rio Paraíba (83) 98787-2334 Cabedelo PB Instagram;yes;yellow;98;instagram;derived_instagram_handle;Instagram profile @jlbolos1;https://instagram.com/jlbolos1;city_not_confirmed
6a2fdb0c-b4ce-4085-9d59-b1240d59009a;JL Bolos;JL Bolos Jardim Camboinha R. Rio Paraíba (83) 98787-2334 Cabedelo PB Instagram;;yellow;98;instagram;derived_instagram_handle;Instagram profile @casa_dos_bolos_mbc;https://instagram.com/casa_dos_bolos_mbc;city_not_confirmed
6a2fdb0c-b4ce-4085-9d59-b1240d59009a;JL Bolos;JL Bolos Jardim Camboinha R. Rio Paraíba (83) 98787-2334 Cabedelo PB Instagram;;yellow;98;instagram;organic;JL BOLOS E TORTAS (@jlbolosetortas);https://instagram.com/jlbolosetortas;city_not_confirmed
6a2fdb0c-b4ce-4085-9d59-b1240d59009a;JL Bolos;JL Bolos Jardim Camboinha R. Rio Paraíba (83) 98787-2334 Cabedelo PB Instagram;;red;3;instagram;organic;"Pastel da Liberdade João Pessoa on Instagram: ""O melhor ...";https://instagram.com/reel/DD5Jy4gvTd5;instagram_reel_not_profile|brand_not_confirmed|instagram_profile_not_canonicalizable
6a2fdb0c-b4ce-4085-9d59-b1240d59009a;JL Bolos;JL Bolos Jardim Camboinha R. Rio Paraíba (83) 98787-2334 Cabedelo PB Instagram;;red;-5;instagram;organic;Se você trabalha com doces e bolos, aqui é o lugar certo para ...;https://instagram.com/reel/DRunY9ajqfQ;instagram_reel_not_profile|brand_not_confirmed|instagram_profile_not_canonicalizable|city_not_confirmed
6a2fdb0c-b4ce-4085-9d59-b1240d59009a;JL Bolos;JL Bolos Jardim Camboinha R. Rio Paraíba (83) 98787-2334 Cabedelo PB Instagram;;red;-11;instagram;organic;Reel by JOCIELE BOLOS 🎂 (@jlbolos1);https://instagram.com/reel/CxwerklrMTw;instagram_reel_not_profile|brand_not_confirmed|instagram_profile_not_canonicalizable|city_not_confirmed
6a2fdb0c-b4ce-4085-9d59-b1240d59009a;JL Bolos;JL Bolos Jardim Camboinha R. Rio Paraíba (83) 98787-2334 Cabedelo PB Instagram;;red;-11;instagram;organic;Wg Bolos João Pessoa e Bayeux ...;https://instagram.com/p/DQmPfJVkqGl;instagram_p_not_profile|brand_not_confirmed|instagram_profile_not_canonicalizable|city_not_confirmed
6a2fdb0c-b4ce-4085-9d59-b1240d59009a;JL Bolos;JL Bolos Jardim Camboinha R. Rio Paraíba (83) 98787-2334 Cabedelo PB Instagram;;red;-11;instagram;organic;Casa de Bolos Franquia | Vai passar aqui na loja pra ...;https://instagram.com/p/DVRUk-QD-TO;instagram_p_not_profile|brand_not_confirmed|instagram_profile_not_canonicalizable|city_not_confirmed
47118179-91f8-4cd7-a84d-f015a7d6033f;Ravellas - Food Truck;Ravellas - Food Truck Cabedelo Rua Clóvis de Holanda Calado - Intermares (83) 98789-1997 Cabedelo PB Instagram;yes;yellow;98;instagram;organic;(@ravellasjp) • Instagram photos and videos;https://instagram.com/ravellasjp;city_not_confirmed
47118179-91f8-4cd7-a84d-f015a7d6033f;Ravellas - Food Truck;Ravellas - Food Truck Cabedelo Rua Clóvis de Holanda Calado - Intermares (83) 98789-1997 Cabedelo PB Instagram;;yellow;47;instagram;organic;Vem aí o Ravellas Burguer e Barbecue! O fogo 🔥 já está ...;https://instagram.com/p/DOcBd4OjraD;instagram_p_not_profile|instagram_profile_not_canonicalizable|city_not_confirmed
47118179-91f8-4cd7-a84d-f015a7d6033f;Ravellas - Food Truck;Ravellas - Food Truck Cabedelo Rua Clóvis de Holanda Calado - Intermares (83) 98789-1997 Cabedelo PB Instagram;;red;38;instagram;organic;Intermares Hall (@intermareshall) · Cabedelo, PB;https://instagram.com/intermareshall;brand_not_confirmed|name_not_confirmed
47118179-91f8-4cd7-a84d-f015a7d6033f;Ravellas - Food Truck;Ravellas - Food Truck Cabedelo Rua Clóvis de Holanda Calado - Intermares (83) 98789-1997 Cabedelo PB Instagram;;red;32;instagram;organic;Prefeitura de Cabedelo (@prefeituradecabedelo);https://instagram.com/prefeituradecabedelo;brand_not_confirmed|name_not_confirmed
47118179-91f8-4cd7-a84d-f015a7d6033f;Ravellas - Food Truck;Ravellas - Food Truck Cabedelo Rua Clóvis de Holanda Calado - Intermares (83) 98789-1997 Cabedelo PB Instagram;;red;11;instagram;organic;O melhor lugar pra quem ama hambúrguer na brasa, assados ...;https://instagram.com/reel/DTJc8qDEcJr;instagram_reel_not_profile|brand_not_confirmed|instagram_profile_not_canonicalizable
47118179-91f8-4cd7-a84d-f015a7d6033f;Ravellas - Food Truck;Ravellas - Food Truck Cabedelo Rua Clóvis de Holanda Calado - Intermares (83) 98789-1997 Cabedelo PB Instagram;;red;1;instagram;organic;O melhor Hambúrguer artesanal! Vem 📍Estamos na Rua ...;https://instagram.com/p/DKK_aUXvOQ1;instagram_p_not_profile|brand_not_confirmed|instagram_profile_not_canonicalizable|city_not_confirmed
47118179-91f8-4cd7-a84d-f015a7d6033f;Ravellas - Food Truck;Ravellas - Food Truck Cabedelo Rua Clóvis de Holanda Calado - Intermares (83) 98789-1997 Cabedelo PB Instagram;;red;-15;instagram;organic;Comece a semana com o melhor ! Vem Estamos na Rua da ...;https://instagram.com/reel/DJ5CIs2PVsd;instagram_reel_not_profile|brand_not_confirmed|name_not_confirmed|instagram_profile_not_canonicalizable
47118179-91f8-4cd7-a84d-f015a7d6033f;Ravellas - Food Truck;Ravellas - Food Truck Cabedelo Rua Clóvis de Holanda Calado - Intermares (83) 98789-1997 Cabedelo PB Instagram;;red;-15;instagram;organic;CABEDELO/PB Umas das muitas coisas boas de fazer esse ...;https://instagram.com/reel/DWCkMp8EUgV;instagram_reel_not_profile|brand_not_confirmed|name_not_confirmed|instagram_profile_not_canonicalizable
1a2bf81d-2228-463f-ab7a-0dbf5ee3d27c;Marcos Lanches;Marcos Lanches Cabedelo Vila Sao Joao Cabedelo PB Instagram;yes;yellow;132;instagram;organic;Marcos Lanches - Cabedelo PB (@marcoslanchess_);https://instagram.com/marcoslanchess_;
1a2bf81d-2228-463f-ab7a-0dbf5ee3d27c;Marcos Lanches;Marcos Lanches Cabedelo Vila Sao Joao Cabedelo PB Instagram;;yellow;69;instagram;organic;Marcos Lanches - Cabedelo PB;https://instagram.com/explore/locations/805915252/marcos-lanches---cabedelo-pb;instagram_explore_not_profile|instagram_profile_not_canonicalizable
1a2bf81d-2228-463f-ab7a-0dbf5ee3d27c;Marcos Lanches;Marcos Lanches Cabedelo Vila Sao Joao Cabedelo PB Instagram;;yellow;68;instagram;organic;LANCHONETE EM CABEDELO (PB) (@rosaalanches_);https://instagram.com/rosaalanches_;brand_not_confirmed
1a2bf81d-2228-463f-ab7a-0dbf5ee3d27c;Marcos Lanches;Marcos Lanches Cabedelo Vila Sao Joao Cabedelo PB Instagram;;yellow;50;instagram;organic;Prefeitura de Cabedelo (@prefeituradecabedelo);https://instagram.com/prefeituradecabedelo;brand_not_confirmed
1a2bf81d-2228-463f-ab7a-0dbf5ee3d27c;Marcos Lanches;Marcos Lanches Cabedelo Vila Sao Joao Cabedelo PB Instagram;;yellow;50;instagram;organic;Vitor Hugo (@vitorcastelliano);https://instagram.com/vitorcastelliano;brand_not_confirmed
1a2bf81d-2228-463f-ab7a-0dbf5ee3d27c;Marcos Lanches;Marcos Lanches Cabedelo Vila Sao Joao Cabedelo PB Instagram;;red;35;instagram;organic;O ganhador de nosso sorteio relâmpago 🤩🥳;https://instagram.com/p/Cz31tZMrhf1;instagram_p_not_profile|instagram_profile_not_canonicalizable|city_not_confirmed
1a2bf81d-2228-463f-ab7a-0dbf5ee3d27c;Marcos Lanches;Marcos Lanches Cabedelo Vila Sao Joao Cabedelo PB Instagram;;red;35;instagram;organic;"Marcos Lanches Original on Instagram: ""Dia de pedir um ...";https://instagram.com/reel/DTggjmfADKQ;instagram_reel_not_profile|instagram_profile_not_canonicalizable|city_not_confirmed
1a2bf81d-2228-463f-ab7a-0dbf5ee3d27c;Marcos Lanches;Marcos Lanches Cabedelo Vila Sao Joao Cabedelo PB Instagram;;red;3;instagram;organic;Cabedelo-PB, chegamos na correria porque não queríamos ...;https://instagram.com/reel/DDhagryxtzZ;instagram_reel_not_profile|brand_not_confirmed|instagram_profile_not_canonicalizable
d8c6249e-fab7-4e9b-a189-861ea7d8d40a;Toca da Árvore;Toca da Árvore Jacaré R. Pôr do Sol (83) 99862-3335 Cabedelo PB Instagram;yes;yellow;94;instagram;organic;treehouse.pb;https://instagram.com/treehouse.pb;city_not_confirmed
d8c6249e-fab7-4e9b-a189-861ea7d8d40a;Toca da Árvore;Toca da Árvore Jacaré R. Pôr do Sol (83) 99862-3335 Cabedelo PB Instagram;;red;38;instagram;organic;Pôr do Sol do Jacaré (@pordosoldojacare) · Cabedelo, PB;https://instagram.com/pordosoldojacare;brand_not_confirmed|name_not_confirmed
d8c6249e-fab7-4e9b-a189-861ea7d8d40a;Toca da Árvore;Toca da Árvore Jacaré R. Pôr do Sol (83) 99862-3335 Cabedelo PB Instagram;;red;11;instagram;organic;O pôr do sol na Praia de Jacaré, em Cabedelo (PB), é um ...;https://instagram.com/reel/DDPanwHJhoS;instagram_reel_not_profile|brand_not_confirmed|instagram_profile_not_canonicalizable
d8c6249e-fab7-4e9b-a189-861ea7d8d40a;Toca da Árvore;Toca da Árvore Jacaré R. Pôr do Sol (83) 99862-3335 Cabedelo PB Instagram;;red;-15;instagram;organic;O Pôr do Sol do Jacaré, em Cabedelo, João Pessoa, é um ...;https://instagram.com/reel/DVPhyS_keVS;instagram_reel_not_profile|brand_not_confirmed|name_not_confirmed|instagram_profile_not_canonicalizable
d8c6249e-fab7-4e9b-a189-861ea7d8d40a;Toca da Árvore;Toca da Árvore Jacaré R. Pôr do Sol (83) 99862-3335 Cabedelo PB Instagram;;red;-15;instagram;organic;Tentam descrever, mas a verdade é que o pôr do sol mais ...;https://instagram.com/reel/DTn20Gqjfv-;instagram_reel_not_profile|brand_not_confirmed|name_not_confirmed|instagram_profile_not_canonicalizable
d8c6249e-fab7-4e9b-a189-861ea7d8d40a;Toca da Árvore;Toca da Árvore Jacaré R. Pôr do Sol (83) 99862-3335 Cabedelo PB Instagram;;red;-15;instagram;organic;O Pôr do Sol da Praia do Jacaré é um dos principais pontos ...;https://instagram.com/reel/DNt3ey2Ws9I;instagram_reel_not_profile|brand_not_confirmed|name_not_confirmed|instagram_profile_not_canonicalizable
d8c6249e-fab7-4e9b-a189-861ea7d8d40a;Toca da Árvore;Toca da Árvore Jacaré R. Pôr do Sol (83) 99862-3335 Cabedelo PB Instagram;;red;-21;instagram;organic;O tradicional Pôr do Sol do Jacaré, em Cabedelo, registrou ...;https://instagram.com/reel/DTYobXAErK2;instagram_reel_not_profile|brand_not_confirmed|name_not_confirmed|instagram_profile_not_canonicalizable
d8c6249e-fab7-4e9b-a189-861ea7d8d40a;Toca da Árvore;Toca da Árvore Jacaré R. Pôr do Sol (83) 99862-3335 Cabedelo PB Instagram;;red;-21;instagram;organic;O pôr do sol na Praia do Jacaré é diferente de qualquer outro ...;https://instagram.com/reel/DV6ENmQjT8j/?hl=pt;instagram_reel_not_profile|brand_not_confirmed|name_not_confirmed|instagram_profile_not_canonicalizable
e3acb420-5c76-4087-a1a7-0de39e4e3162;Açaí do Pará Intermares;Açaí do Pará Intermares Lot. Bela Vista R. Virginia Maria Nogueira Gadelha Pimentel (83) 98229-2123 Cabedelo PB Instagram;yes;yellow;56;instagram;organic;Praçaí Intermares (@pracaiintermares) · Cabedelo, PB;https://instagram.com/pracaiintermares;brand_not_confirmed
e3acb420-5c76-4087-a1a7-0de39e4e3162;Açaí do Pará Intermares;Açaí do Pará Intermares Lot. Bela Vista R. Virginia Maria Nogueira Gadelha Pimentel (83) 98229-2123 Cabedelo PB Instagram;;red;5;instagram;organic;O melhor açaí da Paraíba com as melhores clientes;https://instagram.com/p/C7m8EGzp4M7;instagram_p_not_profile|brand_not_confirmed|instagram_profile_not_canonicalizable
e3acb420-5c76-4087-a1a7-0de39e4e3162;Açaí do Pará Intermares;Açaí do Pará Intermares Lot. Bela Vista R. Virginia Maria Nogueira Gadelha Pimentel (83) 98229-2123 Cabedelo PB Instagram;;red;2;instagram;derived_instagram_handle;Instagram profile @alvxaro;https://instagram.com/alvxaro;brand_not_confirmed|derived_handle_brand_not_confirmed|city_not_confirmed
e3acb420-5c76-4087-a1a7-0de39e4e3162;Açaí do Pará Intermares;Açaí do Pará Intermares Lot. Bela Vista R. Virginia Maria Nogueira Gadelha Pimentel (83) 98229-2123 Cabedelo PB Instagram;;red;2;instagram;derived_instagram_handle;Instagram profile @cop28uaeofficial;https://instagram.com/cop28uaeofficial;brand_not_confirmed|derived_handle_brand_not_confirmed|city_not_confirmed
e3acb420-5c76-4087-a1a7-0de39e4e3162;Açaí do Pará Intermares;Açaí do Pará Intermares Lot. Bela Vista R. Virginia Maria Nogueira Gadelha Pimentel (83) 98229-2123 Cabedelo PB Instagram;;red;-6;instagram;derived_instagram_handle;Instagram profile @luizabrunetoficial;https://instagram.com/luizabrunetoficial;brand_not_confirmed|derived_handle_brand_not_confirmed|city_not_confirmed
e3acb420-5c76-4087-a1a7-0de39e4e3162;Açaí do Pará Intermares;Açaí do Pará Intermares Lot. Bela Vista R. Virginia Maria Nogueira Gadelha Pimentel (83) 98229-2123 Cabedelo PB Instagram;;red;-11;instagram;organic;Descubra o Melhor Açaí de Intermares na Praçaí! Turista, que ...;https://instagram.com/reel/DE5w-DjSfq2;instagram_reel_not_profile|brand_not_confirmed|instagram_profile_not_canonicalizable|city_not_confirmed
e3acb420-5c76-4087-a1a7-0de39e4e3162;Açaí do Pará Intermares;Açaí do Pará Intermares Lot. Bela Vista R. Virginia Maria Nogueira Gadelha Pimentel (83) 98229-2123 Cabedelo PB Instagram;;red;-11;instagram;organic;Referência em Culinária Paraense | Belém do Pará | Se isso ...;https://instagram.com/reel/DT3h4EAgSkc;instagram_reel_not_profile|brand_not_confirmed|instagram_profile_not_canonicalizable|city_not_confirmed
e3acb420-5c76-4087-a1a7-0de39e4e3162;Açaí do Pará Intermares;Açaí do Pará Intermares Lot. Bela Vista R. Virginia Maria Nogueira Gadelha Pimentel (83) 98229-2123 Cabedelo PB Instagram;;red;-11;instagram;organic;Tu sabes que numa casa paraense tem que ter açaí, peixe ...;https://instagram.com/p/DWwKgflhWWc/?__d=1%E6%94%AF%E4%BB%98%E5%AE%9D%E7%A7%81%E4%BA%BA%E5%8F%B7%E8%B4%AD%E4%B9%B0%E5%95%86%E5%9F%8E%E2%9C%94%EF%B8%8F%2Bxiaohaola.com%2B%E2%AD%90%2B%2B%E5%BE%AE%E4%BF%A1%E7%A7%81%E4%BA%BA%E5%8F%B7%E5%93%AA%E9%87%8C%E8%83%BD%E4%B9%B0;instagram_p_not_profile|brand_not_confirmed|instagram_profile_not_canonicalizable|city_not_confirmed
2e4d043d-4eae-48c9-852a-f81b7ef842f5;Bom apetite;Bom apetite Cabedelo Jacaré Cabedelo PB Instagram;yes;yellow;106;instagram;organic;Bom Apetite - Empanadas Argentinas - (@bomapetitejp);https://instagram.com/bomapetitejp;city_not_confirmed
2e4d043d-4eae-48c9-852a-f81b7ef842f5;Bom apetite;Bom apetite Cabedelo Jacaré Cabedelo PB Instagram;;yellow;106;instagram;organic;Bom Apetite (@restaurantebomapetitte);https://instagram.com/restaurantebomapetitte;city_not_confirmed
2e4d043d-4eae-48c9-852a-f81b7ef842f5;Bom apetite;Bom apetite Cabedelo Jacaré Cabedelo PB Instagram;;yellow;106;instagram;organic;Restaurante Bom Apetite (@restaurantebomapetite);https://instagram.com/restaurantebomapetite;city_not_confirmed
2e4d043d-4eae-48c9-852a-f81b7ef842f5;Bom apetite;Bom apetite Cabedelo Jacaré Cabedelo PB Instagram;;red;43;instagram;organic;"Restaurante Bom Apetite on Instagram: "" Seu dia tá corrido ...";https://instagram.com/reel/DLqIYajxAOv;instagram_reel_not_profile|instagram_profile_not_canonicalizable|city_not_confirmed
2e4d043d-4eae-48c9-852a-f81b7ef842f5;Bom apetite;Bom apetite Cabedelo Jacaré Cabedelo PB Instagram;;red;43;instagram;organic;Bom apetite!!!;https://instagram.com/p/DJmKRIeOnhL;instagram_p_not_profile|instagram_profile_not_canonicalizable|city_not_confirmed
2e4d043d-4eae-48c9-852a-f81b7ef842f5;Bom apetite;Bom apetite Cabedelo Jacaré Cabedelo PB Instagram;;red;43;instagram;organic;Restaurante Bom Apetite;https://instagram.com/p/DEOKm0TJpnC;instagram_p_not_profile|instagram_profile_not_canonicalizable|city_not_confirmed
2e4d043d-4eae-48c9-852a-f81b7ef842f5;Bom apetite;Bom apetite Cabedelo Jacaré Cabedelo PB Instagram;;red;43;instagram;organic;Venha almoçar conosco. Rua José Loureiro, 40. E entrada ...;https://instagram.com/reel/DR0QkBMElb4;instagram_reel_not_profile|instagram_profile_not_canonicalizable|city_not_confirmed
2e4d043d-4eae-48c9-852a-f81b7ef842f5;Bom apetite;Bom apetite Cabedelo Jacaré Cabedelo PB Instagram;;red;43;instagram;organic;Bom Apetite Bar & Restaurante | Vocês são a nossa maior ...;https://instagram.com/p/DOo3v2KDsVd;instagram_p_not_profile|instagram_profile_not_canonicalizable|city_not_confirmed
63b2f87b-0602-47f2-85ac-a7a3ab040621;Vanda da coxinha cabedelo PB;Vanda da coxinha cabedelo PB Camalaú Av. São Sebastião (83) 99650-1764 Cabedelo PB Instagram;yes;yellow;122;instagram;organic;vanda da coxinha CABEDELO (@ ...;https://instagram.com/vandada_coxinha_cabedelo;
63b2f87b-0602-47f2-85ac-a7a3ab040621;Vanda da coxinha cabedelo PB;Vanda da coxinha cabedelo PB Camalaú Av. São Sebastião (83) 99650-1764 Cabedelo PB Instagram;;yellow;106;instagram;organic;Vanda da Coxinha (@vandadacoxinhaoficial);https://instagram.com/vandadacoxinhaoficial;city_not_confirmed
63b2f87b-0602-47f2-85ac-a7a3ab040621;Vanda da coxinha cabedelo PB;Vanda da coxinha cabedelo PB Camalaú Av. São Sebastião (83) 99650-1764 Cabedelo PB Instagram;;yellow;106;instagram;organic;VANDA DA COXINHA(MM)🍗 (@vandadacoxinha_);https://instagram.com/vandadacoxinha_;city_not_confirmed
63b2f87b-0602-47f2-85ac-a7a3ab040621;Vanda da coxinha cabedelo PB;Vanda da coxinha cabedelo PB Camalaú Av. São Sebastião (83) 99650-1764 Cabedelo PB Instagram;;yellow;49;instagram;organic;Vanda da Coxinha | 🥰😋😋😛🤩;https://instagram.com/reel/ChslB5Np9Ci;instagram_reel_not_profile|instagram_profile_not_canonicalizable|city_not_confirmed
63b2f87b-0602-47f2-85ac-a7a3ab040621;Vanda da coxinha cabedelo PB;Vanda da coxinha cabedelo PB Camalaú Av. São Sebastião (83) 99650-1764 Cabedelo PB Instagram;;red;43;instagram;organic;Vanda da Coxinha já em clima natalino. Faça já sua ...;https://instagram.com/p/B5_ATJ1F9h1;instagram_p_not_profile|instagram_profile_not_canonicalizable|city_not_confirmed
63b2f87b-0602-47f2-85ac-a7a3ab040621;Vanda da coxinha cabedelo PB;Vanda da coxinha cabedelo PB Camalaú Av. São Sebastião (83) 99650-1764 Cabedelo PB Instagram;;red;43;instagram;organic;Vanda da Coxinha | Da nossa loja direto pra vocês ...;https://instagram.com/reel/DXujsUqGHGO;instagram_reel_not_profile|instagram_profile_not_canonicalizable|city_not_confirmed
63b2f87b-0602-47f2-85ac-a7a3ab040621;Vanda da coxinha cabedelo PB;Vanda da coxinha cabedelo PB Camalaú Av. São Sebastião (83) 99650-1764 Cabedelo PB Instagram;;red;43;instagram;organic;Vanda da Coxinha | 🔥 Nível 1: Só passando pelo feed ...;https://instagram.com/p/DXhvwRNluMf;instagram_p_not_profile|instagram_profile_not_canonicalizable|city_not_confirmed
63b2f87b-0602-47f2-85ac-a7a3ab040621;Vanda da coxinha cabedelo PB;Vanda da coxinha cabedelo PB Camalaú Av. São Sebastião (83) 99650-1764 Cabedelo PB Instagram;;red;38;instagram;organic;A Casa dos Salgados - PB (@casadosalgadospb);https://instagram.com/casadosalgadospb;brand_not_confirmed|name_not_confirmed
ee3d9e13-53b5-4288-a5e0-e2b421049135;Espetinho do xandao;Espetinho do xandao Ponta de Campina R. da Enseada (83) 99656-2295 Cabedelo PB Instagram;yes;yellow;114;instagram;organic;Bar e Petiscaria do Xandão (@petiscariadoxandao);https://instagram.com/petiscariadoxandao;
ee3d9e13-53b5-4288-a5e0-e2b421049135;Espetinho do xandao;Espetinho do xandao Ponta de Campina R. da Enseada (83) 99656-2295 Cabedelo PB Instagram;;yellow;110;instagram;organic;Espetinho do Xandão (@espetinhodoxandaosc);https://instagram.com/espetinhodoxandaosc;city_not_confirmed
ee3d9e13-53b5-4288-a5e0-e2b421049135;Espetinho do xandao;Espetinho do xandao Ponta de Campina R. da Enseada (83) 99656-2295 Cabedelo PB Instagram;;yellow;98;instagram;organic;Xandão Espetinhos (@xandao_espetinhos);https://instagram.com/xandao_espetinhos;city_not_confirmed
ee3d9e13-53b5-4288-a5e0-e2b421049135;Espetinho do xandao;Espetinho do xandao Ponta de Campina R. da Enseada (83) 99656-2295 Cabedelo PB Instagram;;yellow;68;instagram;organic;Espetinho União (@espetinho_unia) · Cabedelo, PB;https://instagram.com/espetinho_unia;brand_not_confirmed
ee3d9e13-53b5-4288-a5e0-e2b421049135;Espetinho do xandao;Espetinho do xandao Ponta de Campina R. da Enseada (83) 99656-2295 Cabedelo PB Instagram;;yellow;60;instagram;derived_instagram_handle;Instagram profile @espetinhodoxandy33;https://instagram.com/espetinhodoxandy33;derived_handle_brand_not_confirmed|city_not_confirmed
ee3d9e13-53b5-4288-a5e0-e2b421049135;Espetinho do xandao;Espetinho do xandao Ponta de Campina R. da Enseada (83) 99656-2295 Cabedelo PB Instagram;;yellow;53;instagram;organic;Xandão Grill | Restaurante & Açougue | 🔥 Sucesso absoluto ...;https://instagram.com/reel/DSDPBokAPiP;instagram_reel_not_profile|instagram_profile_not_canonicalizable|city_not_confirmed
ee3d9e13-53b5-4288-a5e0-e2b421049135;Espetinho do xandao;Espetinho do xandao Ponta de Campina R. da Enseada (83) 99656-2295 Cabedelo PB Instagram;;yellow;47;instagram;organic;Reel by Xandy Sousa (@espetinhodoxandy33) · September ...;https://instagram.com/reel/CilqCt5jL7y;instagram_reel_not_profile|instagram_profile_not_canonicalizable|city_not_confirmed
ee3d9e13-53b5-4288-a5e0-e2b421049135;Espetinho do xandao;Espetinho do xandao Ponta de Campina R. da Enseada (83) 99656-2295 Cabedelo PB Instagram;;red;-3;instagram;organic;O melhor espetinho de cabedelo agora no conforto da sua ...;https://instagram.com/p/CL91XFbLRAc;instagram_p_not_profile|brand_not_confirmed|instagram_profile_not_canonicalizable
7c7122af-3461-4317-853e-634eaadcc895;Espetinho lá Brasil;Espetinho lá Brasil Cabedelo Av. Oceano Pacífico - Intermares (61) 99908-5656 Cabedelo PB Instagram;yes;yellow;118;instagram;organic;Rope Espetos (@ropeespetos) · Cabedelo, PB;https://instagram.com/ropeespetos;
7c7122af-3461-4317-853e-634eaadcc895;Espetinho lá Brasil;Espetinho lá Brasil Cabedelo Av. Oceano Pacífico - Intermares (61) 99908-5656 Cabedelo PB Instagram;;yellow;96;instagram;organic;espetinhos / grill / caldos/ churrasco (@olivergrilleespetos);https://instagram.com/olivergrilleespetos;city_not_confirmed
7c7122af-3461-4317-853e-634eaadcc895;Espetinho lá Brasil;Espetinho lá Brasil Cabedelo Av. Oceano Pacífico - Intermares (61) 99908-5656 Cabedelo PB Instagram;;yellow;84;instagram;organic;ESPETINHO DA PRAIA 👑 (@espetinhodapraia);https://instagram.com/espetinhodapraia;city_not_confirmed
7c7122af-3461-4317-853e-634eaadcc895;Espetinho lá Brasil;Espetinho lá Brasil Cabedelo Av. Oceano Pacífico - Intermares (61) 99908-5656 Cabedelo PB Instagram;;yellow;78;instagram;organic;Prefeitura de Cabedelo (@prefeituradecabedelo);https://instagram.com/prefeituradecabedelo;name_not_confirmed
7c7122af-3461-4317-853e-634eaadcc895;Espetinho lá Brasil;Espetinho lá Brasil Cabedelo Av. Oceano Pacífico - Intermares (61) 99908-5656 Cabedelo PB Instagram;;yellow;47;instagram;organic;"churrasco on Instagram: ""#selecaobrasileira #intermares ...";https://instagram.com/reel/DKh2jpSvy85;instagram_reel_not_profile|instagram_profile_not_canonicalizable
7c7122af-3461-4317-853e-634eaadcc895;Espetinho lá Brasil;Espetinho lá Brasil Cabedelo Av. Oceano Pacífico - Intermares (61) 99908-5656 Cabedelo PB Instagram;;yellow;47;instagram;organic;"churrasco on Instagram: ""#intermares #cabedelo ...";https://instagram.com/reel/DKGADVWNPkP;instagram_reel_not_profile|instagram_profile_not_canonicalizable
7c7122af-3461-4317-853e-634eaadcc895;Espetinho lá Brasil;Espetinho lá Brasil Cabedelo Av. Oceano Pacífico - Intermares (61) 99908-5656 Cabedelo PB Instagram;;yellow;47;instagram;organic;O melhor espetinho de cabedelo agora no conforto da sua ...;https://instagram.com/p/CL91XFbLRAc;instagram_p_not_profile|instagram_profile_not_canonicalizable
7c7122af-3461-4317-853e-634eaadcc895;Espetinho lá Brasil;Espetinho lá Brasil Cabedelo Av. Oceano Pacífico - Intermares (61) 99908-5656 Cabedelo PB Instagram;;red;31;instagram;organic;O pau que rola na internet diz que só você não conhece o ...;https://instagram.com/reel/DW92UgtoSwn;instagram_reel_not_profile|instagram_profile_not_canonicalizable|city_not_confirmed
b95fcf06-a8e5-43ff-b86f-7770d2759908;Mirante Lounge;Mirante Lounge Cabedelo R. Jair Cunha Cavalcanti - Jacaré Cabedelo PB Instagram;yes;yellow;128;instagram;derived_instagram_handle;Instagram profile @miranteloungepb;https://instagram.com/miranteloungepb;
b95fcf06-a8e5-43ff-b86f-7770d2759908;Mirante Lounge;Mirante Lounge Cabedelo R. Jair Cunha Cavalcanti - Jacaré Cabedelo PB Instagram;;yellow;78;instagram;derived_instagram_handle;Instagram profile @douglaspegador;https://instagram.com/douglaspegador;derived_handle_brand_not_confirmed
b95fcf06-a8e5-43ff-b86f-7770d2759908;Mirante Lounge;Mirante Lounge Cabedelo R. Jair Cunha Cavalcanti - Jacaré Cabedelo PB Instagram;;yellow;78;instagram;derived_instagram_handle;Instagram profile @galaoficial;https://instagram.com/galaoficial;derived_handle_brand_not_confirmed
b95fcf06-a8e5-43ff-b86f-7770d2759908;Mirante Lounge;Mirante Lounge Cabedelo R. Jair Cunha Cavalcanti - Jacaré Cabedelo PB Instagram;;yellow;65;instagram;organic;Um dos artistas mais carismáticos e autênticos do brega ...;https://instagram.com/p/DQX8g6mjP6T;instagram_p_not_profile|instagram_profile_not_canonicalizable
b95fcf06-a8e5-43ff-b86f-7770d2759908;Mirante Lounge;Mirante Lounge Cabedelo R. Jair Cunha Cavalcanti - Jacaré Cabedelo PB Instagram;;yellow;65;instagram;organic;📍mirante lounge, beach club quinta á domingo, 11 às 19hrs;https://instagram.com/p/DEeEI6wN-vT;instagram_p_not_profile|instagram_profile_not_canonicalizable
b95fcf06-a8e5-43ff-b86f-7770d2759908;Mirante Lounge;Mirante Lounge Cabedelo R. Jair Cunha Cavalcanti - Jacaré Cabedelo PB Instagram;;yellow;65;instagram;organic;Diego Furtado ( @galaoficial ) o Galã do Brega, escolheu ...;https://instagram.com/p/DQKNaZJkeu9;instagram_p_not_profile|instagram_profile_not_canonicalizable
b95fcf06-a8e5-43ff-b86f-7770d2759908;Mirante Lounge;Mirante Lounge Cabedelo R. Jair Cunha Cavalcanti - Jacaré Cabedelo PB Instagram;;yellow;57;instagram;organic;"Cibelly Mar | Restaurante Flutuante on Instagram: ""Por trás do ...";https://instagram.com/reel/DNSoMcHOUO0;instagram_reel_not_profile|instagram_profile_not_canonicalizable
b95fcf06-a8e5-43ff-b86f-7770d2759908;Mirante Lounge;Mirante Lounge Cabedelo R. Jair Cunha Cavalcanti - Jacaré Cabedelo PB Instagram;;red;38;instagram;organic;gigantedomaroficial • Instagram photos and videos;https://instagram.com/gigantedomaroficial;brand_not_confirmed|name_not_confirmed
19adbb1c-6894-4306-8468-d84cba24eed6;Espetinh;Espetinh Cabedelo R. Nilo Montenegro - Jardim Camboinha (83) 99999-9999 Cabedelo PB Instagram;yes;yellow;100;instagram;organic;espetinhos / grill / caldos/ churrasco (@olivergrilleespetos);https://instagram.com/olivergrilleespetos;city_not_confirmed
19adbb1c-6894-4306-8468-d84cba24eed6;Espetinh;Espetinh Cabedelo R. Nilo Montenegro - Jardim Camboinha (83) 99999-9999 Cabedelo PB Instagram;;yellow;98;instagram;organic;ESPETINHO DA PRAIA 👑 (@espetinhodapraia);https://instagram.com/espetinhodapraia;city_not_confirmed
19adbb1c-6894-4306-8468-d84cba24eed6;Espetinh;Espetinh Cabedelo R. Nilo Montenegro - Jardim Camboinha (83) 99999-9999 Cabedelo PB Instagram;;yellow;98;instagram;derived_instagram_handle;Instagram profile @pontodoespetinho.sjb;https://instagram.com/pontodoespetinho.sjb;city_not_confirmed
19adbb1c-6894-4306-8468-d84cba24eed6;Espetinh;Espetinh Cabedelo R. Nilo Montenegro - Jardim Camboinha (83) 99999-9999 Cabedelo PB Instagram;;yellow;51;instagram;organic;O melhor espetinho de cabedelo agora no conforto da sua ...;https://instagram.com/p/CL91XFbLRAc;instagram_p_not_profile|instagram_profile_not_canonicalizable
19adbb1c-6894-4306-8468-d84cba24eed6;Espetinh;Espetinh Cabedelo R. Nilo Montenegro - Jardim Camboinha (83) 99999-9999 Cabedelo PB Instagram;;red;35;instagram;organic;Já pode salvar esse aqui O espetinho que todo mundo ...;https://instagram.com/p/DXKZnIsiv7w/?__d=1%E6%9F%A5%E5%BD%95%E9%9F%B3%E6%9F%A5%E8%AF%A2%E8%BD%A6%E8%BE%86%E8%A1%8C%E9%A9%B6%E8%BD%A8%E8%BF%B9%E5%AE%9A%E4%BD%8D%2C%E6%9C%80%E9%9D%A0%E8%B0%B1%E7%9A%84E%E6%95%B0%E6%8D%AEqq%E7%A4%BE%E5%B7%A5%E5%BA%93%E5%9C%A8%E7%BA%BF%E6%9F%A5%E8%AF%A2%E2%9C%94%EF%B8%8Fshegongo.com;instagram_p_not_profile|instagram_profile_not_canonicalizable|city_not_confirmed
19adbb1c-6894-4306-8468-d84cba24eed6;Espetinh;Espetinh Cabedelo R. Nilo Montenegro - Jardim Camboinha (83) 99999-9999 Cabedelo PB Instagram;;red;35;instagram;organic;Restaurante Delícia.com | Espetinho de carne do sol com ...;https://instagram.com/reel/DaTMGAourPI;instagram_reel_not_profile|instagram_profile_not_canonicalizable|city_not_confirmed
19adbb1c-6894-4306-8468-d84cba24eed6;Espetinh;Espetinh Cabedelo R. Nilo Montenegro - Jardim Camboinha (83) 99999-9999 Cabedelo PB Instagram;;red;35;instagram;organic;@pontodoespetinho.sjb Rua Amos José Roberto, 2011, ...;https://instagram.com/p/DaV8vNyggna;instagram_p_not_profile|instagram_profile_not_canonicalizable|city_not_confirmed
19adbb1c-6894-4306-8468-d84cba24eed6;Espetinh;Espetinh Cabedelo R. Nilo Montenegro - Jardim Camboinha (83) 99999-9999 Cabedelo PB Instagram;;red;35;instagram;organic;Mesa cheia do jeito que a gente ama! 😍 Vem aproveitar a ...;https://instagram.com/p/DOwgWV3jyT9;instagram_p_not_profile|instagram_profile_not_canonicalizable|city_not_confirmed
436f9cd0-dff9-44c9-b070-180629e7a50e;Acai;Acai Lot. Oceania VI Av. Imbiridiba Cabedelo PB Instagram;yes;yellow;112;instagram;organic;Daniel Do Açaí (@danieldoacai);https://instagram.com/danieldoacai;
436f9cd0-dff9-44c9-b070-180629e7a50e;Acai;Acai Lot. Oceania VI Av. Imbiridiba Cabedelo PB Instagram;;yellow;106;instagram;organic;AÇAI JACARÉ BEACH (@acaijacarebeach);https://instagram.com/acaijacarebeach/reels;
436f9cd0-dff9-44c9-b070-180629e7a50e;Acai;Acai Lot. Oceania VI Av. Imbiridiba Cabedelo PB Instagram;;yellow;106;instagram;organic;acaiaraxa2 · Cabedelo, PB;https://instagram.com/acaiaraxa2;
436f9cd0-dff9-44c9-b070-180629e7a50e;Acai;Acai Lot. Oceania VI Av. Imbiridiba Cabedelo PB Instagram;;yellow;100;instagram;organic;Açaí da Praia do Poço - Cabedelo (@acaidopoco);https://instagram.com/acaidopoco/reels;
436f9cd0-dff9-44c9-b070-180629e7a50e;Acai;Acai Lot. Oceania VI Av. Imbiridiba Cabedelo PB Instagram;;yellow;90;instagram;derived_instagram_handle;Instagram profile @acaijacarebeach;https://instagram.com/acaijacarebeach;city_not_confirmed
436f9cd0-dff9-44c9-b070-180629e7a50e;Acai;Acai Lot. Oceania VI Av. Imbiridiba Cabedelo PB Instagram;;yellow;53;instagram;organic;O melhor açaí está aqui em intermares! ❤ 📍Localização;https://instagram.com/p/BTr1aryAUxL;instagram_p_not_profile|instagram_profile_not_canonicalizable
436f9cd0-dff9-44c9-b070-180629e7a50e;Acai;Acai Lot. Oceania VI Av. Imbiridiba Cabedelo PB Instagram;;yellow;53;instagram;organic;"Açaí & Sorvete on Instagram: ""É HOJE! A South Beach abre as ...";https://instagram.com/reel/DM0VmAIO6y9;instagram_reel_not_profile|instagram_profile_not_canonicalizable
436f9cd0-dff9-44c9-b070-180629e7a50e;Acai;Acai Lot. Oceania VI Av. Imbiridiba Cabedelo PB Instagram;;yellow;53;instagram;organic;O melhor açaí de Cabedelo. Praçaí Intermares. Vem pra cá ...;https://instagram.com/reel/DFgYAuqS7Ko;instagram_reel_not_profile|instagram_profile_not_canonicalizable
80b5f0be-adea-4b91-8b8e-ee162f79f973;M E Refeição;M E Refeição Cabedelo Intermares Cabedelo PB Instagram;yes;yellow;50;instagram;organic;Prefeitura de Cabedelo (@prefeituradecabedelo);https://instagram.com/prefeituradecabedelo;brand_not_confirmed
80b5f0be-adea-4b91-8b8e-ee162f79f973;M E Refeição;M E Refeição Cabedelo Intermares Cabedelo PB Instagram;;yellow;50;instagram;organic;Panificadora Eldorado Gourmet (@eldoradogourmetof);https://instagram.com/eldoradogourmetof/?hl=pt-br;brand_not_confirmed
80b5f0be-adea-4b91-8b8e-ee162f79f973;M E Refeição;M E Refeição Cabedelo Intermares Cabedelo PB Instagram;;red;40;instagram;organic;PRIMO RICO (@primoricopb) • Instagram photos and videos;https://instagram.com/primoricopb;brand_not_confirmed|city_not_confirmed
80b5f0be-adea-4b91-8b8e-ee162f79f973;M E Refeição;M E Refeição Cabedelo Intermares Cabedelo PB Instagram;;red;3;instagram;organic;O paraíso existe em cabedelo! Um mar azul maravilhoso com ...;https://instagram.com/reel/DRhbd6ckZxt;instagram_reel_not_profile|brand_not_confirmed|instagram_profile_not_canonicalizable
80b5f0be-adea-4b91-8b8e-ee162f79f973;M E Refeição;M E Refeição Cabedelo Intermares Cabedelo PB Instagram;;red;3;instagram;organic;Numar Bar e Restaurante | Cabedelo é mar, é vento bom, é ...;https://instagram.com/reel/DSLPgSckbo5;instagram_reel_not_profile|brand_not_confirmed|instagram_profile_not_canonicalizable
80b5f0be-adea-4b91-8b8e-ee162f79f973;M E Refeição;M E Refeição Cabedelo Intermares Cabedelo PB Instagram;;red;3;instagram;organic;@primoricopb / Se você está procurando comida boa ...;https://instagram.com/reel/DZSrm3Gx0mT;instagram_reel_not_profile|brand_not_confirmed|instagram_profile_not_canonicalizable
80b5f0be-adea-4b91-8b8e-ee162f79f973;M E Refeição;M E Refeição Cabedelo Intermares Cabedelo PB Instagram;;red;-3;instagram;organic;"ESPETINHO DA PRAIA on Instagram: ""Procurando um lugar ...";https://instagram.com/reel/DC1iAHSRUwL;instagram_reel_not_profile|brand_not_confirmed|instagram_profile_not_canonicalizable
80b5f0be-adea-4b91-8b8e-ee162f79f973;M E Refeição;M E Refeição Cabedelo Intermares Cabedelo PB Instagram;;red;-3;instagram;organic;Intermares é um bairro de Cabedelo (cidade que pertence ...;https://instagram.com/reel/CmZ9a00q_NI;instagram_reel_not_profile|brand_not_confirmed|instagram_profile_not_canonicalizable
f193a559-db9e-4530-be1f-889d9cd213ae;Burger Prime;Burger Prime Cabedelo R. Raul Seixas - Renascer (83) 98617-5093 Cabedelo PB Instagram;yes;yellow;56;instagram;organic;HAMBURGUERIA ARTESANAL (@homesmashburguer);https://instagram.com/homesmashburguer;brand_not_confirmed
f193a559-db9e-4530-be1f-889d9cd213ae;Burger Prime;Burger Prime Cabedelo R. Raul Seixas - Renascer (83) 98617-5093 Cabedelo PB Instagram;;red;14;instagram;derived_instagram_handle;Instagram profile @sandubakbdelo;https://instagram.com/sandubakbdelo;brand_not_confirmed|derived_handle_brand_not_confirmed|city_not_confirmed
f193a559-db9e-4530-be1f-889d9cd213ae;Burger Prime;Burger Prime Cabedelo R. Raul Seixas - Renascer (83) 98617-5093 Cabedelo PB Instagram;;red;5;instagram;organic;O BÁSICO QUE FUNCIONA! 🍔🔥 Nosso delicioso CLASSIC ...;https://instagram.com/reel/DJfDk7PpTkw;instagram_reel_not_profile|brand_not_confirmed|instagram_profile_not_canonicalizable
f193a559-db9e-4530-be1f-889d9cd213ae;Burger Prime;Burger Prime Cabedelo R. Raul Seixas - Renascer (83) 98617-5093 Cabedelo PB Instagram;;red;3;instagram;organic;O melhor lugar pra quem ama hambúrguer na brasa, assados ...;https://instagram.com/reel/DTJc8qDEcJr;instagram_reel_not_profile|brand_not_confirmed|instagram_profile_not_canonicalizable
f193a559-db9e-4530-be1f-889d9cd213ae;Burger Prime;Burger Prime Cabedelo R. Raul Seixas - Renascer (83) 98617-5093 Cabedelo PB Instagram;;red;1;instagram;organic;​🍔 CONHEÇA O NOSSO BURGUER PRIME! 🍔 ​Você ...;https://instagram.com/p/DVeyx6_DCY3;instagram_p_not_profile|brand_not_confirmed|instagram_profile_not_canonicalizable|city_not_confirmed
f193a559-db9e-4530-be1f-889d9cd213ae;Burger Prime;Burger Prime Cabedelo R. Raul Seixas - Renascer (83) 98617-5093 Cabedelo PB Instagram;;red;1;instagram;organic;O sabor que você ama agora na Burgers Prime 🍔🔥 Seu ...;https://instagram.com/reel/DS21QrzAY39;instagram_reel_not_profile|brand_not_confirmed|instagram_profile_not_canonicalizable|city_not_confirmed
f193a559-db9e-4530-be1f-889d9cd213ae;Burger Prime;Burger Prime Cabedelo R. Raul Seixas - Renascer (83) 98617-5093 Cabedelo PB Instagram;;red;-11;instagram;organic;Nada melhor que um BURGUER PRIME nesse SABADÃO, ...;https://instagram.com/p/C-yK-45p0jV;instagram_p_not_profile|brand_not_confirmed|instagram_profile_not_canonicalizable|city_not_confirmed
f193a559-db9e-4530-be1f-889d9cd213ae;Burger Prime;Burger Prime Cabedelo R. Raul Seixas - Renascer (83) 98617-5093 Cabedelo PB Instagram;;red;-11;instagram;organic;O endereço mudou. O vício continua! 🍔 A Burger Prime ...;https://instagram.com/p/DaWLhp_RBJA;instagram_p_not_profile|brand_not_confirmed|instagram_profile_not_canonicalizable|city_not_confirmed
17948cd2-fa0d-4c8a-a785-6dfa92101d75;China Mix e Pizzaria;China Mix e Pizzaria Lot. Parque Esperanca R. Orquídeas (83) 98612-9540 Cabedelo PB Instagram;yes;yellow;118;instagram;organic;China Mix & pizzaria (@chinamix_jp);https://instagram.com/chinamix_jp;city_not_confirmed
17948cd2-fa0d-4c8a-a785-6dfa92101d75;China Mix e Pizzaria;China Mix e Pizzaria Lot. Parque Esperanca R. Orquídeas (83) 98612-9540 Cabedelo PB Instagram;;yellow;110;instagram;organic;Box china - Restaurante e Pizzaria (@boxchinaop);https://instagram.com/boxchinaop;city_not_confirmed
17948cd2-fa0d-4c8a-a785-6dfa92101d75;China Mix e Pizzaria;China Mix e Pizzaria Lot. Parque Esperanca R. Orquídeas (83) 98612-9540 Cabedelo PB Instagram;;red;43;instagram;organic;China Mix & pizzaria（@chinamix_jp）的 Reels · 2024年9月8日;https://instagram.com/reel/C_qRwvjp5vo/?hl=zh-cn;instagram_reel_not_profile|instagram_profile_not_canonicalizable|city_not_confirmed
17948cd2-fa0d-4c8a-a785-6dfa92101d75;China Mix e Pizzaria;China Mix e Pizzaria Lot. Parque Esperanca R. Orquídeas (83) 98612-9540 Cabedelo PB Instagram;;red;16;instagram;organic;Deu em pizza (@deuempizza_jp);https://instagram.com/deuempizza_jp;brand_not_confirmed|name_not_confirmed|city_not_confirmed
17948cd2-fa0d-4c8a-a785-6dfa92101d75;China Mix e Pizzaria;China Mix e Pizzaria Lot. Parque Esperanca R. Orquídeas (83) 98612-9540 Cabedelo PB Instagram;;red;-11;instagram;organic;Comer os combos do China com o seu bff;https://instagram.com/p/DWSAegClq3P;instagram_p_not_profile|brand_not_confirmed|instagram_profile_not_canonicalizable|city_not_confirmed
17948cd2-fa0d-4c8a-a785-6dfa92101d75;China Mix e Pizzaria;China Mix e Pizzaria Lot. Parque Esperanca R. Orquídeas (83) 98612-9540 Cabedelo PB Instagram;;red;-25;instagram;organic;Mr Jones Pizzaria | Quando o pizzaiolo fica famoso, é assim;https://instagram.com/p/DXAZRzCE4q6/?__d=1%E5%9B%9B%E5%B7%9D%E5%BE%B7%E9%98%B3%E6%83%B3%E8%A6%81%E6%89%BE%E7%BE%8E%E5%A8%87%E5%A8%98%E5%95%86%E5%8A%A1%E9%99%AA%E4%BC%B4%3F%2B-%2B%E5%BE%B7%E9%98%B3%E7%BE%8E%E5%A8%87%E5%A8%98.%E2%9C%94%EF%B8%8Fbaoyangya.com;instagram_p_not_profile|brand_not_confirmed|name_not_confirmed|instagram_profile_not_canonicalizable|city_not_confirmed
17948cd2-fa0d-4c8a-a785-6dfa92101d75;China Mix e Pizzaria;China Mix e Pizzaria Lot. Parque Esperanca R. Orquídeas (83) 98612-9540 Cabedelo PB Instagram;;red;-31;instagram;organic;A gente não faz as coisas pela metade E pro Dia das Mães ...;https://instagram.com/reel/DX-HTXPBDuz;instagram_reel_not_profile|brand_not_confirmed|name_not_confirmed|instagram_profile_not_canonicalizable|city_not_confirmed
17948cd2-fa0d-4c8a-a785-6dfa92101d75;China Mix e Pizzaria;China Mix e Pizzaria Lot. Parque Esperanca R. Orquídeas (83) 98612-9540 Cabedelo PB Instagram;;red;-37;instagram;organic;A mesa dos sonhos existe e a gente pode provar 🥰​ Deu ...;https://instagram.com/p/DNrBNym4vek;instagram_p_not_profile|brand_not_confirmed|name_not_confirmed|instagram_profile_not_canonicalizable|city_not_confirmed
e9ce78de-b4a7-4532-a778-a7807dc0dabe;Lanchonete por do sol;Lanchonete por do sol Poço R. Jaguaribe Cabedelo PB Instagram;yes;yellow;128;instagram;organic;RESTAURANTE POR DO SOL • (@bar_restaurantepordosol);https://instagram.com/bar_restaurantepordosol;
e9ce78de-b4a7-4532-a778-a7807dc0dabe;Lanchonete por do sol;Lanchonete por do sol Poço R. Jaguaribe Cabedelo PB Instagram;;yellow;128;instagram;organic;RESTAURANTE POR DO SOL • (@bar_restaurantepordosol);https://instagram.com/bar_restaurantepordosol/reels;
e9ce78de-b4a7-4532-a778-a7807dc0dabe;Lanchonete por do sol;Lanchonete por do sol Poço R. Jaguaribe Cabedelo PB Instagram;;yellow;118;instagram;organic;POR DO SOL LANCHES (@pordosol_lanches);https://instagram.com/pordosol_lanches/reels;city_not_confirmed
e9ce78de-b4a7-4532-a778-a7807dc0dabe;Lanchonete por do sol;Lanchonete por do sol Poço R. Jaguaribe Cabedelo PB Instagram;;yellow;106;instagram;derived_instagram_handle;Instagram profile @pordosol_lanches;https://instagram.com/pordosol_lanches;city_not_confirmed
e9ce78de-b4a7-4532-a778-a7807dc0dabe;Lanchonete por do sol;Lanchonete por do sol Poço R. Jaguaribe Cabedelo PB Instagram;;yellow;106;instagram;organic;PÔR DO SOL – Bar e Lanchonete 🍔 Lanches;https://instagram.com/por_do_sol_bar_e_lanchonete;city_not_confirmed
e9ce78de-b4a7-4532-a778-a7807dc0dabe;Lanchonete por do sol;Lanchonete por do sol Poço R. Jaguaribe Cabedelo PB Instagram;;yellow;65;instagram;organic;"João Pessoa on Instagram: ""Ja viram o por do sol la do dique ...";https://instagram.com/reel/DUJaoEhEQ-x;instagram_reel_not_profile|instagram_profile_not_canonicalizable
e9ce78de-b4a7-4532-a778-a7807dc0dabe;Lanchonete por do sol;Lanchonete por do sol Poço R. Jaguaribe Cabedelo PB Instagram;;yellow;65;instagram;organic;📍 @badionaldo | Praia do Poço – Cabedelo/PB Por fora ...;https://instagram.com/reel/DSss2GJkukc;instagram_reel_not_profile|instagram_profile_not_canonicalizable
e9ce78de-b4a7-4532-a778-a7807dc0dabe;Lanchonete por do sol;Lanchonete por do sol Poço R. Jaguaribe Cabedelo PB Instagram;;yellow;50;instagram;organic;LANCHONETE EM CABEDELO (PB) (@rosaalanches_);https://instagram.com/rosaalanches_;brand_not_confirmed|name_not_confirmed
0a3b0f9a-629f-41ff-b213-eeb69d825dc2;Renapizza;Renapizza Cabedelo R. São Sebastião - Renascer (83) 99332-5522 Cabedelo PB Instagram;yes;red;3;instagram;organic;🚀 A energia da nossa carreata no bairro Renascer mostra ...;https://instagram.com/p/DV4cxY9kUUp;instagram_p_not_profile|brand_not_confirmed|instagram_profile_not_canonicalizable
0a3b0f9a-629f-41ff-b213-eeb69d825dc2;Renapizza;Renapizza Cabedelo R. São Sebastião - Renascer (83) 99332-5522 Cabedelo PB Instagram;;red;3;instagram;organic;Esse mar… 🌊😮‍💨 João Pessoa, Cabedelo… minha PB ...;https://instagram.com/reel/DFAcQQXudhv;instagram_reel_not_profile|brand_not_confirmed|instagram_profile_not_canonicalizable
0a3b0f9a-629f-41ff-b213-eeb69d825dc2;Renapizza;Renapizza Cabedelo R. São Sebastião - Renascer (83) 99332-5522 Cabedelo PB Instagram;;red;-3;instagram;organic;A minha gratidão RENASCER Uma votação expressiva no ...;https://instagram.com/reel/DXIJeM3gK6f;instagram_reel_not_profile|brand_not_confirmed|instagram_profile_not_canonicalizable
0a3b0f9a-629f-41ff-b213-eeb69d825dc2;Renapizza;Renapizza Cabedelo R. São Sebastião - Renascer (83) 99332-5522 Cabedelo PB Instagram;;red;-3;instagram;organic;Hoje no Renascer foi dia de abraçar, ouvir e renovar ainda ...;https://instagram.com/p/DWKRArSEphV/?__d=1%252F;instagram_p_not_profile|brand_not_confirmed|instagram_profile_not_canonicalizable
0a3b0f9a-629f-41ff-b213-eeb69d825dc2;Renapizza;Renapizza Cabedelo R. São Sebastião - Renascer (83) 99332-5522 Cabedelo PB Instagram;;red;-3;instagram;organic;Um novo tempo na saúde de Cabedelo! Desde abril, as ...;https://instagram.com/reel/DJutmJLRzTJ;instagram_reel_not_profile|brand_not_confirmed|instagram_profile_not_canonicalizable
0a3b0f9a-629f-41ff-b213-eeb69d825dc2;Renapizza;Renapizza Cabedelo R. São Sebastião - Renascer (83) 99332-5522 Cabedelo PB Instagram;;red;-3;instagram;organic;🛠️ Aniversário da Carajás Cabedelo! 🛠️ Se eu te disser ...;https://instagram.com/reel/DHCHSL4xeD_;instagram_reel_not_profile|brand_not_confirmed|instagram_profile_not_canonicalizable
0a3b0f9a-629f-41ff-b213-eeb69d825dc2;Renapizza;Renapizza Cabedelo R. São Sebastião - Renascer (83) 99332-5522 Cabedelo PB Instagram;;red;-3;instagram;organic;"Walber Virgolino on Instagram: ""Hoje no Renascer foi dia de ...";https://instagram.com/reel/DWKRArSEphV;instagram_reel_not_profile|brand_not_confirmed|instagram_profile_not_canonicalizable
0a3b0f9a-629f-41ff-b213-eeb69d825dc2;Renapizza;Renapizza Cabedelo R. São Sebastião - Renascer (83) 99332-5522 Cabedelo PB Instagram;;red;-3;instagram;organic;Joao Pessoa e Cabedelo sempre impressionando, cidade ...;https://instagram.com/p/DEzlFMoOzwr;instagram_p_not_profile|brand_not_confirmed|instagram_profile_not_canonicalizable
799a8b26-d8ce-4820-b94c-d6589a8507b4;Daniel do Açaí;Daniel do Açaí Cabedelo R. Raul Seixas - Renascer (83) 98669-5781 Cabedelo PB Instagram;yes;yellow;126;instagram;organic;Daniel Do Açaí (@danieldoacai);https://instagram.com/danieldoacai/reels;
799a8b26-d8ce-4820-b94c-d6589a8507b4;Daniel do Açaí;Daniel do Açaí Cabedelo R. Raul Seixas - Renascer (83) 98669-5781 Cabedelo PB Instagram;;yellow;110;instagram;derived_instagram_handle;Instagram profile @danieldoacai;https://instagram.com/danieldoacai;city_not_confirmed
799a8b26-d8ce-4820-b94c-d6589a8507b4;Daniel do Açaí;Daniel do Açaí Cabedelo R. Raul Seixas - Renascer (83) 98669-5781 Cabedelo PB Instagram;;yellow;98;instagram;derived_instagram_handle;Instagram profile @mcdaniell;https://instagram.com/mcdaniell;city_not_confirmed
799a8b26-d8ce-4820-b94c-d6589a8507b4;Daniel do Açaí;Daniel do Açaí Cabedelo R. Raul Seixas - Renascer (83) 98669-5781 Cabedelo PB Instagram;;yellow;63;instagram;organic;Hoje tá pedindo @danieldoacai! O melhor açaí da região ...;https://instagram.com/p/CYrUxayLchd;instagram_p_not_profile|instagram_profile_not_canonicalizable
799a8b26-d8ce-4820-b94c-d6589a8507b4;Daniel do Açaí;Daniel do Açaí Cabedelo R. Raul Seixas - Renascer (83) 98669-5781 Cabedelo PB Instagram;;yellow;48;instagram;derived_instagram_handle;Instagram profile @liamendonca;https://instagram.com/liamendonca;derived_handle_brand_not_confirmed|city_not_confirmed
799a8b26-d8ce-4820-b94c-d6589a8507b4;Daniel do Açaí;Daniel do Açaí Cabedelo R. Raul Seixas - Renascer (83) 98669-5781 Cabedelo PB Instagram;;yellow;47;instagram;organic;DOMINGO COM @danieldoacai não pode falta! Peça no ...;https://instagram.com/p/CWjijKGp7Mk/?hl=am-et;instagram_p_not_profile|instagram_profile_not_canonicalizable|city_not_confirmed
799a8b26-d8ce-4820-b94c-d6589a8507b4;Daniel do Açaí;Daniel do Açaí Cabedelo R. Raul Seixas - Renascer (83) 98669-5781 Cabedelo PB Instagram;;red;35;instagram;organic;"Açaí no Grau® on Instagram: ""O grupo açaí no grau não é ...";https://instagram.com/reel/DUYUEhOjg-X;instagram_reel_not_profile|instagram_profile_not_canonicalizable|city_not_confirmed
799a8b26-d8ce-4820-b94c-d6589a8507b4;Daniel do Açaí;Daniel do Açaí Cabedelo R. Raul Seixas - Renascer (83) 98669-5781 Cabedelo PB Instagram;;red;35;instagram;organic;O Daniel não nos deixou apenas uma empresa… Deixou uma ...;https://instagram.com/reel/DUoGwqLkel3;instagram_reel_not_profile|instagram_profile_not_canonicalizable|city_not_confirmed
e078124e-e310-47b9-aa46-38ea0c3b8bf1;PAULISTA BURGER;PAULISTA BURGER Cabedelo R. Marizeiro - Portal do Poço Cabedelo PB Instagram;yes;yellow;110;instagram;organic;(@paulistasburgerr) • Instagram photos and videos;https://instagram.com/paulistasburgerr;city_not_confirmed
e078124e-e310-47b9-aa46-38ea0c3b8bf1;PAULISTA BURGER;PAULISTA BURGER Cabedelo R. Marizeiro - Portal do Poço Cabedelo PB Instagram;;yellow;52;instagram;organic;I ❤ Burguer (@iloveburguerpb);https://instagram.com/iloveburguerpb;brand_not_confirmed|city_not_confirmed
e078124e-e310-47b9-aa46-38ea0c3b8bf1;PAULISTA BURGER;PAULISTA BURGER Cabedelo R. Marizeiro - Portal do Poço Cabedelo PB Instagram;;yellow;50;instagram;organic;Manos Burger Cabedelo (@manosburgercabedelo);https://instagram.com/manosburgercabedelo;brand_not_confirmed
e078124e-e310-47b9-aa46-38ea0c3b8bf1;PAULISTA BURGER;PAULISTA BURGER Cabedelo R. Marizeiro - Portal do Poço Cabedelo PB Instagram;;red;43;instagram;organic;Paulista Burger 🧡 (@paulistaburger) · São Paulo, SP;https://instagram.com/paulistaburger/?hl=pt;conflicting_location:sao paulo, sp|city_not_confirmed
e078124e-e310-47b9-aa46-38ea0c3b8bf1;PAULISTA BURGER;PAULISTA BURGER Cabedelo R. Marizeiro - Portal do Poço Cabedelo PB Instagram;;red;41;instagram;organic;Paulista Burger 🧡 | Sexta-feira daquele jeito que a gente ...;https://instagram.com/p/DLaAVXNPHnN;instagram_p_not_profile|instagram_profile_not_canonicalizable|city_not_confirmed
e078124e-e310-47b9-aa46-38ea0c3b8bf1;PAULISTA BURGER;PAULISTA BURGER Cabedelo R. Marizeiro - Portal do Poço Cabedelo PB Instagram;;red;35;instagram;organic;Paulista Burger 🧡 | Neste Dia dos Namorados, o encontro ...;https://instagram.com/reel/DZfX5bwjUlF;instagram_reel_not_profile|instagram_profile_not_canonicalizable|city_not_confirmed
e078124e-e310-47b9-aa46-38ea0c3b8bf1;PAULISTA BURGER;PAULISTA BURGER Cabedelo R. Marizeiro - Portal do Poço Cabedelo PB Instagram;;red;35;instagram;organic;Paulista Burger 🧡 | 🍔 Apresentamos o Paulista Burger, a ...;https://instagram.com/reel/C6EkYLZRzGq;instagram_reel_not_profile|instagram_profile_not_canonicalizable|city_not_confirmed
e078124e-e310-47b9-aa46-38ea0c3b8bf1;PAULISTA BURGER;PAULISTA BURGER Cabedelo R. Marizeiro - Portal do Poço Cabedelo PB Instagram;;red;35;instagram;organic;Fome de um burger artesanal de verdade? 🍔✨ A gente ...;https://instagram.com/p/DA_0JbyTOga;instagram_p_not_profile|instagram_profile_not_canonicalizable|city_not_confirmed
7ea72c68-7a72-41e1-89e4-ecabaf00d859;ML Açaíteria;ML Açaíteria Recanto do Poço R. José Lins do Rêgo (83) 99805-8787 Cabedelo PB Instagram;yes;yellow;52;instagram;derived_instagram_handle;Instagram profile @maiaacaioficial;https://instagram.com/maiaacaioficial;derived_handle_brand_not_confirmed|city_not_confirmed
7ea72c68-7a72-41e1-89e4-ecabaf00d859;ML Açaíteria;ML Açaíteria Recanto do Poço R. José Lins do Rêgo (83) 99805-8787 Cabedelo PB Instagram;;yellow;47;instagram;organic;Só para quem gosta de açaí no copo! 😍💚 Aquela produção ...;https://instagram.com/p/CPyShR7JuSn;instagram_p_not_profile|instagram_profile_not_canonicalizable
7ea72c68-7a72-41e1-89e4-ecabaf00d859;ML Açaíteria;ML Açaíteria Recanto do Poço R. José Lins do Rêgo (83) 99805-8787 Cabedelo PB Instagram;;red;40;instagram;derived_instagram_handle;Instagram profile @melhoracai;https://instagram.com/melhoracai;derived_handle_brand_not_confirmed|city_not_confirmed
7ea72c68-7a72-41e1-89e4-ecabaf00d859;ML Açaíteria;ML Açaíteria Recanto do Poço R. José Lins do Rêgo (83) 99805-8787 Cabedelo PB Instagram;;red;39;instagram;organic;Reel by Maia Açaí - O melhor da região (@maiaacaioficial ...;https://instagram.com/reel/DNqWgb6t0Ru;instagram_reel_not_profile|instagram_profile_not_canonicalizable|city_not_confirmed
7ea72c68-7a72-41e1-89e4-ecabaf00d859;ML Açaíteria;ML Açaíteria Recanto do Poço R. José Lins do Rêgo (83) 99805-8787 Cabedelo PB Instagram;;red;31;instagram;organic;"Açai da praça on Instagram: ""#trend #promocao ...";https://instagram.com/reel/DU-FGVugMrr;instagram_reel_not_profile|instagram_profile_not_canonicalizable|city_not_confirmed
7ea72c68-7a72-41e1-89e4-ecabaf00d859;ML Açaíteria;ML Açaíteria Recanto do Poço R. José Lins do Rêgo (83) 99805-8787 Cabedelo PB Instagram;;red;27;instagram;organic;Self service de Açaí Aqui no MAIS AÇAI, você encontra uma ...;https://instagram.com/reel/DX1qg7qgHb1;instagram_reel_not_profile|instagram_profile_not_canonicalizable|city_not_confirmed
7ea72c68-7a72-41e1-89e4-ecabaf00d859;ML Açaíteria;ML Açaíteria Recanto do Poço R. José Lins do Rêgo (83) 99805-8787 Cabedelo PB Instagram;;red;27;instagram;organic;Quer um açaí com a sua cara? Com tantas ...;https://instagram.com/p/DMqLoZ8MrBB/?hl=sv;instagram_p_not_profile|instagram_profile_not_canonicalizable|city_not_confirmed
7ea72c68-7a72-41e1-89e4-ecabaf00d859;ML Açaíteria;ML Açaíteria Recanto do Poço R. José Lins do Rêgo (83) 99805-8787 Cabedelo PB Instagram;;red;27;instagram;organic;Aqui no Recanto do Açaí é assim ...;https://instagram.com/p/DYzxY1fEboa;instagram_p_not_profile|instagram_profile_not_canonicalizable|city_not_confirmed
9b42e70d-f7a8-4db1-bc19-83d935d84b55;D'gust Lanchonete;D'gust Lanchonete Vila Sao Joao R. Benedito Soares da Silva (83) 98654-2468 Cabedelo PB Instagram;yes;yellow;68;instagram;organic;ᴅ'ɢᴜsᴛ ʟᴀɴᴄʜᴏɴᴇᴛᴇ (@dgust0402) · Cabedelo, PB;https://instagram.com/dgust0402;brand_not_confirmed
9b42e70d-f7a8-4db1-bc19-83d935d84b55;D'gust Lanchonete;D'gust Lanchonete Vila Sao Joao R. Benedito Soares da Silva (83) 98654-2468 Cabedelo PB Instagram;;yellow;45;instagram;organic;D'gust Burger (@burgerdgust) · Natal, RN;https://instagram.com/burgerdgust;conflicting_location:natal, rn|city_not_confirmed
9b42e70d-f7a8-4db1-bc19-83d935d84b55;D'gust Lanchonete;D'gust Lanchonete Vila Sao Joao R. Benedito Soares da Silva (83) 98654-2468 Cabedelo PB Instagram;;red;35;instagram;organic;D'gust: o lugar ideal para se deliciar! Venha experimentar ...;https://instagram.com/reel/DBj3c-Gp4r7;instagram_reel_not_profile|instagram_profile_not_canonicalizable|city_not_confirmed
9b42e70d-f7a8-4db1-bc19-83d935d84b55;D'gust Lanchonete;D'gust Lanchonete Vila Sao Joao R. Benedito Soares da Silva (83) 98654-2468 Cabedelo PB Instagram;;red;35;instagram;organic;Pizza Marguerita da D'Gust! Clássica e deliciosa, nossa ...;https://instagram.com/reel/DO6yYRLjiqA;instagram_reel_not_profile|instagram_profile_not_canonicalizable|city_not_confirmed
9b42e70d-f7a8-4db1-bc19-83d935d84b55;D'gust Lanchonete;D'gust Lanchonete Vila Sao Joao R. Benedito Soares da Silva (83) 98654-2468 Cabedelo PB Instagram;;red;35;instagram;organic;chegou o D'Gust Junino! Venha saborear o melhor dos ...;https://instagram.com/reel/DKflNmUuKdP;instagram_reel_not_profile|instagram_profile_not_canonicalizable|city_not_confirmed
9b42e70d-f7a8-4db1-bc19-83d935d84b55;D'gust Lanchonete;D'gust Lanchonete Vila Sao Joao R. Benedito Soares da Silva (83) 98654-2468 Cabedelo PB Instagram;;red;-7;instagram;organic;Boa noite 😊 estamos aberto das 18:30 as 00:00 vem pra ...;https://instagram.com/p/Cn-QeOGppGv;instagram_p_not_profile|brand_not_confirmed|instagram_profile_not_canonicalizable|city_not_confirmed
9b42e70d-f7a8-4db1-bc19-83d935d84b55;D'gust Lanchonete;D'gust Lanchonete Vila Sao Joao R. Benedito Soares da Silva (83) 98654-2468 Cabedelo PB Instagram;;red;-7;instagram;organic;Delivery aberto das 18:30 as 00:00;https://instagram.com/p/CsMmLmyRaHT/?__d=1%2F;instagram_p_not_profile|brand_not_confirmed|instagram_profile_not_canonicalizable|city_not_confirmed
9b42e70d-f7a8-4db1-bc19-83d935d84b55;D'gust Lanchonete;D'gust Lanchonete Vila Sao Joao R. Benedito Soares da Silva (83) 98654-2468 Cabedelo PB Instagram;;red;-7;instagram;organic;Photo by ᴅ'ɢᴜsᴛ ʟᴀɴᴄʜᴏɴᴇᴛᴇ (@dgust0402) · April 3 ...;https://instagram.com/p/DH_9hkER-QC;instagram_p_not_profile|brand_not_confirmed|instagram_profile_not_canonicalizable|city_not_confirmed
b6baa6f0-a148-49d2-830d-ea22a28cfeae;Magela Pizzaria;Magela Pizzaria Intermares Av. Oceano Atlântico Cabedelo PB Instagram;yes;yellow;110;instagram;organic;encerramos as atividades (@magelapizzaria);https://instagram.com/magelapizzaria;city_not_confirmed
b6baa6f0-a148-49d2-830d-ea22a28cfeae;Magela Pizzaria;Magela Pizzaria Intermares Av. Oceano Atlântico Cabedelo PB Instagram;;yellow;56;instagram;organic;Pizza Now (@pizzanowexpress);https://instagram.com/pizzanowexpress;brand_not_confirmed
b6baa6f0-a148-49d2-830d-ea22a28cfeae;Magela Pizzaria;Magela Pizzaria Intermares Av. Oceano Atlântico Cabedelo PB Instagram;;yellow;52;instagram;organic;Eu Quero Pizza - Food Truck 🍕 (@euqueropizzafoodtruck);https://instagram.com/euqueropizzafoodtruck;brand_not_confirmed|city_not_confirmed
b6baa6f0-a148-49d2-830d-ea22a28cfeae;Magela Pizzaria;Magela Pizzaria Intermares Av. Oceano Atlântico Cabedelo PB Instagram;;yellow;50;instagram;organic;Sarau Pizzaria (@saraupizzabar);https://instagram.com/saraupizzabar;brand_not_confirmed
b6baa6f0-a148-49d2-830d-ea22a28cfeae;Magela Pizzaria;Magela Pizzaria Intermares Av. Oceano Atlântico Cabedelo PB Instagram;;red;3;instagram;organic;UMA DAS PIZZARIAS MAIS BEM AVALIADAS DE JOÃO ...;https://instagram.com/reel/DKP8whNJOr4;instagram_reel_not_profile|brand_not_confirmed|instagram_profile_not_canonicalizable
b6baa6f0-a148-49d2-830d-ea22a28cfeae;Magela Pizzaria;Magela Pizzaria Intermares Av. Oceano Atlântico Cabedelo PB Instagram;;red;3;instagram;organic;Melhor pizza ! . 📍Estamos na Rua da Enseada 1215, ...;https://instagram.com/reel/DDDV2FcB0e4;instagram_reel_not_profile|brand_not_confirmed|instagram_profile_not_canonicalizable
b6baa6f0-a148-49d2-830d-ea22a28cfeae;Magela Pizzaria;Magela Pizzaria Intermares Av. Oceano Atlântico Cabedelo PB Instagram;;red;3;instagram;organic;UMA DAS MELHORES PIZZA DOCE DE JOÃO PESSOA ...;https://instagram.com/reel/DTlbbtWCYqZ;instagram_reel_not_profile|brand_not_confirmed|instagram_profile_not_canonicalizable
b6baa6f0-a148-49d2-830d-ea22a28cfeae;Magela Pizzaria;Magela Pizzaria Intermares Av. Oceano Atlântico Cabedelo PB Instagram;;red;-19;instagram;organic;PIZZAS ESTUPIDAMENTE RECHEADAS POR APENAS R ...;https://instagram.com/reel/DV1nkMeiSRT;instagram_reel_not_profile|brand_not_confirmed|instagram_profile_not_canonicalizable|city_not_confirmed
51776391-e0c6-4348-a640-b35b4fb34bb2;Mimu's da Geisi confeitaria;Mimu's da Geisi confeitaria Lot. Oceania VI Av. Imbiridiba (83) 99305-3138 Cabedelo PB Instagram;yes;yellow;132;instagram;organic;mimusdageisi - Doceria em Cabedelo;https://instagram.com/mimusdageisi;
51776391-e0c6-4348-a640-b35b4fb34bb2;Mimu's da Geisi confeitaria;Mimu's da Geisi confeitaria Lot. Oceania VI Av. Imbiridiba (83) 99305-3138 Cabedelo PB Instagram;;yellow;100;instagram;organic;Mimu's da Sih (@mimusdasih);https://instagram.com/mimusdasih;city_not_confirmed
51776391-e0c6-4348-a640-b35b4fb34bb2;Mimu's da Geisi confeitaria;Mimu's da Geisi confeitaria Lot. Oceania VI Av. Imbiridiba (83) 99305-3138 Cabedelo PB Instagram;;yellow;98;instagram;organic;Mussi Confeitaria & Pâtisserie (@mussiconfeitaria);https://instagram.com/mussiconfeitaria;city_not_confirmed
51776391-e0c6-4348-a640-b35b4fb34bb2;Mimu's da Geisi confeitaria;Mimu's da Geisi confeitaria Lot. Oceania VI Av. Imbiridiba (83) 99305-3138 Cabedelo PB Instagram;;yellow;96;instagram;organic;Mimu's Doceria | Confeitaria Artesanal (@mimusdoceria_);https://instagram.com/mimusdoceria_;city_not_confirmed
51776391-e0c6-4348-a640-b35b4fb34bb2;Mimu's da Geisi confeitaria;Mimu's da Geisi confeitaria Lot. Oceania VI Av. Imbiridiba (83) 99305-3138 Cabedelo PB Instagram;;yellow;96;instagram;organic;Mimu'S Gourmet 💖 Confeitaria (@_mimus.gourmet_);https://instagram.com/_mimus.gourmet_;city_not_confirmed
51776391-e0c6-4348-a640-b35b4fb34bb2;Mimu's da Geisi confeitaria;Mimu's da Geisi confeitaria Lot. Oceania VI Av. Imbiridiba (83) 99305-3138 Cabedelo PB Instagram;;yellow;94;instagram;organic;Império Simis Confeitaria (@imperiosimis);https://instagram.com/imperiosimis;city_not_confirmed
51776391-e0c6-4348-a640-b35b4fb34bb2;Mimu's da Geisi confeitaria;Mimu's da Geisi confeitaria Lot. Oceania VI Av. Imbiridiba (83) 99305-3138 Cabedelo PB Instagram;;yellow;88;instagram;organic;Mimu's Doceria (@mimmusdooceria);https://instagram.com/mimmusdooceria;city_not_confirmed
51776391-e0c6-4348-a640-b35b4fb34bb2;Mimu's da Geisi confeitaria;Mimu's da Geisi confeitaria Lot. Oceania VI Av. Imbiridiba (83) 99305-3138 Cabedelo PB Instagram;;yellow;72;instadelivery;organic;Mimus da Geisi Cardápio - Delivery de Doces e bolos em ...;https://instadelivery.com.br/mimusdageisi;brand_not_confirmed|city_not_confirmed
9caafb45-c961-481d-8261-0aea2b1e4eec;Valéria Lanches Delivery;Valéria Lanches Delivery Recanto do Poço R. Sen. Rui Carneiro (83) 99631-1311 Cabedelo PB Instagram;yes;yellow;98;instagram;organic;valerialanches;https://instagram.com/valerialanches/reels;city_not_confirmed
9caafb45-c961-481d-8261-0aea2b1e4eec;Valéria Lanches Delivery;Valéria Lanches Delivery Recanto do Poço R. Sen. Rui Carneiro (83) 99631-1311 Cabedelo PB Instagram;;yellow;98;instagram;organic;ValeriaLanches;https://instagram.com/valerialanches;city_not_confirmed
9caafb45-c961-481d-8261-0aea2b1e4eec;Valéria Lanches Delivery;Valéria Lanches Delivery Recanto do Poço R. Sen. Rui Carneiro (83) 99631-1311 Cabedelo PB Instagram;;yellow;47;instagram;organic;Valeria Lanches on Instagram;https://instagram.com/p/B6Rtkk0p0eB;instagram_p_not_profile|instagram_profile_not_canonicalizable|city_not_confirmed
9caafb45-c961-481d-8261-0aea2b1e4eec;Valéria Lanches Delivery;Valéria Lanches Delivery Recanto do Poço R. Sen. Rui Carneiro (83) 99631-1311 Cabedelo PB Instagram;;yellow;47;instagram;organic;Se liga aí no nosso cardápio Valéria Lanches Venha ...;https://instagram.com/p/B1Tm0-eg_b-;instagram_p_not_profile|instagram_profile_not_canonicalizable|city_not_confirmed
9caafb45-c961-481d-8261-0aea2b1e4eec;Valéria Lanches Delivery;Valéria Lanches Delivery Recanto do Poço R. Sen. Rui Carneiro (83) 99631-1311 Cabedelo PB Instagram;;yellow;47;instagram;organic;Vem, vem black Friday da Valéria Lanches 🥳❤️;https://instagram.com/p/ClZm2o2P1vY;instagram_p_not_profile|instagram_profile_not_canonicalizable|city_not_confirmed
9caafb45-c961-481d-8261-0aea2b1e4eec;Valéria Lanches Delivery;Valéria Lanches Delivery Recanto do Poço R. Sen. Rui Carneiro (83) 99631-1311 Cabedelo PB Instagram;;yellow;45;instagram;organic;Valeria Lanches (@vaalerialanches) · Rio de Janeiro, RJ;https://instagram.com/vaalerialanches;conflicting_location:rio de janeiro, rj|city_not_confirmed
9caafb45-c961-481d-8261-0aea2b1e4eec;Valéria Lanches Delivery;Valéria Lanches Delivery Recanto do Poço R. Sen. Rui Carneiro (83) 99631-1311 Cabedelo PB Instagram;;red;20;facebook;organic;Valéria Lanches | Volta Redonda RJ;https://facebook.com/TrailerDaValeria/?locale=pt_BR;city_not_confirmed
9caafb45-c961-481d-8261-0aea2b1e4eec;Valéria Lanches Delivery;Valéria Lanches Delivery Recanto do Poço R. Sen. Rui Carneiro (83) 99631-1311 Cabedelo PB Instagram;;red;-7;instagram;organic;Aqui na Hamburgueria Vale Lanches, você também encontra ...;https://instagram.com/reel/DStCE4wgNEc;instagram_reel_not_profile|brand_not_confirmed|instagram_profile_not_canonicalizable|city_not_confirmed
68fc5124-13a8-4ec7-a2da-164074c0ea76;Bonna Gelateria Ponta de Campina;Bonna Gelateria Ponta de Campina Ponta de Campina Av. Oceano Atlântico Cabedelo PB Instagram;yes;yellow;122;instagram;organic;Ponta de Campina (@bonna.pontadecampina);https://instagram.com/bonna.pontadecampina;
68fc5124-13a8-4ec7-a2da-164074c0ea76;Bonna Gelateria Ponta de Campina;Bonna Gelateria Ponta de Campina Ponta de Campina Av. Oceano Atlântico Cabedelo PB Instagram;;yellow;59;instagram;organic;Mais de 100 sabores na Bonna Gelateria Artesanal ...;https://instagram.com/p/C1prJJRJstb;instagram_p_not_profile|instagram_profile_not_canonicalizable
68fc5124-13a8-4ec7-a2da-164074c0ea76;Bonna Gelateria Ponta de Campina;Bonna Gelateria Ponta de Campina Ponta de Campina Av. Oceano Atlântico Cabedelo PB Instagram;;yellow;58;instagram;organic;Get Mall | Seu Shopping em Cabedelo (@getmall.oficial);https://instagram.com/getmall.oficial;brand_not_confirmed
68fc5124-13a8-4ec7-a2da-164074c0ea76;Bonna Gelateria Ponta de Campina;Bonna Gelateria Ponta de Campina Ponta de Campina Av. Oceano Atlântico Cabedelo PB Instagram;;yellow;57;instagram;organic;Bonna Gelateria (@bonnagelateria) · João Pessoa, PB;https://instagram.com/bonnagelateria;conflicting_location:joao pessoa, pb|city_not_confirmed
68fc5124-13a8-4ec7-a2da-164074c0ea76;Bonna Gelateria Ponta de Campina;Bonna Gelateria Ponta de Campina Ponta de Campina Av. Oceano Atlântico Cabedelo PB Instagram;;yellow;49;instagram;organic;"Bonna Gelateria on Instagram: ""Na Bonna, o sabor é só o ...";https://instagram.com/reel/DL2W9s2sGPb;instagram_reel_not_profile|instagram_profile_not_canonicalizable|city_not_confirmed
68fc5124-13a8-4ec7-a2da-164074c0ea76;Bonna Gelateria Ponta de Campina;Bonna Gelateria Ponta de Campina Ponta de Campina Av. Oceano Atlântico Cabedelo PB Instagram;;red;43;instagram;organic;"Bonna Gelateria on Instagram: ""Nossa unidade de Ponta de ...";https://instagram.com/reel/CmHY484gicL;instagram_reel_not_profile|instagram_profile_not_canonicalizable|city_not_confirmed
68fc5124-13a8-4ec7-a2da-164074c0ea76;Bonna Gelateria Ponta de Campina;Bonna Gelateria Ponta de Campina Ponta de Campina Av. Oceano Atlântico Cabedelo PB Instagram;;red;43;instagram;organic;Bonna Gelateria | Ponta de Campina ...;https://instagram.com/p/DHrfdUhp5PR;instagram_p_not_profile|instagram_profile_not_canonicalizable|city_not_confirmed
68fc5124-13a8-4ec7-a2da-164074c0ea76;Bonna Gelateria Ponta de Campina;Bonna Gelateria Ponta de Campina Ponta de Campina Av. Oceano Atlântico Cabedelo PB Instagram;;red;-11;instagram;organic;Se você ainda não sabe onde nos encontrar, agora não tem ...;https://instagram.com/reel/DZyDvKvpJDl;instagram_reel_not_profile|brand_not_confirmed|instagram_profile_not_canonicalizable|city_not_confirmed
b91f652e-112d-4dcf-921c-4df6c2d1700f;Recanto do Pastel;Recanto do Pastel Recanto do Poço R. Gov. Antônio Mariz Cabedelo PB Instagram;yes;yellow;100;instagram;organic;Recanto do Pastel (@recantodopastelbr);https://instagram.com/recantodopastelbr/reels;city_not_confirmed
b91f652e-112d-4dcf-921c-4df6c2d1700f;Recanto do Pastel;Recanto do Pastel Recanto do Poço R. Gov. Antônio Mariz Cabedelo PB Instagram;;yellow;100;instagram;organic;Recanto do Pastel (@recantodopastelbr);https://instagram.com/recantodopastelbr;city_not_confirmed
b91f652e-112d-4dcf-921c-4df6c2d1700f;Recanto do Pastel;Recanto do Pastel Recanto do Poço R. Gov. Antônio Mariz Cabedelo PB Instagram;;yellow;88;instagram;derived_instagram_handle;Instagram profile @recantosopastelbr;https://instagram.com/recantosopastelbr;city_not_confirmed
b91f652e-112d-4dcf-921c-4df6c2d1700f;Recanto do Pastel;Recanto do Pastel Recanto do Poço R. Gov. Antônio Mariz Cabedelo PB Instagram;;yellow;88;instagram;organic;Recanto do Pastel (@recantopastel);https://instagram.com/recantopastel;city_not_confirmed
b91f652e-112d-4dcf-921c-4df6c2d1700f;Recanto do Pastel;Recanto do Pastel Recanto do Poço R. Gov. Antônio Mariz Cabedelo PB Instagram;;yellow;47;instagram;organic;Pastel de carne bem saboroso, em Breve... Recanto do ...;https://instagram.com/p/DNVOVs1gEBf;instagram_p_not_profile|instagram_profile_not_canonicalizable|city_not_confirmed
b91f652e-112d-4dcf-921c-4df6c2d1700f;Recanto do Pastel;Recanto do Pastel Recanto do Poço R. Gov. Antônio Mariz Cabedelo PB Instagram;;red;35;instagram;organic;Todas as terças e quartas, das 17h às 21h, você pode ...;https://instagram.com/reel/DIPHlD5xeWW;instagram_reel_not_profile|instagram_profile_not_canonicalizable|city_not_confirmed
b91f652e-112d-4dcf-921c-4df6c2d1700f;Recanto do Pastel;Recanto do Pastel Recanto do Poço R. Gov. Antônio Mariz Cabedelo PB Instagram;;red;35;instagram;organic;Do clássico ao diferente, no Recanto tem pastel pra todos ...;https://instagram.com/p/DPe2v7SCaYq;instagram_p_not_profile|instagram_profile_not_canonicalizable|city_not_confirmed
b91f652e-112d-4dcf-921c-4df6c2d1700f;Recanto do Pastel;Recanto do Pastel Recanto do Poço R. Gov. Antônio Mariz Cabedelo PB Instagram;;red;35;instagram;organic;Pastelaria Recanto do Pastel Sigam: @recantosopastelbr ...;https://instagram.com/reel/C64br4luwUt;instagram_reel_not_profile|instagram_profile_not_canonicalizable|city_not_confirmed
4ddf6e22-ced9-47e4-b213-c378d233f04d;MB Marmitas | Marmitaria em João Pessoa;MB Marmitas | Marmitaria em João Pessoa Poço R. Alfredo Chaves Cabedelo PB Instagram;yes;yellow;88;instagram;organic;Marmita Fit João Pessoa (@marmitafitjpa);https://instagram.com/marmitafitjpa/?hl=pt;city_not_confirmed
4ddf6e22-ced9-47e4-b213-c378d233f04d;MB Marmitas | Marmitaria em João Pessoa;MB Marmitas | Marmitaria em João Pessoa Poço R. Alfredo Chaves Cabedelo PB Instagram;;yellow;61;instagram;organic;Faça o pedido através do link da bio e receba o seu marmitex ...;https://instagram.com/reel/DA8Y1NANSTg;instagram_reel_not_profile|instagram_profile_not_canonicalizable|city_not_confirmed
4ddf6e22-ced9-47e4-b213-c378d233f04d;MB Marmitas | Marmitaria em João Pessoa;MB Marmitas | Marmitaria em João Pessoa Poço R. Alfredo Chaves Cabedelo PB Instagram;;yellow;51;instagram;organic;Dona Marmita Delivery (@donamarmitajp);https://instagram.com/donamarmitajp;conflicting_location:joao pessoa pb|city_not_confirmed
4ddf6e22-ced9-47e4-b213-c378d233f04d;MB Marmitas | Marmitaria em João Pessoa;MB Marmitas | Marmitaria em João Pessoa Poço R. Alfredo Chaves Cabedelo PB Instagram;;yellow;47;instagram;organic;É só pedir e relaxar. Deixa o almoço com a gente! * ...;https://instagram.com/p/DZ2Zfh6Ome3;instagram_p_not_profile|instagram_profile_not_canonicalizable|city_not_confirmed
4ddf6e22-ced9-47e4-b213-c378d233f04d;MB Marmitas | Marmitaria em João Pessoa;MB Marmitas | Marmitaria em João Pessoa Poço R. Alfredo Chaves Cabedelo PB Instagram;;yellow;46;rappi.com.br;organic;Trembom Marmitaria - Renascer Preço e Cardápio delivery;https://rappi.com.br/restaurantes/900125548-trembom-marmitaria;
4ddf6e22-ced9-47e4-b213-c378d233f04d;MB Marmitas | Marmitaria em João Pessoa;MB Marmitas | Marmitaria em João Pessoa Poço R. Alfredo Chaves Cabedelo PB Instagram;;red;43;instagram;organic;DESCOBRIMOS AS MELHORES MARMITAS FIT DE JOÃO ...;https://instagram.com/reel/DAmgUb4tAQO;instagram_reel_not_profile|instagram_profile_not_canonicalizable|city_not_confirmed
4ddf6e22-ced9-47e4-b213-c378d233f04d;MB Marmitas | Marmitaria em João Pessoa;MB Marmitas | Marmitaria em João Pessoa Poço R. Alfredo Chaves Cabedelo PB Instagram;;red;35;instagram;organic;Nossas Marmitas dos Cardápios Saudável, Low Carb e ...;https://instagram.com/p/DOHc6uoDWwC;instagram_p_not_profile|instagram_profile_not_canonicalizable|city_not_confirmed
4ddf6e22-ced9-47e4-b213-c378d233f04d;MB Marmitas | Marmitaria em João Pessoa;MB Marmitas | Marmitaria em João Pessoa Poço R. Alfredo Chaves Cabedelo PB Instagram;;red;35;instagram;organic;Comece a semana repondo seu estoque de Marmitex na ...;https://instagram.com/reel/C4Fswm8N9wF;instagram_reel_not_profile|instagram_profile_not_canonicalizable|city_not_confirmed
0b4eb55c-e0d9-4068-b198-e5f8cb7a985e;Forneria Brasil Express 🍕;Forneria Brasil Express 🍕 (83) 98653-8522 Cabedelo PB Instagram;yes;yellow;110;instagram;organic;Forneria Brasil Express (@forneria_brasilexpress);https://instagram.com/forneria_brasilexpress;city_not_confirmed
0b4eb55c-e0d9-4068-b198-e5f8cb7a985e;Forneria Brasil Express 🍕;Forneria Brasil Express 🍕 (83) 98653-8522 Cabedelo PB Instagram;;yellow;110;instagram;organic;Forneria Brasil Express (@forneria_brasilexpress);https://instagram.com/forneria_brasilexpress/reels;city_not_confirmed
0b4eb55c-e0d9-4068-b198-e5f8cb7a985e;Forneria Brasil Express 🍕;Forneria Brasil Express 🍕 (83) 98653-8522 Cabedelo PB Instagram;;yellow;100;instadelivery;organic;Forneria Brasil Express Cardápio - Delivery de Pizza em ...;https://instadelivery.com.br/FornoBrasilExpress;city_not_confirmed
0b4eb55c-e0d9-4068-b198-e5f8cb7a985e;Forneria Brasil Express 🍕;Forneria Brasil Express 🍕 (83) 98653-8522 Cabedelo PB Instagram;;yellow;88;cardapioweb;organic;Forneria Brasil;https://app.cardapioweb.com/forneria_brasil;city_not_confirmed
0b4eb55c-e0d9-4068-b198-e5f8cb7a985e;Forneria Brasil Express 🍕;Forneria Brasil Express 🍕 (83) 98653-8522 Cabedelo PB Instagram;;red;35;instagram;organic;🍕🔥 Festival de Pizzas 1121 Já imaginou comer pizza à ...;https://instagram.com/reel/DZAcEqtOdw7;instagram_reel_not_profile|instagram_profile_not_canonicalizable|city_not_confirmed
0b4eb55c-e0d9-4068-b198-e5f8cb7a985e;Forneria Brasil Express 🍕;Forneria Brasil Express 🍕 (83) 98653-8522 Cabedelo PB Instagram;;red;35;instagram;organic;"Forneria Original on Instagram: ""🚨 CHEGOU! A NOVA LOJA ...";https://instagram.com/reel/DHeVhy7S2Jq;instagram_reel_not_profile|instagram_profile_not_canonicalizable|city_not_confirmed
0b4eb55c-e0d9-4068-b198-e5f8cb7a985e;Forneria Brasil Express 🍕;Forneria Brasil Express 🍕 (83) 98653-8522 Cabedelo PB Instagram;;red;35;instagram;organic;"Famiglia Da Pizza on Instagram: ""O jogo já vai começar ...";https://instagram.com/reel/DaLUBstRITF;instagram_reel_not_profile|instagram_profile_not_canonicalizable|city_not_confirmed
0b4eb55c-e0d9-4068-b198-e5f8cb7a985e;Forneria Brasil Express 🍕;Forneria Brasil Express 🍕 (83) 98653-8522 Cabedelo PB Instagram;;red;-6;facebook;organic;Forno Brasil PB | Cabedelo PB;https://facebook.com/p/Forno-Brasil-PB-100083161937215;brand_not_confirmed
b37d1742-e516-4b41-9c93-8d64ef33f9c2;Tapiocaria da moça;Tapiocaria da moça Juarez Távora Na (83) 98714-8125 Cabedelo PB Instagram;yes;red;8;instagram;derived_instagram_handle;Instagram profile @tapiocariadojucapb;https://instagram.com/tapiocariadojucapb;brand_not_confirmed|derived_handle_brand_not_confirmed|city_not_confirmed
b37d1742-e516-4b41-9c93-8d64ef33f9c2;Tapiocaria da moça;Tapiocaria da moça Juarez Távora Na (83) 98714-8125 Cabedelo PB Instagram;;red;2;instagram;derived_instagram_handle;Instagram profile @tapiocariadojuca;https://instagram.com/tapiocariadojuca;brand_not_confirmed|derived_handle_brand_not_confirmed|city_not_confirmed
b37d1742-e516-4b41-9c93-8d64ef33f9c2;Tapiocaria da moça;Tapiocaria da moça Juarez Távora Na (83) 98714-8125 Cabedelo PB Instagram;;red;-1;instagram;organic;JOÃO PESSOA/PB . Tapioca gostosa, deliciosa, saborosa, a ...;https://instagram.com/reel/DPMsaheEVuk;instagram_reel_not_profile|brand_not_confirmed|instagram_profile_not_canonicalizable|city_not_confirmed
b37d1742-e516-4b41-9c93-8d64ef33f9c2;Tapiocaria da moça;Tapiocaria da moça Juarez Távora Na (83) 98714-8125 Cabedelo PB Instagram;;red;-5;instagram;organic;Vem pra melhor @tapiocariadojucapb;https://instagram.com/reel/DY2S0gSR0og;instagram_reel_not_profile|brand_not_confirmed|instagram_profile_not_canonicalizable|city_not_confirmed
b37d1742-e516-4b41-9c93-8d64ef33f9c2;Tapiocaria da moça;Tapiocaria da moça Juarez Távora Na (83) 98714-8125 Cabedelo PB Instagram;;red;-6;instagram;derived_instagram_handle;Instagram profile @gildatapioca;https://instagram.com/gildatapioca;brand_not_confirmed|derived_handle_brand_not_confirmed|city_not_confirmed
b37d1742-e516-4b41-9c93-8d64ef33f9c2;Tapiocaria da moça;Tapiocaria da moça Juarez Távora Na (83) 98714-8125 Cabedelo PB Instagram;;red;-6;instagram;derived_instagram_handle;Instagram profile @tocadatapiocacg;https://instagram.com/tocadatapiocacg;brand_not_confirmed|derived_handle_brand_not_confirmed|city_not_confirmed
b37d1742-e516-4b41-9c93-8d64ef33f9c2;Tapiocaria da moça;Tapiocaria da moça Juarez Távora Na (83) 98714-8125 Cabedelo PB Instagram;;red;-7;instagram;organic;Tapiocas!! vários sabores que combinam com todos os ...;https://instagram.com/reel/DOWfTkDDmVD;instagram_reel_not_profile|brand_not_confirmed|instagram_profile_not_canonicalizable|city_not_confirmed
b37d1742-e516-4b41-9c93-8d64ef33f9c2;Tapiocaria da moça;Tapiocaria da moça Juarez Távora Na (83) 98714-8125 Cabedelo PB Instagram;;red;-11;instagram;organic;Tapiocaria Dona Moça | Bom dia;https://instagram.com/reel/DQT1EvikeQt;instagram_reel_not_profile|brand_not_confirmed|instagram_profile_not_canonicalizable|city_not_confirmed
98e8a6d7-3943-47e6-8b2c-491972c7e4f1;KIOSQUE CANTINHO DA PRAÇA;KIOSQUE CANTINHO DA PRAÇA Ponta de Campina R. Golfo de Oman Cabedelo PB Instagram;yes;yellow;118;instagram;organic;Cantinho Da Praça (@cantinhodapraca);https://instagram.com/cantinhodapraca;city_not_confirmed
98e8a6d7-3943-47e6-8b2c-491972c7e4f1;KIOSQUE CANTINHO DA PRAÇA;KIOSQUE CANTINHO DA PRAÇA Ponta de Campina R. Golfo de Oman Cabedelo PB Instagram;;yellow;110;instagram;organic;kiosque Cantinho da praça (@cantinho_da_praca_kiosque);https://instagram.com/cantinho_da_praca_kiosque;city_not_confirmed
98e8a6d7-3943-47e6-8b2c-491972c7e4f1;KIOSQUE CANTINHO DA PRAÇA;KIOSQUE CANTINHO DA PRAÇA Ponta de Campina R. Golfo de Oman Cabedelo PB Instagram;;yellow;110;instagram;organic;CANTINHO DA DI (@cantinho_da_di);https://instagram.com/cantinho_da_di;city_not_confirmed
98e8a6d7-3943-47e6-8b2c-491972c7e4f1;KIOSQUE CANTINHO DA PRAÇA;KIOSQUE CANTINHO DA PRAÇA Ponta de Campina R. Golfo de Oman Cabedelo PB Instagram;;yellow;110;instagram;organic;Cantinho da Macaxeira (@cheganocantinho);https://instagram.com/cheganocantinho;city_not_confirmed
98e8a6d7-3943-47e6-8b2c-491972c7e4f1;KIOSQUE CANTINHO DA PRAÇA;KIOSQUE CANTINHO DA PRAÇA Ponta de Campina R. Golfo de Oman Cabedelo PB Instagram;;yellow;98;instagram;derived_instagram_handle;Instagram profile @cantinhodasheila;https://instagram.com/cantinhodasheila;city_not_confirmed
98e8a6d7-3943-47e6-8b2c-491972c7e4f1;KIOSQUE CANTINHO DA PRAÇA;KIOSQUE CANTINHO DA PRAÇA Ponta de Campina R. Golfo de Oman Cabedelo PB Instagram;;red;35;instagram;organic;Photo by Cantinho Da Sheila (@cantinhodasheila);https://instagram.com/p/DMdHo53sYmV;instagram_p_not_profile|instagram_profile_not_canonicalizable|city_not_confirmed
98e8a6d7-3943-47e6-8b2c-491972c7e4f1;KIOSQUE CANTINHO DA PRAÇA;KIOSQUE CANTINHO DA PRAÇA Ponta de Campina R. Golfo de Oman Cabedelo PB Instagram;;red;11;instagram;organic;Saída às 09:00h. Praça Getúlio Vargas centro de cabedelo PB ...;https://instagram.com/reel/DZphEV6K9kf;instagram_reel_not_profile|brand_not_confirmed|instagram_profile_not_canonicalizable
98e8a6d7-3943-47e6-8b2c-491972c7e4f1;KIOSQUE CANTINHO DA PRAÇA;KIOSQUE CANTINHO DA PRAÇA Ponta de Campina R. Golfo de Oman Cabedelo PB Instagram;;red;-19;instagram;organic;como pessoense, esses são meus lugares favoritos no verão ...;https://instagram.com/reel/DS5rBYMD_py;instagram_reel_not_profile|brand_not_confirmed|name_not_confirmed|instagram_profile_not_canonicalizable|city_not_confirmed
c7306a7c-c69a-413e-b196-29a7847f29c7;Messe Cafeteria;Messe Cafeteria Cabedelo R. Praia do Jacaré - Intermares Cabedelo PB Instagram;yes;yellow;120;instagram;organic;Messe Cafeteria (@messecafeteria);https://instagram.com/messecafeteria;
c7306a7c-c69a-413e-b196-29a7847f29c7;Messe Cafeteria;Messe Cafeteria Cabedelo R. Praia do Jacaré - Intermares Cabedelo PB Instagram;;yellow;56;instagram;organic;Cibelly Mar | Restaurante Flutuante (@cibellymarr);https://instagram.com/cibellymarr;brand_not_confirmed
c7306a7c-c69a-413e-b196-29a7847f29c7;Messe Cafeteria;Messe Cafeteria Cabedelo R. Praia do Jacaré - Intermares Cabedelo PB Instagram;;red;40;instagram;organic;treehouse.pb;https://instagram.com/treehouse.pb;brand_not_confirmed|city_not_confirmed
c7306a7c-c69a-413e-b196-29a7847f29c7;Messe Cafeteria;Messe Cafeteria Cabedelo R. Praia do Jacaré - Intermares Cabedelo PB Instagram;;red;3;instagram;organic;"Cibelly Mar | Restaurante Flutuante on Instagram: ""Por trás do ...";https://instagram.com/reel/DNSoMcHOUO0;instagram_reel_not_profile|brand_not_confirmed|instagram_profile_not_canonicalizable
c7306a7c-c69a-413e-b196-29a7847f29c7;Messe Cafeteria;Messe Cafeteria Cabedelo R. Praia do Jacaré - Intermares Cabedelo PB Instagram;;red;3;instagram;organic;Marca quem precisa viver um dia no Cibelly Mar com você ...;https://instagram.com/reel/DSpjOPVDlyp;instagram_reel_not_profile|brand_not_confirmed|instagram_profile_not_canonicalizable
c7306a7c-c69a-413e-b196-29a7847f29c7;Messe Cafeteria;Messe Cafeteria Cabedelo R. Praia do Jacaré - Intermares Cabedelo PB Instagram;;red;3;instagram;organic;Aproveitar o dia por aqui é mais do que só um dia comum. É a ...;https://instagram.com/reel/DU27b8TDySA;instagram_reel_not_profile|brand_not_confirmed|instagram_profile_not_canonicalizable
c7306a7c-c69a-413e-b196-29a7847f29c7;Messe Cafeteria;Messe Cafeteria Cabedelo R. Praia do Jacaré - Intermares Cabedelo PB Instagram;;red;3;instagram;organic;Praia do Jacaré, Cabedelo (PB) Compartilha com quem devia ...;https://instagram.com/reel/DUl3yIhEpl-;instagram_reel_not_profile|brand_not_confirmed|instagram_profile_not_canonicalizable
c7306a7c-c69a-413e-b196-29a7847f29c7;Messe Cafeteria;Messe Cafeteria Cabedelo R. Praia do Jacaré - Intermares Cabedelo PB Instagram;;red;3;instagram;organic;Chié loja de artesanato e comedoria. Local: Praia do Jacaré;https://instagram.com/p/DXQWiNGDaCO;instagram_p_not_profile|brand_not_confirmed|instagram_profile_not_canonicalizable
4fbc3698-a161-4c24-b3ff-4ed4a22e2b41;Sorv&cia;Sorv&cia Camalaú Av. São Sebastião Cabedelo PB Instagram;yes;yellow;110;instagram;organic;Sorv&cia (@sorvecia_sorveteria);https://instagram.com/sorvecia_sorveteria;
4fbc3698-a161-4c24-b3ff-4ed4a22e2b41;Sorv&cia;Sorv&cia Camalaú Av. São Sebastião Cabedelo PB Instagram;;yellow;62;instagram;organic;Unidade Camalaú (@sup_saosebastiaocamalau);https://instagram.com/sup_saosebastiaocamalau;brand_not_confirmed
4fbc3698-a161-4c24-b3ff-4ed4a22e2b41;Sorv&cia;Sorv&cia Camalaú Av. São Sebastião Cabedelo PB Instagram;;yellow;52;instagram;organic;Açaiteria JL 💜 (@acaiteria_jl_) - Camalaú Pb;https://instagram.com/acaiteria_jl_;brand_not_confirmed|city_not_confirmed
4fbc3698-a161-4c24-b3ff-4ed4a22e2b41;Sorv&cia;Sorv&cia Camalaú Av. São Sebastião Cabedelo PB Instagram;;yellow;52;instagram;organic;Camalaú PB💚🩷 (@duo_docura) - Confeitaria Artesanal;https://instagram.com/duo_docura;brand_not_confirmed|city_not_confirmed
4fbc3698-a161-4c24-b3ff-4ed4a22e2b41;Sorv&cia;Sorv&cia Camalaú Av. São Sebastião Cabedelo PB Instagram;;yellow;46;instagram;organic;SUPERMERCADO SÃO SEBASTIÃO ...;https://instagram.com/supermercadossebastiao;brand_not_confirmed|city_not_confirmed
4fbc3698-a161-4c24-b3ff-4ed4a22e2b41;Sorv&cia;Sorv&cia Camalaú Av. São Sebastião Cabedelo PB Instagram;;red;34;instagram;organic;(@60sabores) • Instagram photos and videos;https://instagram.com/60sabores;brand_not_confirmed|city_not_confirmed
4fbc3698-a161-4c24-b3ff-4ed4a22e2b41;Sorv&cia;Sorv&cia Camalaú Av. São Sebastião Cabedelo PB Instagram;;red;30;serpapi.com;local;Sorv&cia;https://serpapi.com/search.json?device=desktop&engine=google&gl=br&google_domain=google.com.br&hl=pt-br&ludocid=11544432865084484833&q=Sorv%26cia+Camala%C3%BA+Av.+S%C3%A3o+Sebasti%C3%A3o+Cabedelo+PB+Instagram;
4fbc3698-a161-4c24-b3ff-4ed4a22e2b41;Sorv&cia;Sorv&cia Camalaú Av. São Sebastião Cabedelo PB Instagram;;red;-6;serpapi.com;local;Supermercado São Sebastião - Unidade Camalaú;https://serpapi.com/search.json?device=desktop&engine=google&gl=br&google_domain=google.com.br&hl=pt-br&ludocid=7901280681486140873&q=Sorv%26cia+Camala%C3%BA+Av.+S%C3%A3o+Sebasti%C3%A3o+Cabedelo+PB+Instagram;brand_not_confirmed
26330241-3dbd-449f-ac54-9b789abc4a01;Self service da GG;Self service da GG Lot. Oceania VI R. Jair Cunha Cavalcanti Cabedelo PB Instagram;yes;yellow;128;instagram;organic;Restaurante Self Sabor (@_selfsabor) · Cabedelo, PB;https://instagram.com/_selfsabor;
26330241-3dbd-449f-ac54-9b789abc4a01;Self service da GG;Self service da GG Lot. Oceania VI R. Jair Cunha Cavalcanti Cabedelo PB Instagram;;red;43;instagram;organic;ELEITO O MELHOR SELF-SERVICE DO RN em 2025 🍽️ ...;https://instagram.com/p/DW_0S3LjLr_/?__d=1%E5%BE%AE%E5%8D%9A%E7%A7%81%E4%BA%BA%E5%8F%B7%E4%BA%A4%E6%98%93%E4%B8%AD%E5%BF%83%2B-%2B%E5%92%8C%E5%B9%B3%E7%B2%BE%E8%8B%B1%E5%B0%8F%E5%8F%B7%E7%BD%91%2B%E2%9C%94%EF%B8%8Fhaoba.cyou-%E5%BE%AE%E5%8D%9A%E5%B0%8F%E5%8F%B7%E5%B7%B2%E5%AE%9E%E5%90%8D%E8%B4%A6%E5%8F%B7%E5%87%BA%E5%94%AE;instagram_p_not_profile|instagram_profile_not_canonicalizable|city_not_confirmed
26330241-3dbd-449f-ac54-9b789abc4a01;Self service da GG;Self service da GG Lot. Oceania VI R. Jair Cunha Cavalcanti Cabedelo PB Instagram;;red;43;instagram;organic;Raiz Restaurante: O seu self-service com comida que tem ...;https://instagram.com/p/DLuNNzUO6nD;instagram_p_not_profile|instagram_profile_not_canonicalizable|city_not_confirmed
26330241-3dbd-449f-ac54-9b789abc4a01;Self service da GG;Self service da GG Lot. Oceania VI R. Jair Cunha Cavalcanti Cabedelo PB Instagram;;red;43;instagram;organic;Lagulla Restaurante | João Pessoa on Instagram;https://instagram.com/p/Bq5sTK1lPUN;instagram_p_not_profile|instagram_profile_not_canonicalizable|city_not_confirmed
26330241-3dbd-449f-ac54-9b789abc4a01;Self service da GG;Self service da GG Lot. Oceania VI R. Jair Cunha Cavalcanti Cabedelo PB Instagram;;red;43;instagram;organic;June 20, 2025;https://instagram.com/p/DLIIFlvuodI;instagram_p_not_profile|instagram_profile_not_canonicalizable|city_not_confirmed
26330241-3dbd-449f-ac54-9b789abc4a01;Self service da GG;Self service da GG Lot. Oceania VI R. Jair Cunha Cavalcanti Cabedelo PB Instagram;;red;-21;instagram;organic;Joao Pessoa e Cabedelo sempre impressionando, cidade ...;https://instagram.com/p/DEzlFMoOzwr;instagram_p_not_profile|brand_not_confirmed|name_not_confirmed|instagram_profile_not_canonicalizable
26330241-3dbd-449f-ac54-9b789abc4a01;Self service da GG;Self service da GG Lot. Oceania VI R. Jair Cunha Cavalcanti Cabedelo PB Instagram;;red;-21;instagram;organic;no Mercado Público de Cabedelo, recebendo o carinho ...;https://instagram.com/p/Daantk3lnst;instagram_p_not_profile|brand_not_confirmed|name_not_confirmed|instagram_profile_not_canonicalizable
26330241-3dbd-449f-ac54-9b789abc4a01;Self service da GG;Self service da GG Lot. Oceania VI R. Jair Cunha Cavalcanti Cabedelo PB Instagram;;red;-37;instagram;organic;Churrasco é tudo de bom! Conhecemos o ...;https://instagram.com/reel/Crb1Ht-AJ6O;instagram_reel_not_profile|brand_not_confirmed|name_not_confirmed|instagram_profile_not_canonicalizable|city_not_confirmed
17c67464-7f14-4f6a-b07c-855f9c9a4593;Manguinhos Burguer;Manguinhos Burguer Vila Sao Joao R. Débora Borges Xavier (83) 99831-1272 Cabedelo PB Instagram;yes;yellow;134;instagram;organic;Manguinhos Burguer (@manguinhosburguer);https://instagram.com/manguinhosburguer;
17c67464-7f14-4f6a-b07c-855f9c9a4593;Manguinhos Burguer;Manguinhos Burguer Vila Sao Joao R. Débora Borges Xavier (83) 99831-1272 Cabedelo PB Instagram;;yellow;120;instagram;derived_instagram_handle;Instagram profile @iloveburguerpb;https://instagram.com/iloveburguerpb;
17c67464-7f14-4f6a-b07c-855f9c9a4593;Manguinhos Burguer;Manguinhos Burguer Vila Sao Joao R. Débora Borges Xavier (83) 99831-1272 Cabedelo PB Instagram;;yellow;98;instagram;organic;Burguer Do Nô (@burguerdono);https://instagram.com/burguerdono;city_not_confirmed
17c67464-7f14-4f6a-b07c-855f9c9a4593;Manguinhos Burguer;Manguinhos Burguer Vila Sao Joao R. Débora Borges Xavier (83) 99831-1272 Cabedelo PB Instagram;;yellow;88;instagram;organic;Burguinho (@oburguinho) • Instagram photos and videos;https://instagram.com/oburguinho;city_not_confirmed
17c67464-7f14-4f6a-b07c-855f9c9a4593;Manguinhos Burguer;Manguinhos Burguer Vila Sao Joao R. Débora Borges Xavier (83) 99831-1272 Cabedelo PB Instagram;;yellow;57;instagram;organic;"I Burguer on Instagram: ""Chegou fim de semana, hora de ...";https://instagram.com/reel/CwYf3Dir6mG;instagram_reel_not_profile|instagram_profile_not_canonicalizable
17c67464-7f14-4f6a-b07c-855f9c9a4593;Manguinhos Burguer;Manguinhos Burguer Vila Sao Joao R. Débora Borges Xavier (83) 99831-1272 Cabedelo PB Instagram;;yellow;57;instagram;organic;Compartilhando dica boa em João Pessoa-PB | 🍔 O melhor ...;https://instagram.com/reel/DLnr-ATpE_K;instagram_reel_not_profile|instagram_profile_not_canonicalizable
17c67464-7f14-4f6a-b07c-855f9c9a4593;Manguinhos Burguer;Manguinhos Burguer Vila Sao Joao R. Débora Borges Xavier (83) 99831-1272 Cabedelo PB Instagram;;yellow;51;instagram;organic;Hambúrguer não é tudo igual — e foi exatamente isso que eu ...;https://instagram.com/reel/DTlELitANiP;instagram_reel_not_profile|instagram_profile_not_canonicalizable
17c67464-7f14-4f6a-b07c-855f9c9a4593;Manguinhos Burguer;Manguinhos Burguer Vila Sao Joao R. Débora Borges Xavier (83) 99831-1272 Cabedelo PB Instagram;;red;35;instagram;organic;Só pra lembrar vcs que apesar do dia dos namorados ...;https://instagram.com/p/DZdbz5pFVCU;instagram_p_not_profile|instagram_profile_not_canonicalizable|city_not_confirmed
f598d9b8-6875-4bca-92c3-a7675f4775ac;Pizzaria tá no ponto;Pizzaria tá no ponto Vila Sao Joao R. Ten. Antônio Pontes Cabedelo PB Instagram;yes;yellow;110;instagram;organic;Pizzaria tá no ponto (@pizzariatanoponto);https://instagram.com/pizzariatanoponto;city_not_confirmed
f598d9b8-6875-4bca-92c3-a7675f4775ac;Pizzaria tá no ponto;Pizzaria tá no ponto Vila Sao Joao R. Ten. Antônio Pontes Cabedelo PB Instagram;;yellow;98;instagram;organic;Pizza em Ponto (@pizzaempontomg);https://instagram.com/pizzaempontomg;city_not_confirmed
f598d9b8-6875-4bca-92c3-a7675f4775ac;Pizzaria tá no ponto;Pizzaria tá no ponto Vila Sao Joao R. Ten. Antônio Pontes Cabedelo PB Instagram;;yellow;98;instagram;organic;PIZZA NO PONTO OFICIAL 🍕 (@pizza_nopontooficial);https://instagram.com/pizza_nopontooficial;city_not_confirmed
f598d9b8-6875-4bca-92c3-a7675f4775ac;Pizzaria tá no ponto;Pizzaria tá no ponto Vila Sao Joao R. Ten. Antônio Pontes Cabedelo PB Instagram;;green;94;anota_ai;organic;Pizzaria Ta no Ponto | Delivery em Cabedelo | Pedido online;https://pedido.anota.ai/loja/pizzaria-ta-no-ponto;brand_not_confirmed
f598d9b8-6875-4bca-92c3-a7675f4775ac;Pizzaria tá no ponto;Pizzaria tá no ponto Vila Sao Joao R. Ten. Antônio Pontes Cabedelo PB Instagram;;yellow;46;instagram;organic;Pizza Now (@pizzanowexpress);https://instagram.com/pizzanowexpress;brand_not_confirmed|city_not_confirmed
f598d9b8-6875-4bca-92c3-a7675f4775ac;Pizzaria tá no ponto;Pizzaria tá no ponto Vila Sao Joao R. Ten. Antônio Pontes Cabedelo PB Instagram;;red;5;instagram;organic;Pizzaria tá no ponto（@pizzariatanoponto）的 Reels · 2023年 ...;https://instagram.com/reel/CwJDcP5ocAP/?hl=zh-cn;instagram_reel_not_profile|brand_not_confirmed|instagram_profile_not_canonicalizable
f598d9b8-6875-4bca-92c3-a7675f4775ac;Pizzaria tá no ponto;Pizzaria tá no ponto Vila Sao Joao R. Ten. Antônio Pontes Cabedelo PB Instagram;;red;3;instagram;organic;A melhor pizza a partir de R$ 29,90! . Vem 📍Estamos na ...;https://instagram.com/p/DA4NaqvxV7G;instagram_p_not_profile|brand_not_confirmed|instagram_profile_not_canonicalizable
f598d9b8-6875-4bca-92c3-a7675f4775ac;Pizzaria tá no ponto;Pizzaria tá no ponto Vila Sao Joao R. Ten. Antônio Pontes Cabedelo PB Instagram;;red;1;instagram;organic;Pizzaria Ponto Da Pizza | Aqui vai a dica de como você ...;https://instagram.com/reel/DFoGFUqMw45;instagram_reel_not_profile|brand_not_confirmed|instagram_profile_not_canonicalizable|city_not_confirmed
4990a612-f3ae-4ca1-959b-694fc7d59b9e;Pastelaria em família;Pastelaria em família Cabedelo R. São Miguel - Camalaú (83) 98608-6821 Cabedelo PB Instagram;yes;yellow;88;instagram;organic;pastel em família (@pastelemf);https://instagram.com/pastelemf;city_not_confirmed
4990a612-f3ae-4ca1-959b-694fc7d59b9e;Pastelaria em família;Pastelaria em família Cabedelo R. São Miguel - Camalaú (83) 98608-6821 Cabedelo PB Instagram;;yellow;68;instagram;organic;lacasadepastelpb (@lacasadepastelpbof) · Cabedelo, PB;https://instagram.com/lacasadepastelpbof;brand_not_confirmed
4990a612-f3ae-4ca1-959b-694fc7d59b9e;Pastelaria em família;Pastelaria em família Cabedelo R. São Miguel - Camalaú (83) 98608-6821 Cabedelo PB Instagram;;yellow;68;instagram;organic;Pastelaria Litorânea (@pastelarialitoranea);https://instagram.com/pastelarialitoranea;brand_not_confirmed
4990a612-f3ae-4ca1-959b-694fc7d59b9e;Pastelaria em família;Pastelaria em família Cabedelo R. São Miguel - Camalaú (83) 98608-6821 Cabedelo PB Instagram;;yellow;56;instagram;organic;Pastelaria da Neide (@pastelariadaneide);https://instagram.com/pastelariadaneide;brand_not_confirmed
4990a612-f3ae-4ca1-959b-694fc7d59b9e;Pastelaria em família;Pastelaria em família Cabedelo R. São Miguel - Camalaú (83) 98608-6821 Cabedelo PB Instagram;;yellow;51;instagram;organic;Aqui em cabedelo é muito bom família;https://instagram.com/reel/DYndwXdxuun;instagram_reel_not_profile|instagram_profile_not_canonicalizable
4990a612-f3ae-4ca1-959b-694fc7d59b9e;Pastelaria em família;Pastelaria em família Cabedelo R. São Miguel - Camalaú (83) 98608-6821 Cabedelo PB Instagram;;yellow;50;instagram;organic;Prefeitura de Cabedelo (@prefeituradecabedelo);https://instagram.com/prefeituradecabedelo;brand_not_confirmed
4990a612-f3ae-4ca1-959b-694fc7d59b9e;Pastelaria em família;Pastelaria em família Cabedelo R. São Miguel - Camalaú (83) 98608-6821 Cabedelo PB Instagram;;red;35;instagram;organic;PASTELANDO EM FAMÍLIA AGORA NO SÃO JOÃO HOT ...;https://instagram.com/reel/DTWDgQKD4oM;instagram_reel_not_profile|instagram_profile_not_canonicalizable|city_not_confirmed
4990a612-f3ae-4ca1-959b-694fc7d59b9e;Pastelaria em família;Pastelaria em família Cabedelo R. São Miguel - Camalaú (83) 98608-6821 Cabedelo PB Instagram;;red;3;instagram;organic;"Pastel da Liberdade João Pessoa on Instagram: ""O melhor ...";https://instagram.com/reel/DD5Jy4gvTd5;instagram_reel_not_profile|brand_not_confirmed|instagram_profile_not_canonicalizable
13cacb5e-52f2-4d8c-80ed-26c53a847ea9;Esquina do galeto;Esquina do galeto Rua Rosa vieira Cabedelo PB Instagram;yes;yellow;118;instagram;organic;Restaurante Esquina do Galeto (@esquinadogaleto01);https://instagram.com/esquinadogaleto01;city_not_confirmed
13cacb5e-52f2-4d8c-80ed-26c53a847ea9;Esquina do galeto;Esquina do galeto Rua Rosa vieira Cabedelo PB Instagram;;red;35;instagram;organic;Vinagrete fresquinho ✅ Farofa crocante ✅ Macaxeira ...;https://instagram.com/p/DNX_j82tJ2J;instagram_p_not_profile|instagram_profile_not_canonicalizable|city_not_confirmed
13cacb5e-52f2-4d8c-80ed-26c53a847ea9;Esquina do galeto;Esquina do galeto Rua Rosa vieira Cabedelo PB Instagram;;red;-21;instagram;organic;O Bloco Empurrando o Jegue já fez história na Praia do Poço ...;https://instagram.com/reel/DGwDzGxBtEm;instagram_reel_not_profile|brand_not_confirmed|name_not_confirmed|instagram_profile_not_canonicalizable
13cacb5e-52f2-4d8c-80ed-26c53a847ea9;Esquina do galeto;Esquina do galeto Rua Rosa vieira Cabedelo PB Instagram;;red;-21;instagram;organic;No melhor e maior Arraiá do Litoral! ✨🫶🏼🎉 Te amo, ...;https://instagram.com/p/DLd5FFZtrw1;instagram_p_not_profile|brand_not_confirmed|name_not_confirmed|instagram_profile_not_canonicalizable
13cacb5e-52f2-4d8c-80ed-26c53a847ea9;Esquina do galeto;Esquina do galeto Rua Rosa vieira Cabedelo PB Instagram;;red;-21;instagram;organic;Aqui em cabedelo é muito bom família;https://instagram.com/reel/DYndwXdxuun;instagram_reel_not_profile|brand_not_confirmed|name_not_confirmed|instagram_profile_not_canonicalizable
13cacb5e-52f2-4d8c-80ed-26c53a847ea9;Esquina do galeto;Esquina do galeto Rua Rosa vieira Cabedelo PB Instagram;;red;-37;instagram;organic;Almoçar no restaurante @restauranteruraldobitelo ...;https://instagram.com/p/DTn8K3IFY-W;instagram_p_not_profile|brand_not_confirmed|name_not_confirmed|instagram_profile_not_canonicalizable|city_not_confirmed
13cacb5e-52f2-4d8c-80ed-26c53a847ea9;Esquina do galeto;Esquina do galeto Rua Rosa vieira Cabedelo PB Instagram;;red;-37;instagram;organic;Instagram;https://instagram.com/reel/DE7-DvARUQR;instagram_reel_not_profile|brand_not_confirmed|name_not_confirmed|instagram_profile_not_canonicalizable|city_not_confirmed
13cacb5e-52f2-4d8c-80ed-26c53a847ea9;Esquina do galeto;Esquina do galeto Rua Rosa vieira Cabedelo PB Instagram;;red;-37;instagram;organic;Aviso: Esse Reels pode conter imagens que te deixarão ...;https://instagram.com/p/CZu4J6llAIb;instagram_p_not_profile|brand_not_confirmed|name_not_confirmed|instagram_profile_not_canonicalizable|city_not_confirmed
b75a8384-f80f-4a6b-a230-d363cea67597;Tapioca Sabor Natural;Tapioca Sabor Natural Vila Sao Joao R. Dr. João Mata Cabedelo PB Instagram;yes;red;8;pt.wikipedia.org;organic;Tapioca – Wikipédia, a enciclopédia livre;https://pt.wikipedia.org/wiki/Tapioca;city_not_confirmed
b75a8384-f80f-4a6b-a230-d363cea67597;Tapioca Sabor Natural;Tapioca Sabor Natural Vila Sao Joao R. Dr. João Mata Cabedelo PB Instagram;;red;8;tudogostoso.com.br;organic;Tapioca: como fazer essa receita fácil para o café da manhã;https://tudogostoso.com.br/receita/4928-tapioca.html;city_not_confirmed
b75a8384-f80f-4a6b-a230-d363cea67597;Tapioca Sabor Natural;Tapioca Sabor Natural Vila Sao Joao R. Dr. João Mata Cabedelo PB Instagram;;red;8;blog.nutrify.com.br;organic;Vantagens e desvantagens da tapioca;https://blog.nutrify.com.br/vantagens-e-desvantagens-da-tapioca;city_not_confirmed
b75a8384-f80f-4a6b-a230-d363cea67597;Tapioca Sabor Natural;Tapioca Sabor Natural Vila Sao Joao R. Dr. João Mata Cabedelo PB Instagram;;red;8;lista.mercadolivre.com.br;organic;Tapioca;https://lista.mercadolivre.com.br/tapioca;city_not_confirmed
b75a8384-f80f-4a6b-a230-d363cea67597;Tapioca Sabor Natural;Tapioca Sabor Natural Vila Sao Joao R. Dr. João Mata Cabedelo PB Instagram;;red;8;tendaatacado.com.br;organic;Receitas de tapioca doce e salgada para você provar hoje;https://tendaatacado.com.br/dicas/receitas-de-tapioca/?srsltid=AfmBOop2UQv00IScrBMkNXSbF5P8syJjQyidcNT7ar9Dy2K4VI9Es4-j;city_not_confirmed
b75a8384-f80f-4a6b-a230-d363cea67597;Tapioca Sabor Natural;Tapioca Sabor Natural Vila Sao Joao R. Dr. João Mata Cabedelo PB Instagram;;red;8;magazineluiza.com.br;organic;Tapioca em Promoção no Magazine Luiza;https://magazineluiza.com.br/busca/tapioca/?srsltid=AfmBOoqxXZtOgqmTPVEiXf1x9cr8r9qMiqRlBOL_nJ5F2PTo_p9qQckl;city_not_confirmed
b75a8384-f80f-4a6b-a230-d363cea67597;Tapioca Sabor Natural;Tapioca Sabor Natural Vila Sao Joao R. Dr. João Mata Cabedelo PB Instagram;;red;8;estadao.com.br;organic;Como fazer tapioca a partir da mandioca;https://estadao.com.br/paladar/receita/faca-tapioca-a-partir-da-mandioca/?srsltid=AfmBOor23VszcVgGisQAFsCg5nynsoReRfMfOvDW0GchFHT_NkEl2VBp;city_not_confirmed
b75a8384-f80f-4a6b-a230-d363cea67597;Tapioca Sabor Natural;Tapioca Sabor Natural Vila Sao Joao R. Dr. João Mata Cabedelo PB Instagram;;red;8;b2brazil.com.br;organic;Tapioca - B2Brazil;https://b2brazil.com.br/hotsite/mcexportacoes/tapioca?srsltid=AfmBOopq-zytLUS--0Z74xD-r7MnF163mjeJ32UklZzo5VzTRiERQwrI;city_not_confirmed
d03f3aca-7cdf-4227-b701-fd1a439be3c5;Piratas Burger;Piratas Burger Intermares Av. Oceano Atlântico (83) 98155-6636 Cabedelo PB Instagram;yes;yellow;98;instagram;organic;Piratas Art Burger (@piratasartburger);https://instagram.com/piratasartburger;city_not_confirmed
d03f3aca-7cdf-4227-b701-fd1a439be3c5;Piratas Burger;Piratas Burger Intermares Av. Oceano Atlântico (83) 98155-6636 Cabedelo PB Instagram;;yellow;68;instagram;organic;Big Jack Sanduicheria (@bigjack.intermares) · Cabedelo, PB;https://instagram.com/bigjack.intermares;brand_not_confirmed
d03f3aca-7cdf-4227-b701-fd1a439be3c5;Piratas Burger;Piratas Burger Intermares Av. Oceano Atlântico (83) 98155-6636 Cabedelo PB Instagram;;yellow;46;instagram;organic;Navio Pirata Hamburgueria (@naviopiratahamburgueria);https://instagram.com/naviopiratahamburgueria;brand_not_confirmed|city_not_confirmed
d03f3aca-7cdf-4227-b701-fd1a439be3c5;Piratas Burger;Piratas Burger Intermares Av. Oceano Atlântico (83) 98155-6636 Cabedelo PB Instagram;;red;35;instagram;organic;Caro e gentil marujo! Sabemos que vocês precisam de ...;https://instagram.com/reel/DUWa5uYEUbm;instagram_reel_not_profile|instagram_profile_not_canonicalizable|city_not_confirmed
d03f3aca-7cdf-4227-b701-fd1a439be3c5;Piratas Burger;Piratas Burger Intermares Av. Oceano Atlântico (83) 98155-6636 Cabedelo PB Instagram;;red;35;instagram;organic;‍☠️ Julho chegou e a nossa tripulação já tem destino certo ...;https://instagram.com/p/DaSnFjwSrUb;instagram_p_not_profile|instagram_profile_not_canonicalizable|city_not_confirmed
d03f3aca-7cdf-4227-b701-fd1a439be3c5;Piratas Burger;Piratas Burger Intermares Av. Oceano Atlântico (83) 98155-6636 Cabedelo PB Instagram;;red;35;instagram;organic;Cara de Mau - Gramado RS | 🍕 Tem pirata que divide a ...;https://instagram.com/reel/DaalxZwjW98;instagram_reel_not_profile|instagram_profile_not_canonicalizable|city_not_confirmed
d03f3aca-7cdf-4227-b701-fd1a439be3c5;Piratas Burger;Piratas Burger Intermares Av. Oceano Atlântico (83) 98155-6636 Cabedelo PB Instagram;;red;35;instagram;organic;Tudo o que você precisa hoje é um burger do Piratas 🏴‍☠️ ...;https://instagram.com/p/DNY9R-yORNs;instagram_p_not_profile|instagram_profile_not_canonicalizable|city_not_confirmed
d03f3aca-7cdf-4227-b701-fd1a439be3c5;Piratas Burger;Piratas Burger Intermares Av. Oceano Atlântico (83) 98155-6636 Cabedelo PB Instagram;;red;35;instagram;organic;Alta gastronomia é no Shopping Piratas! Cada restaurante ...;https://instagram.com/p/DNwJtn7UuOj;instagram_p_not_profile|instagram_profile_not_canonicalizable|city_not_confirmed
e20c7fe6-1563-45fc-9a60-96d75acdaa2b;Zhu Burguer;Zhu Burguer Cabedelo Rua em frente à Cardiologica, R. Antônio Dornelas Bezerra - Centro (83) 99652-4815 Cabedelo PB Instagram;yes;yellow;116;instagram;organic;I ❤ Burguer (@iloveburguerpb);https://instagram.com/iloveburguerpb;city_not_confirmed
e20c7fe6-1563-45fc-9a60-96d75acdaa2b;Zhu Burguer;Zhu Burguer Cabedelo Rua em frente à Cardiologica, R. Antônio Dornelas Bezerra - Centro (83) 99652-4815 Cabedelo PB Instagram;;yellow;110;instagram;organic;HAMBURGUERIA ARTESANAL (@homesmashburguer);https://instagram.com/homesmashburguer;city_not_confirmed
e20c7fe6-1563-45fc-9a60-96d75acdaa2b;Zhu Burguer;Zhu Burguer Cabedelo Rua em frente à Cardiologica, R. Antônio Dornelas Bezerra - Centro (83) 99652-4815 Cabedelo PB Instagram;;yellow;106;instagram;organic;Zhu Burguer ❤️‍🔥 (@zhuburguer);https://instagram.com/zhuburguer;city_not_confirmed
e20c7fe6-1563-45fc-9a60-96d75acdaa2b;Zhu Burguer;Zhu Burguer Cabedelo Rua em frente à Cardiologica, R. Antônio Dornelas Bezerra - Centro (83) 99652-4815 Cabedelo PB Instagram;;yellow;57;instagram;organic;Compartilhando dica boa em João Pessoa-PB | 🍔 O melhor ...;https://instagram.com/reel/DLnr-ATpE_K;instagram_reel_not_profile|instagram_profile_not_canonicalizable
e20c7fe6-1563-45fc-9a60-96d75acdaa2b;Zhu Burguer;Zhu Burguer Cabedelo Rua em frente à Cardiologica, R. Antônio Dornelas Bezerra - Centro (83) 99652-4815 Cabedelo PB Instagram;;yellow;51;instagram;organic;🍔🔥 Cabedelo, chegou o Manguinhos Burguer! Dia 17 de ...;https://instagram.com/p/DVu72coDT3N;instagram_p_not_profile|instagram_profile_not_canonicalizable
e20c7fe6-1563-45fc-9a60-96d75acdaa2b;Zhu Burguer;Zhu Burguer Cabedelo Rua em frente à Cardiologica, R. Antônio Dornelas Bezerra - Centro (83) 99652-4815 Cabedelo PB Instagram;;yellow;51;instagram;organic;Hambúrguer não é tudo igual — e foi exatamente isso que eu ...;https://instagram.com/reel/DTlELitANiP;instagram_reel_not_profile|instagram_profile_not_canonicalizable
e20c7fe6-1563-45fc-9a60-96d75acdaa2b;Zhu Burguer;Zhu Burguer Cabedelo Rua em frente à Cardiologica, R. Antônio Dornelas Bezerra - Centro (83) 99652-4815 Cabedelo PB Instagram;;red;41;instagram;organic;"I Burguer on Instagram: ""Chegou fim de semana, hora de ...";https://instagram.com/reel/CwYf3Dir6mG;instagram_reel_not_profile|instagram_profile_not_canonicalizable|city_not_confirmed
e20c7fe6-1563-45fc-9a60-96d75acdaa2b;Zhu Burguer;Zhu Burguer Cabedelo Rua em frente à Cardiologica, R. Antônio Dornelas Bezerra - Centro (83) 99652-4815 Cabedelo PB Instagram;;red;39;instagram;organic;Nosso novo ambiente que preparamos pra receber vocês…;https://instagram.com/p/C2nzny8Lfjq/?hl=it;instagram_p_not_profile|instagram_profile_not_canonicalizable|city_not_confirmed
637f341e-c8bb-4c2d-8ac6-1ffc96d4b2ce;Restaurante mar de amor;Restaurante mar de amor Cabedelo Av. Pôr do Sol - Portal do Poço Cabedelo PB Instagram;yes;yellow;120;instagram;organic;Cibelly Mar | Restaurante Flutuante (@cibellymarr);https://instagram.com/cibellymarr;
637f341e-c8bb-4c2d-8ac6-1ffc96d4b2ce;Restaurante mar de amor;Restaurante mar de amor Cabedelo Av. Pôr do Sol - Portal do Poço Cabedelo PB Instagram;;yellow;120;instagram;organic;gigantedomaroficial • Instagram photos and videos;https://instagram.com/gigantedomaroficial;
637f341e-c8bb-4c2d-8ac6-1ffc96d4b2ce;Restaurante mar de amor;Restaurante mar de amor Cabedelo Av. Pôr do Sol - Portal do Poço Cabedelo PB Instagram;;red;11;instagram;organic;Cibelly Bar & Restaurante on Instagram;https://instagram.com/reel/C6g1dFyrC9m;instagram_reel_not_profile|brand_not_confirmed|instagram_profile_not_canonicalizable
637f341e-c8bb-4c2d-8ac6-1ffc96d4b2ce;Restaurante mar de amor;Restaurante mar de amor Cabedelo Av. Pôr do Sol - Portal do Poço Cabedelo PB Instagram;;red;11;instagram;organic;"Cibelly Mar | Restaurante Flutuante on Instagram: ""Qual é o ...";https://instagram.com/reel/DMKmlUuu_MG;instagram_reel_not_profile|brand_not_confirmed|instagram_profile_not_canonicalizable
637f341e-c8bb-4c2d-8ac6-1ffc96d4b2ce;Restaurante mar de amor;Restaurante mar de amor Cabedelo Av. Pôr do Sol - Portal do Poço Cabedelo PB Instagram;;red;8;tripadvisor;organic;OS 10 MELHORES restaurantes - Cabedelo;https://tripadvisor.com.br/Restaurants-g793398-Cabedelo_State_of_Paraiba.html;brand_not_confirmed
637f341e-c8bb-4c2d-8ac6-1ffc96d4b2ce;Restaurante mar de amor;Restaurante mar de amor Cabedelo Av. Pôr do Sol - Portal do Poço Cabedelo PB Instagram;;red;5;instagram;organic;"Cibelly Mar | Restaurante Flutuante on Instagram: ""Chegar ao ...";https://instagram.com/reel/DWBmfjQp4w2;instagram_reel_not_profile|brand_not_confirmed|instagram_profile_not_canonicalizable
637f341e-c8bb-4c2d-8ac6-1ffc96d4b2ce;Restaurante mar de amor;Restaurante mar de amor Cabedelo Av. Pôr do Sol - Portal do Poço Cabedelo PB Instagram;;red;2;facebook;organic;Cibelly Bar & Restaurante | Cabedelo PB;https://facebook.com/Cibellybar/?locale=pt_BR;brand_not_confirmed
637f341e-c8bb-4c2d-8ac6-1ffc96d4b2ce;Restaurante mar de amor;Restaurante mar de amor Cabedelo Av. Pôr do Sol - Portal do Poço Cabedelo PB Instagram;;red;-11;instagram;organic;"Cibelly Mar | Restaurante Flutuante on Instagram: ""Por trás do ...";https://instagram.com/reel/DNSoMcHOUO0;instagram_reel_not_profile|brand_not_confirmed|instagram_profile_not_canonicalizable|city_not_confirmed