status;name;type;address;rating;reviews;place_id;google_maps_url;query;area;ll;reason
accepted;Skama Bar e Restaurante;Restaurante;Av. Cassiano da Cunha Nóbrega, 18 - Ponta de Matos, Cabedelo - PB, 58100-965;4.2;397;ChIJl-GtFGkgrQcROqBgkhHbHuA;https://www.google.com/maps/place/?q=place_id:ChIJl-GtFGkgrQcROqBgkhHbHuA;restaurantes Cabedelo PB;Centro Cabedelo;@-6.9748,-34.8373,15z;food_scope
accepted;Caldinho Prime Formosa;Restaurante;Av. Cassiano da Cunha Nóbrega, 555 - Vila Sao Joao, Cabedelo - PB, 58310-000;4.7;46;ChIJo3IrDQAhrQcRuau8CF_J1oc;https://www.google.com/maps/place/?q=place_id:ChIJo3IrDQAhrQcRuau8CF_J1oc;restaurantes Cabedelo PB;Centro Cabedelo;@-6.9748,-34.8373,15z;food_scope
accepted;Ilha Dourada Restaurante;Restaurante de frutos do mar;BR -230, R. José Américo de Almeida Filho, s/n - Areia Dourada, Cabedelo - PB, 58101-212;4.2;3161;ChIJ19PDcIXfrAcRzBwfL7gvIIs;https://www.google.com/maps/place/?q=place_id:ChIJ19PDcIXfrAcRzBwfL7gvIIs;restaurantes Cabedelo PB;Centro Cabedelo;@-6.9748,-34.8373,15z;food_scope
accepted;Bar das Meninas Restaurante;Restaurante de frutos do mar;R. Des. Onaldo N Montenegro, 368 - Vila Sao Joao, Cabedelo - PB, 58109-342;4.2;3174;ChIJodwqQ2kgrQcR4ABUUI60O8Y;https://www.google.com/maps/place/?q=place_id:ChIJodwqQ2kgrQcR4ABUUI60O8Y;restaurantes Cabedelo PB;Centro Cabedelo;@-6.9748,-34.8373,15z;food_scope
accepted;Restaurante Pôr do Sol;Restaurante;R. Pres. João Pessoa, 1 - Vila Sao Joao, Cabedelo - PB, 58310-000;4.6;105;ChIJb69icnQgrQcRc9_nUnm-luI;https://www.google.com/maps/place/?q=place_id:ChIJb69icnQgrQcRc9_nUnm-luI;restaurantes Cabedelo PB;Centro Cabedelo;@-6.9748,-34.8373,15z;food_scope
accepted;Caiçara Bar e Restaurante;Restaurante;Praia de, Rua Cassiano, Av. Cassiano da Cunha Nóbrega - Ponta de Matos, Cabedelo - PB, 58100-695;4.7;39;ChIJ6UAYvCohrQcRzW-CciJ0DB0;https://www.google.com/maps/place/?q=place_id:ChIJ6UAYvCohrQcRzW-CciJ0DB0;restaurantes Cabedelo PB;Centro Cabedelo;@-6.9748,-34.8373,15z;food_scope
accepted;Lovina Ponta de Campina | Bar | Restaurante em Cabedelo;Restaurante;R. Vitorino Cardoso, 908 - Ponta de Campina, Cabedelo - PB, 58101-510;4.4;10742;ChIJdbKCxUTerAcRNmBt0eRrdX8;https://www.google.com/maps/place/?q=place_id:ChIJdbKCxUTerAcRNmBt0eRrdX8;restaurantes Cabedelo PB;Centro Cabedelo;@-6.9748,-34.8373,15z;food_scope
rejected;Verano Praia Bar;Bar;Av. Pastor José Alves de Oliveira, 848 - Areia Dourada, Cabedelo - PB, 58101-205;4.4;324;ChIJh0FVTwvfrAcRloIZE5Iit7w;https://www.google.com/maps/place/?q=place_id:ChIJh0FVTwvfrAcRloIZE5Iit7w;restaurantes Cabedelo PB;Centro Cabedelo;@-6.9748,-34.8373,15z;not_clearly_food_establishment
accepted;Churrascaria do Caicó;Churrascaria;R, Av. Pastor José Alves de Oliveira, 365 - Centro, Cabedelo - PB, 58100-222;4.3;753;ChIJVaKROncgrQcR5lpnht-FotI;https://www.google.com/maps/place/?q=place_id:ChIJVaKROncgrQcR5lpnht-FotI;restaurantes Cabedelo PB;Centro Cabedelo;@-6.9748,-34.8373,15z;food_scope
accepted;Tenda Formosa Bar & Restaurante;Restaurante;Av. Cassiano da Cunha Nóbrega, 98 - Praia Formosa, Cabedelo - PB, 58100-685;4.1;1507;ChIJIc-iXWUgrQcReqjiUbw742w;https://www.google.com/maps/place/?q=place_id:ChIJIc-iXWUgrQcReqjiUbw742w;restaurantes Cabedelo PB;Centro Cabedelo;@-6.9748,-34.8373,15z;food_scope
accepted;Sport Marina;Restaurante de frutos do mar;Av. Pastor José Alves de Oliveira, 848 - Areia Dourada, Cabedelo - PB, 58101-232;4.5;503;ChIJpSulOXggrQcR1X8-11zV034;https://www.google.com/maps/place/?q=place_id:ChIJpSulOXggrQcR1X8-11zV034;restaurantes Cabedelo PB;Centro Cabedelo;@-6.9748,-34.8373,15z;food_scope
accepted;RESTAURANTE DA WILMA;Restaurante;Jacaré, Cabedelo - PB, 58315-000;4.9;8;ChIJpVkCVxsgrQcRd4H-jTRlUZw;https://www.google.com/maps/place/?q=place_id:ChIJpVkCVxsgrQcRd4H-jTRlUZw;restaurantes Cabedelo PB;Centro Cabedelo;@-6.9748,-34.8373,15z;food_scope
accepted;Bar e Restaurante do Sumé;Restaurante de frutos do mar;Av. Oceano Atlântico, 98 - Vila Sao Joao, Cabedelo - PB, 58310-000;4.1;762;ChIJx6-fZGUgrQcR3ejC32WCAA4;https://www.google.com/maps/place/?q=place_id:ChIJx6-fZGUgrQcR3ejC32WCAA4;restaurantes Cabedelo PB;Centro Cabedelo;@-6.9748,-34.8373,15z;food_scope
accepted;Atlântico bar, cabedelo;Restaurante;Cassiano, Av. Cassiano da Cunha Nóbrega - Ponta de Matos, Cabedelo - PB, 58100-695;4.4;8;ChIJsc6M1VohrQcR2aadwXNqCYM;https://www.google.com/maps/place/?q=place_id:ChIJsc6M1VohrQcR2aadwXNqCYM;restaurantes Cabedelo PB;Centro Cabedelo;@-6.9748,-34.8373,15z;food_scope
rejected;Comida Caseira da Elly;Restaurante;Mercado Público de Cabedelo, BOX 138, Centro, Cabedelo - PB, 58100-140;5;19;ChIJBfEE9CwhrQcR2xtfopCJ34w;https://www.google.com/maps/place/?q=place_id:ChIJBfEE9CwhrQcR2xtfopCJ34w;restaurantes Cabedelo PB;Centro Cabedelo;@-6.9748,-34.8373,15z;excluded_category_or_name
accepted;Residência do Mário;Restaurante;R. Cleto Campêlo, 889 - Camalaú, Cabedelo - PB, 58103-242;4.7;153;ChIJJ1WRk4nfrAcRe75oQKtSH4Y;https://www.google.com/maps/place/?q=place_id:ChIJJ1WRk4nfrAcRe75oQKtSH4Y;restaurantes Cabedelo PB;Centro Cabedelo;@-6.9748,-34.8373,15z;food_scope
accepted;Bar e Restaurante Solânense;Restaurante;R. Sólon de Lucena, 364 - Centro, Cabedelo - PB, 58100-570;4.6;77;ChIJr1gT2-chrQcRL1coXnrt0YE;https://www.google.com/maps/place/?q=place_id:ChIJr1gT2-chrQcRL1coXnrt0YE;restaurantes Cabedelo PB;Centro Cabedelo;@-6.9748,-34.8373,15z;food_scope
accepted;Sorveteria Frutos de Goiás - Cabedelo;Sorveteria;R. Sólon de Lucena, 30B - Centro, Cabedelo - PB, 58100-570;4.9;40;ChIJpR3-bsYhrQcRFzba--9mhwU;https://www.google.com/maps/place/?q=place_id:ChIJpR3-bsYhrQcRFzba--9mhwU;restaurantes Cabedelo PB;Centro Cabedelo;@-6.9748,-34.8373,15z;food_scope
accepted;Caldeirão Nordestino - Caldinho e Nhoques Cabedelo;Barraca de comida;Areia Dourada, Cabedelo - PB, 58101-212;4.8;31;ChIJKa4SjtDfrAcRbfre1lQqXmM;https://www.google.com/maps/place/?q=place_id:ChIJKa4SjtDfrAcRbfre1lQqXmM;restaurantes Cabedelo PB;Centro Cabedelo;@-6.9748,-34.8373,15z;food_scope
accepted;Restaurante Ondas;Restaurante brasileiro;Av. Cassiano da Cunha Nóbrega - Santa Catarina, Cabedelo - PB, 58100-432;4.3;164;ChIJfajxP2kgrQcR4aWJ3AdHjqw;https://www.google.com/maps/place/?q=place_id:ChIJfajxP2kgrQcR4aWJ3AdHjqw;restaurantes Cabedelo PB;Centro Cabedelo;@-6.9748,-34.8373,15z;food_scope
accepted;Center Pizza Cabedelo;Pizzaria;R. Duque de Caxias, 189 - Centro, Cabedelo - PB, 58310-000;5;18;ChIJUeGTJwAhrQcRnfODfBzcelE;https://www.google.com/maps/place/?q=place_id:ChIJUeGTJwAhrQcRnfODfBzcelE;pizzaria Cabedelo PB;Centro Cabedelo;@-6.9748,-34.8373,15z;food_scope
accepted;Pizza do Paulinho;Pizzaria;Av. Monsenhor José da Silva Coutinho, 113 - Vila Sao Joao, Cabedelo - PB, 58103-332;5;11;ChIJTUFjldDfrAcRXmp9tl8_VOc;https://www.google.com/maps/place/?q=place_id:ChIJTUFjldDfrAcRXmp9tl8_VOc;pizzaria Cabedelo PB;Centro Cabedelo;@-6.9748,-34.8373,15z;food_scope
accepted;Pizzaria tá no ponto;Pizzaria;R. Ten. Antônio Pontes, 236 - Vila Sao Joao, Cabedelo - PB, 58100-645;5;1;ChIJP3oicAAhrQcRy3DljLN5ZTw;https://www.google.com/maps/place/?q=place_id:ChIJP3oicAAhrQcRy3DljLN5ZTw;pizzaria Cabedelo PB;Centro Cabedelo;@-6.9748,-34.8373,15z;food_scope
accepted;Pizzaria 1000Graus;Pizzaria;R. Duque de Caxias, 60 - Centro, Cabedelo - PB, 58100-000;5;1;ChIJz9Yh3hohrQcRX3d8g-9Pd6w;https://www.google.com/maps/place/?q=place_id:ChIJz9Yh3hohrQcRX3d8g-9Pd6w;pizzaria Cabedelo PB;Centro Cabedelo;@-6.9748,-34.8373,15z;food_scope
accepted;Deu Pizza Cabedelo;Pizzaria;Praça Getúlio Vargas, 95 - Vila Sao Joao, Cabedelo - PB, 58100-261;;;ChIJVeZJGAAhrQcRfL-dAtZyAcY;https://www.google.com/maps/place/?q=place_id:ChIJVeZJGAAhrQcRfL-dAtZyAcY;pizzaria Cabedelo PB;Centro Cabedelo;@-6.9748,-34.8373,15z;food_scope
accepted;Pizza Now - Intermares;Delivery de Pizza;Av. Oceano Atlântico, 1592 - Lj 14 - Ponta de Campina, Cabedelo - PB, 58101-650;4.5;200;ChIJC3rzCDHdrAcRGYF3vwcOan8;https://www.google.com/maps/place/?q=place_id:ChIJC3rzCDHdrAcRGYF3vwcOan8;pizzaria Cabedelo PB;Centro Cabedelo;@-6.9748,-34.8373,15z;food_scope
accepted;La casa de pastel e La Pizza Premium;Pizzaria;Rua por trás do Campo Municipal, R. Primo José Viana, 463 - Centro, Cabedelo - PB, 58100-521;4.1;261;ChIJYSxGk8ghrQcRk9Nz0uySHBE;https://www.google.com/maps/place/?q=place_id:ChIJYSxGk8ghrQcRk9Nz0uySHBE;pizzaria Cabedelo PB;Centro Cabedelo;@-6.9748,-34.8373,15z;food_scope
accepted;Ilovepizzapb;Pizzaria;R. Duque de Caxias - Centro, Cabedelo - PB, 58100-263;;;ChIJ2dkU5NAhrQcRMvAetr3sxYA;https://www.google.com/maps/place/?q=place_id:ChIJ2dkU5NAhrQcRMvAetr3sxYA;pizzaria Cabedelo PB;Centro Cabedelo;@-6.9748,-34.8373,15z;food_scope
accepted;Pizzaria Bom Sabor Camboinha;Pizzaria;R. Prof. João Lelis de Luna Freire, 288 - Jardim Camboinha, Cabedelo - PB, 58310-000;4.1;54;ChIJ23LpoCvfrAcRK0glALWQRYA;https://www.google.com/maps/place/?q=place_id:ChIJ23LpoCvfrAcRK0glALWQRYA;pizzaria Cabedelo PB;Centro Cabedelo;@-6.9748,-34.8373,15z;food_scope
accepted;Hora Da Pizza;Pizzaria;R. Arco Íris, 113 - Lot. Oceania VI, Cabedelo - PB, 58105-514;5;13;ChIJd8aACALfrAcR-y1kMx11Rs8;https://www.google.com/maps/place/?q=place_id:ChIJd8aACALfrAcR-y1kMx11Rs8;pizzaria Cabedelo PB;Centro Cabedelo;@-6.9748,-34.8373,15z;food_scope
accepted;Restaurante e pizzaria chapa quente;Pizzaria;R. Nova Descoberta, 70 - Centro, Cabedelo - PB, 58100-592;4.7;26;ChIJVTniUTohrQcRFlrnzZq339A;https://www.google.com/maps/place/?q=place_id:ChIJVTniUTohrQcRFlrnzZq339A;pizzaria Cabedelo PB;Centro Cabedelo;@-6.9748,-34.8373,15z;food_scope
accepted;Pizza Família Cipriano;Pizzaria;R. Golfo Danzig, 56 - Intermares, Cabedelo - PB, 58102-133;5;13;ChIJBw8J2x3frAcR-t64wKV4XEg;https://www.google.com/maps/place/?q=place_id:ChIJBw8J2x3frAcR-t64wKV4XEg;pizzaria Cabedelo PB;Centro Cabedelo;@-6.9748,-34.8373,15z;food_scope
accepted;Casa Di Mainha;Pizzaria;R. Prof. João Lelis de Luna Freire - Jardim Jerico, Cabedelo - PB, 58310-000;5;16;ChIJI_QFwtzfrAcR4PpGSlWFXfE;https://www.google.com/maps/place/?q=place_id:ChIJI_QFwtzfrAcR4PpGSlWFXfE;pizzaria Cabedelo PB;Centro Cabedelo;@-6.9748,-34.8373,15z;food_scope
duplicate_in_run;Skama Bar e Restaurante;Restaurante;Av. Cassiano da Cunha Nóbrega, 18 - Ponta de Matos, Cabedelo - PB, 58100-965;4.2;397;ChIJl-GtFGkgrQcROqBgkhHbHuA;https://www.google.com/maps/place/?q=place_id:ChIJl-GtFGkgrQcROqBgkhHbHuA;pizzaria Cabedelo PB;Centro Cabedelo;@-6.9748,-34.8373,15z;duplicate_in_run
accepted;Lary's pizzaria e lanchonete;Pizzaria;R. Antônia Fernandes Oliveira, 810 - Jardim Camboinha, Cabedelo - PB, 58103-706;4.3;88;ChIJ1zlHHqffrAcRvEgStdnRDMs;https://www.google.com/maps/place/?q=place_id:ChIJ1zlHHqffrAcRvEgStdnRDMs;pizzaria Cabedelo PB;Centro Cabedelo;@-6.9748,-34.8373,15z;food_scope
accepted;Pizzaria Bom Sabor;Pizzaria;R. Jair Cunha Cavalcanti, 248 - Lot. Oceania, Cabedelo - PB, 58105-700;4;134;ChIJJwFhsjXfrAcR5WUPKUu6Li8;https://www.google.com/maps/place/?q=place_id:ChIJJwFhsjXfrAcR5WUPKUu6Li8;pizzaria Cabedelo PB;Centro Cabedelo;@-6.9748,-34.8373,15z;food_scope
accepted;Pizzaria Jacaré;Pizzaria;R. Arco Íris, 250 - Lot. Oceania VI, Cabedelo - PB, 58310-000;4.5;59;ChIJLSlV8DrerAcRdEpwqq-GS2Y;https://www.google.com/maps/place/?q=place_id:ChIJLSlV8DrerAcRdEpwqq-GS2Y;pizzaria Cabedelo PB;Centro Cabedelo;@-6.9748,-34.8373,15z;food_scope
accepted;Mega Pizza;Pizzaria;Av. Mar Vermelho, 357 - Intermares, Cabedelo - PB, 58310-000;4;506;ChIJP6gJ7w3erAcRPbZmhVXL0gQ;https://www.google.com/maps/place/?q=place_id:ChIJP6gJ7w3erAcRPbZmhVXL0gQ;pizzaria Cabedelo PB;Centro Cabedelo;@-6.9748,-34.8373,15z;food_scope
accepted;PARCEIRO Rosa Lanches;Lanchonete;R. Ten. Antônio Pontes, 139 - Ponta de Matos, Cabedelo - PB, 58100-645;4.5;120;ChIJKfbziSchrQcRUM5eTvB19FU;https://www.google.com/maps/place/?q=place_id:ChIJKfbziSchrQcRUM5eTvB19FU;pizzaria Cabedelo PB;Centro Cabedelo;@-6.9748,-34.8373,15z;food_scope
accepted;Eu Quero Pizza;Pizzaria;R. da Enseada - Ponta de Campina, Cabedelo - PB, 58310-000;3.8;24;ChIJB0sqZgLfrAcR9yKy7cQwfhQ;https://www.google.com/maps/place/?q=place_id:ChIJB0sqZgLfrAcR9yKy7cQwfhQ;pizzaria Cabedelo PB;Centro Cabedelo;@-6.9748,-34.8373,15z;food_scope
accepted;Na brasa hambúrgueria;Lanchonete;Av. Pastor José Alves de Oliveira, 511 - Centro, Cabedelo - PB, 58100-222;4.5;15;ChIJS0Cl_7khrQcRXHqZzABLeRg;https://www.google.com/maps/place/?q=place_id:ChIJS0Cl_7khrQcRXHqZzABLeRg;hamburgueria Cabedelo PB;Centro Cabedelo;@-6.9748,-34.8373,15z;food_scope
accepted;Home Smash Burger;Hamburgueria;R. Sólon de Lucena, 19 - Vila Sao Joao, Cabedelo - PB, 58100-570;4.4;48;ChIJv390eRbfrAcRXHxRKIdKrf0;https://www.google.com/maps/place/?q=place_id:ChIJv390eRbfrAcRXHxRKIdKrf0;hamburgueria Cabedelo PB;Centro Cabedelo;@-6.9748,-34.8373,15z;food_scope
accepted;Manguinhos Burguer;Hamburgueria;R. Débora Borges Xavier, 29 - Vila Sao Joao, Cabedelo - PB, 58103-405;5;1;ChIJ7714LT_frAcROZGgCaHyb1A;https://www.google.com/maps/place/?q=place_id:ChIJ7714LT_frAcROZGgCaHyb1A;hamburgueria Cabedelo PB;Centro Cabedelo;@-6.9748,-34.8373,15z;food_scope
accepted;DAWN BURGUER;Hamburgueria;R. Augusto Firmo Paulo, 51 - Vila Sao Joao, Cabedelo - PB, 58101-015;4.2;45;ChIJadfjewAhrQcRf8d09KL-Gi4;https://www.google.com/maps/place/?q=place_id:ChIJadfjewAhrQcRf8d09KL-Gi4;hamburgueria Cabedelo PB;Centro Cabedelo;@-6.9748,-34.8373,15z;food_scope
accepted;Oxi Burguer Cabedelo;Hamburgueria;R. Maria das Neves Silva - Ponta de Campina, Cabedelo - PB, 58101-660;5;31;ChIJ-3vOhY7frAcRyc0HXHjB-zo;https://www.google.com/maps/place/?q=place_id:ChIJ-3vOhY7frAcRyc0HXHjB-zo;hamburgueria Cabedelo PB;Centro Cabedelo;@-6.9748,-34.8373,15z;food_scope
accepted;I love burguer;Hamburgueria;Praça Getúlio Vargas, 107 - Vila Sao Joao, Cabedelo - PB, 58100-305;4.1;18;ChIJ2_aBWAAhrQcRP7iv8wg49-U;https://www.google.com/maps/place/?q=place_id:ChIJ2_aBWAAhrQcRP7iv8wg49-U;hamburgueria Cabedelo PB;Centro Cabedelo;@-6.9748,-34.8373,15z;food_scope
accepted;Manos Burger Cabedelo;Hamburgueria;Praça Getúlio Vargas - Ponta de Matos, Cabedelo - PB, 58059-122;5;7;ChIJX_ZmHcRRrAcRcqKoGYEPLM8;https://www.google.com/maps/place/?q=place_id:ChIJX_ZmHcRRrAcRcqKoGYEPLM8;hamburgueria Cabedelo PB;Centro Cabedelo;@-6.9748,-34.8373,15z;food_scope
accepted;Zhu Burguer;Hamburgueria;Rua em frente à Cardiologica, R. Antônio Dornelas Bezerra - Centro, Cabedelo - PB, 58100-675;5;1;ChIJ5whKCqchrQcRuFEtnQwYLRE;https://www.google.com/maps/place/?q=place_id:ChIJ5whKCqchrQcRuFEtnQwYLRE;hamburgueria Cabedelo PB;Centro Cabedelo;@-6.9748,-34.8373,15z;food_scope
accepted;BIG BURGUER;Hamburgueria;R. Duque de Caxias - Vila Sao Joao, Cabedelo - PB, 58310-000;;;ChIJfVu7eQAhrQcRpNglRRyxBpk;https://www.google.com/maps/place/?q=place_id:ChIJfVu7eQAhrQcRpNglRRyxBpk;hamburgueria Cabedelo PB;Centro Cabedelo;@-6.9748,-34.8373,15z;food_scope
accepted;Triniity Burguer;Hamburgueria;Vila dos Estivadores, 73 - Centro, Cabedelo - PB, 58310-000;;;ChIJOTDzdQAhrQcRpoIFPhX8-F4;https://www.google.com/maps/place/?q=place_id:ChIJOTDzdQAhrQcRpoIFPhX8-F4;hamburgueria Cabedelo PB;Centro Cabedelo;@-6.9748,-34.8373,15z;food_scope
accepted;Big Jack comida de rua com INSPIRAÇÃO texana;Restaurante;Av. Mar Vermelho, QUADRA 12 - LOTE 01 - Intermares, Cabedelo - PB, 58102-120;4.8;353;ChIJCTY1v6rfrAcRD3ZYZu4I32E;https://www.google.com/maps/place/?q=place_id:ChIJCTY1v6rfrAcRD3ZYZu4I32E;hamburgueria Cabedelo PB;Centro Cabedelo;@-6.9748,-34.8373,15z;food_scope
rejected;Comida Caseira da Elly;Restaurante;Mercado Público de Cabedelo, BOX 138, Centro, Cabedelo - PB, 58100-140;5;19;ChIJBfEE9CwhrQcR2xtfopCJ34w;https://www.google.com/maps/place/?q=place_id:ChIJBfEE9CwhrQcR2xtfopCJ34w;hamburgueria Cabedelo PB;Centro Cabedelo;@-6.9748,-34.8373,15z;excluded_category_or_name
accepted;D'gust Lanchonete;Hamburgueria;R. Benedito Soares da Silva, 76 - Vila Sao Joao, Cabedelo - PB, 58310-000;5;2;ChIJfRXKQQAhrQcRJlUtVsFl2Nw;https://www.google.com/maps/place/?q=place_id:ChIJfRXKQQAhrQcRJlUtVsFl2Nw;hamburgueria Cabedelo PB;Centro Cabedelo;@-6.9748,-34.8373,15z;food_scope
duplicate_in_run;PARCEIRO Rosa Lanches;Lanchonete;R. Ten. Antônio Pontes, 139 - Ponta de Matos, Cabedelo - PB, 58100-645;4.5;120;ChIJKfbziSchrQcRUM5eTvB19FU;https://www.google.com/maps/place/?q=place_id:ChIJKfbziSchrQcRUM5eTvB19FU;hamburgueria Cabedelo PB;Centro Cabedelo;@-6.9748,-34.8373,15z;duplicate_in_run
accepted;TCF - The Cheeseburguer Factory - Unidade Cabedelo;Lanchonete;Av. Oceano Atlântico, 1592 - Sl A15 - Ponta de Campina, Cabedelo - PB, 58310-000;4.1;13;ChIJ17zIKW_drAcRpW44MoCAPKM;https://www.google.com/maps/place/?q=place_id:ChIJ17zIKW_drAcRpW44MoCAPKM;hamburgueria Cabedelo PB;Centro Cabedelo;@-6.9748,-34.8373,15z;food_scope
accepted;Seu Jerônimo;Hamburgueria;R. Virginia Maria Nogueira Gadelha Pimentel - Lot. Bela Vista, Cabedelo - PB, 58310-000;5;13;ChIJWVZmZADdrAcRKTJks1JgeWU;https://www.google.com/maps/place/?q=place_id:ChIJWVZmZADdrAcRKTJks1JgeWU;hamburgueria Cabedelo PB;Centro Cabedelo;@-6.9748,-34.8373,15z;food_scope
rejected;GETMall;Hamburgueria;Av. Oceano Atlântico, 1592 - Ponta de Campina, Cabedelo - PB, 58310-000;4.3;103;ChIJX7HMo6rdrAcRCeFWODir8Rw;https://www.google.com/maps/place/?q=place_id:ChIJX7HMo6rdrAcRCeFWODir8Rw;hamburgueria Cabedelo PB;Centro Cabedelo;@-6.9748,-34.8373,15z;excluded_category_or_name
accepted;Rua São Miguel 159;Hamburgueria;R. São Miguel, 159 - Camalaú, Cabedelo - PB, 58103-212;;;ChIJXa-RKwDfrAcR770AHaiJcUc;https://www.google.com/maps/place/?q=place_id:ChIJXa-RKwDfrAcR770AHaiJcUc;hamburgueria Cabedelo PB;Centro Cabedelo;@-6.9748,-34.8373,15z;food_scope
rejected;A Ferro Y Fogo Churrasco & Burger Artesanal na Brasa;Restaurante;Av. Oceano Atlântico, 1592 - Shopping GetMall - Ponta de Campina, Cabedelo - PB, 58101-650;3.9;39;ChIJNWudC1nfrAcRZp_VOIvsXTQ;https://www.google.com/maps/place/?q=place_id:ChIJNWudC1nfrAcRZp_VOIvsXTQ;hamburgueria Cabedelo PB;Centro Cabedelo;@-6.9748,-34.8373,15z;excluded_category_or_name
accepted;Route Hot Dogs;Hamburgueria;Av. Mar das Antilhas - Intermares, Cabedelo - PB, 58102-212;5;45;ChIJu6yeCaTfrAcRfb31UenQ2FI;https://www.google.com/maps/place/?q=place_id:ChIJu6yeCaTfrAcRfb31UenQ2FI;hamburgueria Cabedelo PB;Centro Cabedelo;@-6.9748,-34.8373,15z;food_scope
duplicate_in_run;PARCEIRO Rosa Lanches;Lanchonete;R. Ten. Antônio Pontes, 139 - Ponta de Matos, Cabedelo - PB, 58100-645;4.5;120;ChIJKfbziSchrQcRUM5eTvB19FU;https://www.google.com/maps/place/?q=place_id:ChIJKfbziSchrQcRUM5eTvB19FU;lanchonete Cabedelo PB;Centro Cabedelo;@-6.9748,-34.8373,15z;duplicate_in_run
duplicate_in_run;Bar das Meninas Restaurante;Restaurante de frutos do mar;R. Des. Onaldo N Montenegro, 368 - Vila Sao Joao, Cabedelo - PB, 58109-342;4.2;3174;ChIJodwqQ2kgrQcR4ABUUI60O8Y;https://www.google.com/maps/place/?q=place_id:ChIJodwqQ2kgrQcR4ABUUI60O8Y;lanchonete Cabedelo PB;Centro Cabedelo;@-6.9748,-34.8373,15z;duplicate_in_run
duplicate_in_run;Na brasa hambúrgueria;Lanchonete;Av. Pastor José Alves de Oliveira, 511 - Centro, Cabedelo - PB, 58100-222;4.5;15;ChIJS0Cl_7khrQcRXHqZzABLeRg;https://www.google.com/maps/place/?q=place_id:ChIJS0Cl_7khrQcRXHqZzABLeRg;lanchonete Cabedelo PB;Centro Cabedelo;@-6.9748,-34.8373,15z;duplicate_in_run
accepted;Vanda da coxinha cabedelo PB;Lanchonete;Av. São Sebastião, 227 - Camalaú, Cabedelo - PB, 58103-102;4.8;4;ChIJx9kJcqffrAcR_1kyZ6ncqRQ;https://www.google.com/maps/place/?q=place_id:ChIJx9kJcqffrAcR_1kyZ6ncqRQ;lanchonete Cabedelo PB;Centro Cabedelo;@-6.9748,-34.8373,15z;food_scope
accepted;A Casa do Lanche;Lanchonete;R. Est. Paulo Maia Guimarães, 35 - Formosa, Cabedelo - PB, 58101-142;4.4;11;ChIJFSp5DKAhrQcR0kYX4CUQoS0;https://www.google.com/maps/place/?q=place_id:ChIJFSp5DKAhrQcR0kYX4CUQoS0;lanchonete Cabedelo PB;Centro Cabedelo;@-6.9748,-34.8373,15z;food_scope
accepted;Açaí da Cris;Lanchonete;Tv. Primo José Viana - Vila Sao Joao, Cabedelo - PB, 58310-000;4.7;211;ChIJcQUFI2wgrQcRG22L9whpk4I;https://www.google.com/maps/place/?q=place_id:ChIJcQUFI2wgrQcRG22L9whpk4I;lanchonete Cabedelo PB;Centro Cabedelo;@-6.9748,-34.8373,15z;food_scope
duplicate_in_run;Caldinho Prime Formosa;Restaurante;Av. Cassiano da Cunha Nóbrega, 555 - Vila Sao Joao, Cabedelo - PB, 58310-000;4.7;46;ChIJo3IrDQAhrQcRuau8CF_J1oc;https://www.google.com/maps/place/?q=place_id:ChIJo3IrDQAhrQcRuau8CF_J1oc;lanchonete Cabedelo PB;Centro Cabedelo;@-6.9748,-34.8373,15z;duplicate_in_run
accepted;Nena Doceria & Salgaderia;Lanchonete;R. Juarez Távora, 227 - Vila Sao Joao, Cabedelo - PB, 58310-000;4.2;29;ChIJF2RM-nYgrQcRFJgSI5uoeXM;https://www.google.com/maps/place/?q=place_id:ChIJF2RM-nYgrQcRFJgSI5uoeXM;lanchonete Cabedelo PB;Centro Cabedelo;@-6.9748,-34.8373,15z;food_scope
duplicate_in_run;D'gust Lanchonete;Hamburgueria;R. Benedito Soares da Silva, 76 - Vila Sao Joao, Cabedelo - PB, 58310-000;5;2;ChIJfRXKQQAhrQcRJlUtVsFl2Nw;https://www.google.com/maps/place/?q=place_id:ChIJfRXKQQAhrQcRJlUtVsFl2Nw;lanchonete Cabedelo PB;Centro Cabedelo;@-6.9748,-34.8373,15z;duplicate_in_run
accepted;Porto do açaí;Lanchonete;R. Cleto Campêlo, 623 - Camalaú, Cabedelo - PB, 58310-000;5;1;ChIJL9uhhKMhrQcRNgJ6D5n7bws;https://www.google.com/maps/place/?q=place_id:ChIJL9uhhKMhrQcRNgJ6D5n7bws;lanchonete Cabedelo PB;Centro Cabedelo;@-6.9748,-34.8373,15z;food_scope
duplicate_in_run;Ilha Dourada Restaurante;Restaurante de frutos do mar;BR -230, R. José Américo de Almeida Filho, s/n - Areia Dourada, Cabedelo - PB, 58101-212;4.2;3161;ChIJ19PDcIXfrAcRzBwfL7gvIIs;https://www.google.com/maps/place/?q=place_id:ChIJ19PDcIXfrAcRzBwfL7gvIIs;lanchonete Cabedelo PB;Centro Cabedelo;@-6.9748,-34.8373,15z;duplicate_in_run
duplicate_in_run;Skama Bar e Restaurante;Restaurante;Av. Cassiano da Cunha Nóbrega, 18 - Ponta de Matos, Cabedelo - PB, 58100-965;4.2;397;ChIJl-GtFGkgrQcROqBgkhHbHuA;https://www.google.com/maps/place/?q=place_id:ChIJl-GtFGkgrQcROqBgkhHbHuA;lanchonete Cabedelo PB;Centro Cabedelo;@-6.9748,-34.8373,15z;duplicate_in_run
duplicate_in_run;Caiçara Bar e Restaurante;Restaurante;Praia de, Rua Cassiano, Av. Cassiano da Cunha Nóbrega - Ponta de Matos, Cabedelo - PB, 58100-695;4.7;39;ChIJ6UAYvCohrQcRzW-CciJ0DB0;https://www.google.com/maps/place/?q=place_id:ChIJ6UAYvCohrQcRzW-CciJ0DB0;lanchonete Cabedelo PB;Centro Cabedelo;@-6.9748,-34.8373,15z;duplicate_in_run
duplicate_in_run;La casa de pastel e La Pizza Premium;Pastelaria brasileira;Rua por trás do Campo Municipal, R. Primo José Viana, 463 - Centro, Cabedelo - PB, 58100-521;4.1;261;ChIJYSxGk8ghrQcRk9Nz0uySHBE;https://www.google.com/maps/place/?q=place_id:ChIJYSxGk8ghrQcRk9Nz0uySHBE;lanchonete Cabedelo PB;Centro Cabedelo;@-6.9748,-34.8373,15z;duplicate_in_run
duplicate_in_run;Caldeirão Nordestino - Caldinho e Nhoques Cabedelo;Barraca de comida;Areia Dourada, Cabedelo - PB, 58101-212;4.8;31;ChIJKa4SjtDfrAcRbfre1lQqXmM;https://www.google.com/maps/place/?q=place_id:ChIJKa4SjtDfrAcRbfre1lQqXmM;lanchonete Cabedelo PB;Centro Cabedelo;@-6.9748,-34.8373,15z;duplicate_in_run
duplicate_in_run;DAWN BURGUER;Hamburgueria;R. Augusto Firmo Paulo, 51 - Vila Sao Joao, Cabedelo - PB, 58101-015;4.2;45;ChIJadfjewAhrQcRf8d09KL-Gi4;https://www.google.com/maps/place/?q=place_id:ChIJadfjewAhrQcRf8d09KL-Gi4;lanchonete Cabedelo PB;Centro Cabedelo;@-6.9748,-34.8373,15z;duplicate_in_run
duplicate_in_run;Restaurante Pôr do Sol;Restaurante;R. Pres. João Pessoa, 1 - Vila Sao Joao, Cabedelo - PB, 58310-000;4.6;105;ChIJb69icnQgrQcRc9_nUnm-luI;https://www.google.com/maps/place/?q=place_id:ChIJb69icnQgrQcRc9_nUnm-luI;lanchonete Cabedelo PB;Centro Cabedelo;@-6.9748,-34.8373,15z;duplicate_in_run
duplicate_in_run;Sport Marina;Restaurante de frutos do mar;Av. Pastor José Alves de Oliveira, 848 - Areia Dourada, Cabedelo - PB, 58101-232;4.5;503;ChIJpSulOXggrQcR1X8-11zV034;https://www.google.com/maps/place/?q=place_id:ChIJpSulOXggrQcR1X8-11zV034;lanchonete Cabedelo PB;Centro Cabedelo;@-6.9748,-34.8373,15z;duplicate_in_run
accepted;Guaiamum & Cia - Cabedelo PB;Restaurante;R. Cleto Campêlo - Vila Sao Joao, Cabedelo - PB, 58310-000;4;10;ChIJv6iR9onfrAcR8n0WV64uO_c;https://www.google.com/maps/place/?q=place_id:ChIJv6iR9onfrAcR8n0WV64uO_c;lanchonete Cabedelo PB;Centro Cabedelo;@-6.9748,-34.8373,15z;food_scope
accepted;Marcos Lanches;Restaurante;Vila Sao Joao, Cabedelo - PB, 58310-000;4.3;4;ChIJhX1SLHcgrQcR9zZlpaN0kZw;https://www.google.com/maps/place/?q=place_id:ChIJhX1SLHcgrQcR9zZlpaN0kZw;lanchonete Cabedelo PB;Centro Cabedelo;@-6.9748,-34.8373,15z;food_scope
accepted;Espaço Do Sushi;Restaurante;R. Juarez Távora - Camalaú, Cabedelo - PB, 58310-000;4.2;33;ChIJLZuM-3YgrQcRxc7_zhcQ3Y0;https://www.google.com/maps/place/?q=place_id:ChIJLZuM-3YgrQcRxc7_zhcQ3Y0;sushi Cabedelo PB;Centro Cabedelo;@-6.9748,-34.8373,15z;food_scope
accepted;Sushiyaki Restaurante;Restaurante japonês;R. Ten. Antônio Pontes, 381 - Ponta de Matos, Cabedelo - PB, 58100-645;4.7;10;ChIJoZsj3b7frAcRjoZUr5Cg7Uw;https://www.google.com/maps/place/?q=place_id:ChIJoZsj3b7frAcRjoZUr5Cg7Uw;sushi Cabedelo PB;Centro Cabedelo;@-6.9748,-34.8373,15z;food_scope
accepted;Viciados em Sushi;Restaurante japonês;R. Pedro Aleixo Moura, 34 - Centro, Cabedelo - PB, 58100-210;4.4;193;ChIJ_c5MVHEgrQcRB4CuNV0soio;https://www.google.com/maps/place/?q=place_id:ChIJ_c5MVHEgrQcRB4CuNV0soio;sushi Cabedelo PB;Centro Cabedelo;@-6.9748,-34.8373,15z;food_scope
accepted;Sakê Temakeria Ponta de Campina, Cabedelo;Restaurante japonês;Av. Oceano Atlântico, 1592 - Sl 16 E 17 - Ponta de Campina, Cabedelo - PB, 58310-000;4.7;261;ChIJ2Xj63j_drAcRrllAg3GcmOU;https://www.google.com/maps/place/?q=place_id:ChIJ2Xj63j_drAcRrllAg3GcmOU;sushi Cabedelo PB;Centro Cabedelo;@-6.9748,-34.8373,15z;food_scope
accepted;A Casa do Temakinho;Restaurante;Av. Mar da Irlanda, 222 - Intermares, Cabedelo - PB, 58310-000;4.9;150;ChIJK77pAsvfrAcRDJoNP1VhTVo;https://www.google.com/maps/place/?q=place_id:ChIJK77pAsvfrAcRDJoNP1VhTVo;sushi Cabedelo PB;Centro Cabedelo;@-6.9748,-34.8373,15z;food_scope
accepted;Pipa Sushi & Temakeria;Restaurante de sushi;Av. Mar das Antilhas - Intermares, Cabedelo - PB, 58310-000;4.3;292;ChIJm1Mywg3erAcRAs4OIMpvJqk;https://www.google.com/maps/place/?q=place_id:ChIJm1Mywg3erAcRAs4OIMpvJqk;sushi Cabedelo PB;Centro Cabedelo;@-6.9748,-34.8373,15z;food_scope
accepted;Villa Porto;Restaurante;R. Duque de Caxias - Vila Sao Joao, Cabedelo - PB, 58310-000;4.9;9;ChIJv2WKSQAhrQcRwxmZ9OyokUg;https://www.google.com/maps/place/?q=place_id:ChIJv2WKSQAhrQcRwxmZ9OyokUg;sushi Cabedelo PB;Centro Cabedelo;@-6.9748,-34.8373,15z;food_scope
rejected;Novo Oriente Intermares;Restaurante de sushi;Av. Mar Vermelho, 35 - Intermares, Cabedelo - PB, 58102-120;4.2;1378;ChIJN9JFAA7erAcR7c6fN6tma_g;https://www.google.com/maps/place/?q=place_id:ChIJN9JFAA7erAcR7c6fN6tma_g;sushi Cabedelo PB;Centro Cabedelo;@-6.9748,-34.8373,15z;excluded_category_or_name
duplicate_in_run;Porto do açaí;Lanchonete;R. Cleto Campêlo, 623 - Camalaú, Cabedelo - PB, 58310-000;5;1;ChIJL9uhhKMhrQcRNgJ6D5n7bws;https://www.google.com/maps/place/?q=place_id:ChIJL9uhhKMhrQcRNgJ6D5n7bws;acai Cabedelo PB;Centro Cabedelo;@-6.9748,-34.8373,15z;duplicate_in_run
accepted;Sorveteria glacial;Sorveteria;Vila dos Estivadores, 73 - Centro, Cabedelo - PB, 58310-000;4.4;260;ChIJB9065i0hrQcRn26XWJtWITw;https://www.google.com/maps/place/?q=place_id:ChIJB9065i0hrQcRn26XWJtWITw;acai Cabedelo PB;Centro Cabedelo;@-6.9748,-34.8373,15z;food_scope
duplicate_in_run;Açaí da Cris;Lanchonete;Tv. Primo José Viana - Vila Sao Joao, Cabedelo - PB, 58310-000;4.7;211;ChIJcQUFI2wgrQcRG22L9whpk4I;https://www.google.com/maps/place/?q=place_id:ChIJcQUFI2wgrQcRG22L9whpk4I;acai Cabedelo PB;Centro Cabedelo;@-6.9748,-34.8373,15z;duplicate_in_run
duplicate_in_run;Sorveteria Frutos de Goiás - Cabedelo;Sorveteria;R. Sólon de Lucena, 30B - Centro, Cabedelo - PB, 58100-570;4.9;40;ChIJpR3-bsYhrQcRFzba--9mhwU;https://www.google.com/maps/place/?q=place_id:ChIJpR3-bsYhrQcRFzba--9mhwU;acai Cabedelo PB;Centro Cabedelo;@-6.9748,-34.8373,15z;duplicate_in_run
accepted;Queens do Açaí;Loja de açaí;R. Cleto Campêlo, 832 - Camalaú, Cabedelo - PB, 58103-242;;;ChIJN3qzZx3frAcRGdsGytgR2To;https://www.google.com/maps/place/?q=place_id:ChIJN3qzZx3frAcRGdsGytgR2To;acai Cabedelo PB;Centro Cabedelo;@-6.9748,-34.8373,15z;food_scope
rejected;Assaí Atacadista - Estrada de Cabedelo;Atacadista;BR-230, 14 , Km 13.5, Lot. Morada Nova, Cabedelo - PB, 58033-455;4.4;581;ChIJpXuq7TTfrAcRpJL6pMYJrCA;https://www.google.com/maps/place/?q=place_id:ChIJpXuq7TTfrAcRpJL6pMYJrCA;acai Cabedelo PB;Centro Cabedelo;@-6.9748,-34.8373,15z;not_clearly_food_establishment
accepted;Acai;Loja de açaí;Av. Imbiridiba, 74 - Lot. Oceania VI, Cabedelo - PB, 58310-000;5;3;ChIJHS4nywrfrAcRf1rB7H0L_Mw;https://www.google.com/maps/place/?q=place_id:ChIJHS4nywrfrAcRf1rB7H0L_Mw;acai Cabedelo PB;Centro Cabedelo;@-6.9748,-34.8373,15z;food_scope
accepted;Therê Açaí e Sorvete;Sorveteria;R. Duque de Caxias, 489 - Centro, Cabedelo - PB, 58100-263;;;ChIJbQMVIgAhrQcRuLJQgojPJ7g;https://www.google.com/maps/place/?q=place_id:ChIJbQMVIgAhrQcRuLJQgojPJ7g;acai Cabedelo PB;Centro Cabedelo;@-6.9748,-34.8373,15z;food_scope
accepted;Sorv&cia;Sorveteria;Av. São Sebastião, 227 - Camalaú, Cabedelo - PB, 58103-102;5;2;ChIJj-20f9TfrAcR4ay0mIYQNqA;https://www.google.com/maps/place/?q=place_id:ChIJj-20f9TfrAcR4ay0mIYQNqA;acai Cabedelo PB;Centro Cabedelo;@-6.9748,-34.8373,15z;food_scope
accepted;cabe 1one açaí;Sorveteria;Praça Venâncio Neiva, 11 - Lj 01 - Centro, Cabedelo - PB, 58100-246;;;ChIJA6AGRi0hrQcROMmi6RuzaLY;https://www.google.com/maps/place/?q=place_id:ChIJA6AGRi0hrQcROMmi6RuzaLY;acai Cabedelo PB;Centro Cabedelo;@-6.9748,-34.8373,15z;food_scope
rejected;Supermercado Assis;Supermercado;R. João Vitaliano, 39 - Camalaú, Cabedelo - PB, 58310-000;4.3;1794;ChIJ0cBL53EgrQcRzMAuzIdb_4I;https://www.google.com/maps/place/?q=place_id:ChIJ0cBL53EgrQcRzMAuzIdb_4I;acai Cabedelo PB;Centro Cabedelo;@-6.9748,-34.8373,15z;excluded_category_or_name
duplicate_in_run;PARCEIRO Rosa Lanches;Lanchonete;R. Ten. Antônio Pontes, 139 - Ponta de Matos, Cabedelo - PB, 58100-645;4.5;120;ChIJKfbziSchrQcRUM5eTvB19FU;https://www.google.com/maps/place/?q=place_id:ChIJKfbziSchrQcRUM5eTvB19FU;acai Cabedelo PB;Centro Cabedelo;@-6.9748,-34.8373,15z;duplicate_in_run
accepted;Açaí Jacaré Beach;Sorveteria;R. Clodoaldo Gouveia, 214 - Praia Do Jacare, Cabedelo - PB, 58101-323;4.8;12;ChIJyzANbADfrAcRmNSHSU6nRlI;https://www.google.com/maps/place/?q=place_id:ChIJyzANbADfrAcRmNSHSU6nRlI;acai Cabedelo PB;Centro Cabedelo;@-6.9748,-34.8373,15z;food_scope
accepted;Cantinho Bom;Sorveteria;R. Santa Rita de Cássia, 42 - Jardim Camboinha, Cabedelo - PB, 58103-772;5;1;ChIJm1gILLjfrAcRJzUZHE7JAuI;https://www.google.com/maps/place/?q=place_id:ChIJm1gILLjfrAcRJzUZHE7JAuI;acai Cabedelo PB;Centro Cabedelo;@-6.9748,-34.8373,15z;food_scope
accepted;Praçaí - Intermares;Lanchonete;Av. Oceano Pacífico, s/n - Intermares, Cabedelo - PB, 58310-000;4.5;238;ChIJ1cAVK23erAcRCUpJ50T3ULs;https://www.google.com/maps/place/?q=place_id:ChIJ1cAVK23erAcRCUpJ50T3ULs;acai Cabedelo PB;Centro Cabedelo;@-6.9748,-34.8373,15z;food_scope
accepted;Cantinho do açaí;Sorveteria;R. Vinicius de Morais - Recanto do Poço, Cabedelo - PB, 58105-062;5;1;ChIJP8nYbA7frAcRFz-W3qWECKs;https://www.google.com/maps/place/?q=place_id:ChIJP8nYbA7frAcRFz-W3qWECKs;acai Cabedelo PB;Centro Cabedelo;@-6.9748,-34.8373,15z;food_scope
accepted;Açaí da Hill Point;Loja de açaí;Trailer, Rua Mar das Antilhas, Praça Durval Portela - Intermares, Cabedelo - PB, 58102-000;4.6;9;ChIJp648VSbfrAcR46pzEDHTJBo;https://www.google.com/maps/place/?q=place_id:ChIJp648VSbfrAcR46pzEDHTJBo;acai Cabedelo PB;Centro Cabedelo;@-6.9748,-34.8373,15z;food_scope
rejected;Supermercado São Sebastião - Unidade Centro Cabedelo;Supermercado;Rua Monsenhor Walfredo Leal, 120 - Camalaú, Cabedelo - PB, 58100-248;4.3;455;ChIJp3LRbnIgrQcRMaPeraKfSO4;https://www.google.com/maps/place/?q=place_id:ChIJp3LRbnIgrQcRMaPeraKfSO4;acai Cabedelo PB;Centro Cabedelo;@-6.9748,-34.8373,15z;excluded_category_or_name
accepted;South Beach | Açaí, Sorveteria e Cremes;Sorveteria;Av. Oceano Atlântico, 870 - Intermares, Cabedelo - PB;4.9;43;ChIJ0RcoMQDfrAcRpLtM3_RE4bo;https://www.google.com/maps/place/?q=place_id:ChIJ0RcoMQDfrAcRpLtM3_RE4bo;acai Cabedelo PB;Centro Cabedelo;@-6.9748,-34.8373,15z;food_scope
rejected;Supermercado Real;Supermercado;Av. Pastor José Alves de Oliveira - Vila Sao Joao, Cabedelo - PB, 58310-000;4.2;449;ChIJ6RnxKHcgrQcRk4Kx3ZLsCt8;https://www.google.com/maps/place/?q=place_id:ChIJ6RnxKHcgrQcRk4Kx3ZLsCt8;acai Cabedelo PB;Centro Cabedelo;@-6.9748,-34.8373,15z;excluded_category_or_name
accepted;Porto do Café;Cafeteria;Praça Getúlio Vargas, 68 - Centro, Cabedelo - PB, 58100-261;4.7;6;ChIJi8fyTQAhrQcRylnBp6lzXXs;https://www.google.com/maps/place/?q=place_id:ChIJi8fyTQAhrQcRylnBp6lzXXs;cafeteria Cabedelo PB;Centro Cabedelo;@-6.9748,-34.8373,15z;food_scope
rejected;Tia Graça Doces E Salgados;Doceria;R. Pedro Aleixo Moura, 26 - Vila Sao Joao, Cabedelo - PB, 58310-000;4.6;414;ChIJazVfCHEgrQcRref-q7f7tNA;https://www.google.com/maps/place/?q=place_id:ChIJazVfCHEgrQcRref-q7f7tNA;cafeteria Cabedelo PB;Centro Cabedelo;@-6.9748,-34.8373,15z;not_clearly_food_establishment
accepted;Tia Graça Cafeteria e Doceria;Cafeteria;R. Golfo da China, 326 - Intermares, Cabedelo - PB, 58310-000;4.5;67;ChIJV8XbnLXfrAcRTzFbB-0OVFg;https://www.google.com/maps/place/?q=place_id:ChIJV8XbnLXfrAcRTzFbB-0OVFg;cafeteria Cabedelo PB;Centro Cabedelo;@-6.9748,-34.8373,15z;food_scope
accepted;Café Cabedelo;Cafeteria;R. Aurélio Guedes Cavalcante - Camboinha, Cabedelo - PB, 58310-000;;;ChIJ52g2ao3frAcRyzat6fBKJA4;https://www.google.com/maps/place/?q=place_id:ChIJ52g2ao3frAcRyzat6fBKJA4;cafeteria Cabedelo PB;Centro Cabedelo;@-6.9748,-34.8373,15z;food_scope
duplicate_in_run;Caldinho Prime Formosa;Restaurante;Av. Cassiano da Cunha Nóbrega, 555 - Vila Sao Joao, Cabedelo - PB, 58310-000;4.7;46;ChIJo3IrDQAhrQcRuau8CF_J1oc;https://www.google.com/maps/place/?q=place_id:ChIJo3IrDQAhrQcRuau8CF_J1oc;cafeteria Cabedelo PB;Centro Cabedelo;@-6.9748,-34.8373,15z;duplicate_in_run
accepted;Sax Café - Por do Sol da Praia do Jacaré Cabedelo/PB;Restaurante;Pôr do Sol, R. Praia do Jacaré, Cabedelo - PB, 58310-000;4.5;102;ChIJ42uw2z3frAcRpvqGhKXp_LM;https://www.google.com/maps/place/?q=place_id:ChIJ42uw2z3frAcRpvqGhKXp_LM;cafeteria Cabedelo PB;Centro Cabedelo;@-6.9748,-34.8373,15z;food_scope
rejected;Verano Praia Bar;Bar;Av. Pastor José Alves de Oliveira, 848 - Areia Dourada, Cabedelo - PB, 58101-205;4.4;324;ChIJh0FVTwvfrAcRloIZE5Iit7w;https://www.google.com/maps/place/?q=place_id:ChIJh0FVTwvfrAcRloIZE5Iit7w;cafeteria Cabedelo PB;Centro Cabedelo;@-6.9748,-34.8373,15z;not_clearly_food_establishment
accepted;Café cultural;Cafeteria;R. Augusto José Couto de Faria - Jardim Camboinha, Cabedelo - PB, 58103-684;;;ChIJLaRmKgDfrAcRtmvfIXT7Ibs;https://www.google.com/maps/place/?q=place_id:ChIJLaRmKgDfrAcRtmvfIXT7Ibs;cafeteria Cabedelo PB;Centro Cabedelo;@-6.9748,-34.8373,15z;food_scope
rejected;Moinho Dias Branco;Moinho;Av. Cassiano da Cunha Nóbrega, Cabedelo - PB;4.6;95;ChIJ8aU4xRQgrQcRjUnwjQSge9Q;https://www.google.com/maps/place/?q=place_id:ChIJ8aU4xRQgrQcRjUnwjQSge9Q;cafeteria Cabedelo PB;Centro Cabedelo;@-6.9748,-34.8373,15z;not_clearly_food_establishment
accepted;Coffee Cake Açaiteria;Lanchonete;Av. Oceano Atlântico, 422 - Sala, 04 - Intermares, Cabedelo - PB, 58102-252;4.7;24;ChIJJVjoiEDfrAcRFTg4AQg1nHw;https://www.google.com/maps/place/?q=place_id:ChIJJVjoiEDfrAcRFTg4AQg1nHw;cafeteria Cabedelo PB;Centro Cabedelo;@-6.9748,-34.8373,15z;food_scope
rejected;Padaria Pandine;Padaria;Av. Mar Vermelho, 357 - Intermares, Cabedelo - PB, 58102-120;4.4;1096;ChIJP6gJ7w3erAcREADxKhazvuY;https://www.google.com/maps/place/?q=place_id:ChIJP6gJ7w3erAcREADxKhazvuY;cafeteria Cabedelo PB;Centro Cabedelo;@-6.9748,-34.8373,15z;excluded_category_or_name
duplicate_in_run;Ilha Dourada Restaurante;Restaurante de frutos do mar;BR -230, R. José Américo de Almeida Filho, s/n - Areia Dourada, Cabedelo - PB, 58101-212;4.2;3161;ChIJ19PDcIXfrAcRzBwfL7gvIIs;https://www.google.com/maps/place/?q=place_id:ChIJ19PDcIXfrAcRzBwfL7gvIIs;cafeteria Cabedelo PB;Centro Cabedelo;@-6.9748,-34.8373,15z;duplicate_in_run
duplicate_in_run;PARCEIRO Rosa Lanches;Lanchonete;R. Ten. Antônio Pontes, 139 - Ponta de Matos, Cabedelo - PB, 58100-645;4.5;120;ChIJKfbziSchrQcRUM5eTvB19FU;https://www.google.com/maps/place/?q=place_id:ChIJKfbziSchrQcRUM5eTvB19FU;cafeteria Cabedelo PB;Centro Cabedelo;@-6.9748,-34.8373,15z;duplicate_in_run
accepted;JL Bolos;Cafeteria;R. Rio Paraíba, 55 - Jardim Camboinha, Cabedelo - PB, 58310-000;4.8;5;ChIJzWCQCwDfrAcRxsNeWdpCqWA;https://www.google.com/maps/place/?q=place_id:ChIJzWCQCwDfrAcRxsNeWdpCqWA;cafeteria Cabedelo PB;Centro Cabedelo;@-6.9748,-34.8373,15z;food_scope
accepted;Pastelaria Litorânea;Pastelaria brasileira;R. Sólon de Lucena, 19 - Vila Sao Joao, Cabedelo - PB, 58310-000;4.3;280;ChIJMwgi824grQcR0OCGiSGQ4Oc;https://www.google.com/maps/place/?q=place_id:ChIJMwgi824grQcR0OCGiSGQ4Oc;cafeteria Cabedelo PB;Centro Cabedelo;@-6.9748,-34.8373,15z;food_scope
accepted;Messe Cafeteria;Cafeteria;R. Praia do Jacaré - Intermares, Cabedelo - PB, 58310-000;5;2;ChIJi1DNHwDfrAcRKRUXOkoukjQ;https://www.google.com/maps/place/?q=place_id:ChIJi1DNHwDfrAcRKRUXOkoukjQ;cafeteria Cabedelo PB;Centro Cabedelo;@-6.9748,-34.8373,15z;food_scope
duplicate_in_run;Tenda Formosa Bar & Restaurante;Restaurante;Av. Cassiano da Cunha Nóbrega, 98 - Praia Formosa, Cabedelo - PB, 58100-685;4.1;1507;ChIJIc-iXWUgrQcReqjiUbw742w;https://www.google.com/maps/place/?q=place_id:ChIJIc-iXWUgrQcReqjiUbw742w;cafeteria Cabedelo PB;Centro Cabedelo;@-6.9748,-34.8373,15z;duplicate_in_run
accepted;Chié artesanato e comedoria;Café;R. Praia do Jacaré - Intermares, Cabedelo - PB, 58310-000;4;40;ChIJTwa4MA_frAcR4t0Vizs3ozY;https://www.google.com/maps/place/?q=place_id:ChIJTwa4MA_frAcR4t0Vizs3ozY;cafeteria Cabedelo PB;Centro Cabedelo;@-6.9748,-34.8373,15z;food_scope
rejected;DM Caffe;Cafeteria;Av. Gov. Argemiro de Figueiredo, 3197a - Jardim Oceania, João Pessoa - PB, 58037-030;4.8;247;ChIJRVlJzNnDrAcRa808gqR2TmU;https://www.google.com/maps/place/?q=place_id:ChIJRVlJzNnDrAcRa808gqR2TmU;cafeteria Cabedelo PB;Centro Cabedelo;@-6.9748,-34.8373,15z;excluded_category_or_name
rejected;Panificadora do Poço;Padaria;R. Carolino Cardoso, 177-245 - Lot. Vitorino Cardoso, Cabedelo - PB, 58310-000;4.2;293;ChIJD-aUzE3erAcRIs-tCW7mU0Q;https://www.google.com/maps/place/?q=place_id:ChIJD-aUzE3erAcRIs-tCW7mU0Q;cafeteria Cabedelo PB;Centro Cabedelo;@-6.9748,-34.8373,15z;excluded_category_or_name
duplicate_in_run;Skama Bar e Restaurante;Restaurante;Av. Cassiano da Cunha Nóbrega, 18 - Ponta de Matos, Cabedelo - PB, 58100-965;4.2;397;ChIJl-GtFGkgrQcROqBgkhHbHuA;https://www.google.com/maps/place/?q=place_id:ChIJl-GtFGkgrQcROqBgkhHbHuA;bar restaurante Cabedelo PB;Centro Cabedelo;@-6.9748,-34.8373,15z;duplicate_in_run
duplicate_in_run;Bar das Meninas Restaurante;Restaurante de frutos do mar;R. Des. Onaldo N Montenegro, 368 - Vila Sao Joao, Cabedelo - PB, 58109-342;4.2;3174;ChIJodwqQ2kgrQcR4ABUUI60O8Y;https://www.google.com/maps/place/?q=place_id:ChIJodwqQ2kgrQcR4ABUUI60O8Y;bar restaurante Cabedelo PB;Centro Cabedelo;@-6.9748,-34.8373,15z;duplicate_in_run
duplicate_in_run;Caiçara Bar e Restaurante;Restaurante;Praia de, Rua Cassiano, Av. Cassiano da Cunha Nóbrega - Ponta de Matos, Cabedelo - PB, 58100-695;4.7;39;ChIJ6UAYvCohrQcRzW-CciJ0DB0;https://www.google.com/maps/place/?q=place_id:ChIJ6UAYvCohrQcRzW-CciJ0DB0;bar restaurante Cabedelo PB;Centro Cabedelo;@-6.9748,-34.8373,15z;duplicate_in_run
duplicate_in_run;Caldinho Prime Formosa;Restaurante;Av. Cassiano da Cunha Nóbrega, 555 - Vila Sao Joao, Cabedelo - PB, 58310-000;4.7;46;ChIJo3IrDQAhrQcRuau8CF_J1oc;https://www.google.com/maps/place/?q=place_id:ChIJo3IrDQAhrQcRuau8CF_J1oc;bar restaurante Cabedelo PB;Centro Cabedelo;@-6.9748,-34.8373,15z;duplicate_in_run
duplicate_in_run;Restaurante Pôr do Sol;Restaurante;R. Pres. João Pessoa, 1 - Vila Sao Joao, Cabedelo - PB, 58310-000;4.6;105;ChIJb69icnQgrQcRc9_nUnm-luI;https://www.google.com/maps/place/?q=place_id:ChIJb69icnQgrQcRc9_nUnm-luI;bar restaurante Cabedelo PB;Centro Cabedelo;@-6.9748,-34.8373,15z;duplicate_in_run
rejected;Verano Praia Bar;Bar;Av. Pastor José Alves de Oliveira, 848 - Areia Dourada, Cabedelo - PB, 58101-205;4.4;324;ChIJh0FVTwvfrAcRloIZE5Iit7w;https://www.google.com/maps/place/?q=place_id:ChIJh0FVTwvfrAcRloIZE5Iit7w;bar restaurante Cabedelo PB;Centro Cabedelo;@-6.9748,-34.8373,15z;not_clearly_food_establishment
duplicate_in_run;Bar e Restaurante do Sumé;Restaurante de frutos do mar;Av. Oceano Atlântico, 98 - Vila Sao Joao, Cabedelo - PB, 58310-000;4.1;762;ChIJx6-fZGUgrQcR3ejC32WCAA4;https://www.google.com/maps/place/?q=place_id:ChIJx6-fZGUgrQcR3ejC32WCAA4;bar restaurante Cabedelo PB;Centro Cabedelo;@-6.9748,-34.8373,15z;duplicate_in_run
duplicate_in_run;Ilha Dourada Restaurante;Restaurante de frutos do mar;BR -230, R. José Américo de Almeida Filho, s/n - Areia Dourada, Cabedelo - PB, 58101-212;4.2;3161;ChIJ19PDcIXfrAcRzBwfL7gvIIs;https://www.google.com/maps/place/?q=place_id:ChIJ19PDcIXfrAcRzBwfL7gvIIs;bar restaurante Cabedelo PB;Centro Cabedelo;@-6.9748,-34.8373,15z;duplicate_in_run
duplicate_in_run;Lovina Ponta de Campina | Bar | Restaurante em Cabedelo;Restaurante;R. Vitorino Cardoso, 908 - Ponta de Campina, Cabedelo - PB, 58101-510;4.4;10742;ChIJdbKCxUTerAcRNmBt0eRrdX8;https://www.google.com/maps/place/?q=place_id:ChIJdbKCxUTerAcRNmBt0eRrdX8;bar restaurante Cabedelo PB;Centro Cabedelo;@-6.9748,-34.8373,15z;duplicate_in_run
duplicate_in_run;Tenda Formosa Bar & Restaurante;Restaurante;Av. Cassiano da Cunha Nóbrega, 98 - Praia Formosa, Cabedelo - PB, 58100-685;4.1;1507;ChIJIc-iXWUgrQcReqjiUbw742w;https://www.google.com/maps/place/?q=place_id:ChIJIc-iXWUgrQcReqjiUbw742w;bar restaurante Cabedelo PB;Centro Cabedelo;@-6.9748,-34.8373,15z;duplicate_in_run
duplicate_in_run;Atlântico bar, cabedelo;Restaurante;Cassiano, Av. Cassiano da Cunha Nóbrega - Ponta de Matos, Cabedelo - PB, 58100-695;4.4;8;ChIJsc6M1VohrQcR2aadwXNqCYM;https://www.google.com/maps/place/?q=place_id:ChIJsc6M1VohrQcR2aadwXNqCYM;bar restaurante Cabedelo PB;Centro Cabedelo;@-6.9748,-34.8373,15z;duplicate_in_run
rejected;Bar da ressaca;Bar;Av. Cassiano da Cunha Nóbrega, 269 - Santa Catarina, Cabedelo - PB, 58100-432;4.6;49;ChIJU_hxaiYhrQcRlDkfUVSdSVs;https://www.google.com/maps/place/?q=place_id:ChIJU_hxaiYhrQcRlDkfUVSdSVs;bar restaurante Cabedelo PB;Centro Cabedelo;@-6.9748,-34.8373,15z;not_clearly_food_establishment
duplicate_in_run;Bar e Restaurante Solânense;Restaurante;R. Sólon de Lucena, 364 - Centro, Cabedelo - PB, 58100-570;4.6;77;ChIJr1gT2-chrQcRL1coXnrt0YE;https://www.google.com/maps/place/?q=place_id:ChIJr1gT2-chrQcRL1coXnrt0YE;bar restaurante Cabedelo PB;Centro Cabedelo;@-6.9748,-34.8373,15z;duplicate_in_run
duplicate_in_run;Sport Marina;Restaurante de frutos do mar;Av. Pastor José Alves de Oliveira, 848 - Areia Dourada, Cabedelo - PB, 58101-232;4.5;503;ChIJpSulOXggrQcR1X8-11zV034;https://www.google.com/maps/place/?q=place_id:ChIJpSulOXggrQcR1X8-11zV034;bar restaurante Cabedelo PB;Centro Cabedelo;@-6.9748,-34.8373,15z;duplicate_in_run
duplicate_in_run;Residência do Mário;Restaurante;R. Cleto Campêlo, 889 - Camalaú, Cabedelo - PB, 58103-242;4.7;153;ChIJJ1WRk4nfrAcRe75oQKtSH4Y;https://www.google.com/maps/place/?q=place_id:ChIJJ1WRk4nfrAcRe75oQKtSH4Y;bar restaurante Cabedelo PB;Centro Cabedelo;@-6.9748,-34.8373,15z;duplicate_in_run
rejected;Marlu's Trailer Bar - Praia Formosa;Bar;R. José Américo de Almeida Filho, 107 - Praia Formosa, Cabedelo - PB, 58101-212;4.6;28;ChIJ44R3lm8hrQcR8ZKuh6fovsE;https://www.google.com/maps/place/?q=place_id:ChIJ44R3lm8hrQcR8ZKuh6fovsE;bar restaurante Cabedelo PB;Centro Cabedelo;@-6.9748,-34.8373,15z;not_clearly_food_establishment
rejected;TreeHouse Bar Lounge - Por do sol João Pessoa;Bar;R. Pôr do Sol, s/n, Cabedelo - PB, 58310-000;4.5;1125;ChIJ33JsoxverAcRwnzfHW9fJTI;https://www.google.com/maps/place/?q=place_id:ChIJ33JsoxverAcRwnzfHW9fJTI;bar restaurante Cabedelo PB;Centro Cabedelo;@-6.9748,-34.8373,15z;excluded_category_or_name
duplicate_in_run;Restaurante Ondas;Restaurante brasileiro;Av. Cassiano da Cunha Nóbrega - Santa Catarina, Cabedelo - PB, 58100-432;4.3;164;ChIJfajxP2kgrQcR4aWJ3AdHjqw;https://www.google.com/maps/place/?q=place_id:ChIJfajxP2kgrQcR4aWJ3AdHjqw;bar restaurante Cabedelo PB;Centro Cabedelo;@-6.9748,-34.8373,15z;duplicate_in_run
duplicate_in_run;Churrascaria do Caicó;Churrascaria;R, Av. Pastor José Alves de Oliveira, 365 - Centro, Cabedelo - PB, 58100-222;4.3;753;ChIJVaKROncgrQcR5lpnht-FotI;https://www.google.com/maps/place/?q=place_id:ChIJVaKROncgrQcR5lpnht-FotI;bar restaurante Cabedelo PB;Centro Cabedelo;@-6.9748,-34.8373,15z;duplicate_in_run
accepted;Cibelly Bar & Restaurante;Bar e restaurante de ostras;Rua Luna Pedrosa, 1260 - Poço, Cabedelo - PB, 58101-574;4.1;4295;ChIJ63V170_erAcRZ2vvWZseSgE;https://www.google.com/maps/place/?q=place_id:ChIJ63V170_erAcRZ2vvWZseSgE;bar restaurante Cabedelo PB;Centro Cabedelo;@-6.9748,-34.8373,15z;food_scope
duplicate_in_run;Skama Bar e Restaurante;Restaurante;Av. Cassiano da Cunha Nóbrega, 18 - Ponta de Matos, Cabedelo - PB, 58100-965;4.2;397;ChIJl-GtFGkgrQcROqBgkhHbHuA;https://www.google.com/maps/place/?q=place_id:ChIJl-GtFGkgrQcROqBgkhHbHuA;restaurantes Cabedelo PB;Porto/Cabedelo;@-6.9665,-34.8405,15z;duplicate_in_run
duplicate_in_run;Caldinho Prime Formosa;Restaurante;Av. Cassiano da Cunha Nóbrega, 555 - Vila Sao Joao, Cabedelo - PB, 58310-000;4.7;46;ChIJo3IrDQAhrQcRuau8CF_J1oc;https://www.google.com/maps/place/?q=place_id:ChIJo3IrDQAhrQcRuau8CF_J1oc;restaurantes Cabedelo PB;Porto/Cabedelo;@-6.9665,-34.8405,15z;duplicate_in_run
duplicate_in_run;Ilha Dourada Restaurante;Restaurante de frutos do mar;BR -230, R. José Américo de Almeida Filho, s/n - Areia Dourada, Cabedelo - PB, 58101-212;4.2;3161;ChIJ19PDcIXfrAcRzBwfL7gvIIs;https://www.google.com/maps/place/?q=place_id:ChIJ19PDcIXfrAcRzBwfL7gvIIs;restaurantes Cabedelo PB;Porto/Cabedelo;@-6.9665,-34.8405,15z;duplicate_in_run
duplicate_in_run;Bar das Meninas Restaurante;Restaurante de frutos do mar;R. Des. Onaldo N Montenegro, 368 - Vila Sao Joao, Cabedelo - PB, 58109-342;4.2;3174;ChIJodwqQ2kgrQcR4ABUUI60O8Y;https://www.google.com/maps/place/?q=place_id:ChIJodwqQ2kgrQcR4ABUUI60O8Y;restaurantes Cabedelo PB;Porto/Cabedelo;@-6.9665,-34.8405,15z;duplicate_in_run
duplicate_in_run;Restaurante Pôr do Sol;Restaurante;R. Pres. João Pessoa, 1 - Vila Sao Joao, Cabedelo - PB, 58310-000;4.6;105;ChIJb69icnQgrQcRc9_nUnm-luI;https://www.google.com/maps/place/?q=place_id:ChIJb69icnQgrQcRc9_nUnm-luI;restaurantes Cabedelo PB;Porto/Cabedelo;@-6.9665,-34.8405,15z;duplicate_in_run
duplicate_in_run;Caiçara Bar e Restaurante;Restaurante;Praia de, Rua Cassiano, Av. Cassiano da Cunha Nóbrega - Ponta de Matos, Cabedelo - PB, 58100-695;4.7;39;ChIJ6UAYvCohrQcRzW-CciJ0DB0;https://www.google.com/maps/place/?q=place_id:ChIJ6UAYvCohrQcRzW-CciJ0DB0;restaurantes Cabedelo PB;Porto/Cabedelo;@-6.9665,-34.8405,15z;duplicate_in_run
rejected;Verano Praia Bar;Bar;Av. Pastor José Alves de Oliveira, 848 - Areia Dourada, Cabedelo - PB, 58101-205;4.4;324;ChIJh0FVTwvfrAcRloIZE5Iit7w;https://www.google.com/maps/place/?q=place_id:ChIJh0FVTwvfrAcRloIZE5Iit7w;restaurantes Cabedelo PB;Porto/Cabedelo;@-6.9665,-34.8405,15z;not_clearly_food_establishment
duplicate_in_run;Lovina Ponta de Campina | Bar | Restaurante em Cabedelo;Restaurante;R. Vitorino Cardoso, 908 - Ponta de Campina, Cabedelo - PB, 58101-510;4.4;10742;ChIJdbKCxUTerAcRNmBt0eRrdX8;https://www.google.com/maps/place/?q=place_id:ChIJdbKCxUTerAcRNmBt0eRrdX8;restaurantes Cabedelo PB;Porto/Cabedelo;@-6.9665,-34.8405,15z;duplicate_in_run
duplicate_in_run;Churrascaria do Caicó;Churrascaria;R, Av. Pastor José Alves de Oliveira, 365 - Centro, Cabedelo - PB, 58100-222;4.3;753;ChIJVaKROncgrQcR5lpnht-FotI;https://www.google.com/maps/place/?q=place_id:ChIJVaKROncgrQcR5lpnht-FotI;restaurantes Cabedelo PB;Porto/Cabedelo;@-6.9665,-34.8405,15z;duplicate_in_run
duplicate_in_run;Tenda Formosa Bar & Restaurante;Restaurante;Av. Cassiano da Cunha Nóbrega, 98 - Praia Formosa, Cabedelo - PB, 58100-685;4.1;1507;ChIJIc-iXWUgrQcReqjiUbw742w;https://www.google.com/maps/place/?q=place_id:ChIJIc-iXWUgrQcReqjiUbw742w;restaurantes Cabedelo PB;Porto/Cabedelo;@-6.9665,-34.8405,15z;duplicate_in_run
duplicate_in_run;Sport Marina;Restaurante de frutos do mar;Av. Pastor José Alves de Oliveira, 848 - Areia Dourada, Cabedelo - PB, 58101-232;4.5;503;ChIJpSulOXggrQcR1X8-11zV034;https://www.google.com/maps/place/?q=place_id:ChIJpSulOXggrQcR1X8-11zV034;restaurantes Cabedelo PB;Porto/Cabedelo;@-6.9665,-34.8405,15z;duplicate_in_run
duplicate_in_run;RESTAURANTE DA WILMA;Restaurante;Jacaré, Cabedelo - PB, 58315-000;4.9;8;ChIJpVkCVxsgrQcRd4H-jTRlUZw;https://www.google.com/maps/place/?q=place_id:ChIJpVkCVxsgrQcRd4H-jTRlUZw;restaurantes Cabedelo PB;Porto/Cabedelo;@-6.9665,-34.8405,15z;duplicate_in_run
duplicate_in_run;Bar e Restaurante do Sumé;Restaurante de frutos do mar;Av. Oceano Atlântico, 98 - Vila Sao Joao, Cabedelo - PB, 58310-000;4.1;762;ChIJx6-fZGUgrQcR3ejC32WCAA4;https://www.google.com/maps/place/?q=place_id:ChIJx6-fZGUgrQcR3ejC32WCAA4;restaurantes Cabedelo PB;Porto/Cabedelo;@-6.9665,-34.8405,15z;duplicate_in_run
duplicate_in_run;Atlântico bar, cabedelo;Restaurante;Cassiano, Av. Cassiano da Cunha Nóbrega - Ponta de Matos, Cabedelo - PB, 58100-695;4.4;8;ChIJsc6M1VohrQcR2aadwXNqCYM;https://www.google.com/maps/place/?q=place_id:ChIJsc6M1VohrQcR2aadwXNqCYM;restaurantes Cabedelo PB;Porto/Cabedelo;@-6.9665,-34.8405,15z;duplicate_in_run
rejected;Comida Caseira da Elly;Restaurante;Mercado Público de Cabedelo, BOX 138, Centro, Cabedelo - PB, 58100-140;5;19;ChIJBfEE9CwhrQcR2xtfopCJ34w;https://www.google.com/maps/place/?q=place_id:ChIJBfEE9CwhrQcR2xtfopCJ34w;restaurantes Cabedelo PB;Porto/Cabedelo;@-6.9665,-34.8405,15z;excluded_category_or_name
duplicate_in_run;Residência do Mário;Restaurante;R. Cleto Campêlo, 889 - Camalaú, Cabedelo - PB, 58103-242;4.7;153;ChIJJ1WRk4nfrAcRe75oQKtSH4Y;https://www.google.com/maps/place/?q=place_id:ChIJJ1WRk4nfrAcRe75oQKtSH4Y;restaurantes Cabedelo PB;Porto/Cabedelo;@-6.9665,-34.8405,15z;duplicate_in_run
duplicate_in_run;Bar e Restaurante Solânense;Restaurante;R. Sólon de Lucena, 364 - Centro, Cabedelo - PB, 58100-570;4.6;77;ChIJr1gT2-chrQcRL1coXnrt0YE;https://www.google.com/maps/place/?q=place_id:ChIJr1gT2-chrQcRL1coXnrt0YE;restaurantes Cabedelo PB;Porto/Cabedelo;@-6.9665,-34.8405,15z;duplicate_in_run
duplicate_in_run;Sorveteria Frutos de Goiás - Cabedelo;Sorveteria;R. Sólon de Lucena, 30B - Centro, Cabedelo - PB, 58100-570;4.9;40;ChIJpR3-bsYhrQcRFzba--9mhwU;https://www.google.com/maps/place/?q=place_id:ChIJpR3-bsYhrQcRFzba--9mhwU;restaurantes Cabedelo PB;Porto/Cabedelo;@-6.9665,-34.8405,15z;duplicate_in_run
duplicate_in_run;Caldeirão Nordestino - Caldinho e Nhoques Cabedelo;Barraca de comida;Areia Dourada, Cabedelo - PB, 58101-212;4.8;31;ChIJKa4SjtDfrAcRbfre1lQqXmM;https://www.google.com/maps/place/?q=place_id:ChIJKa4SjtDfrAcRbfre1lQqXmM;restaurantes Cabedelo PB;Porto/Cabedelo;@-6.9665,-34.8405,15z;duplicate_in_run
duplicate_in_run;Restaurante Ondas;Restaurante brasileiro;Av. Cassiano da Cunha Nóbrega - Santa Catarina, Cabedelo - PB, 58100-432;4.3;164;ChIJfajxP2kgrQcR4aWJ3AdHjqw;https://www.google.com/maps/place/?q=place_id:ChIJfajxP2kgrQcR4aWJ3AdHjqw;restaurantes Cabedelo PB;Porto/Cabedelo;@-6.9665,-34.8405,15z;duplicate_in_run
duplicate_in_run;Pizzaria tá no ponto;Pizzaria;R. Ten. Antônio Pontes, 236 - Vila Sao Joao, Cabedelo - PB, 58100-645;5;1;ChIJP3oicAAhrQcRy3DljLN5ZTw;https://www.google.com/maps/place/?q=place_id:ChIJP3oicAAhrQcRy3DljLN5ZTw;pizzaria Cabedelo PB;Porto/Cabedelo;@-6.9665,-34.8405,15z;duplicate_in_run
duplicate_in_run;Center Pizza Cabedelo;Pizzaria;R. Duque de Caxias, 189 - Centro, Cabedelo - PB, 58310-000;5;18;ChIJUeGTJwAhrQcRnfODfBzcelE;https://www.google.com/maps/place/?q=place_id:ChIJUeGTJwAhrQcRnfODfBzcelE;pizzaria Cabedelo PB;Porto/Cabedelo;@-6.9665,-34.8405,15z;duplicate_in_run
duplicate_in_run;Pizza do Paulinho;Pizzaria;Av. Monsenhor José da Silva Coutinho, 113 - Vila Sao Joao, Cabedelo - PB, 58103-332;5;11;ChIJTUFjldDfrAcRXmp9tl8_VOc;https://www.google.com/maps/place/?q=place_id:ChIJTUFjldDfrAcRXmp9tl8_VOc;pizzaria Cabedelo PB;Porto/Cabedelo;@-6.9665,-34.8405,15z;duplicate_in_run
duplicate_in_run;Pizzaria 1000Graus;Pizzaria;R. Duque de Caxias, 60 - Centro, Cabedelo - PB, 58100-000;5;1;ChIJz9Yh3hohrQcRX3d8g-9Pd6w;https://www.google.com/maps/place/?q=place_id:ChIJz9Yh3hohrQcRX3d8g-9Pd6w;pizzaria Cabedelo PB;Porto/Cabedelo;@-6.9665,-34.8405,15z;duplicate_in_run
duplicate_in_run;Deu Pizza Cabedelo;Pizzaria;Praça Getúlio Vargas, 95 - Vila Sao Joao, Cabedelo - PB, 58100-261;;;ChIJVeZJGAAhrQcRfL-dAtZyAcY;https://www.google.com/maps/place/?q=place_id:ChIJVeZJGAAhrQcRfL-dAtZyAcY;pizzaria Cabedelo PB;Porto/Cabedelo;@-6.9665,-34.8405,15z;duplicate_in_run
duplicate_in_run;Skama Bar e Restaurante;Restaurante;Av. Cassiano da Cunha Nóbrega, 18 - Ponta de Matos, Cabedelo - PB, 58100-965;4.2;397;ChIJl-GtFGkgrQcROqBgkhHbHuA;https://www.google.com/maps/place/?q=place_id:ChIJl-GtFGkgrQcROqBgkhHbHuA;pizzaria Cabedelo PB;Porto/Cabedelo;@-6.9665,-34.8405,15z;duplicate_in_run
duplicate_in_run;La casa de pastel e La Pizza Premium;Pizzaria;Rua por trás do Campo Municipal, R. Primo José Viana, 463 - Centro, Cabedelo - PB, 58100-521;4.1;261;ChIJYSxGk8ghrQcRk9Nz0uySHBE;https://www.google.com/maps/place/?q=place_id:ChIJYSxGk8ghrQcRk9Nz0uySHBE;pizzaria Cabedelo PB;Porto/Cabedelo;@-6.9665,-34.8405,15z;duplicate_in_run
duplicate_in_run;Pizza Now - Intermares;Delivery de Pizza;Av. Oceano Atlântico, 1592 - Lj 14 - Ponta de Campina, Cabedelo - PB, 58101-650;4.5;200;ChIJC3rzCDHdrAcRGYF3vwcOan8;https://www.google.com/maps/place/?q=place_id:ChIJC3rzCDHdrAcRGYF3vwcOan8;pizzaria Cabedelo PB;Porto/Cabedelo;@-6.9665,-34.8405,15z;duplicate_in_run
duplicate_in_run;Ilovepizzapb;Pizzaria;R. Duque de Caxias - Centro, Cabedelo - PB, 58100-263;;;ChIJ2dkU5NAhrQcRMvAetr3sxYA;https://www.google.com/maps/place/?q=place_id:ChIJ2dkU5NAhrQcRMvAetr3sxYA;pizzaria Cabedelo PB;Porto/Cabedelo;@-6.9665,-34.8405,15z;duplicate_in_run
duplicate_in_run;Restaurante e pizzaria chapa quente;Pizzaria;R. Nova Descoberta, 70 - Centro, Cabedelo - PB, 58100-592;4.7;26;ChIJVTniUTohrQcRFlrnzZq339A;https://www.google.com/maps/place/?q=place_id:ChIJVTniUTohrQcRFlrnzZq339A;pizzaria Cabedelo PB;Porto/Cabedelo;@-6.9665,-34.8405,15z;duplicate_in_run
duplicate_in_run;PARCEIRO Rosa Lanches;Lanchonete;R. Ten. Antônio Pontes, 139 - Ponta de Matos, Cabedelo - PB, 58100-645;4.5;120;ChIJKfbziSchrQcRUM5eTvB19FU;https://www.google.com/maps/place/?q=place_id:ChIJKfbziSchrQcRUM5eTvB19FU;pizzaria Cabedelo PB;Porto/Cabedelo;@-6.9665,-34.8405,15z;duplicate_in_run
duplicate_in_run;Casa Di Mainha;Pizzaria;R. Prof. João Lelis de Luna Freire - Jardim Jerico, Cabedelo - PB, 58310-000;5;16;ChIJI_QFwtzfrAcR4PpGSlWFXfE;https://www.google.com/maps/place/?q=place_id:ChIJI_QFwtzfrAcR4PpGSlWFXfE;pizzaria Cabedelo PB;Porto/Cabedelo;@-6.9665,-34.8405,15z;duplicate_in_run
duplicate_in_run;Hora Da Pizza;Pizzaria;R. Arco Íris, 113 - Lot. Oceania VI, Cabedelo - PB, 58105-514;5;13;ChIJd8aACALfrAcR-y1kMx11Rs8;https://www.google.com/maps/place/?q=place_id:ChIJd8aACALfrAcR-y1kMx11Rs8;pizzaria Cabedelo PB;Porto/Cabedelo;@-6.9665,-34.8405,15z;duplicate_in_run
duplicate_in_run;D'gust Lanchonete;Hamburgueria;R. Benedito Soares da Silva, 76 - Vila Sao Joao, Cabedelo - PB, 58310-000;5;2;ChIJfRXKQQAhrQcRJlUtVsFl2Nw;https://www.google.com/maps/place/?q=place_id:ChIJfRXKQQAhrQcRJlUtVsFl2Nw;pizzaria Cabedelo PB;Porto/Cabedelo;@-6.9665,-34.8405,15z;duplicate_in_run
accepted;Bar E Restaurante Do Nal;Restaurante;R. Cel. José Téles - praia miramar, Cabedelo - PB, 58310-000;5;1;ChIJUWA5rmsgrQcRYTvI8tV5kGs;https://www.google.com/maps/place/?q=place_id:ChIJUWA5rmsgrQcRYTvI8tV5kGs;pizzaria Cabedelo PB;Porto/Cabedelo;@-6.9665,-34.8405,15z;food_scope
duplicate_in_run;DAWN BURGUER;Hamburgueria;R. Augusto Firmo Paulo, 51 - Vila Sao Joao, Cabedelo - PB, 58101-015;4.2;45;ChIJadfjewAhrQcRf8d09KL-Gi4;https://www.google.com/maps/place/?q=place_id:ChIJadfjewAhrQcRf8d09KL-Gi4;pizzaria Cabedelo PB;Porto/Cabedelo;@-6.9665,-34.8405,15z;duplicate_in_run
duplicate_in_run;Pastelaria Litorânea;Pastelaria brasileira;R. Sólon de Lucena, 19 - Vila Sao Joao, Cabedelo - PB, 58310-000;4.3;280;ChIJMwgi824grQcR0OCGiSGQ4Oc;https://www.google.com/maps/place/?q=place_id:ChIJMwgi824grQcR0OCGiSGQ4Oc;pizzaria Cabedelo PB;Porto/Cabedelo;@-6.9665,-34.8405,15z;duplicate_in_run
duplicate_in_run;Bar e Restaurante Solânense;Restaurante;R. Sólon de Lucena, 364 - Centro, Cabedelo - PB, 58100-570;4.6;77;ChIJr1gT2-chrQcRL1coXnrt0YE;https://www.google.com/maps/place/?q=place_id:ChIJr1gT2-chrQcRL1coXnrt0YE;pizzaria Cabedelo PB;Porto/Cabedelo;@-6.9665,-34.8405,15z;duplicate_in_run
duplicate_in_run;Pizzaria Bom Sabor Camboinha;Pizzaria;R. Prof. João Lelis de Luna Freire, 288 - Jardim Camboinha, Cabedelo - PB, 58310-000;4.1;54;ChIJ23LpoCvfrAcRK0glALWQRYA;https://www.google.com/maps/place/?q=place_id:ChIJ23LpoCvfrAcRK0glALWQRYA;pizzaria Cabedelo PB;Porto/Cabedelo;@-6.9665,-34.8405,15z;duplicate_in_run
duplicate_in_run;Pizza Família Cipriano;Pizzaria;R. Golfo Danzig, 56 - Intermares, Cabedelo - PB, 58102-133;5;13;ChIJBw8J2x3frAcR-t64wKV4XEg;https://www.google.com/maps/place/?q=place_id:ChIJBw8J2x3frAcR-t64wKV4XEg;pizzaria Cabedelo PB;Porto/Cabedelo;@-6.9665,-34.8405,15z;duplicate_in_run
duplicate_in_run;Na brasa hambúrgueria;Lanchonete;Av. Pastor José Alves de Oliveira, 511 - Centro, Cabedelo - PB, 58100-222;4.5;15;ChIJS0Cl_7khrQcRXHqZzABLeRg;https://www.google.com/maps/place/?q=place_id:ChIJS0Cl_7khrQcRXHqZzABLeRg;hamburgueria Cabedelo PB;Porto/Cabedelo;@-6.9665,-34.8405,15z;duplicate_in_run
duplicate_in_run;Home Smash Burger;Hamburgueria;R. Sólon de Lucena, 19 - Vila Sao Joao, Cabedelo - PB, 58100-570;4.4;48;ChIJv390eRbfrAcRXHxRKIdKrf0;https://www.google.com/maps/place/?q=place_id:ChIJv390eRbfrAcRXHxRKIdKrf0;hamburgueria Cabedelo PB;Porto/Cabedelo;@-6.9665,-34.8405,15z;duplicate_in_run
duplicate_in_run;Manguinhos Burguer;Hamburgueria;R. Débora Borges Xavier, 29 - Vila Sao Joao, Cabedelo - PB, 58103-405;5;1;ChIJ7714LT_frAcROZGgCaHyb1A;https://www.google.com/maps/place/?q=place_id:ChIJ7714LT_frAcROZGgCaHyb1A;hamburgueria Cabedelo PB;Porto/Cabedelo;@-6.9665,-34.8405,15z;duplicate_in_run
duplicate_in_run;DAWN BURGUER;Hamburgueria;R. Augusto Firmo Paulo, 51 - Vila Sao Joao, Cabedelo - PB, 58101-015;4.2;45;ChIJadfjewAhrQcRf8d09KL-Gi4;https://www.google.com/maps/place/?q=place_id:ChIJadfjewAhrQcRf8d09KL-Gi4;hamburgueria Cabedelo PB;Porto/Cabedelo;@-6.9665,-34.8405,15z;duplicate_in_run
duplicate_in_run;I love burguer;Hamburgueria;Praça Getúlio Vargas, 107 - Vila Sao Joao, Cabedelo - PB, 58100-305;4.1;18;ChIJ2_aBWAAhrQcRP7iv8wg49-U;https://www.google.com/maps/place/?q=place_id:ChIJ2_aBWAAhrQcRP7iv8wg49-U;hamburgueria Cabedelo PB;Porto/Cabedelo;@-6.9665,-34.8405,15z;duplicate_in_run
duplicate_in_run;BIG BURGUER;Hamburgueria;R. Duque de Caxias - Vila Sao Joao, Cabedelo - PB, 58310-000;;;ChIJfVu7eQAhrQcRpNglRRyxBpk;https://www.google.com/maps/place/?q=place_id:ChIJfVu7eQAhrQcRpNglRRyxBpk;hamburgueria Cabedelo PB;Porto/Cabedelo;@-6.9665,-34.8405,15z;duplicate_in_run
duplicate_in_run;Manos Burger Cabedelo;Hamburgueria;Praça Getúlio Vargas - Ponta de Matos, Cabedelo - PB, 58059-122;5;7;ChIJX_ZmHcRRrAcRcqKoGYEPLM8;https://www.google.com/maps/place/?q=place_id:ChIJX_ZmHcRRrAcRcqKoGYEPLM8;hamburgueria Cabedelo PB;Porto/Cabedelo;@-6.9665,-34.8405,15z;duplicate_in_run
duplicate_in_run;Oxi Burguer Cabedelo;Hamburgueria;R. Maria das Neves Silva - Ponta de Campina, Cabedelo - PB, 58101-660;5;31;ChIJ-3vOhY7frAcRyc0HXHjB-zo;https://www.google.com/maps/place/?q=place_id:ChIJ-3vOhY7frAcRyc0HXHjB-zo;hamburgueria Cabedelo PB;Porto/Cabedelo;@-6.9665,-34.8405,15z;duplicate_in_run
duplicate_in_run;Zhu Burguer;Hamburgueria;Rua em frente à Cardiologica, R. Antônio Dornelas Bezerra - Centro, Cabedelo - PB, 58100-675;5;1;ChIJ5whKCqchrQcRuFEtnQwYLRE;https://www.google.com/maps/place/?q=place_id:ChIJ5whKCqchrQcRuFEtnQwYLRE;hamburgueria Cabedelo PB;Porto/Cabedelo;@-6.9665,-34.8405,15z;duplicate_in_run
duplicate_in_run;Triniity Burguer;Hamburgueria;Vila dos Estivadores, 73 - Centro, Cabedelo - PB, 58310-000;;;ChIJOTDzdQAhrQcRpoIFPhX8-F4;https://www.google.com/maps/place/?q=place_id:ChIJOTDzdQAhrQcRpoIFPhX8-F4;hamburgueria Cabedelo PB;Porto/Cabedelo;@-6.9665,-34.8405,15z;duplicate_in_run
duplicate_in_run;D'gust Lanchonete;Hamburgueria;R. Benedito Soares da Silva, 76 - Vila Sao Joao, Cabedelo - PB, 58310-000;5;2;ChIJfRXKQQAhrQcRJlUtVsFl2Nw;https://www.google.com/maps/place/?q=place_id:ChIJfRXKQQAhrQcRJlUtVsFl2Nw;hamburgueria Cabedelo PB;Porto/Cabedelo;@-6.9665,-34.8405,15z;duplicate_in_run
duplicate_in_run;PARCEIRO Rosa Lanches;Lanchonete;R. Ten. Antônio Pontes, 139 - Ponta de Matos, Cabedelo - PB, 58100-645;4.5;120;ChIJKfbziSchrQcRUM5eTvB19FU;https://www.google.com/maps/place/?q=place_id:ChIJKfbziSchrQcRUM5eTvB19FU;hamburgueria Cabedelo PB;Porto/Cabedelo;@-6.9665,-34.8405,15z;duplicate_in_run
rejected;Comida Caseira da Elly;Restaurante;Mercado Público de Cabedelo, BOX 138, Centro, Cabedelo - PB, 58100-140;5;19;ChIJBfEE9CwhrQcR2xtfopCJ34w;https://www.google.com/maps/place/?q=place_id:ChIJBfEE9CwhrQcR2xtfopCJ34w;hamburgueria Cabedelo PB;Porto/Cabedelo;@-6.9665,-34.8405,15z;excluded_category_or_name
duplicate_in_run;Rua São Miguel 159;Hamburgueria;R. São Miguel, 159 - Camalaú, Cabedelo - PB, 58103-212;;;ChIJXa-RKwDfrAcR770AHaiJcUc;https://www.google.com/maps/place/?q=place_id:ChIJXa-RKwDfrAcR770AHaiJcUc;hamburgueria Cabedelo PB;Porto/Cabedelo;@-6.9665,-34.8405,15z;duplicate_in_run
rejected;A Ferro Y Fogo Churrasco & Burger Artesanal na Brasa;Restaurante;Av. Oceano Atlântico, 1592 - Shopping GetMall - Ponta de Campina, Cabedelo - PB, 58101-650;3.9;39;ChIJNWudC1nfrAcRZp_VOIvsXTQ;https://www.google.com/maps/place/?q=place_id:ChIJNWudC1nfrAcRZp_VOIvsXTQ;hamburgueria Cabedelo PB;Porto/Cabedelo;@-6.9665,-34.8405,15z;excluded_category_or_name
duplicate_in_run;Big Jack comida de rua com INSPIRAÇÃO texana;Restaurante;Av. Mar Vermelho, QUADRA 12 - LOTE 01 - Intermares, Cabedelo - PB, 58102-120;4.8;353;ChIJCTY1v6rfrAcRD3ZYZu4I32E;https://www.google.com/maps/place/?q=place_id:ChIJCTY1v6rfrAcRD3ZYZu4I32E;hamburgueria Cabedelo PB;Porto/Cabedelo;@-6.9665,-34.8405,15z;duplicate_in_run
rejected;GETMall;Hamburgueria;Av. Oceano Atlântico, 1592 - Ponta de Campina, Cabedelo - PB, 58310-000;4.3;103;ChIJX7HMo6rdrAcRCeFWODir8Rw;https://www.google.com/maps/place/?q=place_id:ChIJX7HMo6rdrAcRCeFWODir8Rw;hamburgueria Cabedelo PB;Porto/Cabedelo;@-6.9665,-34.8405,15z;excluded_category_or_name
duplicate_in_run;TCF - The Cheeseburguer Factory - Unidade Cabedelo;Lanchonete;Av. Oceano Atlântico, 1592 - Sl A15 - Ponta de Campina, Cabedelo - PB, 58310-000;4.1;13;ChIJ17zIKW_drAcRpW44MoCAPKM;https://www.google.com/maps/place/?q=place_id:ChIJ17zIKW_drAcRpW44MoCAPKM;hamburgueria Cabedelo PB;Porto/Cabedelo;@-6.9665,-34.8405,15z;duplicate_in_run
duplicate_in_run;Marcos Lanches;Restaurante;Vila Sao Joao, Cabedelo - PB, 58310-000;4.3;4;ChIJhX1SLHcgrQcR9zZlpaN0kZw;https://www.google.com/maps/place/?q=place_id:ChIJhX1SLHcgrQcR9zZlpaN0kZw;hamburgueria Cabedelo PB;Porto/Cabedelo;@-6.9665,-34.8405,15z;duplicate_in_run
duplicate_in_run;Seu Jerônimo;Hamburgueria;R. Virginia Maria Nogueira Gadelha Pimentel - Lot. Bela Vista, Cabedelo - PB, 58310-000;5;13;ChIJWVZmZADdrAcRKTJks1JgeWU;https://www.google.com/maps/place/?q=place_id:ChIJWVZmZADdrAcRKTJks1JgeWU;hamburgueria Cabedelo PB;Porto/Cabedelo;@-6.9665,-34.8405,15z;duplicate_in_run
duplicate_in_run;PARCEIRO Rosa Lanches;Lanchonete;R. Ten. Antônio Pontes, 139 - Ponta de Matos, Cabedelo - PB, 58100-645;4.5;120;ChIJKfbziSchrQcRUM5eTvB19FU;https://www.google.com/maps/place/?q=place_id:ChIJKfbziSchrQcRUM5eTvB19FU;lanchonete Cabedelo PB;Porto/Cabedelo;@-6.9665,-34.8405,15z;duplicate_in_run
duplicate_in_run;Caldinho Prime Formosa;Restaurante;Av. Cassiano da Cunha Nóbrega, 555 - Vila Sao Joao, Cabedelo - PB, 58310-000;4.7;46;ChIJo3IrDQAhrQcRuau8CF_J1oc;https://www.google.com/maps/place/?q=place_id:ChIJo3IrDQAhrQcRuau8CF_J1oc;lanchonete Cabedelo PB;Porto/Cabedelo;@-6.9665,-34.8405,15z;duplicate_in_run
duplicate_in_run;Skama Bar e Restaurante;Restaurante;Av. Cassiano da Cunha Nóbrega, 18 - Ponta de Matos, Cabedelo - PB, 58100-965;4.2;397;ChIJl-GtFGkgrQcROqBgkhHbHuA;https://www.google.com/maps/place/?q=place_id:ChIJl-GtFGkgrQcROqBgkhHbHuA;lanchonete Cabedelo PB;Porto/Cabedelo;@-6.9665,-34.8405,15z;duplicate_in_run
duplicate_in_run;Ilha Dourada Restaurante;Restaurante de frutos do mar;BR -230, R. José Américo de Almeida Filho, s/n - Areia Dourada, Cabedelo - PB, 58101-212;4.2;3161;ChIJ19PDcIXfrAcRzBwfL7gvIIs;https://www.google.com/maps/place/?q=place_id:ChIJ19PDcIXfrAcRzBwfL7gvIIs;lanchonete Cabedelo PB;Porto/Cabedelo;@-6.9665,-34.8405,15z;duplicate_in_run
duplicate_in_run;Sorveteria glacial;Sorveteria;Vila dos Estivadores, 73 - Centro, Cabedelo - PB, 58310-000;4.4;260;ChIJB9065i0hrQcRn26XWJtWITw;https://www.google.com/maps/place/?q=place_id:ChIJB9065i0hrQcRn26XWJtWITw;lanchonete Cabedelo PB;Porto/Cabedelo;@-6.9665,-34.8405,15z;duplicate_in_run
duplicate_in_run;Caiçara Bar e Restaurante;Restaurante;Praia de, Rua Cassiano, Av. Cassiano da Cunha Nóbrega - Ponta de Matos, Cabedelo - PB, 58100-695;4.7;39;ChIJ6UAYvCohrQcRzW-CciJ0DB0;https://www.google.com/maps/place/?q=place_id:ChIJ6UAYvCohrQcRzW-CciJ0DB0;lanchonete Cabedelo PB;Porto/Cabedelo;@-6.9665,-34.8405,15z;duplicate_in_run
duplicate_in_run;Na brasa hambúrgueria;Lanchonete;Av. Pastor José Alves de Oliveira, 511 - Centro, Cabedelo - PB, 58100-222;4.5;15;ChIJS0Cl_7khrQcRXHqZzABLeRg;https://www.google.com/maps/place/?q=place_id:ChIJS0Cl_7khrQcRXHqZzABLeRg;lanchonete Cabedelo PB;Porto/Cabedelo;@-6.9665,-34.8405,15z;duplicate_in_run
duplicate_in_run;Bar das Meninas Restaurante;Restaurante de frutos do mar;R. Des. Onaldo N Montenegro, 368 - Vila Sao Joao, Cabedelo - PB, 58109-342;4.2;3174;ChIJodwqQ2kgrQcR4ABUUI60O8Y;https://www.google.com/maps/place/?q=place_id:ChIJodwqQ2kgrQcR4ABUUI60O8Y;lanchonete Cabedelo PB;Porto/Cabedelo;@-6.9665,-34.8405,15z;duplicate_in_run
rejected;Tia Graça Doces E Salgados;Doceria;R. Pedro Aleixo Moura, 26 - Vila Sao Joao, Cabedelo - PB, 58310-000;4.6;414;ChIJazVfCHEgrQcRref-q7f7tNA;https://www.google.com/maps/place/?q=place_id:ChIJazVfCHEgrQcRref-q7f7tNA;lanchonete Cabedelo PB;Porto/Cabedelo;@-6.9665,-34.8405,15z;not_clearly_food_establishment
duplicate_in_run;Nena Doceria & Salgaderia;Lanchonete;R. Juarez Távora, 227 - Vila Sao Joao, Cabedelo - PB, 58310-000;4.2;29;ChIJF2RM-nYgrQcRFJgSI5uoeXM;https://www.google.com/maps/place/?q=place_id:ChIJF2RM-nYgrQcRFJgSI5uoeXM;lanchonete Cabedelo PB;Porto/Cabedelo;@-6.9665,-34.8405,15z;duplicate_in_run
duplicate_in_run;Porto do açaí;Lanchonete;R. Cleto Campêlo, 623 - Camalaú, Cabedelo - PB, 58310-000;5;1;ChIJL9uhhKMhrQcRNgJ6D5n7bws;https://www.google.com/maps/place/?q=place_id:ChIJL9uhhKMhrQcRNgJ6D5n7bws;lanchonete Cabedelo PB;Porto/Cabedelo;@-6.9665,-34.8405,15z;duplicate_in_run
duplicate_in_run;Vanda da coxinha cabedelo PB;Lanchonete;Av. São Sebastião, 227 - Camalaú, Cabedelo - PB, 58103-102;4.8;4;ChIJx9kJcqffrAcR_1kyZ6ncqRQ;https://www.google.com/maps/place/?q=place_id:ChIJx9kJcqffrAcR_1kyZ6ncqRQ;lanchonete Cabedelo PB;Porto/Cabedelo;@-6.9665,-34.8405,15z;duplicate_in_run
duplicate_in_run;Restaurante Pôr do Sol;Restaurante;R. Pres. João Pessoa, 1 - Vila Sao Joao, Cabedelo - PB, 58310-000;4.6;105;ChIJb69icnQgrQcRc9_nUnm-luI;https://www.google.com/maps/place/?q=place_id:ChIJb69icnQgrQcRc9_nUnm-luI;lanchonete Cabedelo PB;Porto/Cabedelo;@-6.9665,-34.8405,15z;duplicate_in_run
duplicate_in_run;Marcos Lanches;Restaurante;Vila Sao Joao, Cabedelo - PB, 58310-000;4.3;4;ChIJhX1SLHcgrQcR9zZlpaN0kZw;https://www.google.com/maps/place/?q=place_id:ChIJhX1SLHcgrQcR9zZlpaN0kZw;lanchonete Cabedelo PB;Porto/Cabedelo;@-6.9665,-34.8405,15z;duplicate_in_run
duplicate_in_run;Sorveteria Frutos de Goiás - Cabedelo;Lanchonete;R. Sólon de Lucena, 30B - Centro, Cabedelo - PB, 58100-570;4.9;40;ChIJpR3-bsYhrQcRFzba--9mhwU;https://www.google.com/maps/place/?q=place_id:ChIJpR3-bsYhrQcRFzba--9mhwU;lanchonete Cabedelo PB;Porto/Cabedelo;@-6.9665,-34.8405,15z;duplicate_in_run
duplicate_in_run;La casa de pastel e La Pizza Premium;Pastelaria brasileira;Rua por trás do Campo Municipal, R. Primo José Viana, 463 - Centro, Cabedelo - PB, 58100-521;4.1;261;ChIJYSxGk8ghrQcRk9Nz0uySHBE;https://www.google.com/maps/place/?q=place_id:ChIJYSxGk8ghrQcRk9Nz0uySHBE;lanchonete Cabedelo PB;Porto/Cabedelo;@-6.9665,-34.8405,15z;duplicate_in_run
duplicate_in_run;Atlântico bar, cabedelo;Restaurante;Cassiano, Av. Cassiano da Cunha Nóbrega - Ponta de Matos, Cabedelo - PB, 58100-695;4.4;8;ChIJsc6M1VohrQcR2aadwXNqCYM;https://www.google.com/maps/place/?q=place_id:ChIJsc6M1VohrQcR2aadwXNqCYM;lanchonete Cabedelo PB;Porto/Cabedelo;@-6.9665,-34.8405,15z;duplicate_in_run
duplicate_in_run;Manguinhos Burguer;Hamburgueria;R. Débora Borges Xavier, 29 - Vila Sao Joao, Cabedelo - PB, 58103-405;5;1;ChIJ7714LT_frAcROZGgCaHyb1A;https://www.google.com/maps/place/?q=place_id:ChIJ7714LT_frAcROZGgCaHyb1A;lanchonete Cabedelo PB;Porto/Cabedelo;@-6.9665,-34.8405,15z;duplicate_in_run
duplicate_in_run;Tenda Formosa Bar & Restaurante;Restaurante;Av. Cassiano da Cunha Nóbrega, 98 - Praia Formosa, Cabedelo - PB, 58100-685;4.1;1507;ChIJIc-iXWUgrQcReqjiUbw742w;https://www.google.com/maps/place/?q=place_id:ChIJIc-iXWUgrQcReqjiUbw742w;lanchonete Cabedelo PB;Porto/Cabedelo;@-6.9665,-34.8405,15z;duplicate_in_run
duplicate_in_run;Caldeirão Nordestino - Caldinho e Nhoques Cabedelo;Barraca de comida;Areia Dourada, Cabedelo - PB, 58101-212;4.8;31;ChIJKa4SjtDfrAcRbfre1lQqXmM;https://www.google.com/maps/place/?q=place_id:ChIJKa4SjtDfrAcRbfre1lQqXmM;lanchonete Cabedelo PB;Porto/Cabedelo;@-6.9665,-34.8405,15z;duplicate_in_run
duplicate_in_run;Espaço Do Sushi;Restaurante;R. Juarez Távora - Camalaú, Cabedelo - PB, 58310-000;4.2;33;ChIJLZuM-3YgrQcRxc7_zhcQ3Y0;https://www.google.com/maps/place/?q=place_id:ChIJLZuM-3YgrQcRxc7_zhcQ3Y0;sushi Cabedelo PB;Porto/Cabedelo;@-6.9665,-34.8405,15z;duplicate_in_run
duplicate_in_run;Sushiyaki Restaurante;Restaurante japonês;R. Ten. Antônio Pontes, 381 - Ponta de Matos, Cabedelo - PB, 58100-645;4.7;10;ChIJoZsj3b7frAcRjoZUr5Cg7Uw;https://www.google.com/maps/place/?q=place_id:ChIJoZsj3b7frAcRjoZUr5Cg7Uw;sushi Cabedelo PB;Porto/Cabedelo;@-6.9665,-34.8405,15z;duplicate_in_run
duplicate_in_run;Viciados em Sushi;Restaurante japonês;R. Pedro Aleixo Moura, 34 - Centro, Cabedelo - PB, 58100-210;4.4;193;ChIJ_c5MVHEgrQcRB4CuNV0soio;https://www.google.com/maps/place/?q=place_id:ChIJ_c5MVHEgrQcRB4CuNV0soio;sushi Cabedelo PB;Porto/Cabedelo;@-6.9665,-34.8405,15z;duplicate_in_run
duplicate_in_run;Sakê Temakeria Ponta de Campina, Cabedelo;Restaurante japonês;Av. Oceano Atlântico, 1592 - Sl 16 E 17 - Ponta de Campina, Cabedelo - PB, 58310-000;4.7;261;ChIJ2Xj63j_drAcRrllAg3GcmOU;https://www.google.com/maps/place/?q=place_id:ChIJ2Xj63j_drAcRrllAg3GcmOU;sushi Cabedelo PB;Porto/Cabedelo;@-6.9665,-34.8405,15z;duplicate_in_run
duplicate_in_run;A Casa do Temakinho;Restaurante;Av. Mar da Irlanda, 222 - Intermares, Cabedelo - PB, 58310-000;4.9;150;ChIJK77pAsvfrAcRDJoNP1VhTVo;https://www.google.com/maps/place/?q=place_id:ChIJK77pAsvfrAcRDJoNP1VhTVo;sushi Cabedelo PB;Porto/Cabedelo;@-6.9665,-34.8405,15z;duplicate_in_run
duplicate_in_run;Pipa Sushi & Temakeria;Restaurante de sushi;Av. Mar das Antilhas - Intermares, Cabedelo - PB, 58310-000;4.3;292;ChIJm1Mywg3erAcRAs4OIMpvJqk;https://www.google.com/maps/place/?q=place_id:ChIJm1Mywg3erAcRAs4OIMpvJqk;sushi Cabedelo PB;Porto/Cabedelo;@-6.9665,-34.8405,15z;duplicate_in_run
duplicate_in_run;Villa Porto;Restaurante;R. Duque de Caxias - Vila Sao Joao, Cabedelo - PB, 58310-000;4.9;9;ChIJv2WKSQAhrQcRwxmZ9OyokUg;https://www.google.com/maps/place/?q=place_id:ChIJv2WKSQAhrQcRwxmZ9OyokUg;sushi Cabedelo PB;Porto/Cabedelo;@-6.9665,-34.8405,15z;duplicate_in_run
rejected;Novo Oriente Intermares;Restaurante de sushi;Av. Mar Vermelho, 35 - Intermares, Cabedelo - PB, 58102-120;4.2;1378;ChIJN9JFAA7erAcR7c6fN6tma_g;https://www.google.com/maps/place/?q=place_id:ChIJN9JFAA7erAcR7c6fN6tma_g;sushi Cabedelo PB;Porto/Cabedelo;@-6.9665,-34.8405,15z;excluded_category_or_name
duplicate_in_run;Porto do açaí;Lanchonete;R. Cleto Campêlo, 623 - Camalaú, Cabedelo - PB, 58310-000;5;1;ChIJL9uhhKMhrQcRNgJ6D5n7bws;https://www.google.com/maps/place/?q=place_id:ChIJL9uhhKMhrQcRNgJ6D5n7bws;acai Cabedelo PB;Porto/Cabedelo;@-6.9665,-34.8405,15z;duplicate_in_run
duplicate_in_run;Sorveteria glacial;Sorveteria;Vila dos Estivadores, 73 - Centro, Cabedelo - PB, 58310-000;4.4;260;ChIJB9065i0hrQcRn26XWJtWITw;https://www.google.com/maps/place/?q=place_id:ChIJB9065i0hrQcRn26XWJtWITw;acai Cabedelo PB;Porto/Cabedelo;@-6.9665,-34.8405,15z;duplicate_in_run
duplicate_in_run;Açaí da Cris;Lanchonete;Tv. Primo José Viana - Vila Sao Joao, Cabedelo - PB, 58310-000;4.7;211;ChIJcQUFI2wgrQcRG22L9whpk4I;https://www.google.com/maps/place/?q=place_id:ChIJcQUFI2wgrQcRG22L9whpk4I;acai Cabedelo PB;Porto/Cabedelo;@-6.9665,-34.8405,15z;duplicate_in_run
duplicate_in_run;Sorveteria Frutos de Goiás - Cabedelo;Sorveteria;R. Sólon de Lucena, 30B - Centro, Cabedelo - PB, 58100-570;4.9;40;ChIJpR3-bsYhrQcRFzba--9mhwU;https://www.google.com/maps/place/?q=place_id:ChIJpR3-bsYhrQcRFzba--9mhwU;acai Cabedelo PB;Porto/Cabedelo;@-6.9665,-34.8405,15z;duplicate_in_run
duplicate_in_run;Queens do Açaí;Loja de açaí;R. Cleto Campêlo, 832 - Camalaú, Cabedelo - PB, 58103-242;;;ChIJN3qzZx3frAcRGdsGytgR2To;https://www.google.com/maps/place/?q=place_id:ChIJN3qzZx3frAcRGdsGytgR2To;acai Cabedelo PB;Porto/Cabedelo;@-6.9665,-34.8405,15z;duplicate_in_run
rejected;Assaí Atacadista - Estrada de Cabedelo;Atacadista;BR-230, 14 , Km 13.5, Lot. Morada Nova, Cabedelo - PB, 58033-455;4.4;581;ChIJpXuq7TTfrAcRpJL6pMYJrCA;https://www.google.com/maps/place/?q=place_id:ChIJpXuq7TTfrAcRpJL6pMYJrCA;acai Cabedelo PB;Porto/Cabedelo;@-6.9665,-34.8405,15z;not_clearly_food_establishment
duplicate_in_run;Therê Açaí e Sorvete;Sorveteria;R. Duque de Caxias, 489 - Centro, Cabedelo - PB, 58100-263;;;ChIJbQMVIgAhrQcRuLJQgojPJ7g;https://www.google.com/maps/place/?q=place_id:ChIJbQMVIgAhrQcRuLJQgojPJ7g;acai Cabedelo PB;Porto/Cabedelo;@-6.9665,-34.8405,15z;duplicate_in_run
duplicate_in_run;Sorv&cia;Sorveteria;Av. São Sebastião, 227 - Camalaú, Cabedelo - PB, 58103-102;5;2;ChIJj-20f9TfrAcR4ay0mIYQNqA;https://www.google.com/maps/place/?q=place_id:ChIJj-20f9TfrAcR4ay0mIYQNqA;acai Cabedelo PB;Porto/Cabedelo;@-6.9665,-34.8405,15z;duplicate_in_run
duplicate_in_run;Acai;Loja de açaí;Av. Imbiridiba, 74 - Lot. Oceania VI, Cabedelo - PB, 58310-000;5;3;ChIJHS4nywrfrAcRf1rB7H0L_Mw;https://www.google.com/maps/place/?q=place_id:ChIJHS4nywrfrAcRf1rB7H0L_Mw;acai Cabedelo PB;Porto/Cabedelo;@-6.9665,-34.8405,15z;duplicate_in_run
duplicate_in_run;cabe 1one açaí;Sorveteria;Praça Venâncio Neiva, 11 - Lj 01 - Centro, Cabedelo - PB, 58100-246;;;ChIJA6AGRi0hrQcROMmi6RuzaLY;https://www.google.com/maps/place/?q=place_id:ChIJA6AGRi0hrQcROMmi6RuzaLY;acai Cabedelo PB;Porto/Cabedelo;@-6.9665,-34.8405,15z;duplicate_in_run
rejected;Supermercado Assis;Supermercado;R. João Vitaliano, 39 - Camalaú, Cabedelo - PB, 58310-000;4.3;1794;ChIJ0cBL53EgrQcRzMAuzIdb_4I;https://www.google.com/maps/place/?q=place_id:ChIJ0cBL53EgrQcRzMAuzIdb_4I;acai Cabedelo PB;Porto/Cabedelo;@-6.9665,-34.8405,15z;excluded_category_or_name
duplicate_in_run;PARCEIRO Rosa Lanches;Lanchonete;R. Ten. Antônio Pontes, 139 - Ponta de Matos, Cabedelo - PB, 58100-645;4.5;120;ChIJKfbziSchrQcRUM5eTvB19FU;https://www.google.com/maps/place/?q=place_id:ChIJKfbziSchrQcRUM5eTvB19FU;acai Cabedelo PB;Porto/Cabedelo;@-6.9665,-34.8405,15z;duplicate_in_run
duplicate_in_run;Praçaí - Intermares;Lanchonete;Av. Oceano Pacífico, s/n - Intermares, Cabedelo - PB, 58310-000;4.5;238;ChIJ1cAVK23erAcRCUpJ50T3ULs;https://www.google.com/maps/place/?q=place_id:ChIJ1cAVK23erAcRCUpJ50T3ULs;acai Cabedelo PB;Porto/Cabedelo;@-6.9665,-34.8405,15z;duplicate_in_run
duplicate_in_run;Açaí Jacaré Beach;Sorveteria;R. Clodoaldo Gouveia, 214 - Praia Do Jacare, Cabedelo - PB, 58101-323;4.8;12;ChIJyzANbADfrAcRmNSHSU6nRlI;https://www.google.com/maps/place/?q=place_id:ChIJyzANbADfrAcRmNSHSU6nRlI;acai Cabedelo PB;Porto/Cabedelo;@-6.9665,-34.8405,15z;duplicate_in_run
rejected;Supermercado São Sebastião - Unidade Centro Cabedelo;Supermercado;Rua Monsenhor Walfredo Leal, 120 - Camalaú, Cabedelo - PB, 58100-248;4.3;455;ChIJp3LRbnIgrQcRMaPeraKfSO4;https://www.google.com/maps/place/?q=place_id:ChIJp3LRbnIgrQcRMaPeraKfSO4;acai Cabedelo PB;Porto/Cabedelo;@-6.9665,-34.8405,15z;excluded_category_or_name
accepted;JuJuba sorvete e açaí;Sorveteria;R. Edson Ataíde de Lima - Vila Sao Joao, Cabedelo - PB, 58100-188;;;ChIJaQB_2wIhrQcRrjTQzAfg14U;https://www.google.com/maps/place/?q=place_id:ChIJaQB_2wIhrQcRrjTQzAfg14U;acai Cabedelo PB;Porto/Cabedelo;@-6.9665,-34.8405,15z;food_scope
duplicate_in_run;Açaí da Hill Point;Loja de açaí;Trailer, Rua Mar das Antilhas, Praça Durval Portela - Intermares, Cabedelo - PB, 58102-000;4.6;9;ChIJp648VSbfrAcR46pzEDHTJBo;https://www.google.com/maps/place/?q=place_id:ChIJp648VSbfrAcR46pzEDHTJBo;acai Cabedelo PB;Porto/Cabedelo;@-6.9665,-34.8405,15z;duplicate_in_run
rejected;Supermercado São Sebastião - Unidade Camalaú;Supermercado;Av. São Sebastião, 206-290 - Vila Sao Joao, Cabedelo - PB, 58310-000;4.2;716;ChIJUd-n0YnfrAcRyUWjwur8pm0;https://www.google.com/maps/place/?q=place_id:ChIJUd-n0YnfrAcRyUWjwur8pm0;acai Cabedelo PB;Porto/Cabedelo;@-6.9665,-34.8405,15z;excluded_category_or_name
duplicate_in_run;Cantinho do açaí;Sorveteria;R. Vinicius de Morais - Recanto do Poço, Cabedelo - PB, 58105-062;5;1;ChIJP8nYbA7frAcRFz-W3qWECKs;https://www.google.com/maps/place/?q=place_id:ChIJP8nYbA7frAcRFz-W3qWECKs;acai Cabedelo PB;Porto/Cabedelo;@-6.9665,-34.8405,15z;duplicate_in_run
rejected;Supermercado Real;Supermercado;Av. Pastor José Alves de Oliveira - Vila Sao Joao, Cabedelo - PB, 58310-000;4.2;449;ChIJ6RnxKHcgrQcRk4Kx3ZLsCt8;https://www.google.com/maps/place/?q=place_id:ChIJ6RnxKHcgrQcRk4Kx3ZLsCt8;acai Cabedelo PB;Porto/Cabedelo;@-6.9665,-34.8405,15z;excluded_category_or_name
duplicate_in_run;Porto do Café;Cafeteria;Praça Getúlio Vargas, 68 - Centro, Cabedelo - PB, 58100-261;4.7;6;ChIJi8fyTQAhrQcRylnBp6lzXXs;https://www.google.com/maps/place/?q=place_id:ChIJi8fyTQAhrQcRylnBp6lzXXs;cafeteria Cabedelo PB;Porto/Cabedelo;@-6.9665,-34.8405,15z;duplicate_in_run
rejected;Tia Graça Doces E Salgados;Doceria;R. Pedro Aleixo Moura, 26 - Vila Sao Joao, Cabedelo - PB, 58310-000;4.6;414;ChIJazVfCHEgrQcRref-q7f7tNA;https://www.google.com/maps/place/?q=place_id:ChIJazVfCHEgrQcRref-q7f7tNA;cafeteria Cabedelo PB;Porto/Cabedelo;@-6.9665,-34.8405,15z;not_clearly_food_establishment
duplicate_in_run;Tia Graça Cafeteria e Doceria;Cafeteria;R. Golfo da China, 326 - Intermares, Cabedelo - PB, 58310-000;4.5;67;ChIJV8XbnLXfrAcRTzFbB-0OVFg;https://www.google.com/maps/place/?q=place_id:ChIJV8XbnLXfrAcRTzFbB-0OVFg;cafeteria Cabedelo PB;Porto/Cabedelo;@-6.9665,-34.8405,15z;duplicate_in_run
duplicate_in_run;Caldinho Prime Formosa;Restaurante;Av. Cassiano da Cunha Nóbrega, 555 - Vila Sao Joao, Cabedelo - PB, 58310-000;4.7;46;ChIJo3IrDQAhrQcRuau8CF_J1oc;https://www.google.com/maps/place/?q=place_id:ChIJo3IrDQAhrQcRuau8CF_J1oc;cafeteria Cabedelo PB;Porto/Cabedelo;@-6.9665,-34.8405,15z;duplicate_in_run
duplicate_in_run;Café Cabedelo;Cafeteria;R. Aurélio Guedes Cavalcante - Camboinha, Cabedelo - PB, 58310-000;;;ChIJ52g2ao3frAcRyzat6fBKJA4;https://www.google.com/maps/place/?q=place_id:ChIJ52g2ao3frAcRyzat6fBKJA4;cafeteria Cabedelo PB;Porto/Cabedelo;@-6.9665,-34.8405,15z;duplicate_in_run
rejected;Verano Praia Bar;Bar;Av. Pastor José Alves de Oliveira, 848 - Areia Dourada, Cabedelo - PB, 58101-205;4.4;324;ChIJh0FVTwvfrAcRloIZE5Iit7w;https://www.google.com/maps/place/?q=place_id:ChIJh0FVTwvfrAcRloIZE5Iit7w;cafeteria Cabedelo PB;Porto/Cabedelo;@-6.9665,-34.8405,15z;not_clearly_food_establishment
duplicate_in_run;Sax Café - Por do Sol da Praia do Jacaré Cabedelo/PB;Restaurante;Pôr do Sol, R. Praia do Jacaré, Cabedelo - PB, 58310-000;4.5;102;ChIJ42uw2z3frAcRpvqGhKXp_LM;https://www.google.com/maps/place/?q=place_id:ChIJ42uw2z3frAcRpvqGhKXp_LM;cafeteria Cabedelo PB;Porto/Cabedelo;@-6.9665,-34.8405,15z;duplicate_in_run
rejected;Moinho Dias Branco;Moinho;Av. Cassiano da Cunha Nóbrega, Cabedelo - PB;4.6;95;ChIJ8aU4xRQgrQcRjUnwjQSge9Q;https://www.google.com/maps/place/?q=place_id:ChIJ8aU4xRQgrQcRjUnwjQSge9Q;cafeteria Cabedelo PB;Porto/Cabedelo;@-6.9665,-34.8405,15z;not_clearly_food_establishment
duplicate_in_run;Coffee Cake Açaiteria;Lanchonete;Av. Oceano Atlântico, 422 - Sala, 04 - Intermares, Cabedelo - PB, 58102-252;4.7;24;ChIJJVjoiEDfrAcRFTg4AQg1nHw;https://www.google.com/maps/place/?q=place_id:ChIJJVjoiEDfrAcRFTg4AQg1nHw;cafeteria Cabedelo PB;Porto/Cabedelo;@-6.9665,-34.8405,15z;duplicate_in_run
duplicate_in_run;Café cultural;Cafeteria;R. Augusto José Couto de Faria - Jardim Camboinha, Cabedelo - PB, 58103-684;;;ChIJLaRmKgDfrAcRtmvfIXT7Ibs;https://www.google.com/maps/place/?q=place_id:ChIJLaRmKgDfrAcRtmvfIXT7Ibs;cafeteria Cabedelo PB;Porto/Cabedelo;@-6.9665,-34.8405,15z;duplicate_in_run
duplicate_in_run;Ilha Dourada Restaurante;Restaurante de frutos do mar;BR -230, R. José Américo de Almeida Filho, s/n - Areia Dourada, Cabedelo - PB, 58101-212;4.2;3161;ChIJ19PDcIXfrAcRzBwfL7gvIIs;https://www.google.com/maps/place/?q=place_id:ChIJ19PDcIXfrAcRzBwfL7gvIIs;cafeteria Cabedelo PB;Porto/Cabedelo;@-6.9665,-34.8405,15z;duplicate_in_run
duplicate_in_run;PARCEIRO Rosa Lanches;Lanchonete;R. Ten. Antônio Pontes, 139 - Ponta de Matos, Cabedelo - PB, 58100-645;4.5;120;ChIJKfbziSchrQcRUM5eTvB19FU;https://www.google.com/maps/place/?q=place_id:ChIJKfbziSchrQcRUM5eTvB19FU;cafeteria Cabedelo PB;Porto/Cabedelo;@-6.9665,-34.8405,15z;duplicate_in_run
rejected;Padaria Pandine;Padaria;Av. Mar Vermelho, 357 - Intermares, Cabedelo - PB, 58102-120;4.4;1096;ChIJP6gJ7w3erAcREADxKhazvuY;https://www.google.com/maps/place/?q=place_id:ChIJP6gJ7w3erAcREADxKhazvuY;cafeteria Cabedelo PB;Porto/Cabedelo;@-6.9665,-34.8405,15z;excluded_category_or_name
duplicate_in_run;Pastelaria Litorânea;Pastelaria brasileira;R. Sólon de Lucena, 19 - Vila Sao Joao, Cabedelo - PB, 58310-000;4.3;280;ChIJMwgi824grQcR0OCGiSGQ4Oc;https://www.google.com/maps/place/?q=place_id:ChIJMwgi824grQcR0OCGiSGQ4Oc;cafeteria Cabedelo PB;Porto/Cabedelo;@-6.9665,-34.8405,15z;duplicate_in_run
duplicate_in_run;Messe Cafeteria;Cafeteria;R. Praia do Jacaré - Intermares, Cabedelo - PB, 58310-000;5;2;ChIJi1DNHwDfrAcRKRUXOkoukjQ;https://www.google.com/maps/place/?q=place_id:ChIJi1DNHwDfrAcRKRUXOkoukjQ;cafeteria Cabedelo PB;Porto/Cabedelo;@-6.9665,-34.8405,15z;duplicate_in_run
duplicate_in_run;Tenda Formosa Bar & Restaurante;Restaurante;Av. Cassiano da Cunha Nóbrega, 98 - Praia Formosa, Cabedelo - PB, 58100-685;4.1;1507;ChIJIc-iXWUgrQcReqjiUbw742w;https://www.google.com/maps/place/?q=place_id:ChIJIc-iXWUgrQcReqjiUbw742w;cafeteria Cabedelo PB;Porto/Cabedelo;@-6.9665,-34.8405,15z;duplicate_in_run
rejected;DM Caffe;Cafeteria;Av. Gov. Argemiro de Figueiredo, 3197a - Jardim Oceania, João Pessoa - PB, 58037-030;4.8;247;ChIJRVlJzNnDrAcRa808gqR2TmU;https://www.google.com/maps/place/?q=place_id:ChIJRVlJzNnDrAcRa808gqR2TmU;cafeteria Cabedelo PB;Porto/Cabedelo;@-6.9665,-34.8405,15z;excluded_category_or_name
duplicate_in_run;Chié artesanato e comedoria;Café;R. Praia do Jacaré - Intermares, Cabedelo - PB, 58310-000;4;40;ChIJTwa4MA_frAcR4t0Vizs3ozY;https://www.google.com/maps/place/?q=place_id:ChIJTwa4MA_frAcR4t0Vizs3ozY;cafeteria Cabedelo PB;Porto/Cabedelo;@-6.9665,-34.8405,15z;duplicate_in_run
duplicate_in_run;JL Bolos;Cafeteria;R. Rio Paraíba, 55 - Jardim Camboinha, Cabedelo - PB, 58310-000;4.8;5;ChIJzWCQCwDfrAcRxsNeWdpCqWA;https://www.google.com/maps/place/?q=place_id:ChIJzWCQCwDfrAcRxsNeWdpCqWA;cafeteria Cabedelo PB;Porto/Cabedelo;@-6.9665,-34.8405,15z;duplicate_in_run
accepted;Medellín Café(São Braz Expresso);Cafeteria;Estrada de Cabedelo, KM13,5, R. Praia do Bessa, João Pessoa - PB, 58037-325;3.4;41;ChIJmYckIO3drAcRHY1JjnbhsP0;https://www.google.com/maps/place/?q=place_id:ChIJmYckIO3drAcRHY1JjnbhsP0;cafeteria Cabedelo PB;Porto/Cabedelo;@-6.9665,-34.8405,15z;food_scope
duplicate_in_run;Skama Bar e Restaurante;Restaurante;Av. Cassiano da Cunha Nóbrega, 18 - Ponta de Matos, Cabedelo - PB, 58100-965;4.2;397;ChIJl-GtFGkgrQcROqBgkhHbHuA;https://www.google.com/maps/place/?q=place_id:ChIJl-GtFGkgrQcROqBgkhHbHuA;bar restaurante Cabedelo PB;Porto/Cabedelo;@-6.9665,-34.8405,15z;duplicate_in_run
duplicate_in_run;Bar das Meninas Restaurante;Restaurante de frutos do mar;R. Des. Onaldo N Montenegro, 368 - Vila Sao Joao, Cabedelo - PB, 58109-342;4.2;3174;ChIJodwqQ2kgrQcR4ABUUI60O8Y;https://www.google.com/maps/place/?q=place_id:ChIJodwqQ2kgrQcR4ABUUI60O8Y;bar restaurante Cabedelo PB;Porto/Cabedelo;@-6.9665,-34.8405,15z;duplicate_in_run
duplicate_in_run;Caiçara Bar e Restaurante;Restaurante;Praia de, Rua Cassiano, Av. Cassiano da Cunha Nóbrega - Ponta de Matos, Cabedelo - PB, 58100-695;4.7;39;ChIJ6UAYvCohrQcRzW-CciJ0DB0;https://www.google.com/maps/place/?q=place_id:ChIJ6UAYvCohrQcRzW-CciJ0DB0;bar restaurante Cabedelo PB;Porto/Cabedelo;@-6.9665,-34.8405,15z;duplicate_in_run
duplicate_in_run;Caldinho Prime Formosa;Restaurante;Av. Cassiano da Cunha Nóbrega, 555 - Vila Sao Joao, Cabedelo - PB, 58310-000;4.7;46;ChIJo3IrDQAhrQcRuau8CF_J1oc;https://www.google.com/maps/place/?q=place_id:ChIJo3IrDQAhrQcRuau8CF_J1oc;bar restaurante Cabedelo PB;Porto/Cabedelo;@-6.9665,-34.8405,15z;duplicate_in_run
duplicate_in_run;Restaurante Pôr do Sol;Restaurante;R. Pres. João Pessoa, 1 - Vila Sao Joao, Cabedelo - PB, 58310-000;4.6;105;ChIJb69icnQgrQcRc9_nUnm-luI;https://www.google.com/maps/place/?q=place_id:ChIJb69icnQgrQcRc9_nUnm-luI;bar restaurante Cabedelo PB;Porto/Cabedelo;@-6.9665,-34.8405,15z;duplicate_in_run
rejected;Verano Praia Bar;Bar;Av. Pastor José Alves de Oliveira, 848 - Areia Dourada, Cabedelo - PB, 58101-205;4.4;324;ChIJh0FVTwvfrAcRloIZE5Iit7w;https://www.google.com/maps/place/?q=place_id:ChIJh0FVTwvfrAcRloIZE5Iit7w;bar restaurante Cabedelo PB;Porto/Cabedelo;@-6.9665,-34.8405,15z;not_clearly_food_establishment
duplicate_in_run;Bar e Restaurante do Sumé;Restaurante de frutos do mar;Av. Oceano Atlântico, 98 - Vila Sao Joao, Cabedelo - PB, 58310-000;4.1;762;ChIJx6-fZGUgrQcR3ejC32WCAA4;https://www.google.com/maps/place/?q=place_id:ChIJx6-fZGUgrQcR3ejC32WCAA4;bar restaurante Cabedelo PB;Porto/Cabedelo;@-6.9665,-34.8405,15z;duplicate_in_run
duplicate_in_run;Ilha Dourada Restaurante;Restaurante de frutos do mar;BR -230, R. José Américo de Almeida Filho, s/n - Areia Dourada, Cabedelo - PB, 58101-212;4.2;3161;ChIJ19PDcIXfrAcRzBwfL7gvIIs;https://www.google.com/maps/place/?q=place_id:ChIJ19PDcIXfrAcRzBwfL7gvIIs;bar restaurante Cabedelo PB;Porto/Cabedelo;@-6.9665,-34.8405,15z;duplicate_in_run
duplicate_in_run;Tenda Formosa Bar & Restaurante;Restaurante;Av. Cassiano da Cunha Nóbrega, 98 - Praia Formosa, Cabedelo - PB, 58100-685;4.1;1507;ChIJIc-iXWUgrQcReqjiUbw742w;https://www.google.com/maps/place/?q=place_id:ChIJIc-iXWUgrQcReqjiUbw742w;bar restaurante Cabedelo PB;Porto/Cabedelo;@-6.9665,-34.8405,15z;duplicate_in_run
duplicate_in_run;Atlântico bar, cabedelo;Restaurante;Cassiano, Av. Cassiano da Cunha Nóbrega - Ponta de Matos, Cabedelo - PB, 58100-695;4.4;8;ChIJsc6M1VohrQcR2aadwXNqCYM;https://www.google.com/maps/place/?q=place_id:ChIJsc6M1VohrQcR2aadwXNqCYM;bar restaurante Cabedelo PB;Porto/Cabedelo;@-6.9665,-34.8405,15z;duplicate_in_run
duplicate_in_run;Lovina Ponta de Campina | Bar | Restaurante em Cabedelo;Restaurante;R. Vitorino Cardoso, 908 - Ponta de Campina, Cabedelo - PB, 58101-510;4.4;10742;ChIJdbKCxUTerAcRNmBt0eRrdX8;https://www.google.com/maps/place/?q=place_id:ChIJdbKCxUTerAcRNmBt0eRrdX8;bar restaurante Cabedelo PB;Porto/Cabedelo;@-6.9665,-34.8405,15z;duplicate_in_run
rejected;Bar da ressaca;Bar;Av. Cassiano da Cunha Nóbrega, 269 - Santa Catarina, Cabedelo - PB, 58100-432;4.6;49;ChIJU_hxaiYhrQcRlDkfUVSdSVs;https://www.google.com/maps/place/?q=place_id:ChIJU_hxaiYhrQcRlDkfUVSdSVs;bar restaurante Cabedelo PB;Porto/Cabedelo;@-6.9665,-34.8405,15z;not_clearly_food_establishment
duplicate_in_run;Bar e Restaurante Solânense;Restaurante;R. Sólon de Lucena, 364 - Centro, Cabedelo - PB, 58100-570;4.6;77;ChIJr1gT2-chrQcRL1coXnrt0YE;https://www.google.com/maps/place/?q=place_id:ChIJr1gT2-chrQcRL1coXnrt0YE;bar restaurante Cabedelo PB;Porto/Cabedelo;@-6.9665,-34.8405,15z;duplicate_in_run
duplicate_in_run;Sport Marina;Restaurante de frutos do mar;Av. Pastor José Alves de Oliveira, 848 - Areia Dourada, Cabedelo - PB, 58101-232;4.5;503;ChIJpSulOXggrQcR1X8-11zV034;https://www.google.com/maps/place/?q=place_id:ChIJpSulOXggrQcR1X8-11zV034;bar restaurante Cabedelo PB;Porto/Cabedelo;@-6.9665,-34.8405,15z;duplicate_in_run
duplicate_in_run;Residência do Mário;Restaurante;R. Cleto Campêlo, 889 - Camalaú, Cabedelo - PB, 58103-242;4.7;153;ChIJJ1WRk4nfrAcRe75oQKtSH4Y;https://www.google.com/maps/place/?q=place_id:ChIJJ1WRk4nfrAcRe75oQKtSH4Y;bar restaurante Cabedelo PB;Porto/Cabedelo;@-6.9665,-34.8405,15z;duplicate_in_run
rejected;Marlu's Trailer Bar - Praia Formosa;Bar;R. José Américo de Almeida Filho, 107 - Praia Formosa, Cabedelo - PB, 58101-212;4.6;28;ChIJ44R3lm8hrQcR8ZKuh6fovsE;https://www.google.com/maps/place/?q=place_id:ChIJ44R3lm8hrQcR8ZKuh6fovsE;bar restaurante Cabedelo PB;Porto/Cabedelo;@-6.9665,-34.8405,15z;not_clearly_food_establishment
duplicate_in_run;Restaurante Ondas;Restaurante brasileiro;Av. Cassiano da Cunha Nóbrega - Santa Catarina, Cabedelo - PB, 58100-432;4.3;164;ChIJfajxP2kgrQcR4aWJ3AdHjqw;https://www.google.com/maps/place/?q=place_id:ChIJfajxP2kgrQcR4aWJ3AdHjqw;bar restaurante Cabedelo PB;Porto/Cabedelo;@-6.9665,-34.8405,15z;duplicate_in_run
duplicate_in_run;Churrascaria do Caicó;Churrascaria;R, Av. Pastor José Alves de Oliveira, 365 - Centro, Cabedelo - PB, 58100-222;4.3;753;ChIJVaKROncgrQcR5lpnht-FotI;https://www.google.com/maps/place/?q=place_id:ChIJVaKROncgrQcR5lpnht-FotI;bar restaurante Cabedelo PB;Porto/Cabedelo;@-6.9665,-34.8405,15z;duplicate_in_run
rejected;TreeHouse Bar Lounge - Por do sol João Pessoa;Bar;R. Pôr do Sol, s/n, Cabedelo - PB, 58310-000;4.5;1125;ChIJ33JsoxverAcRwnzfHW9fJTI;https://www.google.com/maps/place/?q=place_id:ChIJ33JsoxverAcRwnzfHW9fJTI;bar restaurante Cabedelo PB;Porto/Cabedelo;@-6.9665,-34.8405,15z;excluded_category_or_name
rejected;Damares Bar;Bares;R. Des. Onaldo N Montenegro, 376 - Ponta de Matos, Cabedelo - PB, 58109-342;4.4;133;ChIJZ96O4GggrQcRMC6P5LccM5Y;https://www.google.com/maps/place/?q=place_id:ChIJZ96O4GggrQcRMC6P5LccM5Y;bar restaurante Cabedelo PB;Porto/Cabedelo;@-6.9665,-34.8405,15z;not_clearly_food_establishment
duplicate_in_run;Ilha Dourada Restaurante;Restaurante de frutos do mar;BR -230, R. José Américo de Almeida Filho, s/n - Areia Dourada, Cabedelo - PB, 58101-212;4.2;3161;ChIJ19PDcIXfrAcRzBwfL7gvIIs;https://www.google.com/maps/place/?q=place_id:ChIJ19PDcIXfrAcRzBwfL7gvIIs;restaurantes Cabedelo PB;Jacare;@-6.9987,-34.8411,15z;duplicate_in_run
duplicate_in_run;Caldinho Prime Formosa;Restaurante;Av. Cassiano da Cunha Nóbrega, 555 - Vila Sao Joao, Cabedelo - PB, 58310-000;4.7;46;ChIJo3IrDQAhrQcRuau8CF_J1oc;https://www.google.com/maps/place/?q=place_id:ChIJo3IrDQAhrQcRuau8CF_J1oc;restaurantes Cabedelo PB;Jacare;@-6.9987,-34.8411,15z;duplicate_in_run
duplicate_in_run;Lovina Ponta de Campina | Bar | Restaurante em Cabedelo;Restaurante;R. Vitorino Cardoso, 908 - Ponta de Campina, Cabedelo - PB, 58101-510;4.4;10742;ChIJdbKCxUTerAcRNmBt0eRrdX8;https://www.google.com/maps/place/?q=place_id:ChIJdbKCxUTerAcRNmBt0eRrdX8;restaurantes Cabedelo PB;Jacare;@-6.9987,-34.8411,15z;duplicate_in_run
duplicate_in_run;Restaurante Pôr do Sol;Restaurante;R. Pres. João Pessoa, 1 - Vila Sao Joao, Cabedelo - PB, 58310-000;4.6;105;ChIJb69icnQgrQcRc9_nUnm-luI;https://www.google.com/maps/place/?q=place_id:ChIJb69icnQgrQcRc9_nUnm-luI;restaurantes Cabedelo PB;Jacare;@-6.9987,-34.8411,15z;duplicate_in_run
rejected;Verano Praia Bar;Bar;Av. Pastor José Alves de Oliveira, 848 - Areia Dourada, Cabedelo - PB, 58101-205;4.4;324;ChIJh0FVTwvfrAcRloIZE5Iit7w;https://www.google.com/maps/place/?q=place_id:ChIJh0FVTwvfrAcRloIZE5Iit7w;restaurantes Cabedelo PB;Jacare;@-6.9987,-34.8411,15z;not_clearly_food_establishment
duplicate_in_run;Casa Di Mainha;Local para eventos;R. Prof. João Lelis de Luna Freire - Jardim Jerico, Cabedelo - PB, 58310-000;5;16;ChIJI_QFwtzfrAcR4PpGSlWFXfE;https://www.google.com/maps/place/?q=place_id:ChIJI_QFwtzfrAcR4PpGSlWFXfE;restaurantes Cabedelo PB;Jacare;@-6.9987,-34.8411,15z;duplicate_in_run
duplicate_in_run;Churrascaria do Caicó;Churrascaria;R, Av. Pastor José Alves de Oliveira, 365 - Centro, Cabedelo - PB, 58100-222;4.3;753;ChIJVaKROncgrQcR5lpnht-FotI;https://www.google.com/maps/place/?q=place_id:ChIJVaKROncgrQcR5lpnht-FotI;restaurantes Cabedelo PB;Jacare;@-6.9987,-34.8411,15z;duplicate_in_run
accepted;Gigante Do Mar Beach;Restaurante de frutos do mar;Av. Max Zagel, 450 - Camboinha, Cabedelo - PB, 58033-455;4.2;3378;ChIJ47lgZ6TfrAcR21h_sELDBwk;https://www.google.com/maps/place/?q=place_id:ChIJ47lgZ6TfrAcR21h_sELDBwk;restaurantes Cabedelo PB;Jacare;@-6.9987,-34.8411,15z;food_scope
accepted;CTG Saudade Da Querência;Restaurante;R. João Santos Coelho Filho, 125 - Lot. Praia Grande, Cabedelo - PB, 58310-000;4.6;293;ChIJv8vnDLPfrAcR2d01H7Lb744;https://www.google.com/maps/place/?q=place_id:ChIJv8vnDLPfrAcR2d01H7Lb744;restaurantes Cabedelo PB;Jacare;@-6.9987,-34.8411,15z;food_scope
duplicate_in_run;Sport Marina;Restaurante de frutos do mar;Av. Pastor José Alves de Oliveira, 848 - Areia Dourada, Cabedelo - PB, 58101-232;4.5;503;ChIJpSulOXggrQcR1X8-11zV034;https://www.google.com/maps/place/?q=place_id:ChIJpSulOXggrQcR1X8-11zV034;restaurantes Cabedelo PB;Jacare;@-6.9987,-34.8411,15z;duplicate_in_run
duplicate_in_run;Skama Bar e Restaurante;Restaurante;Av. Cassiano da Cunha Nóbrega, 18 - Ponta de Matos, Cabedelo - PB, 58100-965;4.2;397;ChIJl-GtFGkgrQcROqBgkhHbHuA;https://www.google.com/maps/place/?q=place_id:ChIJl-GtFGkgrQcROqBgkhHbHuA;restaurantes Cabedelo PB;Jacare;@-6.9987,-34.8411,15z;duplicate_in_run
accepted;Kubanacan Bar e Restaurante;Restaurante;R. Julieta Viana, 103 - Camboinha, Cabedelo - PB, 58101-375;4.8;108;ChIJJZe3-g3frAcRPD9qTI1nWYM;https://www.google.com/maps/place/?q=place_id:ChIJJZe3-g3frAcRPD9qTI1nWYM;restaurantes Cabedelo PB;Jacare;@-6.9987,-34.8411,15z;food_scope
rejected;Badionaldo;Bar;R. Vitorino Cardoso, 780 - Lot. Vitorino Cardoso, Cabedelo - PB, 58101-510;3.7;111;ChIJLV_DEEPfrAcRnoTIdvp3Ch0;https://www.google.com/maps/place/?q=place_id:ChIJLV_DEEPfrAcRnoTIdvp3Ch0;restaurantes Cabedelo PB;Jacare;@-6.9987,-34.8411,15z;not_clearly_food_establishment
duplicate_in_run;Bar das Meninas Restaurante;Restaurante de frutos do mar;R. Des. Onaldo N Montenegro, 368 - Vila Sao Joao, Cabedelo - PB, 58109-342;4.2;3174;ChIJodwqQ2kgrQcR4ABUUI60O8Y;https://www.google.com/maps/place/?q=place_id:ChIJodwqQ2kgrQcR4ABUUI60O8Y;restaurantes Cabedelo PB;Jacare;@-6.9987,-34.8411,15z;duplicate_in_run
accepted;Ancoradouro Ponta de Campina;Restaurante;R. Henrique Siqueira, 242 - Ponta de Campina, Cabedelo - PB, 58310-000;3.9;495;ChIJZ2RoyxLfrAcRupeEWBQrnEc;https://www.google.com/maps/place/?q=place_id:ChIJZ2RoyxLfrAcRupeEWBQrnEc;restaurantes Cabedelo PB;Jacare;@-6.9987,-34.8411,15z;food_scope
duplicate_in_run;Cibelly Bar & Restaurante;Bar e restaurante de ostras;Rua Luna Pedrosa, 1260 - Poço, Cabedelo - PB, 58101-574;4.1;4295;ChIJ63V170_erAcRZ2vvWZseSgE;https://www.google.com/maps/place/?q=place_id:ChIJ63V170_erAcRZ2vvWZseSgE;restaurantes Cabedelo PB;Jacare;@-6.9987,-34.8411,15z;duplicate_in_run
duplicate_in_run;Residência do Mário;Restaurante;R. Cleto Campêlo, 889 - Camalaú, Cabedelo - PB, 58103-242;4.7;153;ChIJJ1WRk4nfrAcRe75oQKtSH4Y;https://www.google.com/maps/place/?q=place_id:ChIJJ1WRk4nfrAcRe75oQKtSH4Y;restaurantes Cabedelo PB;Jacare;@-6.9987,-34.8411,15z;duplicate_in_run
accepted;Sol e mar restaurante e self service;Restaurante self-service;R. Márcia Travassos, 331 - Camboinha, Cabedelo - PB, 58310-000;4.6;22;ChIJC7wrAbDfrAcRL094F_SfelU;https://www.google.com/maps/place/?q=place_id:ChIJC7wrAbDfrAcRL094F_SfelU;restaurantes Cabedelo PB;Jacare;@-6.9987,-34.8411,15z;food_scope
duplicate_in_run;Caldeirão Nordestino - Caldinho e Nhoques Cabedelo;Barraca de comida;Areia Dourada, Cabedelo - PB, 58101-212;4.8;31;ChIJKa4SjtDfrAcRbfre1lQqXmM;https://www.google.com/maps/place/?q=place_id:ChIJKa4SjtDfrAcRbfre1lQqXmM;restaurantes Cabedelo PB;Jacare;@-6.9987,-34.8411,15z;duplicate_in_run
accepted;churrascaria do biu;Churrascaria;R. Carolino Cardoso, 248-328 - Lot. Vitorino Cardoso, Cabedelo - PB, 58310-000;4.2;142;ChIJi2YYOkzerAcRnZgoaC-xOvY;https://www.google.com/maps/place/?q=place_id:ChIJi2YYOkzerAcRnZgoaC-xOvY;restaurantes Cabedelo PB;Jacare;@-6.9987,-34.8411,15z;food_scope
duplicate_in_run;Casa Di Mainha;Pizzaria;R. Prof. João Lelis de Luna Freire - Jardim Jerico, Cabedelo - PB, 58310-000;5;16;ChIJI_QFwtzfrAcR4PpGSlWFXfE;https://www.google.com/maps/place/?q=place_id:ChIJI_QFwtzfrAcR4PpGSlWFXfE;pizzaria Cabedelo PB;Jacare;@-6.9987,-34.8411,15z;duplicate_in_run
duplicate_in_run;Pizza Now - Intermares;Delivery de Pizza;Av. Oceano Atlântico, 1592 - Lj 14 - Ponta de Campina, Cabedelo - PB, 58101-650;4.5;200;ChIJC3rzCDHdrAcRGYF3vwcOan8;https://www.google.com/maps/place/?q=place_id:ChIJC3rzCDHdrAcRGYF3vwcOan8;pizzaria Cabedelo PB;Jacare;@-6.9987,-34.8411,15z;duplicate_in_run
duplicate_in_run;Pizza do Paulinho;Pizzaria;Av. Monsenhor José da Silva Coutinho, 113 - Vila Sao Joao, Cabedelo - PB, 58103-332;5;11;ChIJTUFjldDfrAcRXmp9tl8_VOc;https://www.google.com/maps/place/?q=place_id:ChIJTUFjldDfrAcRXmp9tl8_VOc;pizzaria Cabedelo PB;Jacare;@-6.9987,-34.8411,15z;duplicate_in_run
duplicate_in_run;Center Pizza Cabedelo;Pizzaria;R. Duque de Caxias, 189 - Centro, Cabedelo - PB, 58310-000;5;18;ChIJUeGTJwAhrQcRnfODfBzcelE;https://www.google.com/maps/place/?q=place_id:ChIJUeGTJwAhrQcRnfODfBzcelE;pizzaria Cabedelo PB;Jacare;@-6.9987,-34.8411,15z;duplicate_in_run
duplicate_in_run;Pizzaria Bom Sabor Camboinha;Pizzaria;R. Prof. João Lelis de Luna Freire, 288 - Jardim Camboinha, Cabedelo - PB, 58310-000;4.1;54;ChIJ23LpoCvfrAcRK0glALWQRYA;https://www.google.com/maps/place/?q=place_id:ChIJ23LpoCvfrAcRK0glALWQRYA;pizzaria Cabedelo PB;Jacare;@-6.9987,-34.8411,15z;duplicate_in_run
duplicate_in_run;Pizzaria tá no ponto;Pizzaria;R. Ten. Antônio Pontes, 236 - Vila Sao Joao, Cabedelo - PB, 58100-645;5;1;ChIJP3oicAAhrQcRy3DljLN5ZTw;https://www.google.com/maps/place/?q=place_id:ChIJP3oicAAhrQcRy3DljLN5ZTw;pizzaria Cabedelo PB;Jacare;@-6.9987,-34.8411,15z;duplicate_in_run
duplicate_in_run;Hora Da Pizza;Pizzaria;R. Arco Íris, 113 - Lot. Oceania VI, Cabedelo - PB, 58105-514;5;13;ChIJd8aACALfrAcR-y1kMx11Rs8;https://www.google.com/maps/place/?q=place_id:ChIJd8aACALfrAcR-y1kMx11Rs8;pizzaria Cabedelo PB;Jacare;@-6.9987,-34.8411,15z;duplicate_in_run
duplicate_in_run;churrascaria do biu;Churrascaria;R. Carolino Cardoso, 248-328 - Lot. Vitorino Cardoso, Cabedelo - PB, 58310-000;4.2;142;ChIJi2YYOkzerAcRnZgoaC-xOvY;https://www.google.com/maps/place/?q=place_id:ChIJi2YYOkzerAcRnZgoaC-xOvY;pizzaria Cabedelo PB;Jacare;@-6.9987,-34.8411,15z;duplicate_in_run
duplicate_in_run;Pizzaria 1000Graus;Pizzaria;R. Duque de Caxias, 60 - Centro, Cabedelo - PB, 58100-000;5;1;ChIJz9Yh3hohrQcRX3d8g-9Pd6w;https://www.google.com/maps/place/?q=place_id:ChIJz9Yh3hohrQcRX3d8g-9Pd6w;pizzaria Cabedelo PB;Jacare;@-6.9987,-34.8411,15z;duplicate_in_run
duplicate_in_run;Lary's pizzaria e lanchonete;Pizzaria;R. Antônia Fernandes Oliveira, 810 - Jardim Camboinha, Cabedelo - PB, 58103-706;4.3;88;ChIJ1zlHHqffrAcRvEgStdnRDMs;https://www.google.com/maps/place/?q=place_id:ChIJ1zlHHqffrAcRvEgStdnRDMs;pizzaria Cabedelo PB;Jacare;@-6.9987,-34.8411,15z;duplicate_in_run
duplicate_in_run;Deu Pizza Cabedelo;Pizzaria;Praça Getúlio Vargas, 95 - Vila Sao Joao, Cabedelo - PB, 58100-261;;;ChIJVeZJGAAhrQcRfL-dAtZyAcY;https://www.google.com/maps/place/?q=place_id:ChIJVeZJGAAhrQcRfL-dAtZyAcY;pizzaria Cabedelo PB;Jacare;@-6.9987,-34.8411,15z;duplicate_in_run
accepted;Chapa Quente Lanches e Refeições;Lanchonete;R. Novo Horizonte, 37 - Jacaré, Cabedelo - PB, 58105-652;4.7;43;ChIJNYcRV8DdrAcR2mIZA8gNQHY;https://www.google.com/maps/place/?q=place_id:ChIJNYcRV8DdrAcR2mIZA8gNQHY;pizzaria Cabedelo PB;Jacare;@-6.9987,-34.8411,15z;food_scope
duplicate_in_run;Pizza Família Cipriano;Pizzaria;R. Golfo Danzig, 56 - Intermares, Cabedelo - PB, 58102-133;5;13;ChIJBw8J2x3frAcR-t64wKV4XEg;https://www.google.com/maps/place/?q=place_id:ChIJBw8J2x3frAcR-t64wKV4XEg;pizzaria Cabedelo PB;Jacare;@-6.9987,-34.8411,15z;duplicate_in_run
accepted;CASA DA PIZZA;Restaurante;R. Honório Patrício dos Santos - Recanto do Poço, Cabedelo - PB, 58105-084;;;ChIJtewaz0verAcROOlZKMPmzZE;https://www.google.com/maps/place/?q=place_id:ChIJtewaz0verAcROOlZKMPmzZE;pizzaria Cabedelo PB;Jacare;@-6.9987,-34.8411,15z;food_scope
duplicate_in_run;Pizzaria Bom Sabor;Pizzaria;R. Jair Cunha Cavalcanti, 248 - Lot. Oceania, Cabedelo - PB, 58105-700;4;134;ChIJJwFhsjXfrAcR5WUPKUu6Li8;https://www.google.com/maps/place/?q=place_id:ChIJJwFhsjXfrAcR5WUPKUu6Li8;pizzaria Cabedelo PB;Jacare;@-6.9987,-34.8411,15z;duplicate_in_run
duplicate_in_run;Pizzaria Jacaré;Pizzaria;R. Arco Íris, 250 - Lot. Oceania VI, Cabedelo - PB, 58310-000;4.5;59;ChIJLSlV8DrerAcRdEpwqq-GS2Y;https://www.google.com/maps/place/?q=place_id:ChIJLSlV8DrerAcRdEpwqq-GS2Y;pizzaria Cabedelo PB;Jacare;@-6.9987,-34.8411,15z;duplicate_in_run
duplicate_in_run;Eu Quero Pizza;Pizzaria;R. da Enseada - Ponta de Campina, Cabedelo - PB, 58310-000;3.8;24;ChIJB0sqZgLfrAcR9yKy7cQwfhQ;https://www.google.com/maps/place/?q=place_id:ChIJB0sqZgLfrAcR9yKy7cQwfhQ;pizzaria Cabedelo PB;Jacare;@-6.9987,-34.8411,15z;duplicate_in_run
duplicate_in_run;Mega Pizza;Pizzaria;Av. Mar Vermelho, 357 - Intermares, Cabedelo - PB, 58310-000;4;506;ChIJP6gJ7w3erAcRPbZmhVXL0gQ;https://www.google.com/maps/place/?q=place_id:ChIJP6gJ7w3erAcRPbZmhVXL0gQ;pizzaria Cabedelo PB;Jacare;@-6.9987,-34.8411,15z;duplicate_in_run
duplicate_in_run;D'gust Lanchonete;Hamburgueria;R. Benedito Soares da Silva, 76 - Vila Sao Joao, Cabedelo - PB, 58310-000;5;2;ChIJfRXKQQAhrQcRJlUtVsFl2Nw;https://www.google.com/maps/place/?q=place_id:ChIJfRXKQQAhrQcRJlUtVsFl2Nw;pizzaria Cabedelo PB;Jacare;@-6.9987,-34.8411,15z;duplicate_in_run
duplicate_in_run;Ilovepizzapb;Pizzaria;R. Duque de Caxias - Centro, Cabedelo - PB, 58100-263;;;ChIJ2dkU5NAhrQcRMvAetr3sxYA;https://www.google.com/maps/place/?q=place_id:ChIJ2dkU5NAhrQcRMvAetr3sxYA;pizzaria Cabedelo PB;Jacare;@-6.9987,-34.8411,15z;duplicate_in_run
duplicate_in_run;Na brasa hambúrgueria;Lanchonete;Av. Pastor José Alves de Oliveira, 511 - Centro, Cabedelo - PB, 58100-222;4.5;15;ChIJS0Cl_7khrQcRXHqZzABLeRg;https://www.google.com/maps/place/?q=place_id:ChIJS0Cl_7khrQcRXHqZzABLeRg;hamburgueria Cabedelo PB;Jacare;@-6.9987,-34.8411,15z;duplicate_in_run
duplicate_in_run;Manguinhos Burguer;Hamburgueria;R. Débora Borges Xavier, 29 - Vila Sao Joao, Cabedelo - PB, 58103-405;5;1;ChIJ7714LT_frAcROZGgCaHyb1A;https://www.google.com/maps/place/?q=place_id:ChIJ7714LT_frAcROZGgCaHyb1A;hamburgueria Cabedelo PB;Jacare;@-6.9987,-34.8411,15z;duplicate_in_run
duplicate_in_run;Oxi Burguer Cabedelo;Hamburgueria;R. Maria das Neves Silva - Ponta de Campina, Cabedelo - PB, 58101-660;5;31;ChIJ-3vOhY7frAcRyc0HXHjB-zo;https://www.google.com/maps/place/?q=place_id:ChIJ-3vOhY7frAcRyc0HXHjB-zo;hamburgueria Cabedelo PB;Jacare;@-6.9987,-34.8411,15z;duplicate_in_run
duplicate_in_run;DAWN BURGUER;Hamburgueria;R. Augusto Firmo Paulo, 51 - Vila Sao Joao, Cabedelo - PB, 58101-015;4.2;45;ChIJadfjewAhrQcRf8d09KL-Gi4;https://www.google.com/maps/place/?q=place_id:ChIJadfjewAhrQcRf8d09KL-Gi4;hamburgueria Cabedelo PB;Jacare;@-6.9987,-34.8411,15z;duplicate_in_run
duplicate_in_run;Home Smash Burger;Hamburgueria;R. Sólon de Lucena, 19 - Vila Sao Joao, Cabedelo - PB, 58100-570;4.4;48;ChIJv390eRbfrAcRXHxRKIdKrf0;https://www.google.com/maps/place/?q=place_id:ChIJv390eRbfrAcRXHxRKIdKrf0;hamburgueria Cabedelo PB;Jacare;@-6.9987,-34.8411,15z;duplicate_in_run
duplicate_in_run;I love burguer;Hamburgueria;Praça Getúlio Vargas, 107 - Vila Sao Joao, Cabedelo - PB, 58100-305;4.1;18;ChIJ2_aBWAAhrQcRP7iv8wg49-U;https://www.google.com/maps/place/?q=place_id:ChIJ2_aBWAAhrQcRP7iv8wg49-U;hamburgueria Cabedelo PB;Jacare;@-6.9987,-34.8411,15z;duplicate_in_run
rejected;A Ferro Y Fogo Churrasco & Burger Artesanal na Brasa;Restaurante;Av. Oceano Atlântico, 1592 - Shopping GetMall - Ponta de Campina, Cabedelo - PB, 58101-650;3.9;39;ChIJNWudC1nfrAcRZp_VOIvsXTQ;https://www.google.com/maps/place/?q=place_id:ChIJNWudC1nfrAcRZp_VOIvsXTQ;hamburgueria Cabedelo PB;Jacare;@-6.9987,-34.8411,15z;excluded_category_or_name
duplicate_in_run;Triniity Burguer;Hamburgueria;Vila dos Estivadores, 73 - Centro, Cabedelo - PB, 58310-000;;;ChIJOTDzdQAhrQcRpoIFPhX8-F4;https://www.google.com/maps/place/?q=place_id:ChIJOTDzdQAhrQcRpoIFPhX8-F4;hamburgueria Cabedelo PB;Jacare;@-6.9987,-34.8411,15z;duplicate_in_run
accepted;food service;Hamburgueria;Muro da São Brás, R. Floresta - Camboinha, Cabedelo - PB, 58103-740;;;ChIJS6CBWLHfrAcRa3OXU-u9pJk;https://www.google.com/maps/place/?q=place_id:ChIJS6CBWLHfrAcRa3OXU-u9pJk;hamburgueria Cabedelo PB;Jacare;@-6.9987,-34.8411,15z;food_scope
duplicate_in_run;BIG BURGUER;Hamburgueria;R. Duque de Caxias - Vila Sao Joao, Cabedelo - PB, 58310-000;;;ChIJfVu7eQAhrQcRpNglRRyxBpk;https://www.google.com/maps/place/?q=place_id:ChIJfVu7eQAhrQcRpNglRRyxBpk;hamburgueria Cabedelo PB;Jacare;@-6.9987,-34.8411,15z;duplicate_in_run
duplicate_in_run;Manos Burger Cabedelo;Hamburgueria;Praça Getúlio Vargas - Ponta de Matos, Cabedelo - PB, 58059-122;5;7;ChIJX_ZmHcRRrAcRcqKoGYEPLM8;https://www.google.com/maps/place/?q=place_id:ChIJX_ZmHcRRrAcRcqKoGYEPLM8;hamburgueria Cabedelo PB;Jacare;@-6.9987,-34.8411,15z;duplicate_in_run
rejected;GETMall;Hamburgueria;Av. Oceano Atlântico, 1592 - Ponta de Campina, Cabedelo - PB, 58310-000;4.3;103;ChIJX7HMo6rdrAcRCeFWODir8Rw;https://www.google.com/maps/place/?q=place_id:ChIJX7HMo6rdrAcRCeFWODir8Rw;hamburgueria Cabedelo PB;Jacare;@-6.9987,-34.8411,15z;excluded_category_or_name
duplicate_in_run;TCF - The Cheeseburguer Factory - Unidade Cabedelo;Lanchonete;Av. Oceano Atlântico, 1592 - Sl A15 - Ponta de Campina, Cabedelo - PB, 58310-000;4.1;13;ChIJ17zIKW_drAcRpW44MoCAPKM;https://www.google.com/maps/place/?q=place_id:ChIJ17zIKW_drAcRpW44MoCAPKM;hamburgueria Cabedelo PB;Jacare;@-6.9987,-34.8411,15z;duplicate_in_run
duplicate_in_run;Big Jack comida de rua com INSPIRAÇÃO texana;Restaurante;Av. Mar Vermelho, QUADRA 12 - LOTE 01 - Intermares, Cabedelo - PB, 58102-120;4.8;353;ChIJCTY1v6rfrAcRD3ZYZu4I32E;https://www.google.com/maps/place/?q=place_id:ChIJCTY1v6rfrAcRD3ZYZu4I32E;hamburgueria Cabedelo PB;Jacare;@-6.9987,-34.8411,15z;duplicate_in_run
duplicate_in_run;D'gust Lanchonete;Hamburgueria;R. Benedito Soares da Silva, 76 - Vila Sao Joao, Cabedelo - PB, 58310-000;5;2;ChIJfRXKQQAhrQcRJlUtVsFl2Nw;https://www.google.com/maps/place/?q=place_id:ChIJfRXKQQAhrQcRJlUtVsFl2Nw;hamburgueria Cabedelo PB;Jacare;@-6.9987,-34.8411,15z;duplicate_in_run
accepted;Alfa;Hamburgueria;R. Dr. Lima Neto, 2008 - Lot. Nazareth, Cabedelo - PB, 58310-000;;;ChIJdXDpCwDfrAcRdATvNzRIN98;https://www.google.com/maps/place/?q=place_id:ChIJdXDpCwDfrAcRdATvNzRIN98;hamburgueria Cabedelo PB;Jacare;@-6.9987,-34.8411,15z;food_scope
accepted;PAULISTA BURGER;Hamburgueria;R. Marizeiro - Portal do Poço, Cabedelo - PB, 58106-106;5;2;ChIJl51YE9DfrAcRuBF9yMwZnqg;https://www.google.com/maps/place/?q=place_id:ChIJl51YE9DfrAcRuBF9yMwZnqg;hamburgueria Cabedelo PB;Jacare;@-6.9987,-34.8411,15z;food_scope
duplicate_in_run;Seu Jerônimo;Hamburgueria;R. Virginia Maria Nogueira Gadelha Pimentel - Lot. Bela Vista, Cabedelo - PB, 58310-000;5;13;ChIJWVZmZADdrAcRKTJks1JgeWU;https://www.google.com/maps/place/?q=place_id:ChIJWVZmZADdrAcRKTJks1JgeWU;hamburgueria Cabedelo PB;Jacare;@-6.9987,-34.8411,15z;duplicate_in_run
duplicate_in_run;Zhu Burguer;Hamburgueria;Rua em frente à Cardiologica, R. Antônio Dornelas Bezerra - Centro, Cabedelo - PB, 58100-675;5;1;ChIJ5whKCqchrQcRuFEtnQwYLRE;https://www.google.com/maps/place/?q=place_id:ChIJ5whKCqchrQcRuFEtnQwYLRE;hamburgueria Cabedelo PB;Jacare;@-6.9987,-34.8411,15z;duplicate_in_run
duplicate_in_run;Rua São Miguel 159;Hamburgueria;R. São Miguel, 159 - Camalaú, Cabedelo - PB, 58103-212;;;ChIJXa-RKwDfrAcR770AHaiJcUc;https://www.google.com/maps/place/?q=place_id:ChIJXa-RKwDfrAcR770AHaiJcUc;hamburgueria Cabedelo PB;Jacare;@-6.9987,-34.8411,15z;duplicate_in_run
duplicate_in_run;Chapa Quente Lanches e Refeições;Lanchonete;R. Novo Horizonte, 37 - Jacaré, Cabedelo - PB, 58105-652;4.7;43;ChIJNYcRV8DdrAcR2mIZA8gNQHY;https://www.google.com/maps/place/?q=place_id:ChIJNYcRV8DdrAcR2mIZA8gNQHY;lanchonete Cabedelo PB;Jacare;@-6.9987,-34.8411,15z;duplicate_in_run
duplicate_in_run;Caldinho Prime Formosa;Restaurante;Av. Cassiano da Cunha Nóbrega, 555 - Vila Sao Joao, Cabedelo - PB, 58310-000;4.7;46;ChIJo3IrDQAhrQcRuau8CF_J1oc;https://www.google.com/maps/place/?q=place_id:ChIJo3IrDQAhrQcRuau8CF_J1oc;lanchonete Cabedelo PB;Jacare;@-6.9987,-34.8411,15z;duplicate_in_run
duplicate_in_run;Ilha Dourada Restaurante;Restaurante de frutos do mar;BR -230, R. José Américo de Almeida Filho, s/n - Areia Dourada, Cabedelo - PB, 58101-212;4.2;3161;ChIJ19PDcIXfrAcRzBwfL7gvIIs;https://www.google.com/maps/place/?q=place_id:ChIJ19PDcIXfrAcRzBwfL7gvIIs;lanchonete Cabedelo PB;Jacare;@-6.9987,-34.8411,15z;duplicate_in_run
duplicate_in_run;Sorveteria glacial;Sorveteria;Vila dos Estivadores, 73 - Centro, Cabedelo - PB, 58310-000;4.4;260;ChIJB9065i0hrQcRn26XWJtWITw;https://www.google.com/maps/place/?q=place_id:ChIJB9065i0hrQcRn26XWJtWITw;lanchonete Cabedelo PB;Jacare;@-6.9987,-34.8411,15z;duplicate_in_run
duplicate_in_run;Casa Di Mainha;Local para eventos;R. Prof. João Lelis de Luna Freire - Jardim Jerico, Cabedelo - PB, 58310-000;5;16;ChIJI_QFwtzfrAcR4PpGSlWFXfE;https://www.google.com/maps/place/?q=place_id:ChIJI_QFwtzfrAcR4PpGSlWFXfE;lanchonete Cabedelo PB;Jacare;@-6.9987,-34.8411,15z;duplicate_in_run
duplicate_in_run;Na brasa hambúrgueria;Lanchonete;Av. Pastor José Alves de Oliveira, 511 - Centro, Cabedelo - PB, 58100-222;4.5;15;ChIJS0Cl_7khrQcRXHqZzABLeRg;https://www.google.com/maps/place/?q=place_id:ChIJS0Cl_7khrQcRXHqZzABLeRg;lanchonete Cabedelo PB;Jacare;@-6.9987,-34.8411,15z;duplicate_in_run
duplicate_in_run;Nena Doceria & Salgaderia;Lanchonete;R. Juarez Távora, 227 - Vila Sao Joao, Cabedelo - PB, 58310-000;4.2;29;ChIJF2RM-nYgrQcRFJgSI5uoeXM;https://www.google.com/maps/place/?q=place_id:ChIJF2RM-nYgrQcRFJgSI5uoeXM;lanchonete Cabedelo PB;Jacare;@-6.9987,-34.8411,15z;duplicate_in_run
duplicate_in_run;Porto do açaí;Lanchonete;R. Cleto Campêlo, 623 - Camalaú, Cabedelo - PB, 58310-000;5;1;ChIJL9uhhKMhrQcRNgJ6D5n7bws;https://www.google.com/maps/place/?q=place_id:ChIJL9uhhKMhrQcRNgJ6D5n7bws;lanchonete Cabedelo PB;Jacare;@-6.9987,-34.8411,15z;duplicate_in_run
duplicate_in_run;Vanda da coxinha cabedelo PB;Lanchonete;Av. São Sebastião, 227 - Camalaú, Cabedelo - PB, 58103-102;4.8;4;ChIJx9kJcqffrAcR_1kyZ6ncqRQ;https://www.google.com/maps/place/?q=place_id:ChIJx9kJcqffrAcR_1kyZ6ncqRQ;lanchonete Cabedelo PB;Jacare;@-6.9987,-34.8411,15z;duplicate_in_run
duplicate_in_run;PARCEIRO Rosa Lanches;Lanchonete;R. Ten. Antônio Pontes, 139 - Ponta de Matos, Cabedelo - PB, 58100-645;4.5;120;ChIJKfbziSchrQcRUM5eTvB19FU;https://www.google.com/maps/place/?q=place_id:ChIJKfbziSchrQcRUM5eTvB19FU;lanchonete Cabedelo PB;Jacare;@-6.9987,-34.8411,15z;duplicate_in_run
accepted;ML Açaíteria;Lanchonete;R. José Lins do Rêgo, 88 - Recanto do Poço, Cabedelo - PB, 58105-057;3;2;ChIJaQy6YszfrAcRGJ_Jii6k9bA;https://www.google.com/maps/place/?q=place_id:ChIJaQy6YszfrAcRGJ_Jii6k9bA;lanchonete Cabedelo PB;Jacare;@-6.9987,-34.8411,15z;food_scope
duplicate_in_run;Gigante Do Mar Beach;Restaurante de frutos do mar;Av. Max Zagel, 450 - Camboinha, Cabedelo - PB, 58033-455;4.2;3378;ChIJ47lgZ6TfrAcR21h_sELDBwk;https://www.google.com/maps/place/?q=place_id:ChIJ47lgZ6TfrAcR21h_sELDBwk;lanchonete Cabedelo PB;Jacare;@-6.9987,-34.8411,15z;duplicate_in_run
duplicate_in_run;CTG Saudade Da Querência;Restaurante;R. João Santos Coelho Filho, 125 - Lot. Praia Grande, Cabedelo - PB, 58310-000;4.6;293;ChIJv8vnDLPfrAcR2d01H7Lb744;https://www.google.com/maps/place/?q=place_id:ChIJv8vnDLPfrAcR2d01H7Lb744;lanchonete Cabedelo PB;Jacare;@-6.9987,-34.8411,15z;duplicate_in_run
duplicate_in_run;Restaurante Pôr do Sol;Restaurante;R. Pres. João Pessoa, 1 - Vila Sao Joao, Cabedelo - PB, 58310-000;4.6;105;ChIJb69icnQgrQcRc9_nUnm-luI;https://www.google.com/maps/place/?q=place_id:ChIJb69icnQgrQcRc9_nUnm-luI;lanchonete Cabedelo PB;Jacare;@-6.9987,-34.8411,15z;duplicate_in_run
duplicate_in_run;Marcos Lanches;Restaurante;Vila Sao Joao, Cabedelo - PB, 58310-000;4.3;4;ChIJhX1SLHcgrQcR9zZlpaN0kZw;https://www.google.com/maps/place/?q=place_id:ChIJhX1SLHcgrQcR9zZlpaN0kZw;lanchonete Cabedelo PB;Jacare;@-6.9987,-34.8411,15z;duplicate_in_run
duplicate_in_run;D'gust Lanchonete;Hamburgueria;R. Benedito Soares da Silva, 76 - Vila Sao Joao, Cabedelo - PB, 58310-000;5;2;ChIJfRXKQQAhrQcRJlUtVsFl2Nw;https://www.google.com/maps/place/?q=place_id:ChIJfRXKQQAhrQcRJlUtVsFl2Nw;lanchonete Cabedelo PB;Jacare;@-6.9987,-34.8411,15z;duplicate_in_run
duplicate_in_run;Lovina Ponta de Campina | Bar | Restaurante em Cabedelo;Restaurante;R. Vitorino Cardoso, 908 - Ponta de Campina, Cabedelo - PB, 58101-510;4.4;10742;ChIJdbKCxUTerAcRNmBt0eRrdX8;https://www.google.com/maps/place/?q=place_id:ChIJdbKCxUTerAcRNmBt0eRrdX8;lanchonete Cabedelo PB;Jacare;@-6.9987,-34.8411,15z;duplicate_in_run
duplicate_in_run;Cantinho Bom;Sorveteria;R. Santa Rita de Cássia, 42 - Jardim Camboinha, Cabedelo - PB, 58103-772;5;1;ChIJm1gILLjfrAcRJzUZHE7JAuI;https://www.google.com/maps/place/?q=place_id:ChIJm1gILLjfrAcRJzUZHE7JAuI;lanchonete Cabedelo PB;Jacare;@-6.9987,-34.8411,15z;duplicate_in_run
duplicate_in_run;Manguinhos Burguer;Hamburgueria;R. Débora Borges Xavier, 29 - Vila Sao Joao, Cabedelo - PB, 58103-405;5;1;ChIJ7714LT_frAcROZGgCaHyb1A;https://www.google.com/maps/place/?q=place_id:ChIJ7714LT_frAcROZGgCaHyb1A;lanchonete Cabedelo PB;Jacare;@-6.9987,-34.8411,15z;duplicate_in_run
duplicate_in_run;Caldeirão Nordestino - Caldinho e Nhoques Cabedelo;Barraca de comida;Areia Dourada, Cabedelo - PB, 58101-212;4.8;31;ChIJKa4SjtDfrAcRbfre1lQqXmM;https://www.google.com/maps/place/?q=place_id:ChIJKa4SjtDfrAcRbfre1lQqXmM;lanchonete Cabedelo PB;Jacare;@-6.9987,-34.8411,15z;duplicate_in_run
duplicate_in_run;Espaço Do Sushi;Restaurante;R. Juarez Távora - Camalaú, Cabedelo - PB, 58310-000;4.2;33;ChIJLZuM-3YgrQcRxc7_zhcQ3Y0;https://www.google.com/maps/place/?q=place_id:ChIJLZuM-3YgrQcRxc7_zhcQ3Y0;sushi Cabedelo PB;Jacare;@-6.9987,-34.8411,15z;duplicate_in_run
duplicate_in_run;Sakê Temakeria Ponta de Campina, Cabedelo;Restaurante japonês;Av. Oceano Atlântico, 1592 - Sl 16 E 17 - Ponta de Campina, Cabedelo - PB, 58310-000;4.7;261;ChIJ2Xj63j_drAcRrllAg3GcmOU;https://www.google.com/maps/place/?q=place_id:ChIJ2Xj63j_drAcRrllAg3GcmOU;sushi Cabedelo PB;Jacare;@-6.9987,-34.8411,15z;duplicate_in_run
duplicate_in_run;Viciados em Sushi;Restaurante japonês;R. Pedro Aleixo Moura, 34 - Centro, Cabedelo - PB, 58100-210;4.4;193;ChIJ_c5MVHEgrQcRB4CuNV0soio;https://www.google.com/maps/place/?q=place_id:ChIJ_c5MVHEgrQcRB4CuNV0soio;sushi Cabedelo PB;Jacare;@-6.9987,-34.8411,15z;duplicate_in_run
duplicate_in_run;Sushiyaki Restaurante;Restaurante japonês;R. Ten. Antônio Pontes, 381 - Ponta de Matos, Cabedelo - PB, 58100-645;4.7;10;ChIJoZsj3b7frAcRjoZUr5Cg7Uw;https://www.google.com/maps/place/?q=place_id:ChIJoZsj3b7frAcRjoZUr5Cg7Uw;sushi Cabedelo PB;Jacare;@-6.9987,-34.8411,15z;duplicate_in_run
duplicate_in_run;A Casa do Temakinho;Restaurante;Av. Mar da Irlanda, 222 - Intermares, Cabedelo - PB, 58310-000;4.9;150;ChIJK77pAsvfrAcRDJoNP1VhTVo;https://www.google.com/maps/place/?q=place_id:ChIJK77pAsvfrAcRDJoNP1VhTVo;sushi Cabedelo PB;Jacare;@-6.9987,-34.8411,15z;duplicate_in_run
duplicate_in_run;Pipa Sushi & Temakeria;Restaurante de sushi;Av. Mar das Antilhas - Intermares, Cabedelo - PB, 58310-000;4.3;292;ChIJm1Mywg3erAcRAs4OIMpvJqk;https://www.google.com/maps/place/?q=place_id:ChIJm1Mywg3erAcRAs4OIMpvJqk;sushi Cabedelo PB;Jacare;@-6.9987,-34.8411,15z;duplicate_in_run
rejected;Novo Oriente Intermares;Restaurante de sushi;Av. Mar Vermelho, 35 - Intermares, Cabedelo - PB, 58102-120;4.2;1378;ChIJN9JFAA7erAcR7c6fN6tma_g;https://www.google.com/maps/place/?q=place_id:ChIJN9JFAA7erAcR7c6fN6tma_g;sushi Cabedelo PB;Jacare;@-6.9987,-34.8411,15z;excluded_category_or_name
duplicate_in_run;Porto do açaí;Lanchonete;R. Cleto Campêlo, 623 - Camalaú, Cabedelo - PB, 58310-000;5;1;ChIJL9uhhKMhrQcRNgJ6D5n7bws;https://www.google.com/maps/place/?q=place_id:ChIJL9uhhKMhrQcRNgJ6D5n7bws;acai Cabedelo PB;Jacare;@-6.9987,-34.8411,15z;duplicate_in_run
duplicate_in_run;Sorveteria glacial;Sorveteria;Vila dos Estivadores, 73 - Centro, Cabedelo - PB, 58310-000;4.4;260;ChIJB9065i0hrQcRn26XWJtWITw;https://www.google.com/maps/place/?q=place_id:ChIJB9065i0hrQcRn26XWJtWITw;acai Cabedelo PB;Jacare;@-6.9987,-34.8411,15z;duplicate_in_run
duplicate_in_run;Cantinho do açaí;Sorveteria;R. Vinicius de Morais - Recanto do Poço, Cabedelo - PB, 58105-062;5;1;ChIJP8nYbA7frAcRFz-W3qWECKs;https://www.google.com/maps/place/?q=place_id:ChIJP8nYbA7frAcRFz-W3qWECKs;acai Cabedelo PB;Jacare;@-6.9987,-34.8411,15z;duplicate_in_run
duplicate_in_run;Acai;Loja de açaí;Av. Imbiridiba, 74 - Lot. Oceania VI, Cabedelo - PB, 58310-000;5;3;ChIJHS4nywrfrAcRf1rB7H0L_Mw;https://www.google.com/maps/place/?q=place_id:ChIJHS4nywrfrAcRf1rB7H0L_Mw;acai Cabedelo PB;Jacare;@-6.9987,-34.8411,15z;duplicate_in_run
duplicate_in_run;Queens do Açaí;Loja de açaí;R. Cleto Campêlo, 832 - Camalaú, Cabedelo - PB, 58103-242;;;ChIJN3qzZx3frAcRGdsGytgR2To;https://www.google.com/maps/place/?q=place_id:ChIJN3qzZx3frAcRGdsGytgR2To;acai Cabedelo PB;Jacare;@-6.9987,-34.8411,15z;duplicate_in_run
duplicate_in_run;Cantinho Bom;Sorveteria;R. Santa Rita de Cássia, 42 - Jardim Camboinha, Cabedelo - PB, 58103-772;5;1;ChIJm1gILLjfrAcRJzUZHE7JAuI;https://www.google.com/maps/place/?q=place_id:ChIJm1gILLjfrAcRJzUZHE7JAuI;acai Cabedelo PB;Jacare;@-6.9987,-34.8411,15z;duplicate_in_run
rejected;Assaí Atacadista - Estrada de Cabedelo;Atacadista;BR-230, 14 , Km 13.5, Lot. Morada Nova, Cabedelo - PB, 58033-455;4.4;581;ChIJpXuq7TTfrAcRpJL6pMYJrCA;https://www.google.com/maps/place/?q=place_id:ChIJpXuq7TTfrAcRpJL6pMYJrCA;acai Cabedelo PB;Jacare;@-6.9987,-34.8411,15z;not_clearly_food_establishment
duplicate_in_run;Sorveteria Frutos de Goiás - Cabedelo;Sorveteria;R. Sólon de Lucena, 30B - Centro, Cabedelo - PB, 58100-570;4.9;40;ChIJpR3-bsYhrQcRFzba--9mhwU;https://www.google.com/maps/place/?q=place_id:ChIJpR3-bsYhrQcRFzba--9mhwU;acai Cabedelo PB;Jacare;@-6.9987,-34.8411,15z;duplicate_in_run
duplicate_in_run;Açaí Jacaré Beach;Sorveteria;R. Clodoaldo Gouveia, 214 - Praia Do Jacare, Cabedelo - PB, 58101-323;4.8;12;ChIJyzANbADfrAcRmNSHSU6nRlI;https://www.google.com/maps/place/?q=place_id:ChIJyzANbADfrAcRmNSHSU6nRlI;acai Cabedelo PB;Jacare;@-6.9987,-34.8411,15z;duplicate_in_run
duplicate_in_run;Açaí da Cris;Lanchonete;Tv. Primo José Viana - Vila Sao Joao, Cabedelo - PB, 58310-000;4.7;211;ChIJcQUFI2wgrQcRG22L9whpk4I;https://www.google.com/maps/place/?q=place_id:ChIJcQUFI2wgrQcRG22L9whpk4I;acai Cabedelo PB;Jacare;@-6.9987,-34.8411,15z;duplicate_in_run
duplicate_in_run;Sorv&cia;Sorveteria;Av. São Sebastião, 227 - Camalaú, Cabedelo - PB, 58103-102;5;2;ChIJj-20f9TfrAcR4ay0mIYQNqA;https://www.google.com/maps/place/?q=place_id:ChIJj-20f9TfrAcR4ay0mIYQNqA;acai Cabedelo PB;Jacare;@-6.9987,-34.8411,15z;duplicate_in_run
duplicate_in_run;South Beach | Açaí, Sorveteria e Cremes;Sorveteria;Av. Oceano Atlântico, 870 - Intermares, Cabedelo - PB;4.9;43;ChIJ0RcoMQDfrAcRpLtM3_RE4bo;https://www.google.com/maps/place/?q=place_id:ChIJ0RcoMQDfrAcRpLtM3_RE4bo;acai Cabedelo PB;Jacare;@-6.9987,-34.8411,15z;duplicate_in_run
duplicate_in_run;Praçaí - Intermares;Lanchonete;Av. Oceano Pacífico, s/n - Intermares, Cabedelo - PB, 58310-000;4.5;238;ChIJ1cAVK23erAcRCUpJ50T3ULs;https://www.google.com/maps/place/?q=place_id:ChIJ1cAVK23erAcRCUpJ50T3ULs;acai Cabedelo PB;Jacare;@-6.9987,-34.8411,15z;duplicate_in_run
duplicate_in_run;Açaí da Hill Point;Loja de açaí;Trailer, Rua Mar das Antilhas, Praça Durval Portela - Intermares, Cabedelo - PB, 58102-000;4.6;9;ChIJp648VSbfrAcR46pzEDHTJBo;https://www.google.com/maps/place/?q=place_id:ChIJp648VSbfrAcR46pzEDHTJBo;acai Cabedelo PB;Jacare;@-6.9987,-34.8411,15z;duplicate_in_run
accepted;Praça do açaí de Intermares;Playground;1548, Av. Oceano Atlântico, 1164 - Intermares, Cabedelo - PB, 58310-000;4.5;176;ChIJ-60_Km3erAcRRKoxlE8MUyc;https://www.google.com/maps/place/?q=place_id:ChIJ-60_Km3erAcRRKoxlE8MUyc;acai Cabedelo PB;Jacare;@-6.9987,-34.8411,15z;food_scope
duplicate_in_run;Coffee Cake Açaiteria;Lanchonete;Av. Oceano Atlântico, 422 - Sala, 04 - Intermares, Cabedelo - PB, 58102-252;4.7;24;ChIJJVjoiEDfrAcRFTg4AQg1nHw;https://www.google.com/maps/place/?q=place_id:ChIJJVjoiEDfrAcRFTg4AQg1nHw;acai Cabedelo PB;Jacare;@-6.9987,-34.8411,15z;duplicate_in_run
duplicate_in_run;cabe 1one açaí;Sorveteria;Praça Venâncio Neiva, 11 - Lj 01 - Centro, Cabedelo - PB, 58100-246;;;ChIJA6AGRi0hrQcROMmi6RuzaLY;https://www.google.com/maps/place/?q=place_id:ChIJA6AGRi0hrQcROMmi6RuzaLY;acai Cabedelo PB;Jacare;@-6.9987,-34.8411,15z;duplicate_in_run
duplicate_in_run;Therê Açaí e Sorvete;Sorveteria;R. Duque de Caxias, 489 - Centro, Cabedelo - PB, 58100-263;;;ChIJbQMVIgAhrQcRuLJQgojPJ7g;https://www.google.com/maps/place/?q=place_id:ChIJbQMVIgAhrQcRuLJQgojPJ7g;acai Cabedelo PB;Jacare;@-6.9987,-34.8411,15z;duplicate_in_run
rejected;Praia do Poço;Atração turística;R. Carolino Cardoso, 15 - Lot. Vitorino Cardoso, Cabedelo - PB, 58310-000;4.7;1240;ChIJ9amGBdbfrAcRs9ZA5_5_Y5U;https://www.google.com/maps/place/?q=place_id:ChIJ9amGBdbfrAcRs9ZA5_5_Y5U;acai Cabedelo PB;Jacare;@-6.9987,-34.8411,15z;not_clearly_food_establishment
accepted;Açaí Araxá;Lanchonete;Av. Oceano Atlântico, 107 - Lot. Bela Vista, Cabedelo - PB, 58310-000;4.6;55;ChIJm_QnCOffrAcRyXaMtmUtLZk;https://www.google.com/maps/place/?q=place_id:ChIJm_QnCOffrAcRyXaMtmUtLZk;acai Cabedelo PB;Jacare;@-6.9987,-34.8411,15z;food_scope
duplicate_in_run;Café Cabedelo;Cafeteria;R. Aurélio Guedes Cavalcante - Camboinha, Cabedelo - PB, 58310-000;;;ChIJ52g2ao3frAcRyzat6fBKJA4;https://www.google.com/maps/place/?q=place_id:ChIJ52g2ao3frAcRyzat6fBKJA4;cafeteria Cabedelo PB;Jacare;@-6.9987,-34.8411,15z;duplicate_in_run
duplicate_in_run;Tia Graça Cafeteria e Doceria;Cafeteria;R. Golfo da China, 326 - Intermares, Cabedelo - PB, 58310-000;4.5;67;ChIJV8XbnLXfrAcRTzFbB-0OVFg;https://www.google.com/maps/place/?q=place_id:ChIJV8XbnLXfrAcRTzFbB-0OVFg;cafeteria Cabedelo PB;Jacare;@-6.9987,-34.8411,15z;duplicate_in_run
rejected;Tia Graça Doces E Salgados;Doceria;R. Pedro Aleixo Moura, 26 - Vila Sao Joao, Cabedelo - PB, 58310-000;4.6;414;ChIJazVfCHEgrQcRref-q7f7tNA;https://www.google.com/maps/place/?q=place_id:ChIJazVfCHEgrQcRref-q7f7tNA;cafeteria Cabedelo PB;Jacare;@-6.9987,-34.8411,15z;not_clearly_food_establishment
duplicate_in_run;Café cultural;Cafeteria;R. Augusto José Couto de Faria - Jardim Camboinha, Cabedelo - PB, 58103-684;;;ChIJLaRmKgDfrAcRtmvfIXT7Ibs;https://www.google.com/maps/place/?q=place_id:ChIJLaRmKgDfrAcRtmvfIXT7Ibs;cafeteria Cabedelo PB;Jacare;@-6.9987,-34.8411,15z;duplicate_in_run
duplicate_in_run;Porto do Café;Cafeteria;Praça Getúlio Vargas, 68 - Centro, Cabedelo - PB, 58100-261;4.7;6;ChIJi8fyTQAhrQcRylnBp6lzXXs;https://www.google.com/maps/place/?q=place_id:ChIJi8fyTQAhrQcRylnBp6lzXXs;cafeteria Cabedelo PB;Jacare;@-6.9987,-34.8411,15z;duplicate_in_run
duplicate_in_run;Caldinho Prime Formosa;Restaurante;Av. Cassiano da Cunha Nóbrega, 555 - Vila Sao Joao, Cabedelo - PB, 58310-000;4.7;46;ChIJo3IrDQAhrQcRuau8CF_J1oc;https://www.google.com/maps/place/?q=place_id:ChIJo3IrDQAhrQcRuau8CF_J1oc;cafeteria Cabedelo PB;Jacare;@-6.9987,-34.8411,15z;duplicate_in_run
duplicate_in_run;Sax Café - Por do Sol da Praia do Jacaré Cabedelo/PB;Restaurante;Pôr do Sol, R. Praia do Jacaré, Cabedelo - PB, 58310-000;4.5;102;ChIJ42uw2z3frAcRpvqGhKXp_LM;https://www.google.com/maps/place/?q=place_id:ChIJ42uw2z3frAcRpvqGhKXp_LM;cafeteria Cabedelo PB;Jacare;@-6.9987,-34.8411,15z;duplicate_in_run
duplicate_in_run;JL Bolos;Cafeteria;R. Rio Paraíba, 55 - Jardim Camboinha, Cabedelo - PB, 58310-000;4.8;5;ChIJzWCQCwDfrAcRxsNeWdpCqWA;https://www.google.com/maps/place/?q=place_id:ChIJzWCQCwDfrAcRxsNeWdpCqWA;cafeteria Cabedelo PB;Jacare;@-6.9987,-34.8411,15z;duplicate_in_run
duplicate_in_run;Coffee Cake Açaiteria;Lanchonete;Av. Oceano Atlântico, 422 - Sala, 04 - Intermares, Cabedelo - PB, 58102-252;4.7;24;ChIJJVjoiEDfrAcRFTg4AQg1nHw;https://www.google.com/maps/place/?q=place_id:ChIJJVjoiEDfrAcRFTg4AQg1nHw;cafeteria Cabedelo PB;Jacare;@-6.9987,-34.8411,15z;duplicate_in_run
rejected;Verano Praia Bar;Bar;Av. Pastor José Alves de Oliveira, 848 - Areia Dourada, Cabedelo - PB, 58101-205;4.4;324;ChIJh0FVTwvfrAcRloIZE5Iit7w;https://www.google.com/maps/place/?q=place_id:ChIJh0FVTwvfrAcRloIZE5Iit7w;cafeteria Cabedelo PB;Jacare;@-6.9987,-34.8411,15z;not_clearly_food_establishment
duplicate_in_run;Messe Cafeteria;Cafeteria;R. Praia do Jacaré - Intermares, Cabedelo - PB, 58310-000;5;2;ChIJi1DNHwDfrAcRKRUXOkoukjQ;https://www.google.com/maps/place/?q=place_id:ChIJi1DNHwDfrAcRKRUXOkoukjQ;cafeteria Cabedelo PB;Jacare;@-6.9987,-34.8411,15z;duplicate_in_run
accepted;Fatia do Céu;Cafeteria;R. Porto Marseille, 7 - Recanto do Poço, Cabedelo - PB, 58105-431;;;ChIJhSNbCwDfrAcRw0RK4wV6OVo;https://www.google.com/maps/place/?q=place_id:ChIJhSNbCwDfrAcRw0RK4wV6OVo;cafeteria Cabedelo PB;Jacare;@-6.9987,-34.8411,15z;food_scope
rejected;Padaria Pandine;Padaria;Av. Mar Vermelho, 357 - Intermares, Cabedelo - PB, 58102-120;4.4;1096;ChIJP6gJ7w3erAcREADxKhazvuY;https://www.google.com/maps/place/?q=place_id:ChIJP6gJ7w3erAcREADxKhazvuY;cafeteria Cabedelo PB;Jacare;@-6.9987,-34.8411,15z;excluded_category_or_name
rejected;Paula Cakes;Doceria;Rua Rio Botafogo - Portal do Poço, Cabedelo - PB, 58106-136;5;9;ChIJyQ2DAuLfrAcRcVq6aOH3IMA;https://www.google.com/maps/place/?q=place_id:ChIJyQ2DAuLfrAcRcVq6aOH3IMA;cafeteria Cabedelo PB;Jacare;@-6.9987,-34.8411,15z;not_clearly_food_establishment
duplicate_in_run;Chié artesanato e comedoria;Café;R. Praia do Jacaré - Intermares, Cabedelo - PB, 58310-000;4;40;ChIJTwa4MA_frAcR4t0Vizs3ozY;https://www.google.com/maps/place/?q=place_id:ChIJTwa4MA_frAcR4t0Vizs3ozY;cafeteria Cabedelo PB;Jacare;@-6.9987,-34.8411,15z;duplicate_in_run
accepted;Rainha da tapioca;Cafeteria;R. Milton Macedo da Cruz - Lot. Oceania, Cabedelo - PB, 58105-565;;;ChIJ93ysPw3frAcRBYFSISTdBS4;https://www.google.com/maps/place/?q=place_id:ChIJ93ysPw3frAcRBYFSISTdBS4;cafeteria Cabedelo PB;Jacare;@-6.9987,-34.8411,15z;food_scope
accepted;Juci;Cafeteria;R. Golfo de Cadis, 470 - Intermares, Cabedelo - PB, 58310-000;1;1;ChIJo7CaIwDfrAcRImsAHe1osU4;https://www.google.com/maps/place/?q=place_id:ChIJo7CaIwDfrAcRImsAHe1osU4;cafeteria Cabedelo PB;Jacare;@-6.9987,-34.8411,15z;food_scope
rejected;DM Caffe;Cafeteria;Av. Gov. Argemiro de Figueiredo, 3197a - Jardim Oceania, João Pessoa - PB, 58037-030;4.8;247;ChIJRVlJzNnDrAcRa808gqR2TmU;https://www.google.com/maps/place/?q=place_id:ChIJRVlJzNnDrAcRa808gqR2TmU;cafeteria Cabedelo PB;Jacare;@-6.9987,-34.8411,15z;excluded_category_or_name
duplicate_in_run;Medellín Café(São Braz Expresso);Cafeteria;Estrada de Cabedelo, KM13,5, R. Praia do Bessa, João Pessoa - PB, 58037-325;3.4;41;ChIJmYckIO3drAcRHY1JjnbhsP0;https://www.google.com/maps/place/?q=place_id:ChIJmYckIO3drAcRHY1JjnbhsP0;cafeteria Cabedelo PB;Jacare;@-6.9987,-34.8411,15z;duplicate_in_run
rejected;Herbalife Intermares Cabedelo.;Casa de chá;Av. Oceano Atlântico, 328 - Sl 06 - Intermares, Cabedelo - PB, 58102-252;5;19;ChIJe0vpX2verAcRw7t0W-KuzRA;https://www.google.com/maps/place/?q=place_id:ChIJe0vpX2verAcRw7t0W-KuzRA;cafeteria Cabedelo PB;Jacare;@-6.9987,-34.8411,15z;not_clearly_food_establishment
duplicate_in_run;Restaurante Pôr do Sol;Restaurante;R. Pres. João Pessoa, 1 - Vila Sao Joao, Cabedelo - PB, 58310-000;4.6;105;ChIJb69icnQgrQcRc9_nUnm-luI;https://www.google.com/maps/place/?q=place_id:ChIJb69icnQgrQcRc9_nUnm-luI;bar restaurante Cabedelo PB;Jacare;@-6.9987,-34.8411,15z;duplicate_in_run
duplicate_in_run;Caldinho Prime Formosa;Restaurante;Av. Cassiano da Cunha Nóbrega, 555 - Vila Sao Joao, Cabedelo - PB, 58310-000;4.7;46;ChIJo3IrDQAhrQcRuau8CF_J1oc;https://www.google.com/maps/place/?q=place_id:ChIJo3IrDQAhrQcRuau8CF_J1oc;bar restaurante Cabedelo PB;Jacare;@-6.9987,-34.8411,15z;duplicate_in_run
duplicate_in_run;Lovina Ponta de Campina | Bar | Restaurante em Cabedelo;Restaurante;R. Vitorino Cardoso, 908 - Ponta de Campina, Cabedelo - PB, 58101-510;4.4;10742;ChIJdbKCxUTerAcRNmBt0eRrdX8;https://www.google.com/maps/place/?q=place_id:ChIJdbKCxUTerAcRNmBt0eRrdX8;bar restaurante Cabedelo PB;Jacare;@-6.9987,-34.8411,15z;duplicate_in_run
rejected;Verano Praia Bar;Bar;Av. Pastor José Alves de Oliveira, 848 - Areia Dourada, Cabedelo - PB, 58101-205;4.4;324;ChIJh0FVTwvfrAcRloIZE5Iit7w;https://www.google.com/maps/place/?q=place_id:ChIJh0FVTwvfrAcRloIZE5Iit7w;bar restaurante Cabedelo PB;Jacare;@-6.9987,-34.8411,15z;not_clearly_food_establishment
duplicate_in_run;Ilha Dourada Restaurante;Restaurante de frutos do mar;BR -230, R. José Américo de Almeida Filho, s/n - Areia Dourada, Cabedelo - PB, 58101-212;4.2;3161;ChIJ19PDcIXfrAcRzBwfL7gvIIs;https://www.google.com/maps/place/?q=place_id:ChIJ19PDcIXfrAcRzBwfL7gvIIs;bar restaurante Cabedelo PB;Jacare;@-6.9987,-34.8411,15z;duplicate_in_run
duplicate_in_run;Kubanacan Bar e Restaurante;Restaurante;R. Julieta Viana, 103 - Camboinha, Cabedelo - PB, 58101-375;4.8;108;ChIJJZe3-g3frAcRPD9qTI1nWYM;https://www.google.com/maps/place/?q=place_id:ChIJJZe3-g3frAcRPD9qTI1nWYM;bar restaurante Cabedelo PB;Jacare;@-6.9987,-34.8411,15z;duplicate_in_run
rejected;Badionaldo;Bar;R. Vitorino Cardoso, 780 - Lot. Vitorino Cardoso, Cabedelo - PB, 58101-510;3.7;111;ChIJLV_DEEPfrAcRnoTIdvp3Ch0;https://www.google.com/maps/place/?q=place_id:ChIJLV_DEEPfrAcRnoTIdvp3Ch0;bar restaurante Cabedelo PB;Jacare;@-6.9987,-34.8411,15z;not_clearly_food_establishment
duplicate_in_run;Skama Bar e Restaurante;Restaurante;Av. Cassiano da Cunha Nóbrega, 18 - Ponta de Matos, Cabedelo - PB, 58100-965;4.2;397;ChIJl-GtFGkgrQcROqBgkhHbHuA;https://www.google.com/maps/place/?q=place_id:ChIJl-GtFGkgrQcROqBgkhHbHuA;bar restaurante Cabedelo PB;Jacare;@-6.9987,-34.8411,15z;duplicate_in_run
rejected;Neuza Praia Bar;Bar;R. Maria Fernandes Viana - Jardim Jerico, Cabedelo - PB, 58310-000;4.3;39;ChIJASN62qDfrAcRT8pxH8OO2lQ;https://www.google.com/maps/place/?q=place_id:ChIJASN62qDfrAcRT8pxH8OO2lQ;bar restaurante Cabedelo PB;Jacare;@-6.9987,-34.8411,15z;not_clearly_food_establishment
duplicate_in_run;Cibelly Bar & Restaurante;Bar e restaurante de ostras;Rua Luna Pedrosa, 1260 - Poço, Cabedelo - PB, 58101-574;4.1;4295;ChIJ63V170_erAcRZ2vvWZseSgE;https://www.google.com/maps/place/?q=place_id:ChIJ63V170_erAcRZ2vvWZseSgE;bar restaurante Cabedelo PB;Jacare;@-6.9987,-34.8411,15z;duplicate_in_run
duplicate_in_run;Bar das Meninas Restaurante;Restaurante de frutos do mar;R. Des. Onaldo N Montenegro, 368 - Vila Sao Joao, Cabedelo - PB, 58109-342;4.2;3174;ChIJodwqQ2kgrQcR4ABUUI60O8Y;https://www.google.com/maps/place/?q=place_id:ChIJodwqQ2kgrQcR4ABUUI60O8Y;bar restaurante Cabedelo PB;Jacare;@-6.9987,-34.8411,15z;duplicate_in_run
duplicate_in_run;Caiçara Bar e Restaurante;Restaurante;Praia de, Rua Cassiano, Av. Cassiano da Cunha Nóbrega - Ponta de Matos, Cabedelo - PB, 58100-695;4.7;39;ChIJ6UAYvCohrQcRzW-CciJ0DB0;https://www.google.com/maps/place/?q=place_id:ChIJ6UAYvCohrQcRzW-CciJ0DB0;bar restaurante Cabedelo PB;Jacare;@-6.9987,-34.8411,15z;duplicate_in_run
rejected;Rallo's Bar;Bar;R. Leonor Viana de Souza Carvalho, 717 - Lot. Nazareth, Cabedelo - PB, 58310-000;4.5;151;ChIJBwzWfE3erAcR6TzRvhVrh9k;https://www.google.com/maps/place/?q=place_id:ChIJBwzWfE3erAcR6TzRvhVrh9k;bar restaurante Cabedelo PB;Jacare;@-6.9987,-34.8411,15z;not_clearly_food_establishment
duplicate_in_run;Gigante Do Mar Beach;Restaurante de frutos do mar;Av. Max Zagel, 450 - Camboinha, Cabedelo - PB, 58033-455;4.2;3378;ChIJ47lgZ6TfrAcR21h_sELDBwk;https://www.google.com/maps/place/?q=place_id:ChIJ47lgZ6TfrAcR21h_sELDBwk;bar restaurante Cabedelo PB;Jacare;@-6.9987,-34.8411,15z;duplicate_in_run
rejected;TreeHouse Bar Lounge - Por do sol João Pessoa;Bar;R. Pôr do Sol, s/n, Cabedelo - PB, 58310-000;4.5;1125;ChIJ33JsoxverAcRwnzfHW9fJTI;https://www.google.com/maps/place/?q=place_id:ChIJ33JsoxverAcRwnzfHW9fJTI;bar restaurante Cabedelo PB;Jacare;@-6.9987,-34.8411,15z;excluded_category_or_name
rejected;Bar Sol de Verão;Bar;R. João Henrique de Miranda, 401 - Camboinha, Cabedelo - PB, 58310-000;4.2;75;ChIJnVIRsq_frAcR_6-FikFOahs;https://www.google.com/maps/place/?q=place_id:ChIJnVIRsq_frAcR_6-FikFOahs;bar restaurante Cabedelo PB;Jacare;@-6.9987,-34.8411,15z;not_clearly_food_establishment
duplicate_in_run;Sport Marina;Restaurante de frutos do mar;Av. Pastor José Alves de Oliveira, 848 - Areia Dourada, Cabedelo - PB, 58101-232;4.5;503;ChIJpSulOXggrQcR1X8-11zV034;https://www.google.com/maps/place/?q=place_id:ChIJpSulOXggrQcR1X8-11zV034;bar restaurante Cabedelo PB;Jacare;@-6.9987,-34.8411,15z;duplicate_in_run
accepted;Mão Branca bar e resturante;Restaurante de frutos do mar;Rua Luna Pedrosa, R. Vitorino Cardoso, 36, Cabedelo - PB, 58101-574;4.1;28;ChIJrTuuvqffrAcRlkCExl3ppsU;https://www.google.com/maps/place/?q=place_id:ChIJrTuuvqffrAcRlkCExl3ppsU;bar restaurante Cabedelo PB;Jacare;@-6.9987,-34.8411,15z;food_scope
duplicate_in_run;Residência do Mário;Restaurante;R. Cleto Campêlo, 889 - Camalaú, Cabedelo - PB, 58103-242;4.7;153;ChIJJ1WRk4nfrAcRe75oQKtSH4Y;https://www.google.com/maps/place/?q=place_id:ChIJJ1WRk4nfrAcRe75oQKtSH4Y;bar restaurante Cabedelo PB;Jacare;@-6.9987,-34.8411,15z;duplicate_in_run
duplicate_in_run;Bar e Restaurante do Sumé;Restaurante de frutos do mar;Av. Oceano Atlântico, 98 - Vila Sao Joao, Cabedelo - PB, 58310-000;4.1;762;ChIJx6-fZGUgrQcR3ejC32WCAA4;https://www.google.com/maps/place/?q=place_id:ChIJx6-fZGUgrQcR3ejC32WCAA4;bar restaurante Cabedelo PB;Jacare;@-6.9987,-34.8411,15z;duplicate_in_run
duplicate_in_run;Lovina Ponta de Campina | Bar | Restaurante em Cabedelo;Restaurante;R. Vitorino Cardoso, 908 - Ponta de Campina, Cabedelo - PB, 58101-510;4.4;10742;ChIJdbKCxUTerAcRNmBt0eRrdX8;https://www.google.com/maps/place/?q=place_id:ChIJdbKCxUTerAcRNmBt0eRrdX8;restaurantes Cabedelo PB;Poco;@-7.0205,-34.8426,15z;duplicate_in_run
duplicate_in_run;Sax Café - Por do Sol da Praia do Jacaré Cabedelo/PB;Restaurante;Pôr do Sol, R. Praia do Jacaré, Cabedelo - PB, 58310-000;4.5;102;ChIJ42uw2z3frAcRpvqGhKXp_LM;https://www.google.com/maps/place/?q=place_id:ChIJ42uw2z3frAcRpvqGhKXp_LM;restaurantes Cabedelo PB;Poco;@-7.0205,-34.8426,15z;duplicate_in_run
duplicate_in_run;Ancoradouro Ponta de Campina;Restaurante;R. Henrique Siqueira, 242 - Ponta de Campina, Cabedelo - PB, 58310-000;3.9;495;ChIJZ2RoyxLfrAcRupeEWBQrnEc;https://www.google.com/maps/place/?q=place_id:ChIJZ2RoyxLfrAcRupeEWBQrnEc;restaurantes Cabedelo PB;Poco;@-7.0205,-34.8426,15z;duplicate_in_run
accepted;Restaurante Recanto do Picuí Intermares;Restaurante;R. Golfo Sidra, 72 - Intermares, Cabedelo - PB, 58310-000;4.5;1267;ChIJ7xU6NRLerAcRpPuWqjv1L7c;https://www.google.com/maps/place/?q=place_id:ChIJ7xU6NRLerAcRpPuWqjv1L7c;restaurantes Cabedelo PB;Poco;@-7.0205,-34.8426,15z;food_scope
accepted;Numar Bar e Restaurante;Bar;Av. Oceano Atlântico, 878 - Intermares, Cabedelo - PB, 58310-000;4.5;1370;ChIJ29wxE1zfrAcRAXclbUaSW8w;https://www.google.com/maps/place/?q=place_id:ChIJ29wxE1zfrAcRAXclbUaSW8w;restaurantes Cabedelo PB;Poco;@-7.0205,-34.8426,15z;food_scope
duplicate_in_run;Cibelly Bar & Restaurante;Bar e restaurante de ostras;Rua Luna Pedrosa, 1260 - Poço, Cabedelo - PB, 58101-574;4.1;4295;ChIJ63V170_erAcRZ2vvWZseSgE;https://www.google.com/maps/place/?q=place_id:ChIJ63V170_erAcRZ2vvWZseSgE;restaurantes Cabedelo PB;Poco;@-7.0205,-34.8426,15z;duplicate_in_run
accepted;Ponta De Campina;Praia;Cabedelo - PB;4.7;2439;ChIJr75kQ0PerAcRVbC2hxszRNo;https://www.google.com/maps/place/?q=place_id:ChIJr75kQ0PerAcRVbC2hxszRNo;restaurantes Cabedelo PB;Poco;@-7.0205,-34.8426,15z;food_scope
duplicate_in_run;Gigante Do Mar Beach;Restaurante de frutos do mar;Av. Max Zagel, 450 - Camboinha, Cabedelo - PB, 58033-455;4.2;3378;ChIJ47lgZ6TfrAcR21h_sELDBwk;https://www.google.com/maps/place/?q=place_id:ChIJ47lgZ6TfrAcR21h_sELDBwk;restaurantes Cabedelo PB;Poco;@-7.0205,-34.8426,15z;duplicate_in_run
duplicate_in_run;CTG Saudade Da Querência;Restaurante;R. João Santos Coelho Filho, 125 - Lot. Praia Grande, Cabedelo - PB, 58310-000;4.6;293;ChIJv8vnDLPfrAcR2d01H7Lb744;https://www.google.com/maps/place/?q=place_id:ChIJv8vnDLPfrAcR2d01H7Lb744;restaurantes Cabedelo PB;Poco;@-7.0205,-34.8426,15z;duplicate_in_run
duplicate_in_run;Sakê Temakeria Ponta de Campina, Cabedelo;Restaurante japonês;Av. Oceano Atlântico, 1592 - Sl 16 E 17 - Ponta de Campina, Cabedelo - PB, 58310-000;4.7;261;ChIJ2Xj63j_drAcRrllAg3GcmOU;https://www.google.com/maps/place/?q=place_id:ChIJ2Xj63j_drAcRrllAg3GcmOU;restaurantes Cabedelo PB;Poco;@-7.0205,-34.8426,15z;duplicate_in_run
duplicate_in_run;Ilha Dourada Restaurante;Restaurante de frutos do mar;BR -230, R. José Américo de Almeida Filho, s/n - Areia Dourada, Cabedelo - PB, 58101-212;4.2;3161;ChIJ19PDcIXfrAcRzBwfL7gvIIs;https://www.google.com/maps/place/?q=place_id:ChIJ19PDcIXfrAcRzBwfL7gvIIs;restaurantes Cabedelo PB;Poco;@-7.0205,-34.8426,15z;duplicate_in_run
accepted;Restaurante mar de amor;Restaurante;Av. Pôr do Sol - Portal do Poço, Cabedelo - PB, 58310-000;5;1;ChIJ8z63XQDfrAcR1_XtXHa0rRQ;https://www.google.com/maps/place/?q=place_id:ChIJ8z63XQDfrAcR1_XtXHa0rRQ;restaurantes Cabedelo PB;Poco;@-7.0205,-34.8426,15z;food_scope
rejected;A Ferro Y Fogo Churrasco & Burger Artesanal na Brasa;Restaurante;Av. Oceano Atlântico, 1592 - Shopping GetMall - Ponta de Campina, Cabedelo - PB, 58101-650;3.9;39;ChIJNWudC1nfrAcRZp_VOIvsXTQ;https://www.google.com/maps/place/?q=place_id:ChIJNWudC1nfrAcRZp_VOIvsXTQ;restaurantes Cabedelo PB;Poco;@-7.0205,-34.8426,15z;excluded_category_or_name
rejected;Badionaldo;Bar;R. Vitorino Cardoso, 780 - Lot. Vitorino Cardoso, Cabedelo - PB, 58101-510;3.7;111;ChIJLV_DEEPfrAcRnoTIdvp3Ch0;https://www.google.com/maps/place/?q=place_id:ChIJLV_DEEPfrAcRnoTIdvp3Ch0;restaurantes Cabedelo PB;Poco;@-7.0205,-34.8426,15z;not_clearly_food_establishment
duplicate_in_run;A Casa do Temakinho;Restaurante;Av. Mar da Irlanda, 222 - Intermares, Cabedelo - PB, 58310-000;4.9;150;ChIJK77pAsvfrAcRDJoNP1VhTVo;https://www.google.com/maps/place/?q=place_id:ChIJK77pAsvfrAcRDJoNP1VhTVo;restaurantes Cabedelo PB;Poco;@-7.0205,-34.8426,15z;duplicate_in_run
duplicate_in_run;Kubanacan Bar e Restaurante;Restaurante;R. Julieta Viana, 103 - Camboinha, Cabedelo - PB, 58101-375;4.8;108;ChIJJZe3-g3frAcRPD9qTI1nWYM;https://www.google.com/maps/place/?q=place_id:ChIJJZe3-g3frAcRPD9qTI1nWYM;restaurantes Cabedelo PB;Poco;@-7.0205,-34.8426,15z;duplicate_in_run
accepted;Espetinho da praia Intermares;Restaurante;Av. Oceano Atlântico, 1972 - Intermares, Cabedelo - PB, 58310-000;4.4;772;ChIJE-mcRMTfrAcRBThGnfI6x2c;https://www.google.com/maps/place/?q=place_id:ChIJE-mcRMTfrAcRBThGnfI6x2c;restaurantes Cabedelo PB;Poco;@-7.0205,-34.8426,15z;food_scope
accepted;Restaurante da Helena;;Av. Araçá, s/n - Portal do Poço, Cabedelo - PB, 58106-122;5;14;ChIJ3fU9LZvfrAcRy_9XywKHKP4;https://www.google.com/maps/place/?q=place_id:ChIJ3fU9LZvfrAcRy_9XywKHKP4;restaurantes Cabedelo PB;Poco;@-7.0205,-34.8426,15z;food_scope
rejected;GETMall;Praça de alimentação;Av. Oceano Atlântico, 1592 - Ponta de Campina, Cabedelo - PB, 58310-000;4.3;103;ChIJX7HMo6rdrAcRCeFWODir8Rw;https://www.google.com/maps/place/?q=place_id:ChIJX7HMo6rdrAcRCeFWODir8Rw;restaurantes Cabedelo PB;Poco;@-7.0205,-34.8426,15z;excluded_category_or_name
accepted;Bom Tempero Restaurante;Restaurante self-service;Av. Maria de Oliveira Gomes - Portal do Poço, Cabedelo - PB, 58310-000;4.7;17;ChIJQwyZx_vfrAcRqBvYbKyyPhQ;https://www.google.com/maps/place/?q=place_id:ChIJQwyZx_vfrAcRqBvYbKyyPhQ;restaurantes Cabedelo PB;Poco;@-7.0205,-34.8426,15z;food_scope
duplicate_in_run;Pizza Now - Intermares;Delivery de Pizza;Av. Oceano Atlântico, 1592 - Lj 14 - Ponta de Campina, Cabedelo - PB, 58101-650;4.5;200;ChIJC3rzCDHdrAcRGYF3vwcOan8;https://www.google.com/maps/place/?q=place_id:ChIJC3rzCDHdrAcRGYF3vwcOan8;pizzaria Cabedelo PB;Poco;@-7.0205,-34.8426,15z;duplicate_in_run
duplicate_in_run;Hora Da Pizza;Pizzaria;R. Arco Íris, 113 - Lot. Oceania VI, Cabedelo - PB, 58105-514;5;13;ChIJd8aACALfrAcR-y1kMx11Rs8;https://www.google.com/maps/place/?q=place_id:ChIJd8aACALfrAcR-y1kMx11Rs8;pizzaria Cabedelo PB;Poco;@-7.0205,-34.8426,15z;duplicate_in_run
duplicate_in_run;Pizzaria Bom Sabor;Pizzaria;R. Jair Cunha Cavalcanti, 248 - Lot. Oceania, Cabedelo - PB, 58105-700;4;134;ChIJJwFhsjXfrAcR5WUPKUu6Li8;https://www.google.com/maps/place/?q=place_id:ChIJJwFhsjXfrAcR5WUPKUu6Li8;pizzaria Cabedelo PB;Poco;@-7.0205,-34.8426,15z;duplicate_in_run
duplicate_in_run;Pizza Família Cipriano;Pizzaria;R. Golfo Danzig, 56 - Intermares, Cabedelo - PB, 58102-133;5;13;ChIJBw8J2x3frAcR-t64wKV4XEg;https://www.google.com/maps/place/?q=place_id:ChIJBw8J2x3frAcR-t64wKV4XEg;pizzaria Cabedelo PB;Poco;@-7.0205,-34.8426,15z;duplicate_in_run
duplicate_in_run;Casa Di Mainha;Pizzaria;R. Prof. João Lelis de Luna Freire - Jardim Jerico, Cabedelo - PB, 58310-000;5;16;ChIJI_QFwtzfrAcR4PpGSlWFXfE;https://www.google.com/maps/place/?q=place_id:ChIJI_QFwtzfrAcR4PpGSlWFXfE;pizzaria Cabedelo PB;Poco;@-7.0205,-34.8426,15z;duplicate_in_run
duplicate_in_run;Mega Pizza;Pizzaria;Av. Mar Vermelho, 357 - Intermares, Cabedelo - PB, 58310-000;4;506;ChIJP6gJ7w3erAcRPbZmhVXL0gQ;https://www.google.com/maps/place/?q=place_id:ChIJP6gJ7w3erAcRPbZmhVXL0gQ;pizzaria Cabedelo PB;Poco;@-7.0205,-34.8426,15z;duplicate_in_run
duplicate_in_run;Pizzaria Bom Sabor Camboinha;Pizzaria;R. Prof. João Lelis de Luna Freire, 288 - Jardim Camboinha, Cabedelo - PB, 58310-000;4.1;54;ChIJ23LpoCvfrAcRK0glALWQRYA;https://www.google.com/maps/place/?q=place_id:ChIJ23LpoCvfrAcRK0glALWQRYA;pizzaria Cabedelo PB;Poco;@-7.0205,-34.8426,15z;duplicate_in_run
duplicate_in_run;Pizzaria Jacaré;Pizzaria;R. Arco Íris, 250 - Lot. Oceania VI, Cabedelo - PB, 58310-000;4.5;59;ChIJLSlV8DrerAcRdEpwqq-GS2Y;https://www.google.com/maps/place/?q=place_id:ChIJLSlV8DrerAcRdEpwqq-GS2Y;pizzaria Cabedelo PB;Poco;@-7.0205,-34.8426,15z;duplicate_in_run
duplicate_in_run;Eu Quero Pizza;Pizzaria;R. da Enseada - Ponta de Campina, Cabedelo - PB, 58310-000;3.8;24;ChIJB0sqZgLfrAcR9yKy7cQwfhQ;https://www.google.com/maps/place/?q=place_id:ChIJB0sqZgLfrAcR9yKy7cQwfhQ;pizzaria Cabedelo PB;Poco;@-7.0205,-34.8426,15z;duplicate_in_run
accepted;Magela Pizzaria;Pizzaria;Av. Oceano Atlântico, 1000 - Intermares, Cabedelo - PB, 58102-252;5;2;ChIJ0aI-RwDfrAcRPYtznRfJu_M;https://www.google.com/maps/place/?q=place_id:ChIJ0aI-RwDfrAcRPYtznRfJu_M;pizzaria Cabedelo PB;Poco;@-7.0205,-34.8426,15z;food_scope
rejected;TreeHouse Bar Lounge - Por do sol João Pessoa;Bar;R. Pôr do Sol, s/n, Cabedelo - PB, 58310-000;4.5;1125;ChIJ33JsoxverAcRwnzfHW9fJTI;https://www.google.com/maps/place/?q=place_id:ChIJ33JsoxverAcRwnzfHW9fJTI;pizzaria Cabedelo PB;Poco;@-7.0205,-34.8426,15z;excluded_category_or_name
duplicate_in_run;churrascaria do biu;Churrascaria;R. Carolino Cardoso, 248-328 - Lot. Vitorino Cardoso, Cabedelo - PB, 58310-000;4.2;142;ChIJi2YYOkzerAcRnZgoaC-xOvY;https://www.google.com/maps/place/?q=place_id:ChIJi2YYOkzerAcRnZgoaC-xOvY;pizzaria Cabedelo PB;Poco;@-7.0205,-34.8426,15z;duplicate_in_run
accepted;Lanchonete e Pizzaria Popular;Pizzaria;R. Santa Maria Madalena, 86 - Jacaré, CEP: - Lot. Oceania VI, Cabedelo - PB, 58105-522;4.5;31;ChIJL4kfjdjfrAcRX8LvFyTn7p8;https://www.google.com/maps/place/?q=place_id:ChIJL4kfjdjfrAcRX8LvFyTn7p8;pizzaria Cabedelo PB;Poco;@-7.0205,-34.8426,15z;food_scope
duplicate_in_run;Lary's pizzaria e lanchonete;Pizzaria;R. Antônia Fernandes Oliveira, 810 - Jardim Camboinha, Cabedelo - PB, 58103-706;4.3;88;ChIJ1zlHHqffrAcRvEgStdnRDMs;https://www.google.com/maps/place/?q=place_id:ChIJ1zlHHqffrAcRvEgStdnRDMs;pizzaria Cabedelo PB;Poco;@-7.0205,-34.8426,15z;duplicate_in_run
accepted;Nossa Pizza;Pizzaria;Av. Maria de Oliveira Gomes - Portal do Poço, Cabedelo - PB, 58310-000;;;ChIJ7TXTXwDfrAcRkUQ3NY78meQ;https://www.google.com/maps/place/?q=place_id:ChIJ7TXTXwDfrAcRkUQ3NY78meQ;pizzaria Cabedelo PB;Poco;@-7.0205,-34.8426,15z;food_scope
accepted;Pizzaria NEVARE;Restaurante;Av. Araçá - Lot. Oceania VI, Cabedelo - PB, 58310-000;;;ChIJw60tazzerAcRCQzE-4_BHog;https://www.google.com/maps/place/?q=place_id:ChIJw60tazzerAcRCQzE-4_BHog;pizzaria Cabedelo PB;Poco;@-7.0205,-34.8426,15z;food_scope
duplicate_in_run;Chapa Quente Lanches e Refeições;Lanchonete;R. Novo Horizonte, 37 - Jacaré, Cabedelo - PB, 58105-652;4.7;43;ChIJNYcRV8DdrAcR2mIZA8gNQHY;https://www.google.com/maps/place/?q=place_id:ChIJNYcRV8DdrAcR2mIZA8gNQHY;pizzaria Cabedelo PB;Poco;@-7.0205,-34.8426,15z;duplicate_in_run
duplicate_in_run;CASA DA PIZZA;Restaurante;R. Honório Patrício dos Santos - Recanto do Poço, Cabedelo - PB, 58105-084;;;ChIJtewaz0verAcROOlZKMPmzZE;https://www.google.com/maps/place/?q=place_id:ChIJtewaz0verAcROOlZKMPmzZE;pizzaria Cabedelo PB;Poco;@-7.0205,-34.8426,15z;duplicate_in_run
duplicate_in_run;Center Pizza Cabedelo;Pizzaria;R. Duque de Caxias, 189 - Centro, Cabedelo - PB, 58310-000;5;18;ChIJUeGTJwAhrQcRnfODfBzcelE;https://www.google.com/maps/place/?q=place_id:ChIJUeGTJwAhrQcRnfODfBzcelE;pizzaria Cabedelo PB;Poco;@-7.0205,-34.8426,15z;duplicate_in_run
rejected;Padaria Pandine;Padaria;Av. Mar Vermelho, 357 - Intermares, Cabedelo - PB, 58102-120;4.4;1096;ChIJP6gJ7w3erAcREADxKhazvuY;https://www.google.com/maps/place/?q=place_id:ChIJP6gJ7w3erAcREADxKhazvuY;pizzaria Cabedelo PB;Poco;@-7.0205,-34.8426,15z;excluded_category_or_name
duplicate_in_run;Oxi Burguer Cabedelo;Hamburgueria;R. Maria das Neves Silva - Ponta de Campina, Cabedelo - PB, 58101-660;5;31;ChIJ-3vOhY7frAcRyc0HXHjB-zo;https://www.google.com/maps/place/?q=place_id:ChIJ-3vOhY7frAcRyc0HXHjB-zo;hamburgueria Cabedelo PB;Poco;@-7.0205,-34.8426,15z;duplicate_in_run
duplicate_in_run;Big Jack comida de rua com INSPIRAÇÃO texana;Restaurante;Av. Mar Vermelho, QUADRA 12 - LOTE 01 - Intermares, Cabedelo - PB, 58102-120;4.8;353;ChIJCTY1v6rfrAcRD3ZYZu4I32E;https://www.google.com/maps/place/?q=place_id:ChIJCTY1v6rfrAcRD3ZYZu4I32E;hamburgueria Cabedelo PB;Poco;@-7.0205,-34.8426,15z;duplicate_in_run
rejected;A Ferro Y Fogo Churrasco & Burger Artesanal na Brasa;Restaurante;Av. Oceano Atlântico, 1592 - Shopping GetMall - Ponta de Campina, Cabedelo - PB, 58101-650;3.9;39;ChIJNWudC1nfrAcRZp_VOIvsXTQ;https://www.google.com/maps/place/?q=place_id:ChIJNWudC1nfrAcRZp_VOIvsXTQ;hamburgueria Cabedelo PB;Poco;@-7.0205,-34.8426,15z;excluded_category_or_name
duplicate_in_run;TCF - The Cheeseburguer Factory - Unidade Cabedelo;Lanchonete;Av. Oceano Atlântico, 1592 - Sl A15 - Ponta de Campina, Cabedelo - PB, 58310-000;4.1;13;ChIJ17zIKW_drAcRpW44MoCAPKM;https://www.google.com/maps/place/?q=place_id:ChIJ17zIKW_drAcRpW44MoCAPKM;hamburgueria Cabedelo PB;Poco;@-7.0205,-34.8426,15z;duplicate_in_run
rejected;GETMall;Hamburgueria;Av. Oceano Atlântico, 1592 - Ponta de Campina, Cabedelo - PB, 58310-000;4.3;103;ChIJX7HMo6rdrAcRCeFWODir8Rw;https://www.google.com/maps/place/?q=place_id:ChIJX7HMo6rdrAcRCeFWODir8Rw;hamburgueria Cabedelo PB;Poco;@-7.0205,-34.8426,15z;excluded_category_or_name
duplicate_in_run;Route Hot Dogs;Hamburgueria;Av. Mar das Antilhas - Intermares, Cabedelo - PB, 58102-212;5;45;ChIJu6yeCaTfrAcRfb31UenQ2FI;https://www.google.com/maps/place/?q=place_id:ChIJu6yeCaTfrAcRfb31UenQ2FI;hamburgueria Cabedelo PB;Poco;@-7.0205,-34.8426,15z;duplicate_in_run
duplicate_in_run;PAULISTA BURGER;Hamburgueria;R. Marizeiro - Portal do Poço, Cabedelo - PB, 58106-106;5;2;ChIJl51YE9DfrAcRuBF9yMwZnqg;https://www.google.com/maps/place/?q=place_id:ChIJl51YE9DfrAcRuBF9yMwZnqg;hamburgueria Cabedelo PB;Poco;@-7.0205,-34.8426,15z;duplicate_in_run
duplicate_in_run;Na brasa hambúrgueria;Lanchonete;Av. Pastor José Alves de Oliveira, 511 - Centro, Cabedelo - PB, 58100-222;4.5;15;ChIJS0Cl_7khrQcRXHqZzABLeRg;https://www.google.com/maps/place/?q=place_id:ChIJS0Cl_7khrQcRXHqZzABLeRg;hamburgueria Cabedelo PB;Poco;@-7.0205,-34.8426,15z;duplicate_in_run
duplicate_in_run;Manguinhos Burguer;Hamburgueria;R. Débora Borges Xavier, 29 - Vila Sao Joao, Cabedelo - PB, 58103-405;5;1;ChIJ7714LT_frAcROZGgCaHyb1A;https://www.google.com/maps/place/?q=place_id:ChIJ7714LT_frAcROZGgCaHyb1A;hamburgueria Cabedelo PB;Poco;@-7.0205,-34.8426,15z;duplicate_in_run
duplicate_in_run;Seu Jerônimo;Hamburgueria;R. Virginia Maria Nogueira Gadelha Pimentel - Lot. Bela Vista, Cabedelo - PB, 58310-000;5;13;ChIJWVZmZADdrAcRKTJks1JgeWU;https://www.google.com/maps/place/?q=place_id:ChIJWVZmZADdrAcRKTJks1JgeWU;hamburgueria Cabedelo PB;Poco;@-7.0205,-34.8426,15z;duplicate_in_run
duplicate_in_run;food service;Hamburgueria;Muro da São Brás, R. Floresta - Camboinha, Cabedelo - PB, 58103-740;;;ChIJS6CBWLHfrAcRa3OXU-u9pJk;https://www.google.com/maps/place/?q=place_id:ChIJS6CBWLHfrAcRa3OXU-u9pJk;hamburgueria Cabedelo PB;Poco;@-7.0205,-34.8426,15z;duplicate_in_run
accepted;Piratas Burger;Hamburgueria;Av. Oceano Atlântico, 55 - Intermares, Cabedelo - PB, 58102-252;1;1;ChIJLePNgbbfrAcRx5JgcXhj0i8;https://www.google.com/maps/place/?q=place_id:ChIJLePNgbbfrAcRx5JgcXhj0i8;hamburgueria Cabedelo PB;Poco;@-7.0205,-34.8426,15z;food_scope
duplicate_in_run;Home Smash Burger;Hamburgueria;R. Sólon de Lucena, 19 - Vila Sao Joao, Cabedelo - PB, 58100-570;4.4;48;ChIJv390eRbfrAcRXHxRKIdKrf0;https://www.google.com/maps/place/?q=place_id:ChIJv390eRbfrAcRXHxRKIdKrf0;hamburgueria Cabedelo PB;Poco;@-7.0205,-34.8426,15z;duplicate_in_run
duplicate_in_run;DAWN BURGUER;Hamburgueria;R. Augusto Firmo Paulo, 51 - Vila Sao Joao, Cabedelo - PB, 58101-015;4.2;45;ChIJadfjewAhrQcRf8d09KL-Gi4;https://www.google.com/maps/place/?q=place_id:ChIJadfjewAhrQcRf8d09KL-Gi4;hamburgueria Cabedelo PB;Poco;@-7.0205,-34.8426,15z;duplicate_in_run
duplicate_in_run;Alfa;Hamburgueria;R. Dr. Lima Neto, 2008 - Lot. Nazareth, Cabedelo - PB, 58310-000;;;ChIJdXDpCwDfrAcRdATvNzRIN98;https://www.google.com/maps/place/?q=place_id:ChIJdXDpCwDfrAcRdATvNzRIN98;hamburgueria Cabedelo PB;Poco;@-7.0205,-34.8426,15z;duplicate_in_run
accepted;Ravellas - Food Truck;Hamburgueria;Rua Clóvis de Holanda Calado - Intermares, Cabedelo - PB, 58102-335;5;5;ChIJCQyRIcvdrAcRu26vxSLBThs;https://www.google.com/maps/place/?q=place_id:ChIJCQyRIcvdrAcRu26vxSLBThs;hamburgueria Cabedelo PB;Poco;@-7.0205,-34.8426,15z;food_scope
accepted;Eu Quero Burguer;Hamburgueria;Praça Bela Vista de Intermares, Intermares, Cabedelo - PB, 58102-302;3;10;ChIJJcEkMkzfrAcRnRtjQM7OQy0;https://www.google.com/maps/place/?q=place_id:ChIJJcEkMkzfrAcRnRtjQM7OQy0;hamburgueria Cabedelo PB;Poco;@-7.0205,-34.8426,15z;food_scope
accepted;Obra Fest Verão;Hamburgueria;Av. Oceano Atlântico - Intermares, Cabedelo - PB, 58102-252;;;ChIJx8A1HgDfrAcRvs1SuaCzXN0;https://www.google.com/maps/place/?q=place_id:ChIJx8A1HgDfrAcRvs1SuaCzXN0;hamburgueria Cabedelo PB;Poco;@-7.0205,-34.8426,15z;food_scope
duplicate_in_run;I love burguer;Hamburgueria;Praça Getúlio Vargas, 107 - Vila Sao Joao, Cabedelo - PB, 58100-305;4.1;18;ChIJ2_aBWAAhrQcRP7iv8wg49-U;https://www.google.com/maps/place/?q=place_id:ChIJ2_aBWAAhrQcRP7iv8wg49-U;hamburgueria Cabedelo PB;Poco;@-7.0205,-34.8426,15z;duplicate_in_run
accepted;Biruta Burger;Hamburgueria;R. Golfo Veneza - Intermares, Cabedelo - PB, 58102-122;;;ChIJ0fBGaf_frAcRbPBUisnQ7L0;https://www.google.com/maps/place/?q=place_id:ChIJ0fBGaf_frAcRbPBUisnQ7L0;hamburgueria Cabedelo PB;Poco;@-7.0205,-34.8426,15z;food_scope
duplicate_in_run;Chapa Quente Lanches e Refeições;Lanchonete;R. Novo Horizonte, 37 - Jacaré, Cabedelo - PB, 58105-652;4.7;43;ChIJNYcRV8DdrAcR2mIZA8gNQHY;https://www.google.com/maps/place/?q=place_id:ChIJNYcRV8DdrAcR2mIZA8gNQHY;lanchonete Cabedelo PB;Poco;@-7.0205,-34.8426,15z;duplicate_in_run
duplicate_in_run;Lovina Ponta de Campina | Bar | Restaurante em Cabedelo;Restaurante;R. Vitorino Cardoso, 908 - Ponta de Campina, Cabedelo - PB, 58101-510;4.4;10742;ChIJdbKCxUTerAcRNmBt0eRrdX8;https://www.google.com/maps/place/?q=place_id:ChIJdbKCxUTerAcRNmBt0eRrdX8;lanchonete Cabedelo PB;Poco;@-7.0205,-34.8426,15z;duplicate_in_run
duplicate_in_run;Praçaí - Intermares;Lanchonete;Av. Oceano Pacífico, s/n - Intermares, Cabedelo - PB, 58310-000;4.5;238;ChIJ1cAVK23erAcRCUpJ50T3ULs;https://www.google.com/maps/place/?q=place_id:ChIJ1cAVK23erAcRCUpJ50T3ULs;lanchonete Cabedelo PB;Poco;@-7.0205,-34.8426,15z;duplicate_in_run
duplicate_in_run;Oxi Burguer Cabedelo;Hamburgueria;R. Maria das Neves Silva - Ponta de Campina, Cabedelo - PB, 58101-660;5;31;ChIJ-3vOhY7frAcRyc0HXHjB-zo;https://www.google.com/maps/place/?q=place_id:ChIJ-3vOhY7frAcRyc0HXHjB-zo;lanchonete Cabedelo PB;Poco;@-7.0205,-34.8426,15z;duplicate_in_run
duplicate_in_run;Ancoradouro Ponta de Campina;Restaurante;R. Henrique Siqueira, 242 - Ponta de Campina, Cabedelo - PB, 58310-000;3.9;495;ChIJZ2RoyxLfrAcRupeEWBQrnEc;https://www.google.com/maps/place/?q=place_id:ChIJZ2RoyxLfrAcRupeEWBQrnEc;lanchonete Cabedelo PB;Poco;@-7.0205,-34.8426,15z;duplicate_in_run
duplicate_in_run;Coffee Cake Açaiteria;Lanchonete;Av. Oceano Atlântico, 422 - Sala, 04 - Intermares, Cabedelo - PB, 58102-252;4.7;24;ChIJJVjoiEDfrAcRFTg4AQg1nHw;https://www.google.com/maps/place/?q=place_id:ChIJJVjoiEDfrAcRFTg4AQg1nHw;lanchonete Cabedelo PB;Poco;@-7.0205,-34.8426,15z;duplicate_in_run
rejected;A Ferro Y Fogo Churrasco & Burger Artesanal na Brasa;Restaurante;Av. Oceano Atlântico, 1592 - Shopping GetMall - Ponta de Campina, Cabedelo - PB, 58101-650;3.9;39;ChIJNWudC1nfrAcRZp_VOIvsXTQ;https://www.google.com/maps/place/?q=place_id:ChIJNWudC1nfrAcRZp_VOIvsXTQ;lanchonete Cabedelo PB;Poco;@-7.0205,-34.8426,15z;excluded_category_or_name
duplicate_in_run;Cibelly Bar & Restaurante;Bar e restaurante de ostras;Rua Luna Pedrosa, 1260 - Poço, Cabedelo - PB, 58101-574;4.1;4295;ChIJ63V170_erAcRZ2vvWZseSgE;https://www.google.com/maps/place/?q=place_id:ChIJ63V170_erAcRZ2vvWZseSgE;lanchonete Cabedelo PB;Poco;@-7.0205,-34.8426,15z;duplicate_in_run
rejected;Tapioca Da Cleide- Onda Mar;Lanchonete;Onda Mar Praia Shopping, 58102-120, Av. Mar Vermelho, 357 - Intermares, Cabedelo - PB, 58102-120;4.5;51;ChIJDcsJwQ3erAcR04pQAVkyyEM;https://www.google.com/maps/place/?q=place_id:ChIJDcsJwQ3erAcR04pQAVkyyEM;lanchonete Cabedelo PB;Poco;@-7.0205,-34.8426,15z;excluded_category_or_name
accepted;NutriFit Marmita Fitness Congeladas;Restaurante de comida natural;Intermares, Cabedelo - PB, 58102-032;5;18;ChIJN2Qo5azfrAcR6duVymUfuQ0;https://www.google.com/maps/place/?q=place_id:ChIJN2Qo5azfrAcR6duVymUfuQ0;lanchonete Cabedelo PB;Poco;@-7.0205,-34.8426,15z;food_scope
rejected;GETMall;Praça de alimentação;Av. Oceano Atlântico, 1592 - Ponta de Campina, Cabedelo - PB, 58310-000;4.3;103;ChIJX7HMo6rdrAcRCeFWODir8Rw;https://www.google.com/maps/place/?q=place_id:ChIJX7HMo6rdrAcRCeFWODir8Rw;lanchonete Cabedelo PB;Poco;@-7.0205,-34.8426,15z;excluded_category_or_name
duplicate_in_run;ML Açaíteria;Lanchonete;R. José Lins do Rêgo, 88 - Recanto do Poço, Cabedelo - PB, 58105-057;3;2;ChIJaQy6YszfrAcRGJ_Jii6k9bA;https://www.google.com/maps/place/?q=place_id:ChIJaQy6YszfrAcRGJ_Jii6k9bA;lanchonete Cabedelo PB;Poco;@-7.0205,-34.8426,15z;duplicate_in_run
duplicate_in_run;Gigante Do Mar Beach;Restaurante de frutos do mar;Av. Max Zagel, 450 - Camboinha, Cabedelo - PB, 58033-455;4.2;3378;ChIJ47lgZ6TfrAcR21h_sELDBwk;https://www.google.com/maps/place/?q=place_id:ChIJ47lgZ6TfrAcR21h_sELDBwk;lanchonete Cabedelo PB;Poco;@-7.0205,-34.8426,15z;duplicate_in_run
accepted;Tropical Burgz;Restaurante;Av. Oceano Pacífico - Intermares, Cabedelo - PB, 58102-236;5;30;ChIJL-05NQDfrAcRFfTfZnwteEA;https://www.google.com/maps/place/?q=place_id:ChIJL-05NQDfrAcRFfTfZnwteEA;lanchonete Cabedelo PB;Poco;@-7.0205,-34.8426,15z;food_scope
duplicate_in_run;CTG Saudade Da Querência;Restaurante;R. João Santos Coelho Filho, 125 - Lot. Praia Grande, Cabedelo - PB, 58310-000;4.6;293;ChIJv8vnDLPfrAcR2d01H7Lb744;https://www.google.com/maps/place/?q=place_id:ChIJv8vnDLPfrAcR2d01H7Lb744;lanchonete Cabedelo PB;Poco;@-7.0205,-34.8426,15z;duplicate_in_run
accepted;Lanchonete por do sol;Lanchonete;R. Jaguaribe, 54 - Poço, Cabedelo - PB, 58310-000;3.3;3;ChIJM-mpWSnfrAcRNDGp-E_BHt8;https://www.google.com/maps/place/?q=place_id:ChIJM-mpWSnfrAcRNDGp-E_BHt8;lanchonete Cabedelo PB;Poco;@-7.0205,-34.8426,15z;food_scope
duplicate_in_run;Sax Café - Por do Sol da Praia do Jacaré Cabedelo/PB;Restaurante;Pôr do Sol, R. Praia do Jacaré, Cabedelo - PB, 58310-000;4.5;102;ChIJ42uw2z3frAcRpvqGhKXp_LM;https://www.google.com/maps/place/?q=place_id:ChIJ42uw2z3frAcRpvqGhKXp_LM;lanchonete Cabedelo PB;Poco;@-7.0205,-34.8426,15z;duplicate_in_run
duplicate_in_run;Big Jack comida de rua com INSPIRAÇÃO texana;Restaurante;Av. Mar Vermelho, QUADRA 12 - LOTE 01 - Intermares, Cabedelo - PB, 58102-120;4.8;353;ChIJCTY1v6rfrAcRD3ZYZu4I32E;https://www.google.com/maps/place/?q=place_id:ChIJCTY1v6rfrAcRD3ZYZu4I32E;lanchonete Cabedelo PB;Poco;@-7.0205,-34.8426,15z;duplicate_in_run
duplicate_in_run;Espetinho da praia Intermares;Restaurante;Av. Oceano Atlântico, 1972 - Intermares, Cabedelo - PB, 58310-000;4.4;772;ChIJE-mcRMTfrAcRBThGnfI6x2c;https://www.google.com/maps/place/?q=place_id:ChIJE-mcRMTfrAcRBThGnfI6x2c;lanchonete Cabedelo PB;Poco;@-7.0205,-34.8426,15z;duplicate_in_run
duplicate_in_run;Restaurante Recanto do Picuí Intermares;Restaurante;R. Golfo Sidra, 72 - Intermares, Cabedelo - PB, 58310-000;4.5;1267;ChIJ7xU6NRLerAcRpPuWqjv1L7c;https://www.google.com/maps/place/?q=place_id:ChIJ7xU6NRLerAcRpPuWqjv1L7c;lanchonete Cabedelo PB;Poco;@-7.0205,-34.8426,15z;duplicate_in_run
duplicate_in_run;Sakê Temakeria Ponta de Campina, Cabedelo;Restaurante japonês;Av. Oceano Atlântico, 1592 - Sl 16 E 17 - Ponta de Campina, Cabedelo - PB, 58310-000;4.7;261;ChIJ2Xj63j_drAcRrllAg3GcmOU;https://www.google.com/maps/place/?q=place_id:ChIJ2Xj63j_drAcRrllAg3GcmOU;sushi Cabedelo PB;Poco;@-7.0205,-34.8426,15z;duplicate_in_run
duplicate_in_run;A Casa do Temakinho;Restaurante;Av. Mar da Irlanda, 222 - Intermares, Cabedelo - PB, 58310-000;4.9;150;ChIJK77pAsvfrAcRDJoNP1VhTVo;https://www.google.com/maps/place/?q=place_id:ChIJK77pAsvfrAcRDJoNP1VhTVo;sushi Cabedelo PB;Poco;@-7.0205,-34.8426,15z;duplicate_in_run
duplicate_in_run;Pipa Sushi & Temakeria;Restaurante de sushi;Av. Mar das Antilhas - Intermares, Cabedelo - PB, 58310-000;4.3;292;ChIJm1Mywg3erAcRAs4OIMpvJqk;https://www.google.com/maps/place/?q=place_id:ChIJm1Mywg3erAcRAs4OIMpvJqk;sushi Cabedelo PB;Poco;@-7.0205,-34.8426,15z;duplicate_in_run
rejected;Novo Oriente Intermares;Restaurante de sushi;Av. Mar Vermelho, 35 - Intermares, Cabedelo - PB, 58102-120;4.2;1378;ChIJN9JFAA7erAcR7c6fN6tma_g;https://www.google.com/maps/place/?q=place_id:ChIJN9JFAA7erAcR7c6fN6tma_g;sushi Cabedelo PB;Poco;@-7.0205,-34.8426,15z;excluded_category_or_name
duplicate_in_run;Espaço Do Sushi;Restaurante;R. Juarez Távora - Camalaú, Cabedelo - PB, 58310-000;4.2;33;ChIJLZuM-3YgrQcRxc7_zhcQ3Y0;https://www.google.com/maps/place/?q=place_id:ChIJLZuM-3YgrQcRxc7_zhcQ3Y0;sushi Cabedelo PB;Poco;@-7.0205,-34.8426,15z;duplicate_in_run
duplicate_in_run;Sushiyaki Restaurante;Restaurante japonês;R. Ten. Antônio Pontes, 381 - Ponta de Matos, Cabedelo - PB, 58100-645;4.7;10;ChIJoZsj3b7frAcRjoZUr5Cg7Uw;https://www.google.com/maps/place/?q=place_id:ChIJoZsj3b7frAcRjoZUr5Cg7Uw;sushi Cabedelo PB;Poco;@-7.0205,-34.8426,15z;duplicate_in_run
rejected;GETMall;Praça de alimentação;Av. Oceano Atlântico, 1592 - Ponta de Campina, Cabedelo - PB, 58310-000;4.3;103;ChIJX7HMo6rdrAcRCeFWODir8Rw;https://www.google.com/maps/place/?q=place_id:ChIJX7HMo6rdrAcRCeFWODir8Rw;sushi Cabedelo PB;Poco;@-7.0205,-34.8426,15z;excluded_category_or_name
duplicate_in_run;Viciados em Sushi;Restaurante japonês;R. Pedro Aleixo Moura, 34 - Centro, Cabedelo - PB, 58100-210;4.4;193;ChIJ_c5MVHEgrQcRB4CuNV0soio;https://www.google.com/maps/place/?q=place_id:ChIJ_c5MVHEgrQcRB4CuNV0soio;sushi Cabedelo PB;Poco;@-7.0205,-34.8426,15z;duplicate_in_run
duplicate_in_run;Acai;Loja de açaí;Av. Imbiridiba, 74 - Lot. Oceania VI, Cabedelo - PB, 58310-000;5;3;ChIJHS4nywrfrAcRf1rB7H0L_Mw;https://www.google.com/maps/place/?q=place_id:ChIJHS4nywrfrAcRf1rB7H0L_Mw;acai Cabedelo PB;Poco;@-7.0205,-34.8426,15z;duplicate_in_run
duplicate_in_run;South Beach | Açaí, Sorveteria e Cremes;Sorveteria;Av. Oceano Atlântico, 870 - Intermares, Cabedelo - PB;4.9;43;ChIJ0RcoMQDfrAcRpLtM3_RE4bo;https://www.google.com/maps/place/?q=place_id:ChIJ0RcoMQDfrAcRpLtM3_RE4bo;acai Cabedelo PB;Poco;@-7.0205,-34.8426,15z;duplicate_in_run
duplicate_in_run;Açaí Jacaré Beach;Sorveteria;R. Clodoaldo Gouveia, 214 - Praia Do Jacare, Cabedelo - PB, 58101-323;4.8;12;ChIJyzANbADfrAcRmNSHSU6nRlI;https://www.google.com/maps/place/?q=place_id:ChIJyzANbADfrAcRmNSHSU6nRlI;acai Cabedelo PB;Poco;@-7.0205,-34.8426,15z;duplicate_in_run
duplicate_in_run;Açaí da Hill Point;Loja de açaí;Trailer, Rua Mar das Antilhas, Praça Durval Portela - Intermares, Cabedelo - PB, 58102-000;4.6;9;ChIJp648VSbfrAcR46pzEDHTJBo;https://www.google.com/maps/place/?q=place_id:ChIJp648VSbfrAcR46pzEDHTJBo;acai Cabedelo PB;Poco;@-7.0205,-34.8426,15z;duplicate_in_run
duplicate_in_run;Praçaí - Intermares;Lanchonete;Av. Oceano Pacífico, s/n - Intermares, Cabedelo - PB, 58310-000;4.5;238;ChIJ1cAVK23erAcRCUpJ50T3ULs;https://www.google.com/maps/place/?q=place_id:ChIJ1cAVK23erAcRCUpJ50T3ULs;acai Cabedelo PB;Poco;@-7.0205,-34.8426,15z;duplicate_in_run
duplicate_in_run;Praça do açaí de Intermares;Playground;1548, Av. Oceano Atlântico, 1164 - Intermares, Cabedelo - PB, 58310-000;4.5;176;ChIJ-60_Km3erAcRRKoxlE8MUyc;https://www.google.com/maps/place/?q=place_id:ChIJ-60_Km3erAcRRKoxlE8MUyc;acai Cabedelo PB;Poco;@-7.0205,-34.8426,15z;duplicate_in_run
duplicate_in_run;Coffee Cake Açaiteria;Lanchonete;Av. Oceano Atlântico, 422 - Sala, 04 - Intermares, Cabedelo - PB, 58102-252;4.7;24;ChIJJVjoiEDfrAcRFTg4AQg1nHw;https://www.google.com/maps/place/?q=place_id:ChIJJVjoiEDfrAcRFTg4AQg1nHw;acai Cabedelo PB;Poco;@-7.0205,-34.8426,15z;duplicate_in_run
duplicate_in_run;Cantinho do açaí;Sorveteria;R. Vinicius de Morais - Recanto do Poço, Cabedelo - PB, 58105-062;5;1;ChIJP8nYbA7frAcRFz-W3qWECKs;https://www.google.com/maps/place/?q=place_id:ChIJP8nYbA7frAcRFz-W3qWECKs;acai Cabedelo PB;Poco;@-7.0205,-34.8426,15z;duplicate_in_run
rejected;Assaí Atacadista - Estrada de Cabedelo;Atacadista;BR-230, 14 , Km 13.5, Lot. Morada Nova, Cabedelo - PB, 58033-455;4.4;581;ChIJpXuq7TTfrAcRpJL6pMYJrCA;https://www.google.com/maps/place/?q=place_id:ChIJpXuq7TTfrAcRpJL6pMYJrCA;acai Cabedelo PB;Poco;@-7.0205,-34.8426,15z;not_clearly_food_establishment
duplicate_in_run;Cantinho Bom;Sorveteria;R. Santa Rita de Cássia, 42 - Jardim Camboinha, Cabedelo - PB, 58103-772;5;1;ChIJm1gILLjfrAcRJzUZHE7JAuI;https://www.google.com/maps/place/?q=place_id:ChIJm1gILLjfrAcRJzUZHE7JAuI;acai Cabedelo PB;Poco;@-7.0205,-34.8426,15z;duplicate_in_run
rejected;Pé de Fruta - Cabedelo;Loja de produtos naturais;Avenida Litorânea, 1592 - loja 04 - Ponta de Campina, Cabedelo - PB, 58101-650;5;4;ChIJJYuwFhfdrAcRK5mtUOBS_TM;https://www.google.com/maps/place/?q=place_id:ChIJJYuwFhfdrAcRK5mtUOBS_TM;acai Cabedelo PB;Poco;@-7.0205,-34.8426,15z;not_clearly_food_establishment
duplicate_in_run;Açaí Araxá;Lanchonete;Av. Oceano Atlântico, 107 - Lot. Bela Vista, Cabedelo - PB, 58310-000;4.6;55;ChIJm_QnCOffrAcRyXaMtmUtLZk;https://www.google.com/maps/place/?q=place_id:ChIJm_QnCOffrAcRyXaMtmUtLZk;acai Cabedelo PB;Poco;@-7.0205,-34.8426,15z;duplicate_in_run
duplicate_in_run;Porto do açaí;Lanchonete;R. Cleto Campêlo, 623 - Camalaú, Cabedelo - PB, 58310-000;5;1;ChIJL9uhhKMhrQcRNgJ6D5n7bws;https://www.google.com/maps/place/?q=place_id:ChIJL9uhhKMhrQcRNgJ6D5n7bws;acai Cabedelo PB;Poco;@-7.0205,-34.8426,15z;duplicate_in_run
accepted;Toca da Árvore;Sorveteria;R. Pôr do Sol, s/n - Jacaré, Portal do Poço, Cabedelo - PB, 58310-000;5;4;ChIJWRJNFADfrAcRBzYjBUl_S84;https://www.google.com/maps/place/?q=place_id:ChIJWRJNFADfrAcRBzYjBUl_S84;acai Cabedelo PB;Poco;@-7.0205,-34.8426,15z;food_scope
rejected;Supermercado Rede Menor Preço;Supermercado;Av. Mar Vermelho, 440 - Intermares, Cabedelo - PB, 58102-120;4.4;1135;ChIJ2XkILjvfrAcR3jHFH-X5GTQ;https://www.google.com/maps/place/?q=place_id:ChIJ2XkILjvfrAcR3jHFH-X5GTQ;acai Cabedelo PB;Poco;@-7.0205,-34.8426,15z;excluded_category_or_name
accepted;Sabor da infância no pôr do sol;Sorveteria;Praia do jacaré Pôr do sol do, jacaré, Cabedelo - PB, 58105-576;4;1;ChIJvySxa5vfrAcRdwRObDGV4RU;https://www.google.com/maps/place/?q=place_id:ChIJvySxa5vfrAcRdwRObDGV4RU;acai Cabedelo PB;Poco;@-7.0205,-34.8426,15z;food_scope
duplicate_in_run;NutriFit Marmita Fitness Congeladas;Restaurante de comida natural;Intermares, Cabedelo - PB, 58102-032;5;18;ChIJN2Qo5azfrAcR6duVymUfuQ0;https://www.google.com/maps/place/?q=place_id:ChIJN2Qo5azfrAcR6duVymUfuQ0;acai Cabedelo PB;Poco;@-7.0205,-34.8426,15z;duplicate_in_run
rejected;Supermercado Litoral;Supermercado;Av. Mar Vermelho, 206 - Intermares, Cabedelo - PB, 58102-110;4.4;2917;ChIJ-UcqoA3erAcRTXuN8btQXjQ;https://www.google.com/maps/place/?q=place_id:ChIJ-UcqoA3erAcRTXuN8btQXjQ;acai Cabedelo PB;Poco;@-7.0205,-34.8426,15z;excluded_category_or_name
accepted;Intermares;Praia;Cabedelo - PB, 58102-256;4.7;4175;ChIJS_1_YAverAcR-yk3spzQr0E;https://www.google.com/maps/place/?q=place_id:ChIJS_1_YAverAcR-yk3spzQr0E;acai Cabedelo PB;Poco;@-7.0205,-34.8426,15z;food_scope
accepted;Açai;Loja de açaí;Ponta de Campina, Cabedelo - PB, 58310-000;;;ChIJtQezUwDfrAcR_h9SSRa3yQU;https://www.google.com/maps/place/?q=place_id:ChIJtQezUwDfrAcR_h9SSRa3yQU;acai Cabedelo PB;Poco;@-7.0205,-34.8426,15z;food_scope
duplicate_in_run;Tia Graça Cafeteria e Doceria;Cafeteria;R. Golfo da China, 326 - Intermares, Cabedelo - PB, 58310-000;4.5;67;ChIJV8XbnLXfrAcRTzFbB-0OVFg;https://www.google.com/maps/place/?q=place_id:ChIJV8XbnLXfrAcRTzFbB-0OVFg;cafeteria Cabedelo PB;Poco;@-7.0205,-34.8426,15z;duplicate_in_run
duplicate_in_run;Café Cabedelo;Cafeteria;R. Aurélio Guedes Cavalcante - Camboinha, Cabedelo - PB, 58310-000;;;ChIJ52g2ao3frAcRyzat6fBKJA4;https://www.google.com/maps/place/?q=place_id:ChIJ52g2ao3frAcRyzat6fBKJA4;cafeteria Cabedelo PB;Poco;@-7.0205,-34.8426,15z;duplicate_in_run
duplicate_in_run;Sax Café - Por do Sol da Praia do Jacaré Cabedelo/PB;Restaurante;Pôr do Sol, R. Praia do Jacaré, Cabedelo - PB, 58310-000;4.5;102;ChIJ42uw2z3frAcRpvqGhKXp_LM;https://www.google.com/maps/place/?q=place_id:ChIJ42uw2z3frAcRpvqGhKXp_LM;cafeteria Cabedelo PB;Poco;@-7.0205,-34.8426,15z;duplicate_in_run
duplicate_in_run;Coffee Cake Açaiteria;Lanchonete;Av. Oceano Atlântico, 422 - Sala, 04 - Intermares, Cabedelo - PB, 58102-252;4.7;24;ChIJJVjoiEDfrAcRFTg4AQg1nHw;https://www.google.com/maps/place/?q=place_id:ChIJJVjoiEDfrAcRFTg4AQg1nHw;cafeteria Cabedelo PB;Poco;@-7.0205,-34.8426,15z;duplicate_in_run
duplicate_in_run;Messe Cafeteria;Cafeteria;R. Praia do Jacaré - Intermares, Cabedelo - PB, 58310-000;5;2;ChIJi1DNHwDfrAcRKRUXOkoukjQ;https://www.google.com/maps/place/?q=place_id:ChIJi1DNHwDfrAcRKRUXOkoukjQ;cafeteria Cabedelo PB;Poco;@-7.0205,-34.8426,15z;duplicate_in_run
rejected;Padaria Pandine;Padaria;Av. Mar Vermelho, 357 - Intermares, Cabedelo - PB, 58102-120;4.4;1096;ChIJP6gJ7w3erAcREADxKhazvuY;https://www.google.com/maps/place/?q=place_id:ChIJP6gJ7w3erAcREADxKhazvuY;cafeteria Cabedelo PB;Poco;@-7.0205,-34.8426,15z;excluded_category_or_name
duplicate_in_run;Café cultural;Cafeteria;R. Augusto José Couto de Faria - Jardim Camboinha, Cabedelo - PB, 58103-684;;;ChIJLaRmKgDfrAcRtmvfIXT7Ibs;https://www.google.com/maps/place/?q=place_id:ChIJLaRmKgDfrAcRtmvfIXT7Ibs;cafeteria Cabedelo PB;Poco;@-7.0205,-34.8426,15z;duplicate_in_run
duplicate_in_run;Chié artesanato e comedoria;Café;R. Praia do Jacaré - Intermares, Cabedelo - PB, 58310-000;4;40;ChIJTwa4MA_frAcR4t0Vizs3ozY;https://www.google.com/maps/place/?q=place_id:ChIJTwa4MA_frAcR4t0Vizs3ozY;cafeteria Cabedelo PB;Poco;@-7.0205,-34.8426,15z;duplicate_in_run
duplicate_in_run;Juci;Cafeteria;R. Golfo de Cadis, 470 - Intermares, Cabedelo - PB, 58310-000;1;1;ChIJo7CaIwDfrAcRImsAHe1osU4;https://www.google.com/maps/place/?q=place_id:ChIJo7CaIwDfrAcRImsAHe1osU4;cafeteria Cabedelo PB;Poco;@-7.0205,-34.8426,15z;duplicate_in_run
rejected;Paula Cakes;Doceria;Rua Rio Botafogo - Portal do Poço, Cabedelo - PB, 58106-136;5;9;ChIJyQ2DAuLfrAcRcVq6aOH3IMA;https://www.google.com/maps/place/?q=place_id:ChIJyQ2DAuLfrAcRcVq6aOH3IMA;cafeteria Cabedelo PB;Poco;@-7.0205,-34.8426,15z;not_clearly_food_establishment
duplicate_in_run;JL Bolos;Cafeteria;R. Rio Paraíba, 55 - Jardim Camboinha, Cabedelo - PB, 58310-000;4.8;5;ChIJzWCQCwDfrAcRxsNeWdpCqWA;https://www.google.com/maps/place/?q=place_id:ChIJzWCQCwDfrAcRxsNeWdpCqWA;cafeteria Cabedelo PB;Poco;@-7.0205,-34.8426,15z;duplicate_in_run
rejected;Herbalife Intermares Cabedelo.;Casa de chá;Av. Oceano Atlântico, 328 - Sl 06 - Intermares, Cabedelo - PB, 58102-252;5;19;ChIJe0vpX2verAcRw7t0W-KuzRA;https://www.google.com/maps/place/?q=place_id:ChIJe0vpX2verAcRw7t0W-KuzRA;cafeteria Cabedelo PB;Poco;@-7.0205,-34.8426,15z;not_clearly_food_establishment
duplicate_in_run;Rainha da tapioca;Cafeteria;R. Milton Macedo da Cruz - Lot. Oceania, Cabedelo - PB, 58105-565;;;ChIJ93ysPw3frAcRBYFSISTdBS4;https://www.google.com/maps/place/?q=place_id:ChIJ93ysPw3frAcRBYFSISTdBS4;cafeteria Cabedelo PB;Poco;@-7.0205,-34.8426,15z;duplicate_in_run
rejected;Shakeria Intermares;Casa de chá;Empresarial Yeshua, Av. Mar das Antilhas, Sl 104 - Intermares, Cabedelo - PB, 58102-212;5;2;ChIJ4zS9hhTfrAcR7vsT_e3WXBQ;https://www.google.com/maps/place/?q=place_id:ChIJ4zS9hhTfrAcR7vsT_e3WXBQ;cafeteria Cabedelo PB;Poco;@-7.0205,-34.8426,15z;not_clearly_food_establishment
duplicate_in_run;Fatia do Céu;Cafeteria;R. Porto Marseille, 7 - Recanto do Poço, Cabedelo - PB, 58105-431;;;ChIJhSNbCwDfrAcRw0RK4wV6OVo;https://www.google.com/maps/place/?q=place_id:ChIJhSNbCwDfrAcRw0RK4wV6OVo;cafeteria Cabedelo PB;Poco;@-7.0205,-34.8426,15z;duplicate_in_run
duplicate_in_run;Porto do Café;Cafeteria;Praça Getúlio Vargas, 68 - Centro, Cabedelo - PB, 58100-261;4.7;6;ChIJi8fyTQAhrQcRylnBp6lzXXs;https://www.google.com/maps/place/?q=place_id:ChIJi8fyTQAhrQcRylnBp6lzXXs;cafeteria Cabedelo PB;Poco;@-7.0205,-34.8426,15z;duplicate_in_run
rejected;Tia Graça Doces E Salgados;Doceria;R. Pedro Aleixo Moura, 26 - Vila Sao Joao, Cabedelo - PB, 58310-000;4.6;414;ChIJazVfCHEgrQcRref-q7f7tNA;https://www.google.com/maps/place/?q=place_id:ChIJazVfCHEgrQcRref-q7f7tNA;cafeteria Cabedelo PB;Poco;@-7.0205,-34.8426,15z;not_clearly_food_establishment
duplicate_in_run;Medellín Café(São Braz Expresso);Cafeteria;Estrada de Cabedelo, KM13,5, R. Praia do Bessa, João Pessoa - PB, 58037-325;3.4;41;ChIJmYckIO3drAcRHY1JjnbhsP0;https://www.google.com/maps/place/?q=place_id:ChIJmYckIO3drAcRHY1JjnbhsP0;cafeteria Cabedelo PB;Poco;@-7.0205,-34.8426,15z;duplicate_in_run
rejected;DM Caffe;Cafeteria;Av. Gov. Argemiro de Figueiredo, 3197a - Jardim Oceania, João Pessoa - PB, 58037-030;4.8;247;ChIJRVlJzNnDrAcRa808gqR2TmU;https://www.google.com/maps/place/?q=place_id:ChIJRVlJzNnDrAcRa808gqR2TmU;cafeteria Cabedelo PB;Poco;@-7.0205,-34.8426,15z;excluded_category_or_name
duplicate_in_run;Caldinho Prime Formosa;Restaurante;Av. Cassiano da Cunha Nóbrega, 555 - Vila Sao Joao, Cabedelo - PB, 58310-000;4.7;46;ChIJo3IrDQAhrQcRuau8CF_J1oc;https://www.google.com/maps/place/?q=place_id:ChIJo3IrDQAhrQcRuau8CF_J1oc;cafeteria Cabedelo PB;Poco;@-7.0205,-34.8426,15z;duplicate_in_run
duplicate_in_run;Lovina Ponta de Campina | Bar | Restaurante em Cabedelo;Restaurante;R. Vitorino Cardoso, 908 - Ponta de Campina, Cabedelo - PB, 58101-510;4.4;10742;ChIJdbKCxUTerAcRNmBt0eRrdX8;https://www.google.com/maps/place/?q=place_id:ChIJdbKCxUTerAcRNmBt0eRrdX8;bar restaurante Cabedelo PB;Poco;@-7.0205,-34.8426,15z;duplicate_in_run
rejected;TreeHouse Bar Lounge - Por do sol João Pessoa;Bar;R. Pôr do Sol, s/n, Cabedelo - PB, 58310-000;4.5;1125;ChIJ33JsoxverAcRwnzfHW9fJTI;https://www.google.com/maps/place/?q=place_id:ChIJ33JsoxverAcRwnzfHW9fJTI;bar restaurante Cabedelo PB;Poco;@-7.0205,-34.8426,15z;excluded_category_or_name
duplicate_in_run;Numar Bar e Restaurante;Bar;Av. Oceano Atlântico, 878 - Intermares, Cabedelo - PB, 58310-000;4.5;1370;ChIJ29wxE1zfrAcRAXclbUaSW8w;https://www.google.com/maps/place/?q=place_id:ChIJ29wxE1zfrAcRAXclbUaSW8w;bar restaurante Cabedelo PB;Poco;@-7.0205,-34.8426,15z;duplicate_in_run
duplicate_in_run;Cibelly Bar & Restaurante;Bar e restaurante de ostras;Rua Luna Pedrosa, 1260 - Poço, Cabedelo - PB, 58101-574;4.1;4295;ChIJ63V170_erAcRZ2vvWZseSgE;https://www.google.com/maps/place/?q=place_id:ChIJ63V170_erAcRZ2vvWZseSgE;bar restaurante Cabedelo PB;Poco;@-7.0205,-34.8426,15z;duplicate_in_run
rejected;Badionaldo;Bar;R. Vitorino Cardoso, 780 - Lot. Vitorino Cardoso, Cabedelo - PB, 58101-510;3.7;111;ChIJLV_DEEPfrAcRnoTIdvp3Ch0;https://www.google.com/maps/place/?q=place_id:ChIJLV_DEEPfrAcRnoTIdvp3Ch0;bar restaurante Cabedelo PB;Poco;@-7.0205,-34.8426,15z;not_clearly_food_establishment
duplicate_in_run;Kubanacan Bar e Restaurante;Restaurante;R. Julieta Viana, 103 - Camboinha, Cabedelo - PB, 58101-375;4.8;108;ChIJJZe3-g3frAcRPD9qTI1nWYM;https://www.google.com/maps/place/?q=place_id:ChIJJZe3-g3frAcRPD9qTI1nWYM;bar restaurante Cabedelo PB;Poco;@-7.0205,-34.8426,15z;duplicate_in_run
duplicate_in_run;Restaurante Recanto do Picuí Intermares;Restaurante;R. Golfo Sidra, 72 - Intermares, Cabedelo - PB, 58310-000;4.5;1267;ChIJ7xU6NRLerAcRpPuWqjv1L7c;https://www.google.com/maps/place/?q=place_id:ChIJ7xU6NRLerAcRpPuWqjv1L7c;bar restaurante Cabedelo PB;Poco;@-7.0205,-34.8426,15z;duplicate_in_run
duplicate_in_run;Ancoradouro Ponta de Campina;Restaurante;R. Henrique Siqueira, 242 - Ponta de Campina, Cabedelo - PB, 58310-000;3.9;495;ChIJZ2RoyxLfrAcRupeEWBQrnEc;https://www.google.com/maps/place/?q=place_id:ChIJZ2RoyxLfrAcRupeEWBQrnEc;bar restaurante Cabedelo PB;Poco;@-7.0205,-34.8426,15z;duplicate_in_run
accepted;BAR DO CHEFF RESTAURANTE;Bar com música ao vivo;Av. Mar Vermelho, 357 - Lj 12 - Intermares, Cabedelo - PB, 58310-120;4.5;244;ChIJ__-7wQ3erAcRTH9HHjOgYLo;https://www.google.com/maps/place/?q=place_id:ChIJ__-7wQ3erAcRTH9HHjOgYLo;bar restaurante Cabedelo PB;Poco;@-7.0205,-34.8426,15z;food_scope
duplicate_in_run;Gigante Do Mar Beach;Restaurante de frutos do mar;Av. Max Zagel, 450 - Camboinha, Cabedelo - PB, 58033-455;4.2;3378;ChIJ47lgZ6TfrAcR21h_sELDBwk;https://www.google.com/maps/place/?q=place_id:ChIJ47lgZ6TfrAcR21h_sELDBwk;bar restaurante Cabedelo PB;Poco;@-7.0205,-34.8426,15z;duplicate_in_run
rejected;Rallo's Bar;Bar;R. Leonor Viana de Souza Carvalho, 717 - Lot. Nazareth, Cabedelo - PB, 58310-000;4.5;151;ChIJBwzWfE3erAcR6TzRvhVrh9k;https://www.google.com/maps/place/?q=place_id:ChIJBwzWfE3erAcR6TzRvhVrh9k;bar restaurante Cabedelo PB;Poco;@-7.0205,-34.8426,15z;not_clearly_food_establishment
rejected;Neuza Praia Bar;Bar;R. Maria Fernandes Viana - Jardim Jerico, Cabedelo - PB, 58310-000;4.3;39;ChIJASN62qDfrAcRT8pxH8OO2lQ;https://www.google.com/maps/place/?q=place_id:ChIJASN62qDfrAcRT8pxH8OO2lQ;bar restaurante Cabedelo PB;Poco;@-7.0205,-34.8426,15z;not_clearly_food_establishment
rejected;Bar Sol de Verão;Bar;R. João Henrique de Miranda, 401 - Camboinha, Cabedelo - PB, 58310-000;4.2;75;ChIJnVIRsq_frAcR_6-FikFOahs;https://www.google.com/maps/place/?q=place_id:ChIJnVIRsq_frAcR_6-FikFOahs;bar restaurante Cabedelo PB;Poco;@-7.0205,-34.8426,15z;not_clearly_food_establishment
duplicate_in_run;Sax Café - Por do Sol da Praia do Jacaré Cabedelo/PB;Restaurante;Pôr do Sol, R. Praia do Jacaré, Cabedelo - PB, 58310-000;4.5;102;ChIJ42uw2z3frAcRpvqGhKXp_LM;https://www.google.com/maps/place/?q=place_id:ChIJ42uw2z3frAcRpvqGhKXp_LM;bar restaurante Cabedelo PB;Poco;@-7.0205,-34.8426,15z;duplicate_in_run
accepted;Cibelly Mar - Restaurante no Por do Sol do Jacaré;Restaurante;Av. Pôr do Sol, R. Praia do Jacaré, Cabedelo - PB, 58310-000;3.8;77;ChIJh1rDEOrfrAcREB0gWWe41S8;https://www.google.com/maps/place/?q=place_id:ChIJh1rDEOrfrAcREB0gWWe41S8;bar restaurante Cabedelo PB;Poco;@-7.0205,-34.8426,15z;food_scope
duplicate_in_run;Ilha Dourada Restaurante;Restaurante de frutos do mar;BR -230, R. José Américo de Almeida Filho, s/n - Areia Dourada, Cabedelo - PB, 58101-212;4.2;3161;ChIJ19PDcIXfrAcRzBwfL7gvIIs;https://www.google.com/maps/place/?q=place_id:ChIJ19PDcIXfrAcRzBwfL7gvIIs;bar restaurante Cabedelo PB;Poco;@-7.0205,-34.8426,15z;duplicate_in_run
duplicate_in_run;Mão Branca bar e resturante;Restaurante de frutos do mar;Rua Luna Pedrosa, R. Vitorino Cardoso, 36, Cabedelo - PB, 58101-574;4.1;28;ChIJrTuuvqffrAcRlkCExl3ppsU;https://www.google.com/maps/place/?q=place_id:ChIJrTuuvqffrAcRlkCExl3ppsU;bar restaurante Cabedelo PB;Poco;@-7.0205,-34.8426,15z;duplicate_in_run
rejected;Verano Praia Bar;Bar;Av. Pastor José Alves de Oliveira, 848 - Areia Dourada, Cabedelo - PB, 58101-205;4.4;324;ChIJh0FVTwvfrAcRloIZE5Iit7w;https://www.google.com/maps/place/?q=place_id:ChIJh0FVTwvfrAcRloIZE5Iit7w;bar restaurante Cabedelo PB;Poco;@-7.0205,-34.8426,15z;not_clearly_food_establishment
rejected;Barba Ruiva PB;Bar;Av Oceano Atlântico S/N, Avenida Cassiano da Cunha Nóbrega, 187 - Intermares, Cabedelo - PB, 58100-000;4.2;125;ChIJ9-D_WWkgrQcRTC87LMoHrwI;https://www.google.com/maps/place/?q=place_id:ChIJ9-D_WWkgrQcRTC87LMoHrwI;bar restaurante Cabedelo PB;Poco;@-7.0205,-34.8426,15z;not_clearly_food_establishment
duplicate_in_run;CTG Saudade Da Querência;Restaurante;R. João Santos Coelho Filho, 125 - Lot. Praia Grande, Cabedelo - PB, 58310-000;4.6;293;ChIJv8vnDLPfrAcR2d01H7Lb744;https://www.google.com/maps/place/?q=place_id:ChIJv8vnDLPfrAcR2d01H7Lb744;bar restaurante Cabedelo PB;Poco;@-7.0205,-34.8426,15z;duplicate_in_run
duplicate_in_run;Lovina Ponta de Campina | Bar | Restaurante em Cabedelo;Restaurante;R. Vitorino Cardoso, 908 - Ponta de Campina, Cabedelo - PB, 58101-510;4.4;10742;ChIJdbKCxUTerAcRNmBt0eRrdX8;https://www.google.com/maps/place/?q=place_id:ChIJdbKCxUTerAcRNmBt0eRrdX8;restaurantes Cabedelo PB;Camboinha;@-7.0125,-34.8302,15z;duplicate_in_run
duplicate_in_run;Ilha Dourada Restaurante;Restaurante de frutos do mar;BR -230, R. José Américo de Almeida Filho, s/n - Areia Dourada, Cabedelo - PB, 58101-212;4.2;3161;ChIJ19PDcIXfrAcRzBwfL7gvIIs;https://www.google.com/maps/place/?q=place_id:ChIJ19PDcIXfrAcRzBwfL7gvIIs;restaurantes Cabedelo PB;Camboinha;@-7.0125,-34.8302,15z;duplicate_in_run
duplicate_in_run;Ancoradouro Ponta de Campina;Restaurante;R. Henrique Siqueira, 242 - Ponta de Campina, Cabedelo - PB, 58310-000;3.9;495;ChIJZ2RoyxLfrAcRupeEWBQrnEc;https://www.google.com/maps/place/?q=place_id:ChIJZ2RoyxLfrAcRupeEWBQrnEc;restaurantes Cabedelo PB;Camboinha;@-7.0125,-34.8302,15z;duplicate_in_run
duplicate_in_run;Cibelly Bar & Restaurante;Bar e restaurante de ostras;Rua Luna Pedrosa, 1260 - Poço, Cabedelo - PB, 58101-574;4.1;4295;ChIJ63V170_erAcRZ2vvWZseSgE;https://www.google.com/maps/place/?q=place_id:ChIJ63V170_erAcRZ2vvWZseSgE;restaurantes Cabedelo PB;Camboinha;@-7.0125,-34.8302,15z;duplicate_in_run
duplicate_in_run;Casa Di Mainha;Local para eventos;R. Prof. João Lelis de Luna Freire - Jardim Jerico, Cabedelo - PB, 58310-000;5;16;ChIJI_QFwtzfrAcR4PpGSlWFXfE;https://www.google.com/maps/place/?q=place_id:ChIJI_QFwtzfrAcR4PpGSlWFXfE;restaurantes Cabedelo PB;Camboinha;@-7.0125,-34.8302,15z;duplicate_in_run
duplicate_in_run;Ponta De Campina;Praia;Cabedelo - PB;4.7;2439;ChIJr75kQ0PerAcRVbC2hxszRNo;https://www.google.com/maps/place/?q=place_id:ChIJr75kQ0PerAcRVbC2hxszRNo;restaurantes Cabedelo PB;Camboinha;@-7.0125,-34.8302,15z;duplicate_in_run
duplicate_in_run;Gigante Do Mar Beach;Restaurante de frutos do mar;Av. Max Zagel, 450 - Camboinha, Cabedelo - PB, 58033-455;4.2;3378;ChIJ47lgZ6TfrAcR21h_sELDBwk;https://www.google.com/maps/place/?q=place_id:ChIJ47lgZ6TfrAcR21h_sELDBwk;restaurantes Cabedelo PB;Camboinha;@-7.0125,-34.8302,15z;duplicate_in_run
duplicate_in_run;CTG Saudade Da Querência;Restaurante;R. João Santos Coelho Filho, 125 - Lot. Praia Grande, Cabedelo - PB, 58310-000;4.6;293;ChIJv8vnDLPfrAcR2d01H7Lb744;https://www.google.com/maps/place/?q=place_id:ChIJv8vnDLPfrAcR2d01H7Lb744;restaurantes Cabedelo PB;Camboinha;@-7.0125,-34.8302,15z;duplicate_in_run
duplicate_in_run;Sakê Temakeria Ponta de Campina, Cabedelo;Restaurante japonês;Av. Oceano Atlântico, 1592 - Sl 16 E 17 - Ponta de Campina, Cabedelo - PB, 58310-000;4.7;261;ChIJ2Xj63j_drAcRrllAg3GcmOU;https://www.google.com/maps/place/?q=place_id:ChIJ2Xj63j_drAcRrllAg3GcmOU;restaurantes Cabedelo PB;Camboinha;@-7.0125,-34.8302,15z;duplicate_in_run
rejected;A Ferro Y Fogo Churrasco & Burger Artesanal na Brasa;Restaurante;Av. Oceano Atlântico, 1592 - Shopping GetMall - Ponta de Campina, Cabedelo - PB, 58101-650;3.9;39;ChIJNWudC1nfrAcRZp_VOIvsXTQ;https://www.google.com/maps/place/?q=place_id:ChIJNWudC1nfrAcRZp_VOIvsXTQ;restaurantes Cabedelo PB;Camboinha;@-7.0125,-34.8302,15z;excluded_category_or_name
rejected;Badionaldo;Bar;R. Vitorino Cardoso, 780 - Lot. Vitorino Cardoso, Cabedelo - PB, 58101-510;3.7;111;ChIJLV_DEEPfrAcRnoTIdvp3Ch0;https://www.google.com/maps/place/?q=place_id:ChIJLV_DEEPfrAcRnoTIdvp3Ch0;restaurantes Cabedelo PB;Camboinha;@-7.0125,-34.8302,15z;not_clearly_food_establishment
duplicate_in_run;Restaurante Recanto do Picuí Intermares;Restaurante;R. Golfo Sidra, 72 - Intermares, Cabedelo - PB, 58310-000;4.5;1267;ChIJ7xU6NRLerAcRpPuWqjv1L7c;https://www.google.com/maps/place/?q=place_id:ChIJ7xU6NRLerAcRpPuWqjv1L7c;restaurantes Cabedelo PB;Camboinha;@-7.0125,-34.8302,15z;duplicate_in_run
duplicate_in_run;Kubanacan Bar e Restaurante;Restaurante;R. Julieta Viana, 103 - Camboinha, Cabedelo - PB, 58101-375;4.8;108;ChIJJZe3-g3frAcRPD9qTI1nWYM;https://www.google.com/maps/place/?q=place_id:ChIJJZe3-g3frAcRPD9qTI1nWYM;restaurantes Cabedelo PB;Camboinha;@-7.0125,-34.8302,15z;duplicate_in_run
rejected;Verano Praia Bar;Bar;Av. Pastor José Alves de Oliveira, 848 - Areia Dourada, Cabedelo - PB, 58101-205;4.4;324;ChIJh0FVTwvfrAcRloIZE5Iit7w;https://www.google.com/maps/place/?q=place_id:ChIJh0FVTwvfrAcRloIZE5Iit7w;restaurantes Cabedelo PB;Camboinha;@-7.0125,-34.8302,15z;not_clearly_food_establishment
duplicate_in_run;Restaurante da Helena;;Av. Araçá, s/n - Portal do Poço, Cabedelo - PB, 58106-122;5;14;ChIJ3fU9LZvfrAcRy_9XywKHKP4;https://www.google.com/maps/place/?q=place_id:ChIJ3fU9LZvfrAcRy_9XywKHKP4;restaurantes Cabedelo PB;Camboinha;@-7.0125,-34.8302,15z;duplicate_in_run
rejected;GETMall;Praça de alimentação;Av. Oceano Atlântico, 1592 - Ponta de Campina, Cabedelo - PB, 58310-000;4.3;103;ChIJX7HMo6rdrAcRCeFWODir8Rw;https://www.google.com/maps/place/?q=place_id:ChIJX7HMo6rdrAcRCeFWODir8Rw;restaurantes Cabedelo PB;Camboinha;@-7.0125,-34.8302,15z;excluded_category_or_name
accepted;Mimu's da Geisi confeitaria;Restaurante;Av. Imbiridiba, 22 - Lot. Oceania VI, Cabedelo - PB, 58106-252;5;2;ChIJ6yvicADfrAcRtEyKCewI-EY;https://www.google.com/maps/place/?q=place_id:ChIJ6yvicADfrAcRtEyKCewI-EY;restaurantes Cabedelo PB;Camboinha;@-7.0125,-34.8302,15z;food_scope
duplicate_in_run;Bom Tempero Restaurante;Restaurante self-service;Av. Maria de Oliveira Gomes - Portal do Poço, Cabedelo - PB, 58310-000;4.7;17;ChIJQwyZx_vfrAcRqBvYbKyyPhQ;https://www.google.com/maps/place/?q=place_id:ChIJQwyZx_vfrAcRqBvYbKyyPhQ;restaurantes Cabedelo PB;Camboinha;@-7.0125,-34.8302,15z;duplicate_in_run
accepted;Casa de Taipa;Restaurante;R. Vitorino Cardoso, s/n - Praia do poço, Cabedelo - PB, 58101-502;4.5;58;ChIJH9sgyE_erAcROIxiz0-fEqI;https://www.google.com/maps/place/?q=place_id:ChIJH9sgyE_erAcROIxiz0-fEqI;restaurantes Cabedelo PB;Camboinha;@-7.0125,-34.8302,15z;food_scope
accepted;Empório Do Sabor;Restaurante;R. Milton Macedo da Cruz, 222 - Lot. Oceania VI, Cabedelo - PB, 58310-000;5;1;ChIJPWxnpDverAcRPggM3YYF0Ic;https://www.google.com/maps/place/?q=place_id:ChIJPWxnpDverAcRPggM3YYF0Ic;restaurantes Cabedelo PB;Camboinha;@-7.0125,-34.8302,15z;food_scope
duplicate_in_run;Pizza Now - Intermares;Delivery de Pizza;Av. Oceano Atlântico, 1592 - Lj 14 - Ponta de Campina, Cabedelo - PB, 58101-650;4.5;200;ChIJC3rzCDHdrAcRGYF3vwcOan8;https://www.google.com/maps/place/?q=place_id:ChIJC3rzCDHdrAcRGYF3vwcOan8;pizzaria Cabedelo PB;Camboinha;@-7.0125,-34.8302,15z;duplicate_in_run
duplicate_in_run;Hora Da Pizza;Pizzaria;R. Arco Íris, 113 - Lot. Oceania VI, Cabedelo - PB, 58105-514;5;13;ChIJd8aACALfrAcR-y1kMx11Rs8;https://www.google.com/maps/place/?q=place_id:ChIJd8aACALfrAcR-y1kMx11Rs8;pizzaria Cabedelo PB;Camboinha;@-7.0125,-34.8302,15z;duplicate_in_run
duplicate_in_run;Pizzaria Bom Sabor;Pizzaria;R. Jair Cunha Cavalcanti, 248 - Lot. Oceania, Cabedelo - PB, 58105-700;4;134;ChIJJwFhsjXfrAcR5WUPKUu6Li8;https://www.google.com/maps/place/?q=place_id:ChIJJwFhsjXfrAcR5WUPKUu6Li8;pizzaria Cabedelo PB;Camboinha;@-7.0125,-34.8302,15z;duplicate_in_run
duplicate_in_run;Pizzaria Jacaré;Pizzaria;R. Arco Íris, 250 - Lot. Oceania VI, Cabedelo - PB, 58310-000;4.5;59;ChIJLSlV8DrerAcRdEpwqq-GS2Y;https://www.google.com/maps/place/?q=place_id:ChIJLSlV8DrerAcRdEpwqq-GS2Y;pizzaria Cabedelo PB;Camboinha;@-7.0125,-34.8302,15z;duplicate_in_run
duplicate_in_run;Pizzaria Bom Sabor Camboinha;Pizzaria;R. Prof. João Lelis de Luna Freire, 288 - Jardim Camboinha, Cabedelo - PB, 58310-000;4.1;54;ChIJ23LpoCvfrAcRK0glALWQRYA;https://www.google.com/maps/place/?q=place_id:ChIJ23LpoCvfrAcRK0glALWQRYA;pizzaria Cabedelo PB;Camboinha;@-7.0125,-34.8302,15z;duplicate_in_run
duplicate_in_run;Casa Di Mainha;Pizzaria;R. Prof. João Lelis de Luna Freire - Jardim Jerico, Cabedelo - PB, 58310-000;5;16;ChIJI_QFwtzfrAcR4PpGSlWFXfE;https://www.google.com/maps/place/?q=place_id:ChIJI_QFwtzfrAcR4PpGSlWFXfE;pizzaria Cabedelo PB;Camboinha;@-7.0125,-34.8302,15z;duplicate_in_run
duplicate_in_run;Center Pizza Cabedelo;Pizzaria;R. Duque de Caxias, 189 - Centro, Cabedelo - PB, 58310-000;5;18;ChIJUeGTJwAhrQcRnfODfBzcelE;https://www.google.com/maps/place/?q=place_id:ChIJUeGTJwAhrQcRnfODfBzcelE;pizzaria Cabedelo PB;Camboinha;@-7.0125,-34.8302,15z;duplicate_in_run
duplicate_in_run;Pizza Família Cipriano;Pizzaria;R. Golfo Danzig, 56 - Intermares, Cabedelo - PB, 58102-133;5;13;ChIJBw8J2x3frAcR-t64wKV4XEg;https://www.google.com/maps/place/?q=place_id:ChIJBw8J2x3frAcR-t64wKV4XEg;pizzaria Cabedelo PB;Camboinha;@-7.0125,-34.8302,15z;duplicate_in_run
duplicate_in_run;Pizza do Paulinho;Pizzaria;Av. Monsenhor José da Silva Coutinho, 113 - Vila Sao Joao, Cabedelo - PB, 58103-332;5;11;ChIJTUFjldDfrAcRXmp9tl8_VOc;https://www.google.com/maps/place/?q=place_id:ChIJTUFjldDfrAcRXmp9tl8_VOc;pizzaria Cabedelo PB;Camboinha;@-7.0125,-34.8302,15z;duplicate_in_run
duplicate_in_run;Eu Quero Pizza;Pizzaria;R. da Enseada - Ponta de Campina, Cabedelo - PB, 58310-000;3.8;24;ChIJB0sqZgLfrAcR9yKy7cQwfhQ;https://www.google.com/maps/place/?q=place_id:ChIJB0sqZgLfrAcR9yKy7cQwfhQ;pizzaria Cabedelo PB;Camboinha;@-7.0125,-34.8302,15z;duplicate_in_run
duplicate_in_run;Lary's pizzaria e lanchonete;Pizzaria;R. Antônia Fernandes Oliveira, 810 - Jardim Camboinha, Cabedelo - PB, 58103-706;4.3;88;ChIJ1zlHHqffrAcRvEgStdnRDMs;https://www.google.com/maps/place/?q=place_id:ChIJ1zlHHqffrAcRvEgStdnRDMs;pizzaria Cabedelo PB;Camboinha;@-7.0125,-34.8302,15z;duplicate_in_run
duplicate_in_run;Lanchonete e Pizzaria Popular;Pizzaria;R. Santa Maria Madalena, 86 - Jacaré, CEP: - Lot. Oceania VI, Cabedelo - PB, 58105-522;4.5;31;ChIJL4kfjdjfrAcRX8LvFyTn7p8;https://www.google.com/maps/place/?q=place_id:ChIJL4kfjdjfrAcRX8LvFyTn7p8;pizzaria Cabedelo PB;Camboinha;@-7.0125,-34.8302,15z;duplicate_in_run
duplicate_in_run;Mega Pizza;Pizzaria;Av. Mar Vermelho, 357 - Intermares, Cabedelo - PB, 58310-000;4;506;ChIJP6gJ7w3erAcRPbZmhVXL0gQ;https://www.google.com/maps/place/?q=place_id:ChIJP6gJ7w3erAcRPbZmhVXL0gQ;pizzaria Cabedelo PB;Camboinha;@-7.0125,-34.8302,15z;duplicate_in_run
duplicate_in_run;churrascaria do biu;Churrascaria;R. Carolino Cardoso, 248-328 - Lot. Vitorino Cardoso, Cabedelo - PB, 58310-000;4.2;142;ChIJi2YYOkzerAcRnZgoaC-xOvY;https://www.google.com/maps/place/?q=place_id:ChIJi2YYOkzerAcRnZgoaC-xOvY;pizzaria Cabedelo PB;Camboinha;@-7.0125,-34.8302,15z;duplicate_in_run
duplicate_in_run;Pizzaria tá no ponto;Pizzaria;R. Ten. Antônio Pontes, 236 - Vila Sao Joao, Cabedelo - PB, 58100-645;5;1;ChIJP3oicAAhrQcRy3DljLN5ZTw;https://www.google.com/maps/place/?q=place_id:ChIJP3oicAAhrQcRy3DljLN5ZTw;pizzaria Cabedelo PB;Camboinha;@-7.0125,-34.8302,15z;duplicate_in_run
duplicate_in_run;Deu Pizza Cabedelo;Pizzaria;Praça Getúlio Vargas, 95 - Vila Sao Joao, Cabedelo - PB, 58100-261;;;ChIJVeZJGAAhrQcRfL-dAtZyAcY;https://www.google.com/maps/place/?q=place_id:ChIJVeZJGAAhrQcRfL-dAtZyAcY;pizzaria Cabedelo PB;Camboinha;@-7.0125,-34.8302,15z;duplicate_in_run
duplicate_in_run;Nossa Pizza;Pizzaria;Av. Maria de Oliveira Gomes - Portal do Poço, Cabedelo - PB, 58310-000;;;ChIJ7TXTXwDfrAcRkUQ3NY78meQ;https://www.google.com/maps/place/?q=place_id:ChIJ7TXTXwDfrAcRkUQ3NY78meQ;pizzaria Cabedelo PB;Camboinha;@-7.0125,-34.8302,15z;duplicate_in_run
duplicate_in_run;Pizzaria 1000Graus;Pizzaria;R. Duque de Caxias, 60 - Centro, Cabedelo - PB, 58100-000;5;1;ChIJz9Yh3hohrQcRX3d8g-9Pd6w;https://www.google.com/maps/place/?q=place_id:ChIJz9Yh3hohrQcRX3d8g-9Pd6w;pizzaria Cabedelo PB;Camboinha;@-7.0125,-34.8302,15z;duplicate_in_run
duplicate_in_run;Pizzaria NEVARE;Restaurante;Av. Araçá - Lot. Oceania VI, Cabedelo - PB, 58310-000;;;ChIJw60tazzerAcRCQzE-4_BHog;https://www.google.com/maps/place/?q=place_id:ChIJw60tazzerAcRCQzE-4_BHog;pizzaria Cabedelo PB;Camboinha;@-7.0125,-34.8302,15z;duplicate_in_run
duplicate_in_run;Magela Pizzaria;Pizzaria;Av. Oceano Atlântico, 1000 - Intermares, Cabedelo - PB, 58102-252;5;2;ChIJ0aI-RwDfrAcRPYtznRfJu_M;https://www.google.com/maps/place/?q=place_id:ChIJ0aI-RwDfrAcRPYtznRfJu_M;pizzaria Cabedelo PB;Camboinha;@-7.0125,-34.8302,15z;duplicate_in_run
duplicate_in_run;Oxi Burguer Cabedelo;Hamburgueria;R. Maria das Neves Silva - Ponta de Campina, Cabedelo - PB, 58101-660;5;31;ChIJ-3vOhY7frAcRyc0HXHjB-zo;https://www.google.com/maps/place/?q=place_id:ChIJ-3vOhY7frAcRyc0HXHjB-zo;hamburgueria Cabedelo PB;Camboinha;@-7.0125,-34.8302,15z;duplicate_in_run
duplicate_in_run;Manguinhos Burguer;Hamburgueria;R. Débora Borges Xavier, 29 - Vila Sao Joao, Cabedelo - PB, 58103-405;5;1;ChIJ7714LT_frAcROZGgCaHyb1A;https://www.google.com/maps/place/?q=place_id:ChIJ7714LT_frAcROZGgCaHyb1A;hamburgueria Cabedelo PB;Camboinha;@-7.0125,-34.8302,15z;duplicate_in_run
rejected;A Ferro Y Fogo Churrasco & Burger Artesanal na Brasa;Restaurante;Av. Oceano Atlântico, 1592 - Shopping GetMall - Ponta de Campina, Cabedelo - PB, 58101-650;3.9;39;ChIJNWudC1nfrAcRZp_VOIvsXTQ;https://www.google.com/maps/place/?q=place_id:ChIJNWudC1nfrAcRZp_VOIvsXTQ;hamburgueria Cabedelo PB;Camboinha;@-7.0125,-34.8302,15z;excluded_category_or_name
duplicate_in_run;TCF - The Cheeseburguer Factory - Unidade Cabedelo;Lanchonete;Av. Oceano Atlântico, 1592 - Sl A15 - Ponta de Campina, Cabedelo - PB, 58310-000;4.1;13;ChIJ17zIKW_drAcRpW44MoCAPKM;https://www.google.com/maps/place/?q=place_id:ChIJ17zIKW_drAcRpW44MoCAPKM;hamburgueria Cabedelo PB;Camboinha;@-7.0125,-34.8302,15z;duplicate_in_run
rejected;GETMall;Hamburgueria;Av. Oceano Atlântico, 1592 - Ponta de Campina, Cabedelo - PB, 58310-000;4.3;103;ChIJX7HMo6rdrAcRCeFWODir8Rw;https://www.google.com/maps/place/?q=place_id:ChIJX7HMo6rdrAcRCeFWODir8Rw;hamburgueria Cabedelo PB;Camboinha;@-7.0125,-34.8302,15z;excluded_category_or_name
duplicate_in_run;Na brasa hambúrgueria;Lanchonete;Av. Pastor José Alves de Oliveira, 511 - Centro, Cabedelo - PB, 58100-222;4.5;15;ChIJS0Cl_7khrQcRXHqZzABLeRg;https://www.google.com/maps/place/?q=place_id:ChIJS0Cl_7khrQcRXHqZzABLeRg;hamburgueria Cabedelo PB;Camboinha;@-7.0125,-34.8302,15z;duplicate_in_run
duplicate_in_run;PAULISTA BURGER;Hamburgueria;R. Marizeiro - Portal do Poço, Cabedelo - PB, 58106-106;5;2;ChIJl51YE9DfrAcRuBF9yMwZnqg;https://www.google.com/maps/place/?q=place_id:ChIJl51YE9DfrAcRuBF9yMwZnqg;hamburgueria Cabedelo PB;Camboinha;@-7.0125,-34.8302,15z;duplicate_in_run
duplicate_in_run;Big Jack comida de rua com INSPIRAÇÃO texana;Restaurante;Av. Mar Vermelho, QUADRA 12 - LOTE 01 - Intermares, Cabedelo - PB, 58102-120;4.8;353;ChIJCTY1v6rfrAcRD3ZYZu4I32E;https://www.google.com/maps/place/?q=place_id:ChIJCTY1v6rfrAcRD3ZYZu4I32E;hamburgueria Cabedelo PB;Camboinha;@-7.0125,-34.8302,15z;duplicate_in_run
duplicate_in_run;Home Smash Burger;Hamburgueria;R. Sólon de Lucena, 19 - Vila Sao Joao, Cabedelo - PB, 58100-570;4.4;48;ChIJv390eRbfrAcRXHxRKIdKrf0;https://www.google.com/maps/place/?q=place_id:ChIJv390eRbfrAcRXHxRKIdKrf0;hamburgueria Cabedelo PB;Camboinha;@-7.0125,-34.8302,15z;duplicate_in_run
duplicate_in_run;DAWN BURGUER;Hamburgueria;R. Augusto Firmo Paulo, 51 - Vila Sao Joao, Cabedelo - PB, 58101-015;4.2;45;ChIJadfjewAhrQcRf8d09KL-Gi4;https://www.google.com/maps/place/?q=place_id:ChIJadfjewAhrQcRf8d09KL-Gi4;hamburgueria Cabedelo PB;Camboinha;@-7.0125,-34.8302,15z;duplicate_in_run
duplicate_in_run;food service;Hamburgueria;Muro da São Brás, R. Floresta - Camboinha, Cabedelo - PB, 58103-740;;;ChIJS6CBWLHfrAcRa3OXU-u9pJk;https://www.google.com/maps/place/?q=place_id:ChIJS6CBWLHfrAcRa3OXU-u9pJk;hamburgueria Cabedelo PB;Camboinha;@-7.0125,-34.8302,15z;duplicate_in_run
duplicate_in_run;Seu Jerônimo;Hamburgueria;R. Virginia Maria Nogueira Gadelha Pimentel - Lot. Bela Vista, Cabedelo - PB, 58310-000;5;13;ChIJWVZmZADdrAcRKTJks1JgeWU;https://www.google.com/maps/place/?q=place_id:ChIJWVZmZADdrAcRKTJks1JgeWU;hamburgueria Cabedelo PB;Camboinha;@-7.0125,-34.8302,15z;duplicate_in_run
duplicate_in_run;Piratas Burger;Hamburgueria;Av. Oceano Atlântico, 55 - Intermares, Cabedelo - PB, 58102-252;1;1;ChIJLePNgbbfrAcRx5JgcXhj0i8;https://www.google.com/maps/place/?q=place_id:ChIJLePNgbbfrAcRx5JgcXhj0i8;hamburgueria Cabedelo PB;Camboinha;@-7.0125,-34.8302,15z;duplicate_in_run
duplicate_in_run;Route Hot Dogs;Hamburgueria;Av. Mar das Antilhas - Intermares, Cabedelo - PB, 58102-212;5;45;ChIJu6yeCaTfrAcRfb31UenQ2FI;https://www.google.com/maps/place/?q=place_id:ChIJu6yeCaTfrAcRfb31UenQ2FI;hamburgueria Cabedelo PB;Camboinha;@-7.0125,-34.8302,15z;duplicate_in_run
duplicate_in_run;Alfa;Hamburgueria;R. Dr. Lima Neto, 2008 - Lot. Nazareth, Cabedelo - PB, 58310-000;;;ChIJdXDpCwDfrAcRdATvNzRIN98;https://www.google.com/maps/place/?q=place_id:ChIJdXDpCwDfrAcRdATvNzRIN98;hamburgueria Cabedelo PB;Camboinha;@-7.0125,-34.8302,15z;duplicate_in_run
duplicate_in_run;I love burguer;Hamburgueria;Praça Getúlio Vargas, 107 - Vila Sao Joao, Cabedelo - PB, 58100-305;4.1;18;ChIJ2_aBWAAhrQcRP7iv8wg49-U;https://www.google.com/maps/place/?q=place_id:ChIJ2_aBWAAhrQcRP7iv8wg49-U;hamburgueria Cabedelo PB;Camboinha;@-7.0125,-34.8302,15z;duplicate_in_run
duplicate_in_run;BIG BURGUER;Hamburgueria;R. Duque de Caxias - Vila Sao Joao, Cabedelo - PB, 58310-000;;;ChIJfVu7eQAhrQcRpNglRRyxBpk;https://www.google.com/maps/place/?q=place_id:ChIJfVu7eQAhrQcRpNglRRyxBpk;hamburgueria Cabedelo PB;Camboinha;@-7.0125,-34.8302,15z;duplicate_in_run
duplicate_in_run;Manos Burger Cabedelo;Hamburgueria;Praça Getúlio Vargas - Ponta de Matos, Cabedelo - PB, 58059-122;5;7;ChIJX_ZmHcRRrAcRcqKoGYEPLM8;https://www.google.com/maps/place/?q=place_id:ChIJX_ZmHcRRrAcRcqKoGYEPLM8;hamburgueria Cabedelo PB;Camboinha;@-7.0125,-34.8302,15z;duplicate_in_run
rejected;M Prime Espaço Festas e Eventos;Salão de festas;R. José Lins do Rêgo, s/n - Recanto do Poço, Cabedelo - PB, 58105-057;4.8;5;ChIJ33Iit9LfrAcRFkys8aN-4ME;https://www.google.com/maps/place/?q=place_id:ChIJ33Iit9LfrAcRFkys8aN-4ME;hamburgueria Cabedelo PB;Camboinha;@-7.0125,-34.8302,15z;not_clearly_food_establishment
accepted;Valéria Lanches Delivery;Delivery;R. Sen. Rui Carneiro, 113A - Recanto do Poço, Cabedelo - PB, 58105-081;4.5;2;ChIJX_a1BC_frAcRSEA1go2q7_U;https://www.google.com/maps/place/?q=place_id:ChIJX_a1BC_frAcRSEA1go2q7_U;hamburgueria Cabedelo PB;Camboinha;@-7.0125,-34.8302,15z;food_scope
duplicate_in_run;Chapa Quente Lanches e Refeições;Lanchonete;R. Novo Horizonte, 37 - Jacaré, Cabedelo - PB, 58105-652;4.7;43;ChIJNYcRV8DdrAcR2mIZA8gNQHY;https://www.google.com/maps/place/?q=place_id:ChIJNYcRV8DdrAcR2mIZA8gNQHY;lanchonete Cabedelo PB;Camboinha;@-7.0125,-34.8302,15z;duplicate_in_run
duplicate_in_run;Lovina Ponta de Campina | Bar | Restaurante em Cabedelo;Restaurante;R. Vitorino Cardoso, 908 - Ponta de Campina, Cabedelo - PB, 58101-510;4.4;10742;ChIJdbKCxUTerAcRNmBt0eRrdX8;https://www.google.com/maps/place/?q=place_id:ChIJdbKCxUTerAcRNmBt0eRrdX8;lanchonete Cabedelo PB;Camboinha;@-7.0125,-34.8302,15z;duplicate_in_run
duplicate_in_run;Oxi Burguer Cabedelo;Hamburgueria;R. Maria das Neves Silva - Ponta de Campina, Cabedelo - PB, 58101-660;5;31;ChIJ-3vOhY7frAcRyc0HXHjB-zo;https://www.google.com/maps/place/?q=place_id:ChIJ-3vOhY7frAcRyc0HXHjB-zo;lanchonete Cabedelo PB;Camboinha;@-7.0125,-34.8302,15z;duplicate_in_run
duplicate_in_run;Ancoradouro Ponta de Campina;Restaurante;R. Henrique Siqueira, 242 - Ponta de Campina, Cabedelo - PB, 58310-000;3.9;495;ChIJZ2RoyxLfrAcRupeEWBQrnEc;https://www.google.com/maps/place/?q=place_id:ChIJZ2RoyxLfrAcRupeEWBQrnEc;lanchonete Cabedelo PB;Camboinha;@-7.0125,-34.8302,15z;duplicate_in_run
duplicate_in_run;Casa Di Mainha;Local para eventos;R. Prof. João Lelis de Luna Freire - Jardim Jerico, Cabedelo - PB, 58310-000;5;16;ChIJI_QFwtzfrAcR4PpGSlWFXfE;https://www.google.com/maps/place/?q=place_id:ChIJI_QFwtzfrAcR4PpGSlWFXfE;lanchonete Cabedelo PB;Camboinha;@-7.0125,-34.8302,15z;duplicate_in_run
rejected;A Ferro Y Fogo Churrasco & Burger Artesanal na Brasa;Restaurante;Av. Oceano Atlântico, 1592 - Shopping GetMall - Ponta de Campina, Cabedelo - PB, 58101-650;3.9;39;ChIJNWudC1nfrAcRZp_VOIvsXTQ;https://www.google.com/maps/place/?q=place_id:ChIJNWudC1nfrAcRZp_VOIvsXTQ;lanchonete Cabedelo PB;Camboinha;@-7.0125,-34.8302,15z;excluded_category_or_name
duplicate_in_run;Cibelly Bar & Restaurante;Bar e restaurante de ostras;Rua Luna Pedrosa, 1260 - Poço, Cabedelo - PB, 58101-574;4.1;4295;ChIJ63V170_erAcRZ2vvWZseSgE;https://www.google.com/maps/place/?q=place_id:ChIJ63V170_erAcRZ2vvWZseSgE;lanchonete Cabedelo PB;Camboinha;@-7.0125,-34.8302,15z;duplicate_in_run
rejected;GETMall;Praça de alimentação;Av. Oceano Atlântico, 1592 - Ponta de Campina, Cabedelo - PB, 58310-000;4.3;103;ChIJX7HMo6rdrAcRCeFWODir8Rw;https://www.google.com/maps/place/?q=place_id:ChIJX7HMo6rdrAcRCeFWODir8Rw;lanchonete Cabedelo PB;Camboinha;@-7.0125,-34.8302,15z;excluded_category_or_name
duplicate_in_run;ML Açaíteria;Lanchonete;R. José Lins do Rêgo, 88 - Recanto do Poço, Cabedelo - PB, 58105-057;3;2;ChIJaQy6YszfrAcRGJ_Jii6k9bA;https://www.google.com/maps/place/?q=place_id:ChIJaQy6YszfrAcRGJ_Jii6k9bA;lanchonete Cabedelo PB;Camboinha;@-7.0125,-34.8302,15z;duplicate_in_run
duplicate_in_run;Gigante Do Mar Beach;Restaurante de frutos do mar;Av. Max Zagel, 450 - Camboinha, Cabedelo - PB, 58033-455;4.2;3378;ChIJ47lgZ6TfrAcR21h_sELDBwk;https://www.google.com/maps/place/?q=place_id:ChIJ47lgZ6TfrAcR21h_sELDBwk;lanchonete Cabedelo PB;Camboinha;@-7.0125,-34.8302,15z;duplicate_in_run
duplicate_in_run;CTG Saudade Da Querência;Restaurante;R. João Santos Coelho Filho, 125 - Lot. Praia Grande, Cabedelo - PB, 58310-000;4.6;293;ChIJv8vnDLPfrAcR2d01H7Lb744;https://www.google.com/maps/place/?q=place_id:ChIJv8vnDLPfrAcR2d01H7Lb744;lanchonete Cabedelo PB;Camboinha;@-7.0125,-34.8302,15z;duplicate_in_run
duplicate_in_run;Lanchonete por do sol;Lanchonete;R. Jaguaribe, 54 - Poço, Cabedelo - PB, 58310-000;3.3;3;ChIJM-mpWSnfrAcRNDGp-E_BHt8;https://www.google.com/maps/place/?q=place_id:ChIJM-mpWSnfrAcRNDGp-E_BHt8;lanchonete Cabedelo PB;Camboinha;@-7.0125,-34.8302,15z;duplicate_in_run
accepted;Bonna Gelateria Ponta de Campina;Sorveteria especializada em sundaes;Av. Oceano Atlântico, 1592 - Ponta de Campina, Cabedelo - PB, 58101-650;3;2;ChIJBe3CG6HfrAcRIb_s5scwwiQ;https://www.google.com/maps/place/?q=place_id:ChIJBe3CG6HfrAcRIb_s5scwwiQ;lanchonete Cabedelo PB;Camboinha;@-7.0125,-34.8302,15z;food_scope
accepted;KIOSQUE CANTINHO DA PRAÇA;Restaurante self-service;R. Golfo de Oman, 362 - Ponta de Campina, Cabedelo - PB, 58101-700;5;2;ChIJsyWaegDfrAcRPzud8rSDRrU;https://www.google.com/maps/place/?q=place_id:ChIJsyWaegDfrAcRPzud8rSDRrU;lanchonete Cabedelo PB;Camboinha;@-7.0125,-34.8302,15z;food_scope
accepted;Self service da GG;Restaurante self-service;R. Jair Cunha Cavalcanti, 328 - Lot. Oceania VI, Cabedelo - PB, 58310-000;5;1;ChIJXSZHbgDfrAcR7WzEKqOnmgI;https://www.google.com/maps/place/?q=place_id:ChIJXSZHbgDfrAcR7WzEKqOnmgI;lanchonete Cabedelo PB;Camboinha;@-7.0125,-34.8302,15z;food_scope
duplicate_in_run;TCF - The Cheeseburguer Factory - Unidade Cabedelo;Lanchonete;Av. Oceano Atlântico, 1592 - Sl A15 - Ponta de Campina, Cabedelo - PB, 58310-000;4.1;13;ChIJ17zIKW_drAcRpW44MoCAPKM;https://www.google.com/maps/place/?q=place_id:ChIJ17zIKW_drAcRpW44MoCAPKM;lanchonete Cabedelo PB;Camboinha;@-7.0125,-34.8302,15z;duplicate_in_run
duplicate_in_run;Cantinho Bom;Sorveteria;R. Santa Rita de Cássia, 42 - Jardim Camboinha, Cabedelo - PB, 58103-772;5;1;ChIJm1gILLjfrAcRJzUZHE7JAuI;https://www.google.com/maps/place/?q=place_id:ChIJm1gILLjfrAcRJzUZHE7JAuI;lanchonete Cabedelo PB;Camboinha;@-7.0125,-34.8302,15z;duplicate_in_run
duplicate_in_run;Manguinhos Burguer;Hamburgueria;R. Débora Borges Xavier, 29 - Vila Sao Joao, Cabedelo - PB, 58103-405;5;1;ChIJ7714LT_frAcROZGgCaHyb1A;https://www.google.com/maps/place/?q=place_id:ChIJ7714LT_frAcROZGgCaHyb1A;lanchonete Cabedelo PB;Camboinha;@-7.0125,-34.8302,15z;duplicate_in_run
duplicate_in_run;Mimu's da Geisi confeitaria;Restaurante;Av. Imbiridiba, 22 - Lot. Oceania VI, Cabedelo - PB, 58106-252;5;2;ChIJ6yvicADfrAcRtEyKCewI-EY;https://www.google.com/maps/place/?q=place_id:ChIJ6yvicADfrAcRtEyKCewI-EY;lanchonete Cabedelo PB;Camboinha;@-7.0125,-34.8302,15z;duplicate_in_run
duplicate_in_run;Praçaí - Intermares;Lanchonete;Av. Oceano Pacífico, s/n - Intermares, Cabedelo - PB, 58310-000;4.5;238;ChIJ1cAVK23erAcRCUpJ50T3ULs;https://www.google.com/maps/place/?q=place_id:ChIJ1cAVK23erAcRCUpJ50T3ULs;lanchonete Cabedelo PB;Camboinha;@-7.0125,-34.8302,15z;duplicate_in_run
duplicate_in_run;Sakê Temakeria Ponta de Campina, Cabedelo;Restaurante japonês;Av. Oceano Atlântico, 1592 - Sl 16 E 17 - Ponta de Campina, Cabedelo - PB, 58310-000;4.7;261;ChIJ2Xj63j_drAcRrllAg3GcmOU;https://www.google.com/maps/place/?q=place_id:ChIJ2Xj63j_drAcRrllAg3GcmOU;sushi Cabedelo PB;Camboinha;@-7.0125,-34.8302,15z;duplicate_in_run
duplicate_in_run;Espaço Do Sushi;Restaurante de sushi;R. Juarez Távora - Camalaú, Cabedelo - PB, 58310-000;4.2;33;ChIJLZuM-3YgrQcRxc7_zhcQ3Y0;https://www.google.com/maps/place/?q=place_id:ChIJLZuM-3YgrQcRxc7_zhcQ3Y0;sushi Cabedelo PB;Camboinha;@-7.0125,-34.8302,15z;duplicate_in_run
duplicate_in_run;A Casa do Temakinho;Restaurante de sushi;Av. Mar da Irlanda, 222 - Intermares, Cabedelo - PB, 58310-000;4.9;150;ChIJK77pAsvfrAcRDJoNP1VhTVo;https://www.google.com/maps/place/?q=place_id:ChIJK77pAsvfrAcRDJoNP1VhTVo;sushi Cabedelo PB;Camboinha;@-7.0125,-34.8302,15z;duplicate_in_run
duplicate_in_run;Pipa Sushi & Temakeria;Restaurante de sushi;Av. Mar das Antilhas - Intermares, Cabedelo - PB, 58310-000;4.3;292;ChIJm1Mywg3erAcRAs4OIMpvJqk;https://www.google.com/maps/place/?q=place_id:ChIJm1Mywg3erAcRAs4OIMpvJqk;sushi Cabedelo PB;Camboinha;@-7.0125,-34.8302,15z;duplicate_in_run
duplicate_in_run;Sushiyaki Restaurante;Restaurante japonês;R. Ten. Antônio Pontes, 381 - Ponta de Matos, Cabedelo - PB, 58100-645;4.7;10;ChIJoZsj3b7frAcRjoZUr5Cg7Uw;https://www.google.com/maps/place/?q=place_id:ChIJoZsj3b7frAcRjoZUr5Cg7Uw;sushi Cabedelo PB;Camboinha;@-7.0125,-34.8302,15z;duplicate_in_run
duplicate_in_run;Viciados em Sushi;Restaurante japonês;R. Pedro Aleixo Moura, 34 - Centro, Cabedelo - PB, 58100-210;4.4;193;ChIJ_c5MVHEgrQcRB4CuNV0soio;https://www.google.com/maps/place/?q=place_id:ChIJ_c5MVHEgrQcRB4CuNV0soio;sushi Cabedelo PB;Camboinha;@-7.0125,-34.8302,15z;duplicate_in_run
rejected;Novo Oriente Intermares;Restaurante de sushi;Av. Mar Vermelho, 35 - Intermares, Cabedelo - PB, 58102-120;4.2;1378;ChIJN9JFAA7erAcR7c6fN6tma_g;https://www.google.com/maps/place/?q=place_id:ChIJN9JFAA7erAcR7c6fN6tma_g;sushi Cabedelo PB;Camboinha;@-7.0125,-34.8302,15z;excluded_category_or_name
duplicate_in_run;Acai;Loja de açaí;Av. Imbiridiba, 74 - Lot. Oceania VI, Cabedelo - PB, 58310-000;5;3;ChIJHS4nywrfrAcRf1rB7H0L_Mw;https://www.google.com/maps/place/?q=place_id:ChIJHS4nywrfrAcRf1rB7H0L_Mw;acai Cabedelo PB;Camboinha;@-7.0125,-34.8302,15z;duplicate_in_run
rejected;Assaí Atacadista - Estrada de Cabedelo;Atacadista;BR-230, 14 , Km 13.5, Lot. Morada Nova, Cabedelo - PB, 58033-455;4.4;581;ChIJpXuq7TTfrAcRpJL6pMYJrCA;https://www.google.com/maps/place/?q=place_id:ChIJpXuq7TTfrAcRpJL6pMYJrCA;acai Cabedelo PB;Camboinha;@-7.0125,-34.8302,15z;not_clearly_food_establishment
duplicate_in_run;Açaí Jacaré Beach;Sorveteria;R. Clodoaldo Gouveia, 214 - Praia Do Jacare, Cabedelo - PB, 58101-323;4.8;12;ChIJyzANbADfrAcRmNSHSU6nRlI;https://www.google.com/maps/place/?q=place_id:ChIJyzANbADfrAcRmNSHSU6nRlI;acai Cabedelo PB;Camboinha;@-7.0125,-34.8302,15z;duplicate_in_run
duplicate_in_run;Cantinho do açaí;Sorveteria;R. Vinicius de Morais - Recanto do Poço, Cabedelo - PB, 58105-062;5;1;ChIJP8nYbA7frAcRFz-W3qWECKs;https://www.google.com/maps/place/?q=place_id:ChIJP8nYbA7frAcRFz-W3qWECKs;acai Cabedelo PB;Camboinha;@-7.0125,-34.8302,15z;duplicate_in_run
duplicate_in_run;Praçaí - Intermares;Lanchonete;Av. Oceano Pacífico, s/n - Intermares, Cabedelo - PB, 58310-000;4.5;238;ChIJ1cAVK23erAcRCUpJ50T3ULs;https://www.google.com/maps/place/?q=place_id:ChIJ1cAVK23erAcRCUpJ50T3ULs;acai Cabedelo PB;Camboinha;@-7.0125,-34.8302,15z;duplicate_in_run
duplicate_in_run;Porto do açaí;Lanchonete;R. Cleto Campêlo, 623 - Camalaú, Cabedelo - PB, 58310-000;5;1;ChIJL9uhhKMhrQcRNgJ6D5n7bws;https://www.google.com/maps/place/?q=place_id:ChIJL9uhhKMhrQcRNgJ6D5n7bws;acai Cabedelo PB;Camboinha;@-7.0125,-34.8302,15z;duplicate_in_run
duplicate_in_run;South Beach | Açaí, Sorveteria e Cremes;Sorveteria;Av. Oceano Atlântico, 870 - Intermares, Cabedelo - PB;4.9;43;ChIJ0RcoMQDfrAcRpLtM3_RE4bo;https://www.google.com/maps/place/?q=place_id:ChIJ0RcoMQDfrAcRpLtM3_RE4bo;acai Cabedelo PB;Camboinha;@-7.0125,-34.8302,15z;duplicate_in_run
duplicate_in_run;Praça do açaí de Intermares;Playground;1548, Av. Oceano Atlântico, 1164 - Intermares, Cabedelo - PB, 58310-000;4.5;176;ChIJ-60_Km3erAcRRKoxlE8MUyc;https://www.google.com/maps/place/?q=place_id:ChIJ-60_Km3erAcRRKoxlE8MUyc;acai Cabedelo PB;Camboinha;@-7.0125,-34.8302,15z;duplicate_in_run
duplicate_in_run;Açaí da Hill Point;Loja de açaí;Trailer, Rua Mar das Antilhas, Praça Durval Portela - Intermares, Cabedelo - PB, 58102-000;4.6;9;ChIJp648VSbfrAcR46pzEDHTJBo;https://www.google.com/maps/place/?q=place_id:ChIJp648VSbfrAcR46pzEDHTJBo;acai Cabedelo PB;Camboinha;@-7.0125,-34.8302,15z;duplicate_in_run
duplicate_in_run;Coffee Cake Açaiteria;Lanchonete;Av. Oceano Atlântico, 422 - Sala, 04 - Intermares, Cabedelo - PB, 58102-252;4.7;24;ChIJJVjoiEDfrAcRFTg4AQg1nHw;https://www.google.com/maps/place/?q=place_id:ChIJJVjoiEDfrAcRFTg4AQg1nHw;acai Cabedelo PB;Camboinha;@-7.0125,-34.8302,15z;duplicate_in_run
duplicate_in_run;Cantinho Bom;Sorveteria;R. Santa Rita de Cássia, 42 - Jardim Camboinha, Cabedelo - PB, 58103-772;5;1;ChIJm1gILLjfrAcRJzUZHE7JAuI;https://www.google.com/maps/place/?q=place_id:ChIJm1gILLjfrAcRJzUZHE7JAuI;acai Cabedelo PB;Camboinha;@-7.0125,-34.8302,15z;duplicate_in_run
duplicate_in_run;Açaí da Cris;Lanchonete;Tv. Primo José Viana - Vila Sao Joao, Cabedelo - PB, 58310-000;4.7;211;ChIJcQUFI2wgrQcRG22L9whpk4I;https://www.google.com/maps/place/?q=place_id:ChIJcQUFI2wgrQcRG22L9whpk4I;acai Cabedelo PB;Camboinha;@-7.0125,-34.8302,15z;duplicate_in_run
rejected;Pé de Fruta - Cabedelo;Loja de produtos naturais;Avenida Litorânea, 1592 - loja 04 - Ponta de Campina, Cabedelo - PB, 58101-650;5;4;ChIJJYuwFhfdrAcRK5mtUOBS_TM;https://www.google.com/maps/place/?q=place_id:ChIJJYuwFhfdrAcRK5mtUOBS_TM;acai Cabedelo PB;Camboinha;@-7.0125,-34.8302,15z;not_clearly_food_establishment
duplicate_in_run;Açaí Araxá;Lanchonete;Av. Oceano Atlântico, 107 - Lot. Bela Vista, Cabedelo - PB, 58310-000;4.6;55;ChIJm_QnCOffrAcRyXaMtmUtLZk;https://www.google.com/maps/place/?q=place_id:ChIJm_QnCOffrAcRyXaMtmUtLZk;acai Cabedelo PB;Camboinha;@-7.0125,-34.8302,15z;duplicate_in_run
duplicate_in_run;Sorveteria glacial;Sorveteria;Vila dos Estivadores, 73 - Centro, Cabedelo - PB, 58310-000;4.4;260;ChIJB9065i0hrQcRn26XWJtWITw;https://www.google.com/maps/place/?q=place_id:ChIJB9065i0hrQcRn26XWJtWITw;acai Cabedelo PB;Camboinha;@-7.0125,-34.8302,15z;duplicate_in_run
duplicate_in_run;Sorveteria Frutos de Goiás - Cabedelo;Sorveteria;R. Sólon de Lucena, 30B - Centro, Cabedelo - PB, 58100-570;4.9;40;ChIJpR3-bsYhrQcRFzba--9mhwU;https://www.google.com/maps/place/?q=place_id:ChIJpR3-bsYhrQcRFzba--9mhwU;acai Cabedelo PB;Camboinha;@-7.0125,-34.8302,15z;duplicate_in_run
accepted;Sorveteria Tropical;Sorveteria;R. Jair Cunha Cavalcanti, 105 - Lot. Oceania VI, Cabedelo - PB, 58310-000;4.4;16;ChIJcQfq_sffrAcR_Wg40FlP3Gw;https://www.google.com/maps/place/?q=place_id:ChIJcQfq_sffrAcR_Wg40FlP3Gw;acai Cabedelo PB;Camboinha;@-7.0125,-34.8302,15z;food_scope
duplicate_in_run;Açai;Loja de açaí;Ponta de Campina, Cabedelo - PB, 58310-000;;;ChIJtQezUwDfrAcR_h9SSRa3yQU;https://www.google.com/maps/place/?q=place_id:ChIJtQezUwDfrAcR_h9SSRa3yQU;acai Cabedelo PB;Camboinha;@-7.0125,-34.8302,15z;duplicate_in_run
duplicate_in_run;Queens do Açaí;Loja de açaí;R. Cleto Campêlo, 832 - Camalaú, Cabedelo - PB, 58103-242;;;ChIJN3qzZx3frAcRGdsGytgR2To;https://www.google.com/maps/place/?q=place_id:ChIJN3qzZx3frAcRGdsGytgR2To;acai Cabedelo PB;Camboinha;@-7.0125,-34.8302,15z;duplicate_in_run
accepted;Açaí do Pará Intermares;Sorveteria;R. Virginia Maria Nogueira Gadelha Pimentel, 324 - Lot. Bela Vista, Cabedelo - PB, 58102-332;5;4;ChIJsRAnhEV9oYYRi8rpLGzxSFY;https://www.google.com/maps/place/?q=place_id:ChIJsRAnhEV9oYYRi8rpLGzxSFY;acai Cabedelo PB;Camboinha;@-7.0125,-34.8302,15z;food_scope
duplicate_in_run;Café Cabedelo;Cafeteria;R. Aurélio Guedes Cavalcante - Camboinha, Cabedelo - PB, 58310-000;;;ChIJ52g2ao3frAcRyzat6fBKJA4;https://www.google.com/maps/place/?q=place_id:ChIJ52g2ao3frAcRyzat6fBKJA4;cafeteria Cabedelo PB;Camboinha;@-7.0125,-34.8302,15z;duplicate_in_run
duplicate_in_run;Tia Graça Cafeteria e Doceria;Cafeteria;R. Golfo da China, 326 - Intermares, Cabedelo - PB, 58310-000;4.5;67;ChIJV8XbnLXfrAcRTzFbB-0OVFg;https://www.google.com/maps/place/?q=place_id:ChIJV8XbnLXfrAcRTzFbB-0OVFg;cafeteria Cabedelo PB;Camboinha;@-7.0125,-34.8302,15z;duplicate_in_run
duplicate_in_run;Sax Café - Por do Sol da Praia do Jacaré Cabedelo/PB;Restaurante;Pôr do Sol, R. Praia do Jacaré, Cabedelo - PB, 58310-000;4.5;102;ChIJ42uw2z3frAcRpvqGhKXp_LM;https://www.google.com/maps/place/?q=place_id:ChIJ42uw2z3frAcRpvqGhKXp_LM;cafeteria Cabedelo PB;Camboinha;@-7.0125,-34.8302,15z;duplicate_in_run
duplicate_in_run;Café cultural;Cafeteria;R. Augusto José Couto de Faria - Jardim Camboinha, Cabedelo - PB, 58103-684;;;ChIJLaRmKgDfrAcRtmvfIXT7Ibs;https://www.google.com/maps/place/?q=place_id:ChIJLaRmKgDfrAcRtmvfIXT7Ibs;cafeteria Cabedelo PB;Camboinha;@-7.0125,-34.8302,15z;duplicate_in_run
duplicate_in_run;Coffee Cake Açaiteria;Lanchonete;Av. Oceano Atlântico, 422 - Sala, 04 - Intermares, Cabedelo - PB, 58102-252;4.7;24;ChIJJVjoiEDfrAcRFTg4AQg1nHw;https://www.google.com/maps/place/?q=place_id:ChIJJVjoiEDfrAcRFTg4AQg1nHw;cafeteria Cabedelo PB;Camboinha;@-7.0125,-34.8302,15z;duplicate_in_run
rejected;Paula Cakes;Doceria;Rua Rio Botafogo - Portal do Poço, Cabedelo - PB, 58106-136;5;9;ChIJyQ2DAuLfrAcRcVq6aOH3IMA;https://www.google.com/maps/place/?q=place_id:ChIJyQ2DAuLfrAcRcVq6aOH3IMA;cafeteria Cabedelo PB;Camboinha;@-7.0125,-34.8302,15z;not_clearly_food_establishment
duplicate_in_run;Messe Cafeteria;Cafeteria;R. Praia do Jacaré - Intermares, Cabedelo - PB, 58310-000;5;2;ChIJi1DNHwDfrAcRKRUXOkoukjQ;https://www.google.com/maps/place/?q=place_id:ChIJi1DNHwDfrAcRKRUXOkoukjQ;cafeteria Cabedelo PB;Camboinha;@-7.0125,-34.8302,15z;duplicate_in_run
rejected;Panificadora do Poço;Padaria;R. Carolino Cardoso, 177-245 - Lot. Vitorino Cardoso, Cabedelo - PB, 58310-000;4.2;293;ChIJD-aUzE3erAcRIs-tCW7mU0Q;https://www.google.com/maps/place/?q=place_id:ChIJD-aUzE3erAcRIs-tCW7mU0Q;cafeteria Cabedelo PB;Camboinha;@-7.0125,-34.8302,15z;excluded_category_or_name
duplicate_in_run;JL Bolos;Cafeteria;R. Rio Paraíba, 55 - Jardim Camboinha, Cabedelo - PB, 58310-000;4.8;5;ChIJzWCQCwDfrAcRxsNeWdpCqWA;https://www.google.com/maps/place/?q=place_id:ChIJzWCQCwDfrAcRxsNeWdpCqWA;cafeteria Cabedelo PB;Camboinha;@-7.0125,-34.8302,15z;duplicate_in_run
rejected;Padaria Pandine;Padaria;Av. Mar Vermelho, 357 - Intermares, Cabedelo - PB, 58102-120;4.4;1096;ChIJP6gJ7w3erAcREADxKhazvuY;https://www.google.com/maps/place/?q=place_id:ChIJP6gJ7w3erAcREADxKhazvuY;cafeteria Cabedelo PB;Camboinha;@-7.0125,-34.8302,15z;excluded_category_or_name
duplicate_in_run;Rainha da tapioca;Cafeteria;R. Milton Macedo da Cruz - Lot. Oceania, Cabedelo - PB, 58105-565;;;ChIJ93ysPw3frAcRBYFSISTdBS4;https://www.google.com/maps/place/?q=place_id:ChIJ93ysPw3frAcRBYFSISTdBS4;cafeteria Cabedelo PB;Camboinha;@-7.0125,-34.8302,15z;duplicate_in_run
duplicate_in_run;Porto do Café;Cafeteria;Praça Getúlio Vargas, 68 - Centro, Cabedelo - PB, 58100-261;4.7;6;ChIJi8fyTQAhrQcRylnBp6lzXXs;https://www.google.com/maps/place/?q=place_id:ChIJi8fyTQAhrQcRylnBp6lzXXs;cafeteria Cabedelo PB;Camboinha;@-7.0125,-34.8302,15z;duplicate_in_run
duplicate_in_run;Chié artesanato e comedoria;Café;R. Praia do Jacaré - Intermares, Cabedelo - PB, 58310-000;4;40;ChIJTwa4MA_frAcR4t0Vizs3ozY;https://www.google.com/maps/place/?q=place_id:ChIJTwa4MA_frAcR4t0Vizs3ozY;cafeteria Cabedelo PB;Camboinha;@-7.0125,-34.8302,15z;duplicate_in_run
duplicate_in_run;Lovina Ponta de Campina | Bar | Restaurante em Cabedelo;Restaurante;R. Vitorino Cardoso, 908 - Ponta de Campina, Cabedelo - PB, 58101-510;4.4;10742;ChIJdbKCxUTerAcRNmBt0eRrdX8;https://www.google.com/maps/place/?q=place_id:ChIJdbKCxUTerAcRNmBt0eRrdX8;cafeteria Cabedelo PB;Camboinha;@-7.0125,-34.8302,15z;duplicate_in_run
duplicate_in_run;Fatia do Céu;Cafeteria;R. Porto Marseille, 7 - Recanto do Poço, Cabedelo - PB, 58105-431;;;ChIJhSNbCwDfrAcRw0RK4wV6OVo;https://www.google.com/maps/place/?q=place_id:ChIJhSNbCwDfrAcRw0RK4wV6OVo;cafeteria Cabedelo PB;Camboinha;@-7.0125,-34.8302,15z;duplicate_in_run
rejected;Tia Graça Doces E Salgados;Doceria;R. Pedro Aleixo Moura, 26 - Vila Sao Joao, Cabedelo - PB, 58310-000;4.6;414;ChIJazVfCHEgrQcRref-q7f7tNA;https://www.google.com/maps/place/?q=place_id:ChIJazVfCHEgrQcRref-q7f7tNA;cafeteria Cabedelo PB;Camboinha;@-7.0125,-34.8302,15z;not_clearly_food_establishment
duplicate_in_run;Juci;Cafeteria;R. Golfo de Cadis, 470 - Intermares, Cabedelo - PB, 58310-000;1;1;ChIJo7CaIwDfrAcRImsAHe1osU4;https://www.google.com/maps/place/?q=place_id:ChIJo7CaIwDfrAcRImsAHe1osU4;cafeteria Cabedelo PB;Camboinha;@-7.0125,-34.8302,15z;duplicate_in_run
rejected;Herbalife Intermares Cabedelo.;Casa de chá;Av. Oceano Atlântico, 328 - Sl 06 - Intermares, Cabedelo - PB, 58102-252;5;19;ChIJe0vpX2verAcRw7t0W-KuzRA;https://www.google.com/maps/place/?q=place_id:ChIJe0vpX2verAcRw7t0W-KuzRA;cafeteria Cabedelo PB;Camboinha;@-7.0125,-34.8302,15z;not_clearly_food_establishment
rejected;Verano Praia Bar;Bar;Av. Pastor José Alves de Oliveira, 848 - Areia Dourada, Cabedelo - PB, 58101-205;4.4;324;ChIJh0FVTwvfrAcRloIZE5Iit7w;https://www.google.com/maps/place/?q=place_id:ChIJh0FVTwvfrAcRloIZE5Iit7w;cafeteria Cabedelo PB;Camboinha;@-7.0125,-34.8302,15z;not_clearly_food_establishment
duplicate_in_run;Caldinho Prime Formosa;Restaurante;Av. Cassiano da Cunha Nóbrega, 555 - Vila Sao Joao, Cabedelo - PB, 58310-000;4.7;46;ChIJo3IrDQAhrQcRuau8CF_J1oc;https://www.google.com/maps/place/?q=place_id:ChIJo3IrDQAhrQcRuau8CF_J1oc;cafeteria Cabedelo PB;Camboinha;@-7.0125,-34.8302,15z;duplicate_in_run
duplicate_in_run;Lovina Ponta de Campina | Bar | Restaurante em Cabedelo;Restaurante;R. Vitorino Cardoso, 908 - Ponta de Campina, Cabedelo - PB, 58101-510;4.4;10742;ChIJdbKCxUTerAcRNmBt0eRrdX8;https://www.google.com/maps/place/?q=place_id:ChIJdbKCxUTerAcRNmBt0eRrdX8;bar restaurante Cabedelo PB;Camboinha;@-7.0125,-34.8302,15z;duplicate_in_run
duplicate_in_run;Cibelly Bar & Restaurante;Bar e restaurante de ostras;Rua Luna Pedrosa, 1260 - Poço, Cabedelo - PB, 58101-574;4.1;4295;ChIJ63V170_erAcRZ2vvWZseSgE;https://www.google.com/maps/place/?q=place_id:ChIJ63V170_erAcRZ2vvWZseSgE;bar restaurante Cabedelo PB;Camboinha;@-7.0125,-34.8302,15z;duplicate_in_run
rejected;Badionaldo;Bar;R. Vitorino Cardoso, 780 - Lot. Vitorino Cardoso, Cabedelo - PB, 58101-510;3.7;111;ChIJLV_DEEPfrAcRnoTIdvp3Ch0;https://www.google.com/maps/place/?q=place_id:ChIJLV_DEEPfrAcRnoTIdvp3Ch0;bar restaurante Cabedelo PB;Camboinha;@-7.0125,-34.8302,15z;not_clearly_food_establishment
rejected;TreeHouse Bar Lounge - Por do sol João Pessoa;Bar;R. Pôr do Sol, s/n, Cabedelo - PB, 58310-000;4.5;1125;ChIJ33JsoxverAcRwnzfHW9fJTI;https://www.google.com/maps/place/?q=place_id:ChIJ33JsoxverAcRwnzfHW9fJTI;bar restaurante Cabedelo PB;Camboinha;@-7.0125,-34.8302,15z;excluded_category_or_name
duplicate_in_run;Kubanacan Bar e Restaurante;Restaurante;R. Julieta Viana, 103 - Camboinha, Cabedelo - PB, 58101-375;4.8;108;ChIJJZe3-g3frAcRPD9qTI1nWYM;https://www.google.com/maps/place/?q=place_id:ChIJJZe3-g3frAcRPD9qTI1nWYM;bar restaurante Cabedelo PB;Camboinha;@-7.0125,-34.8302,15z;duplicate_in_run
rejected;Verano Praia Bar;Bar;Av. Pastor José Alves de Oliveira, 848 - Areia Dourada, Cabedelo - PB, 58101-205;4.4;324;ChIJh0FVTwvfrAcRloIZE5Iit7w;https://www.google.com/maps/place/?q=place_id:ChIJh0FVTwvfrAcRloIZE5Iit7w;bar restaurante Cabedelo PB;Camboinha;@-7.0125,-34.8302,15z;not_clearly_food_establishment
duplicate_in_run;Ancoradouro Ponta de Campina;Restaurante;R. Henrique Siqueira, 242 - Ponta de Campina, Cabedelo - PB, 58310-000;3.9;495;ChIJZ2RoyxLfrAcRupeEWBQrnEc;https://www.google.com/maps/place/?q=place_id:ChIJZ2RoyxLfrAcRupeEWBQrnEc;bar restaurante Cabedelo PB;Camboinha;@-7.0125,-34.8302,15z;duplicate_in_run
duplicate_in_run;Ilha Dourada Restaurante;Restaurante de frutos do mar;BR -230, R. José Américo de Almeida Filho, s/n - Areia Dourada, Cabedelo - PB, 58101-212;4.2;3161;ChIJ19PDcIXfrAcRzBwfL7gvIIs;https://www.google.com/maps/place/?q=place_id:ChIJ19PDcIXfrAcRzBwfL7gvIIs;bar restaurante Cabedelo PB;Camboinha;@-7.0125,-34.8302,15z;duplicate_in_run
duplicate_in_run;Gigante Do Mar Beach;Restaurante de frutos do mar;Av. Max Zagel, 450 - Camboinha, Cabedelo - PB, 58033-455;4.2;3378;ChIJ47lgZ6TfrAcR21h_sELDBwk;https://www.google.com/maps/place/?q=place_id:ChIJ47lgZ6TfrAcR21h_sELDBwk;bar restaurante Cabedelo PB;Camboinha;@-7.0125,-34.8302,15z;duplicate_in_run
rejected;Rallo's Bar;Bar;R. Leonor Viana de Souza Carvalho, 717 - Lot. Nazareth, Cabedelo - PB, 58310-000;4.5;151;ChIJBwzWfE3erAcR6TzRvhVrh9k;https://www.google.com/maps/place/?q=place_id:ChIJBwzWfE3erAcR6TzRvhVrh9k;bar restaurante Cabedelo PB;Camboinha;@-7.0125,-34.8302,15z;not_clearly_food_establishment
rejected;Neuza Praia Bar;Bar;R. Maria Fernandes Viana - Jardim Jerico, Cabedelo - PB, 58310-000;4.3;39;ChIJASN62qDfrAcRT8pxH8OO2lQ;https://www.google.com/maps/place/?q=place_id:ChIJASN62qDfrAcRT8pxH8OO2lQ;bar restaurante Cabedelo PB;Camboinha;@-7.0125,-34.8302,15z;not_clearly_food_establishment
duplicate_in_run;Numar Bar e Restaurante;Bar;Av. Oceano Atlântico, 878 - Intermares, Cabedelo - PB, 58310-000;4.5;1370;ChIJ29wxE1zfrAcRAXclbUaSW8w;https://www.google.com/maps/place/?q=place_id:ChIJ29wxE1zfrAcRAXclbUaSW8w;bar restaurante Cabedelo PB;Camboinha;@-7.0125,-34.8302,15z;duplicate_in_run
rejected;Bar Sol de Verão;Bar;R. João Henrique de Miranda, 401 - Camboinha, Cabedelo - PB, 58310-000;4.2;75;ChIJnVIRsq_frAcR_6-FikFOahs;https://www.google.com/maps/place/?q=place_id:ChIJnVIRsq_frAcR_6-FikFOahs;bar restaurante Cabedelo PB;Camboinha;@-7.0125,-34.8302,15z;not_clearly_food_establishment
duplicate_in_run;Bar das Meninas Restaurante;Restaurante de frutos do mar;R. Des. Onaldo N Montenegro, 368 - Vila Sao Joao, Cabedelo - PB, 58109-342;4.2;3174;ChIJodwqQ2kgrQcR4ABUUI60O8Y;https://www.google.com/maps/place/?q=place_id:ChIJodwqQ2kgrQcR4ABUUI60O8Y;bar restaurante Cabedelo PB;Camboinha;@-7.0125,-34.8302,15z;duplicate_in_run
duplicate_in_run;Restaurante Recanto do Picuí Intermares;Restaurante;R. Golfo Sidra, 72 - Intermares, Cabedelo - PB, 58310-000;4.5;1267;ChIJ7xU6NRLerAcRpPuWqjv1L7c;https://www.google.com/maps/place/?q=place_id:ChIJ7xU6NRLerAcRpPuWqjv1L7c;bar restaurante Cabedelo PB;Camboinha;@-7.0125,-34.8302,15z;duplicate_in_run
duplicate_in_run;Caiçara Bar e Restaurante;Restaurante;Praia de, Rua Cassiano, Av. Cassiano da Cunha Nóbrega - Ponta de Matos, Cabedelo - PB, 58100-695;4.7;39;ChIJ6UAYvCohrQcRzW-CciJ0DB0;https://www.google.com/maps/place/?q=place_id:ChIJ6UAYvCohrQcRzW-CciJ0DB0;bar restaurante Cabedelo PB;Camboinha;@-7.0125,-34.8302,15z;duplicate_in_run
duplicate_in_run;Restaurante Pôr do Sol;Restaurante;R. Pres. João Pessoa, 1 - Vila Sao Joao, Cabedelo - PB, 58310-000;4.6;105;ChIJb69icnQgrQcRc9_nUnm-luI;https://www.google.com/maps/place/?q=place_id:ChIJb69icnQgrQcRc9_nUnm-luI;bar restaurante Cabedelo PB;Camboinha;@-7.0125,-34.8302,15z;duplicate_in_run
duplicate_in_run;Mão Branca bar e resturante;Restaurante de frutos do mar;Rua Luna Pedrosa, R. Vitorino Cardoso, 36, Cabedelo - PB, 58101-574;4.1;28;ChIJrTuuvqffrAcRlkCExl3ppsU;https://www.google.com/maps/place/?q=place_id:ChIJrTuuvqffrAcRlkCExl3ppsU;bar restaurante Cabedelo PB;Camboinha;@-7.0125,-34.8302,15z;duplicate_in_run
duplicate_in_run;CTG Saudade Da Querência;Restaurante;R. João Santos Coelho Filho, 125 - Lot. Praia Grande, Cabedelo - PB, 58310-000;4.6;293;ChIJv8vnDLPfrAcR2d01H7Lb744;https://www.google.com/maps/place/?q=place_id:ChIJv8vnDLPfrAcR2d01H7Lb744;bar restaurante Cabedelo PB;Camboinha;@-7.0125,-34.8302,15z;duplicate_in_run
rejected;A Ferro Y Fogo Churrasco & Burger Artesanal na Brasa;Restaurante;Av. Oceano Atlântico, 1592 - Shopping GetMall - Ponta de Campina, Cabedelo - PB, 58101-650;3.9;39;ChIJNWudC1nfrAcRZp_VOIvsXTQ;https://www.google.com/maps/place/?q=place_id:ChIJNWudC1nfrAcRZp_VOIvsXTQ;bar restaurante Cabedelo PB;Camboinha;@-7.0125,-34.8302,15z;excluded_category_or_name
