restaurant_id;restaurant_name;query;selected;tier;score;platform;source;title;link;flags
9488d27a-7737-4c86-b059-0e16a6fb049d;Lovina Ponta de Campina | Bar | Restaurante em Cabedelo;Lovina Ponta de Campina | Bar | Restaurante em Cabedelo Ponta de Campina R. Vitorino Cardoso (83) 99408-6293 Cabedelo PB cardapio pedido delivery;yes;red;42;map;organic;Lovina in Cabedelo - PB, Brazil;https://maps.apple.com/place?place-id=IF8DDAE3601ACC36F;map_not_direct_menu
9488d27a-7737-4c86-b059-0e16a6fb049d;Lovina Ponta de Campina | Bar | Restaurante em Cabedelo;Lovina Ponta de Campina | Bar | Restaurante em Cabedelo Ponta de Campina R. Vitorino Cardoso (83) 99408-6293 Cabedelo PB cardapio pedido delivery;;red;36;tripadvisor;organic;Lovina Ponta de Campina - Restaurantes: Cabedelo;https://tripadvisor.com.br/Restaurant_Review-g793398-d4460872-Reviews-Lovina_Ponta_de_Campina-Cabedelo_State_of_Paraiba.html;
9488d27a-7737-4c86-b059-0e16a6fb049d;Lovina Ponta de Campina | Bar | Restaurante em Cabedelo;Lovina Ponta de Campina | Bar | Restaurante em Cabedelo Ponta de Campina R. Vitorino Cardoso (83) 99408-6293 Cabedelo PB cardapio pedido delivery;;red;30;cabedelo.pb.gov.br;organic;Lovina Tropical Bar e Restaurante | Prefeitura de Cabedelo;https://cabedelo.pb.gov.br/ondecomer/lovina-tropical-bar-e-restaurante;
9488d27a-7737-4c86-b059-0e16a6fb049d;Lovina Ponta de Campina | Bar | Restaurante em Cabedelo;Lovina Ponta de Campina | Bar | Restaurante em Cabedelo Ponta de Campina R. Vitorino Cardoso (83) 99408-6293 Cabedelo PB cardapio pedido delivery;;red;24;youtube.com;organic;LOVINA BAR E A NOVA ORLA DA PRAIA PONTA DE ...;https://youtube.com/watch?v=QQp71BtnlUc;
9488d27a-7737-4c86-b059-0e16a6fb049d;Lovina Ponta de Campina | Bar | Restaurante em Cabedelo;Lovina Ponta de Campina | Bar | Restaurante em Cabedelo Ponta de Campina R. Vitorino Cardoso (83) 99408-6293 Cabedelo PB cardapio pedido delivery;;red;24;moovitapp.com;organic;Veja Lovina Tropical Bar & Restaurante, Cabedelo, no mapa;https://moovitapp.com/index/pt-br/transporte_p%C3%BAblico-Lovina_Tropical_Bar_Restaurante-Joao_Pessoa-site_19293254-1622;
9488d27a-7737-4c86-b059-0e16a6fb049d;Lovina Ponta de Campina | Bar | Restaurante em Cabedelo;Lovina Ponta de Campina | Bar | Restaurante em Cabedelo Ponta de Campina R. Vitorino Cardoso (83) 99408-6293 Cabedelo PB cardapio pedido delivery;;red;8;execut.com.br;organic;Lovina Ponta de Campina;https://execut.com.br/experiencias/lovina-ponta-de-campina;city_not_confirmed
9488d27a-7737-4c86-b059-0e16a6fb049d;Lovina Ponta de Campina | Bar | Restaurante em Cabedelo;Lovina Ponta de Campina | Bar | Restaurante em Cabedelo Ponta de Campina R. Vitorino Cardoso (83) 99408-6293 Cabedelo PB cardapio pedido delivery;;red;8;wanderboat.ai;organic;Lovina Tropical Restaurant - R. Vitorino Cardoso, 908;https://wanderboat.ai/restaurants/brazil/regi%C3%A3o-geogr%C3%A1fica-imediata-de-jo%C3%A3o-pessoa/lovina-tropical-restaurant/HjyAcmKeTAKgR84JtF13Og;city_not_confirmed
9488d27a-7737-4c86-b059-0e16a6fb049d;Lovina Ponta de Campina | Bar | Restaurante em Cabedelo;Lovina Ponta de Campina | Bar | Restaurante em Cabedelo Ponta de Campina R. Vitorino Cardoso (83) 99408-6293 Cabedelo PB cardapio pedido delivery;;red;6;instagram;organic;"Lovina Ponta de Campina on Instagram: ""Procurando onde ...";https://instagram.com/reel/CawsnoPjejQ;instagram_reel_not_profile|instagram_profile_not_canonicalizable
acb457db-a5d7-408e-a3b5-c9cfb3caff7b;Cibelly Bar & Restaurante;Cibelly Bar & Restaurante Poço Rua Luna Pedrosa (83) 99982-5668 Cabedelo PB cardapio pedido delivery;yes;yellow;75;instagram;organic;Cibelly Bar & Restaurante (@cibellybar) · Cabedelo, PB;https://instagram.com/cibellybar/?hl=pt-br;
acb457db-a5d7-408e-a3b5-c9cfb3caff7b;Cibelly Bar & Restaurante;Cibelly Bar & Restaurante Poço Rua Luna Pedrosa (83) 99982-5668 Cabedelo PB cardapio pedido delivery;;red;42;cabedelo.pb.gov.br;organic;Cibelly Bar e Restaurante | Prefeitura de Cabedelo;https://cabedelo.pb.gov.br/ondecomer/cibelly-bar-e-restaurante;
acb457db-a5d7-408e-a3b5-c9cfb3caff7b;Cibelly Bar & Restaurante;Cibelly Bar & Restaurante Poço Rua Luna Pedrosa (83) 99982-5668 Cabedelo PB cardapio pedido delivery;;red;36;tripadvisor;organic;CIBELLY BAR & RESTAURANTE, Cabedelo;https://tripadvisor.com.br/Restaurant_Review-g793398-d7241467-Reviews-Cibelly_Bar_Restaurante-Cabedelo_State_of_Paraiba.html;
acb457db-a5d7-408e-a3b5-c9cfb3caff7b;Cibelly Bar & Restaurante;Cibelly Bar & Restaurante Poço Rua Luna Pedrosa (83) 99982-5668 Cabedelo PB cardapio pedido delivery;;red;30;facebook;organic;Cibelly Bar & Restaurante | Cabedelo PB;https://facebook.com/Cibellybar/?locale=pt_BR;
acb457db-a5d7-408e-a3b5-c9cfb3caff7b;Cibelly Bar & Restaurante;Cibelly Bar & Restaurante Poço Rua Luna Pedrosa (83) 99982-5668 Cabedelo PB cardapio pedido delivery;;red;30;vendaagora.com;organic;Cibelly Bar & Restaurante - CABEDELO - PB;https://vendaagora.com/cibellybar;
acb457db-a5d7-408e-a3b5-c9cfb3caff7b;Cibelly Bar & Restaurante;Cibelly Bar & Restaurante Poço Rua Luna Pedrosa (83) 99982-5668 Cabedelo PB cardapio pedido delivery;;red;30;mocadaqueagita.com;organic;Cibelly's Bar e Restaurante;https://mocadaqueagita.com/cibellys-bar-e-restaurante;
acb457db-a5d7-408e-a3b5-c9cfb3caff7b;Cibelly Bar & Restaurante;Cibelly Bar & Restaurante Poço Rua Luna Pedrosa (83) 99982-5668 Cabedelo PB cardapio pedido delivery;;red;30;paraibacriativa.com.br;organic;Cibelly Mar;https://paraibacriativa.com.br/artista/cibelly-mar;
acb457db-a5d7-408e-a3b5-c9cfb3caff7b;Cibelly Bar & Restaurante;Cibelly Bar & Restaurante Poço Rua Luna Pedrosa (83) 99982-5668 Cabedelo PB cardapio pedido delivery;;red;12;instagram;organic;Cibelly Bar & Restaurante on Instagram;https://instagram.com/reel/C6g1dFyrC9m;instagram_reel_not_profile|instagram_profile_not_canonicalizable
0076b4c5-2d07-416e-a1ac-3ed9e83e02e5;Gigante Do Mar Beach;Gigante Do Mar Beach Camboinha Av. Max Zagel (83) 99995-2504 Cabedelo PB cardapio pedido delivery;yes;yellow;83;instagram;organic;gigantedomaroficial • Instagram photos and videos;https://instagram.com/gigantedomaroficial;
0076b4c5-2d07-416e-a1ac-3ed9e83e02e5;Gigante Do Mar Beach;Gigante Do Mar Beach Camboinha Av. Max Zagel (83) 99995-2504 Cabedelo PB cardapio pedido delivery;;yellow;58;cabedelo.pb.gov.br;organic;Gigante Do Mar Beach | Prefeitura de Cabedelo;https://cabedelo.pb.gov.br/ondecomer/gigante-do-mar-beach;
0076b4c5-2d07-416e-a1ac-3ed9e83e02e5;Gigante Do Mar Beach;Gigante Do Mar Beach Camboinha Av. Max Zagel (83) 99995-2504 Cabedelo PB cardapio pedido delivery;;yellow;56;tripadvisor;organic;GIGANTE DO MAR, Cabedelo - Cardápio, Preços & ...;https://tripadvisor.com.br/Restaurant_Review-g793398-d3727884-Reviews-Gigante_do_Mar-Cabedelo_State_of_Paraiba.html;
0076b4c5-2d07-416e-a1ac-3ed9e83e02e5;Gigante Do Mar Beach;Gigante Do Mar Beach Camboinha Av. Max Zagel (83) 99995-2504 Cabedelo PB cardapio pedido delivery;;red;28;execut.com.br;organic;Gigante Do Mar Bar e Restaurante;https://execut.com.br/experiencias/gigante-do-mar-bar-e-restaurante;city_not_confirmed
0076b4c5-2d07-416e-a1ac-3ed9e83e02e5;Gigante Do Mar Beach;Gigante Do Mar Beach Camboinha Av. Max Zagel (83) 99995-2504 Cabedelo PB cardapio pedido delivery;;red;28;paraibatotal.com.br;organic;Bar pé na areia: Gigante do mar;https://paraibatotal.com.br/2023/01/24/bar-pe-na-areia-gigante-do-mar;city_not_confirmed
0076b4c5-2d07-416e-a1ac-3ed9e83e02e5;Gigante Do Mar Beach;Gigante Do Mar Beach Camboinha Av. Max Zagel (83) 99995-2504 Cabedelo PB cardapio pedido delivery;;red;24;happycow.net;organic;Gigante do Mar Beach - Joao Pessoa Restaurant;https://happycow.net/reviews/gigante-do-mar-beach-joao-pessoa-456765;city_not_confirmed
0076b4c5-2d07-416e-a1ac-3ed9e83e02e5;Gigante Do Mar Beach;Gigante Do Mar Beach Camboinha Av. Max Zagel (83) 99995-2504 Cabedelo PB cardapio pedido delivery;;red;20;instagram;organic;Praia de Camboinha e o Bar Gigante do Mar - a praia está ...;https://instagram.com/reel/DE758W5RTUj;instagram_reel_not_profile|instagram_profile_not_canonicalizable
0076b4c5-2d07-416e-a1ac-3ed9e83e02e5;Gigante Do Mar Beach;Gigante Do Mar Beach Camboinha Av. Max Zagel (83) 99995-2504 Cabedelo PB cardapio pedido delivery;;red;20;instagram;organic;Tínhamos que vir conhecer o Gigante do Mar, o restaurante ...;https://instagram.com/reel/DGbKOfhpapK;instagram_reel_not_profile|instagram_profile_not_canonicalizable
8162456c-2817-4a8a-bbab-aa875c29419e;Bar das Meninas Restaurante;Bar das Meninas Restaurante Vila Sao Joao R. Des. Onaldo N Montenegro (83) 98715-5110 Cabedelo PB cardapio pedido delivery;yes;yellow;75;instagram;organic;Meninas Bar e Restaurante (@meninasbar) · Cabedelos, PB;https://instagram.com/meninasbar;
8162456c-2817-4a8a-bbab-aa875c29419e;Bar das Meninas Restaurante;Bar das Meninas Restaurante Vila Sao Joao R. Des. Onaldo N Montenegro (83) 98715-5110 Cabedelo PB cardapio pedido delivery;;yellow;70;menudino;organic;Delivery de Bar em João Pessoa;https://menudino.com/delivery/joao-pessoa-pb/bar;brand_not_confirmed|city_not_confirmed
8162456c-2817-4a8a-bbab-aa875c29419e;Bar das Meninas Restaurante;Bar das Meninas Restaurante Vila Sao Joao R. Des. Onaldo N Montenegro (83) 98715-5110 Cabedelo PB cardapio pedido delivery;;yellow;48;tripadvisor;organic;Bar das Meninas - Restaurantes: Cabedelo;https://tripadvisor.com.br/Restaurant_Review-g793398-d5973028-Reviews-Bar_das_Meninas-Cabedelo_State_of_Paraiba.html;
8162456c-2817-4a8a-bbab-aa875c29419e;Bar das Meninas Restaurante;Bar das Meninas Restaurante Vila Sao Joao R. Des. Onaldo N Montenegro (83) 98715-5110 Cabedelo PB cardapio pedido delivery;;red;42;cardapio.menu;organic;Meninas' Bar Restaurant em Cabedelo;https://cardapio.menu/restaurants/cabedelo/meninas-bar-restaurant;
8162456c-2817-4a8a-bbab-aa875c29419e;Bar das Meninas Restaurante;Bar das Meninas Restaurante Vila Sao Joao R. Des. Onaldo N Montenegro (83) 98715-5110 Cabedelo PB cardapio pedido delivery;;red;36;mindtrip.ai;organic;Meninas' Bar Restaurant in Cabedelo - Ask AI;https://mindtrip.ai/restaurant/cabedelo-state-paraiba/meninas-bar-restaurant/re-BamP9IPc;
8162456c-2817-4a8a-bbab-aa875c29419e;Bar das Meninas Restaurante;Bar das Meninas Restaurante Vila Sao Joao R. Des. Onaldo N Montenegro (83) 98715-5110 Cabedelo PB cardapio pedido delivery;;red;8;wanderboat.ai;organic;Meninas' Bar Restaurant - R. Des. Onaldo N Montenegro, ...;https://wanderboat.ai/restaurants/brazil/regi%C3%A3o-geogr%C3%A1fica-imediata-de-jo%C3%A3o-pessoa/meninas'-bar-restaurant/9jpiPtK2R9OfU_dhBUXWkw;city_not_confirmed
8162456c-2817-4a8a-bbab-aa875c29419e;Bar das Meninas Restaurante;Bar das Meninas Restaurante Vila Sao Joao R. Des. Onaldo N Montenegro (83) 98715-5110 Cabedelo PB cardapio pedido delivery;;red;-10;instagram;organic;Reel by Meninas Bar e Restaurante (@meninasbar) · January ...;https://instagram.com/reel/C2pPcvlrAn8;instagram_reel_not_profile|instagram_profile_not_canonicalizable|city_not_confirmed
8162456c-2817-4a8a-bbab-aa875c29419e;Bar das Meninas Restaurante;Bar das Meninas Restaurante Vila Sao Joao R. Des. Onaldo N Montenegro (83) 98715-5110 Cabedelo PB cardapio pedido delivery;;red;-16;pedizap.com.br;organic;Pedizap - Monte seu Cardápio e Receba os Pedidos via ...;https://pedizap.com.br;brand_not_confirmed|city_not_confirmed
76a39b5d-8130-4119-a4a5-87e8ea3020b8;Ilha Dourada Restaurante;Ilha Dourada Restaurante R. José Américo de Almeida Filho BR -230 (83) 3228-1826 Cabedelo PB cardapio pedido delivery;yes;red;-64;instagram;organic;Pier Restaurante | Já pode? Aqui pode! A partir das 10h30 ...;https://instagram.com/p/DTfirGmAAy2;instagram_p_not_profile|brand_not_confirmed|instagram_profile_not_canonicalizable|city_not_confirmed
d7d014d6-8d90-440c-a2ab-caee3b86bb0d;Tenda Formosa Bar & Restaurante;Tenda Formosa Bar & Restaurante Praia Formosa Av. Cassiano da Cunha Nóbrega (83) 98850-1112 Cabedelo PB cardapio pedido delivery;yes;yellow;75;instagram;organic;Tenda Formosa restaurante (@tendaformosaoficial);https://instagram.com/tendaformosaoficial;
d7d014d6-8d90-440c-a2ab-caee3b86bb0d;Tenda Formosa Bar & Restaurante;Tenda Formosa Bar & Restaurante Praia Formosa Av. Cassiano da Cunha Nóbrega (83) 98850-1112 Cabedelo PB cardapio pedido delivery;;red;2;cabedelo.pb.gov.br;organic;Tenda Formosa Bar e Restaurante;https://cabedelo.pb.gov.br/ondecomer/tenda-formosa-bar-e-restaurante;brand_not_confirmed
d7d014d6-8d90-440c-a2ab-caee3b86bb0d;Tenda Formosa Bar & Restaurante;Tenda Formosa Bar & Restaurante Praia Formosa Av. Cassiano da Cunha Nóbrega (83) 98850-1112 Cabedelo PB cardapio pedido delivery;;red;2;empresas.serasaexperian.com.br;organic;TENDA FORMOSA RESTAURANTE LTDA - ME;https://empresas.serasaexperian.com.br/consulta-gratis/TENDA-FORMOSA-RESTAURANTE-LTDA-49959820000102;brand_not_confirmed
d7d014d6-8d90-440c-a2ab-caee3b86bb0d;Tenda Formosa Bar & Restaurante;Tenda Formosa Bar & Restaurante Praia Formosa Av. Cassiano da Cunha Nóbrega (83) 98850-1112 Cabedelo PB cardapio pedido delivery;;red;0;tripadvisor;organic;Caldinho Prime Formosa - Restaurantes: Cabedelo;https://tripadvisor.com.br/Restaurant_Review-g793398-d34142908-Reviews-Caldinho_Prime_Formosa-Cabedelo_State_of_Paraiba.html;brand_not_confirmed
d7d014d6-8d90-440c-a2ab-caee3b86bb0d;Tenda Formosa Bar & Restaurante;Tenda Formosa Bar & Restaurante Praia Formosa Av. Cassiano da Cunha Nóbrega (83) 98850-1112 Cabedelo PB cardapio pedido delivery;;red;-20;execut.com.br;organic;Tenda Formosa Restaurante;https://execut.com.br/experiencias/tenda-formosa-restaurante;brand_not_confirmed|city_not_confirmed
d7d014d6-8d90-440c-a2ab-caee3b86bb0d;Tenda Formosa Bar & Restaurante;Tenda Formosa Bar & Restaurante Praia Formosa Av. Cassiano da Cunha Nóbrega (83) 98850-1112 Cabedelo PB cardapio pedido delivery;;red;-20;wanderboat.ai;organic;Tenda Formosa Bar & Restaurante;https://wanderboat.ai/restaurants/brazil/regi%C3%A3o-geogr%C3%A1fica-imediata-de-jo%C3%A3o-pessoa/tenda-formosa-bar-%26-restaurante/yxWh36cXRQywkaUtSe2H3Q;brand_not_confirmed|city_not_confirmed
d7d014d6-8d90-440c-a2ab-caee3b86bb0d;Tenda Formosa Bar & Restaurante;Tenda Formosa Bar & Restaurante Praia Formosa Av. Cassiano da Cunha Nóbrega (83) 98850-1112 Cabedelo PB cardapio pedido delivery;;red;-34;instagram;organic;🍽️Peixada individual por apenas R$10,00 ...;https://instagram.com/reel/DRAG6mQjolp;instagram_reel_not_profile|brand_not_confirmed|instagram_profile_not_canonicalizable
d7d014d6-8d90-440c-a2ab-caee3b86bb0d;Tenda Formosa Bar & Restaurante;Tenda Formosa Bar & Restaurante Praia Formosa Av. Cassiano da Cunha Nóbrega (83) 98850-1112 Cabedelo PB cardapio pedido delivery;;red;-40;instagram;organic;Gente, os boatos eram VERDADE! 🗣️ Fui pela primeira vez ...;https://instagram.com/reel/DUvM9TQjuKt;instagram_reel_not_profile|brand_not_confirmed|instagram_profile_not_canonicalizable
775e0a86-b7d6-48a7-a84b-619164add8f9;Numar Bar e Restaurante;Numar Bar e Restaurante Intermares Av. Oceano Atlântico (83) 3567-7306 Cabedelo PB cardapio pedido delivery;yes;yellow;80;anota_ai;organic;NOVO ORIENTE INTERMARES | Delivery em Cabedelo;https://pedido.anota.ai/loja/novo-oriente-intermares-;brand_not_confirmed
775e0a86-b7d6-48a7-a84b-619164add8f9;Numar Bar e Restaurante;Numar Bar e Restaurante Intermares Av. Oceano Atlântico (83) 3567-7306 Cabedelo PB cardapio pedido delivery;;yellow;69;instagram;organic;Numar Bar e Restaurante (@numarbarintermares);https://instagram.com/numarbarintermares;
775e0a86-b7d6-48a7-a84b-619164add8f9;Numar Bar e Restaurante;Numar Bar e Restaurante Intermares Av. Oceano Atlântico (83) 3567-7306 Cabedelo PB cardapio pedido delivery;;red;2;cabedelo.pb.gov.br;organic;Numar Bar e Restaurante | Prefeitura de Cabedelo;https://cabedelo.pb.gov.br/ondecomer/numar-bar-e-restaurante;brand_not_confirmed
775e0a86-b7d6-48a7-a84b-619164add8f9;Numar Bar e Restaurante;Numar Bar e Restaurante Intermares Av. Oceano Atlântico (83) 3567-7306 Cabedelo PB cardapio pedido delivery;;red;2;facebook;organic;Numar bar | Cabedelo PB;https://facebook.com/numarbar/?locale=pt_BR;brand_not_confirmed
775e0a86-b7d6-48a7-a84b-619164add8f9;Numar Bar e Restaurante;Numar Bar e Restaurante Intermares Av. Oceano Atlântico (83) 3567-7306 Cabedelo PB cardapio pedido delivery;;red;2;econodata.com.br;organic;Numar em Cabedelo, PB - 36.037.258/0001-00;https://econodata.com.br/consulta-empresa/36037258000100-numar-bar-e-restaurante-ltda;brand_not_confirmed
775e0a86-b7d6-48a7-a84b-619164add8f9;Numar Bar e Restaurante;Numar Bar e Restaurante Intermares Av. Oceano Atlântico (83) 3567-7306 Cabedelo PB cardapio pedido delivery;;red;0;tripadvisor;organic;Restaurantes nas proximidades de Praia de Intermares;https://tripadvisor.com.br/RestaurantsNear-g793398-d2342304-Intermares_Beach-Cabedelo_State_of_Paraiba.html;brand_not_confirmed
775e0a86-b7d6-48a7-a84b-619164add8f9;Numar Bar e Restaurante;Numar Bar e Restaurante Intermares Av. Oceano Atlântico (83) 3567-7306 Cabedelo PB cardapio pedido delivery;;red;-28;instagram;organic;Numar Bar e Restaurante | A quarta-feira do Numar é sagrada ...;https://instagram.com/reel/DKe4BKtuClN;instagram_reel_not_profile|brand_not_confirmed|instagram_profile_not_canonicalizable
775e0a86-b7d6-48a7-a84b-619164add8f9;Numar Bar e Restaurante;Numar Bar e Restaurante Intermares Av. Oceano Atlântico (83) 3567-7306 Cabedelo PB cardapio pedido delivery;;red;-28;instagram;organic;Numar Bar e Restaurante | No Numar, junho é São João com ...;https://instagram.com/reel/DZc-7FOx1qz;instagram_reel_not_profile|brand_not_confirmed|instagram_profile_not_canonicalizable
5824ab85-d0ca-4987-aa50-aa45faa631ad;Restaurante Recanto do Picuí Intermares;Restaurante Recanto do Picuí Intermares Intermares R. Golfo Sidra (83) 98844-4200 Cabedelo PB cardapio pedido delivery;yes;yellow;87;instagram;organic;Bar & Restaurante Intermares (@recantodopicuiintermares);https://instagram.com/recantodopicuiintermares;
5824ab85-d0ca-4987-aa50-aa45faa631ad;Restaurante Recanto do Picuí Intermares;Restaurante Recanto do Picuí Intermares Intermares R. Golfo Sidra (83) 98844-4200 Cabedelo PB cardapio pedido delivery;;red;14;recantodopicuiintermares.com.br;organic;Recanto do Picuí Intermares | Cabedelo/PB;https://recantodopicuiintermares.com.br;brand_not_confirmed
5824ab85-d0ca-4987-aa50-aa45faa631ad;Restaurante Recanto do Picuí Intermares;Restaurante Recanto do Picuí Intermares Intermares R. Golfo Sidra (83) 98844-4200 Cabedelo PB cardapio pedido delivery;;red;8;tripadvisor;organic;Recanto Do Picui Intermares - Restaurantes: Cabedelo;https://tripadvisor.com.br/Restaurant_Review-g793398-d5344568-Reviews-Recanto_Do_Picui_Intermares-Cabedelo_State_of_Paraiba.html;brand_not_confirmed
5824ab85-d0ca-4987-aa50-aa45faa631ad;Restaurante Recanto do Picuí Intermares;Restaurante Recanto do Picuí Intermares Intermares R. Golfo Sidra (83) 98844-4200 Cabedelo PB cardapio pedido delivery;;red;-20;facebook;organic;Recanto do Picui Intermares;https://sv-se.facebook.com/pages/category/Personal-blog/Recanto-do-Picui-Intermares-463169707362792;brand_not_confirmed|city_not_confirmed
5824ab85-d0ca-4987-aa50-aa45faa631ad;Restaurante Recanto do Picuí Intermares;Restaurante Recanto do Picuí Intermares Intermares R. Golfo Sidra (83) 98844-4200 Cabedelo PB cardapio pedido delivery;;red;-22;instagram;organic;Sabores do Nordeste | Recanto do Picuí Intermares Aqui ...;https://instagram.com/reel/DZ-fUtKRh_E;instagram_reel_not_profile|brand_not_confirmed|instagram_profile_not_canonicalizable
5824ab85-d0ca-4987-aa50-aa45faa631ad;Restaurante Recanto do Picuí Intermares;Restaurante Recanto do Picuí Intermares Intermares R. Golfo Sidra (83) 98844-4200 Cabedelo PB cardapio pedido delivery;;red;-30;instagram;organic;feitos com o mesmo tempero, carinho e sabor caseiro que ...;https://instagram.com/reel/DQb8MwtDfWx;instagram_reel_not_profile|brand_not_confirmed|instagram_profile_not_canonicalizable
5824ab85-d0ca-4987-aa50-aa45faa631ad;Restaurante Recanto do Picuí Intermares;Restaurante Recanto do Picuí Intermares Intermares R. Golfo Sidra (83) 98844-4200 Cabedelo PB cardapio pedido delivery;;red;-30;instagram;organic;Vem!;https://instagram.com/reel/CzRQN2LLRgA;instagram_reel_not_profile|brand_not_confirmed|instagram_profile_not_canonicalizable
5824ab85-d0ca-4987-aa50-aa45faa631ad;Restaurante Recanto do Picuí Intermares;Restaurante Recanto do Picuí Intermares Intermares R. Golfo Sidra (83) 98844-4200 Cabedelo PB cardapio pedido delivery;;red;-30;instagram;organic;Pratos que falam por si. 🍽️ Aqui no Restaurante Seu ...;https://instagram.com/p/DV8s06PkXiK;instagram_p_not_profile|brand_not_confirmed|instagram_profile_not_canonicalizable
5b44780e-f9ff-4d05-a95c-4fd998039b2d;Empadinhas Barnabé - Intermares;Empadinhas Barnabé - Intermares Cabedelo Av. Mar Mediterrâneo - Intermares (83) 3248-1250 Cabedelo PB cardapio pedido delivery;yes;yellow;108;deliverydireto;organic;EMPADINHAS BARNABÉ - FILIAL BANCÁRIOS;https://deliverydireto.com.br/empadinhasbarnabe/anatolia;city_not_confirmed
5b44780e-f9ff-4d05-a95c-4fd998039b2d;Empadinhas Barnabé - Intermares;Empadinhas Barnabé - Intermares Cabedelo Av. Mar Mediterrâneo - Intermares (83) 3248-1250 Cabedelo PB cardapio pedido delivery;;yellow;79;instagram;organic;🎉Empadinhas Barnabé ® (@empbarnabe) · João Pessoa ...;https://instagram.com/empbarnabe/?hl=pt;city_not_confirmed
5b44780e-f9ff-4d05-a95c-4fd998039b2d;Empadinhas Barnabé - Intermares;Empadinhas Barnabé - Intermares Cabedelo Av. Mar Mediterrâneo - Intermares (83) 3248-1250 Cabedelo PB cardapio pedido delivery;;yellow;50;tripadvisor;organic;Empadinhas em Intermares, Cabedelo-PB;https://tripadvisor.com.br/ShowUserReviews-g303428-d4036610-r204048441-Empadinhas_Barnabe-Joao_Pessoa_State_of_Paraiba.html;
5b44780e-f9ff-4d05-a95c-4fd998039b2d;Empadinhas Barnabé - Intermares;Empadinhas Barnabé - Intermares Cabedelo Av. Mar Mediterrâneo - Intermares (83) 3248-1250 Cabedelo PB cardapio pedido delivery;;red;34;facebook;organic;Empadinhas Barnabé (@empbarnabe);https://facebook.com/empbarnabe/?locale=pt_BR;city_not_confirmed
5b44780e-f9ff-4d05-a95c-4fd998039b2d;Empadinhas Barnabé - Intermares;Empadinhas Barnabé - Intermares Cabedelo Av. Mar Mediterrâneo - Intermares (83) 3248-1250 Cabedelo PB cardapio pedido delivery;;red;28;google;organic;Empadinhas Barnabé – Apps no Google Play;https://play.google.com/store/apps/details?id=com.delivery.empadinhasBarnabe&hl=pt_BR;map_not_direct_menu|city_not_confirmed
5b44780e-f9ff-4d05-a95c-4fd998039b2d;Empadinhas Barnabé - Intermares;Empadinhas Barnabé - Intermares Cabedelo Av. Mar Mediterrâneo - Intermares (83) 3248-1250 Cabedelo PB cardapio pedido delivery;;red;16;empadinhasbarnabe.com.br;organic;Empadinhas Barnabé;https://empadinhasbarnabe.com.br;city_not_confirmed
5b44780e-f9ff-4d05-a95c-4fd998039b2d;Empadinhas Barnabé - Intermares;Empadinhas Barnabé - Intermares Cabedelo Av. Mar Mediterrâneo - Intermares (83) 3248-1250 Cabedelo PB cardapio pedido delivery;;red;16;manairashopping.com;organic;EMPADINHAS BARNABÉ - Manaíra;https://manairashopping.com/restaurante/empadinhasbarnabe;city_not_confirmed
5b44780e-f9ff-4d05-a95c-4fd998039b2d;Empadinhas Barnabé - Intermares;Empadinhas Barnabé - Intermares Cabedelo Av. Mar Mediterrâneo - Intermares (83) 3248-1250 Cabedelo PB cardapio pedido delivery;;red;-2;instagram;organic;suas empadinhas chegam quentinhas até você! Baixe ...;https://instagram.com/reel/DNl2SQ1pneQ;instagram_reel_not_profile|instagram_profile_not_canonicalizable|city_not_confirmed
1653a7ff-cb75-4303-b780-0580642c5974;Primo Rico;Primo Rico Intermares Av. Oceano Atlântico (83) 98820-1132 Cabedelo PB cardapio pedido delivery;yes;yellow;83;instagram;derived_instagram_handle;Instagram profile @primoricopb;https://instagram.com/primoricopb;
1653a7ff-cb75-4303-b780-0580642c5974;Primo Rico;Primo Rico Intermares Av. Oceano Atlântico (83) 98820-1132 Cabedelo PB cardapio pedido delivery;;yellow;50;facebook;organic;Primo Rico | Cabedelo PB;https://facebook.com/primoricopb/?locale=pt_BR;
1653a7ff-cb75-4303-b780-0580642c5974;Primo Rico;Primo Rico Intermares Av. Oceano Atlântico (83) 98820-1132 Cabedelo PB cardapio pedido delivery;;red;44;tripadvisor;organic;PRIMO RICO, Cabedelo - Comentários de Restaurantes, ...;https://tripadvisor.com.br/Restaurant_Review-g793398-d21347628-Reviews-Primo_Rico-Cabedelo_State_of_Paraiba.html;
1653a7ff-cb75-4303-b780-0580642c5974;Primo Rico;Primo Rico Intermares Av. Oceano Atlântico (83) 98820-1132 Cabedelo PB cardapio pedido delivery;;red;38;bareserestaurantes.strelo.com.br;organic;Restaurante Primo Rico;https://bareserestaurantes.strelo.com.br/empresa/restaurante-primo-rico;
1653a7ff-cb75-4303-b780-0580642c5974;Primo Rico;Primo Rico Intermares Av. Oceano Atlântico (83) 98820-1132 Cabedelo PB cardapio pedido delivery;;red;32;instagram;organic;Venha almoçar aqui no @primoricopb ou peça sua quentinha ...;https://instagram.com/reel/DYM1cvuOg1d;instagram_reel_not_profile|instagram_profile_not_canonicalizable
1653a7ff-cb75-4303-b780-0580642c5974;Primo Rico;Primo Rico Intermares Av. Oceano Atlântico (83) 98820-1132 Cabedelo PB cardapio pedido delivery;;red;32;primo-rico.ueniweb.com;organic;Self Service sem Balança - Restaurante - Primo Rico | Cabedelo;https://primo-rico.ueniweb.com/products/restaurante/self-service-sem-balanca-26569205;
1653a7ff-cb75-4303-b780-0580642c5974;Primo Rico;Primo Rico Intermares Av. Oceano Atlântico (83) 98820-1132 Cabedelo PB cardapio pedido delivery;;red;20;instagram;organic;Na beira de uma das praias urbanas mais lindas do Brasil ...;https://instagram.com/reel/DYmlRy2hDNR;instagram_reel_not_profile|instagram_profile_not_canonicalizable
1653a7ff-cb75-4303-b780-0580642c5974;Primo Rico;Primo Rico Intermares Av. Oceano Atlântico (83) 98820-1132 Cabedelo PB cardapio pedido delivery;;red;16;wanderboat.ai;organic;Primo Rico - Av. Oceano Atlântico, S/N;https://wanderboat.ai/restaurants/brazil/regi%C3%A3o-geogr%C3%A1fica-imediata-de-jo%C3%A3o-pessoa/primo-rico/yKzD2sppSEWiKARUeirFWg;city_not_confirmed
f90edcb3-31a7-4922-9bdd-930817bba3c9;Espetinho da praia Intermares;Espetinho da praia Intermares Intermares Av. Oceano Atlântico (83) 2182-4436 Cabedelo PB cardapio pedido delivery;yes;green;116;anota_ai;organic;Espetinho da Praia | Delivery em Cabedelo | Pedido online;https://pedido.anota.ai/loja/espetinho-da-praia-3;
f90edcb3-31a7-4922-9bdd-930817bba3c9;Espetinho da praia Intermares;Espetinho da praia Intermares Intermares Av. Oceano Atlântico (83) 2182-4436 Cabedelo PB cardapio pedido delivery;;yellow;48;tripadvisor;organic;Espetinho da Praia - Restaurantes: Cabedelo;https://tripadvisor.com.br/Restaurant_Review-g793398-d23007866-Reviews-Espetinho_da_Praia-Cabedelo_State_of_Paraiba.html;
f90edcb3-31a7-4922-9bdd-930817bba3c9;Espetinho da praia Intermares;Espetinho da praia Intermares Intermares Av. Oceano Atlântico (83) 2182-4436 Cabedelo PB cardapio pedido delivery;;red;34;facebook;organic;Espetinho da praia intermares | Cabedelo PB;https://facebook.com/espetinhodapraiaoficial/?locale=pt_BR;
f90edcb3-31a7-4922-9bdd-930817bba3c9;Espetinho da praia Intermares;Espetinho da praia Intermares Intermares Av. Oceano Atlântico (83) 2182-4436 Cabedelo PB cardapio pedido delivery;;red;34;tiktok.com;organic;O Bar Mais Badalado de João Pessoa: Espetinho da Praia;https://tiktok.com/@paraibana24horas/video/7504774145943801093;
f90edcb3-31a7-4922-9bdd-930817bba3c9;Espetinho da praia Intermares;Espetinho da praia Intermares Intermares Av. Oceano Atlântico (83) 2182-4436 Cabedelo PB cardapio pedido delivery;;red;20;facebook;organic;Se você é apaixonado por boa comida e está em busca de ...;https://facebook.com/espetinhodapraiaoficial/videos/se-voc%C3%AA-%C3%A9-apaixonado-por-boa-comida-e-est%C3%A1-em-busca-de-novas-experi%C3%AAncias-aqui-%C3%A9/1243024980408179;city_not_confirmed
f90edcb3-31a7-4922-9bdd-930817bba3c9;Espetinho da praia Intermares;Espetinho da praia Intermares Intermares Av. Oceano Atlântico (83) 2182-4436 Cabedelo PB cardapio pedido delivery;;red;12;wanderboat.ai;organic;Espetinho da praia Intermares - Av. Oceano Atlântico, 1972;https://wanderboat.ai/restaurants/brazil/regi%C3%A3o-geogr%C3%A1fica-imediata-de-jo%C3%A3o-pessoa/espetinho-da-praia-intermares/dWYRbBVBR8qRNVLnjL-eig;city_not_confirmed
f90edcb3-31a7-4922-9bdd-930817bba3c9;Espetinho da praia Intermares;Espetinho da praia Intermares Intermares Av. Oceano Atlântico (83) 2182-4436 Cabedelo PB cardapio pedido delivery;;red;2;instagram;organic;O sabor do nosso gastrobar agora vai até você! Isso mesmo: o ...;https://instagram.com/reel/DRzy_x2kb_g;instagram_reel_not_profile|instagram_profile_not_canonicalizable|city_not_confirmed
f90edcb3-31a7-4922-9bdd-930817bba3c9;Espetinho da praia Intermares;Espetinho da praia Intermares Intermares Av. Oceano Atlântico (83) 2182-4436 Cabedelo PB cardapio pedido delivery;;red;-6;instagram;organic;"ESPETINHO DA PRAIA on Instagram: ""Se você tá com ...";https://instagram.com/reel/DESYh3FNpJi;instagram_reel_not_profile|instagram_profile_not_canonicalizable|city_not_confirmed
a43626c7-89fe-497c-940e-ffeabc8475fb;Bar e Restaurante do Sumé;Bar e Restaurante do Sumé Vila Sao Joao Av. Oceano Atlântico (83) 3011-0124 Cabedelo PB cardapio pedido delivery;yes;yellow;78;menudino;organic;Delivery de Restaurante em Sumé;https://menudino.com/delivery/sume-pb/restaurante;brand_not_confirmed|city_not_confirmed
a43626c7-89fe-497c-940e-ffeabc8475fb;Bar e Restaurante do Sumé;Bar e Restaurante do Sumé Vila Sao Joao Av. Oceano Atlântico (83) 3011-0124 Cabedelo PB cardapio pedido delivery;;yellow;75;instagram;organic;Sumé | Bar e Restaurante (@bardosumepb) · Cabedelo, PB;https://instagram.com/bardosumepb;
a43626c7-89fe-497c-940e-ffeabc8475fb;Bar e Restaurante do Sumé;Bar e Restaurante do Sumé Vila Sao Joao Av. Oceano Atlântico (83) 3011-0124 Cabedelo PB cardapio pedido delivery;;yellow;72;anota_ai;organic;Estação 412 restaurante | Delivery em Sumé - Pedidos Anota aí;https://pedido.anota.ai/loja/estacao-412-restaurante-1;brand_not_confirmed|city_not_confirmed
a43626c7-89fe-497c-940e-ffeabc8475fb;Bar e Restaurante do Sumé;Bar e Restaurante do Sumé Vila Sao Joao Av. Oceano Atlântico (83) 3011-0124 Cabedelo PB cardapio pedido delivery;;red;8;tripadvisor;organic;SUMÉ BAR E RESTAURANTE, Cabedelo - City Center;https://tripadvisor.com.br/Restaurant_Review-g793398-d5367262-Reviews-Sume_Bar_e_Restaurante-Cabedelo_State_of_Paraiba.html;brand_not_confirmed
a43626c7-89fe-497c-940e-ffeabc8475fb;Bar e Restaurante do Sumé;Bar e Restaurante do Sumé Vila Sao Joao Av. Oceano Atlântico (83) 3011-0124 Cabedelo PB cardapio pedido delivery;;red;6;ze.delivery;organic;Delivery de em Cabedelo - PB;https://ze.delivery/em/cabedelo-pb;brand_not_confirmed
a43626c7-89fe-497c-940e-ffeabc8475fb;Bar e Restaurante do Sumé;Bar e Restaurante do Sumé Vila Sao Joao Av. Oceano Atlântico (83) 3011-0124 Cabedelo PB cardapio pedido delivery;;red;2;cabedelo.pb.gov.br;organic;Bar e Restaurante do Sumé | Prefeitura de Cabedelo;https://cabedelo.pb.gov.br/ondecomer/bar-e-restaurante-do-sume;brand_not_confirmed
a43626c7-89fe-497c-940e-ffeabc8475fb;Bar e Restaurante do Sumé;Bar e Restaurante do Sumé Vila Sao Joao Av. Oceano Atlântico (83) 3011-0124 Cabedelo PB cardapio pedido delivery;;red;-16;pedizap.com.br;organic;Pedizap - Monte seu Cardápio e Receba os Pedidos via ...;https://pedizap.com.br;brand_not_confirmed|city_not_confirmed
a43626c7-89fe-497c-940e-ffeabc8475fb;Bar e Restaurante do Sumé;Bar e Restaurante do Sumé Vila Sao Joao Av. Oceano Atlântico (83) 3011-0124 Cabedelo PB cardapio pedido delivery;;red;-16;nuvemenu.com.br;organic;NuveMenu | Cardápio Digital com QR Code e Reservas para ...;https://nuvemenu.com.br;brand_not_confirmed|city_not_confirmed
1eca2999-0514-4887-b108-dc65ae31e6b6;Churrascaria do Caicó;Churrascaria do Caicó Av. Pastor José Alves de Oliveira R Cabedelo PB cardapio pedido delivery;yes;green;86;instadelivery;organic;Melhores delivery de Cabedelo;https://portal.instadelivery.com.br/cabedelo;brand_not_confirmed
1eca2999-0514-4887-b108-dc65ae31e6b6;Churrascaria do Caicó;Churrascaria do Caicó Av. Pastor José Alves de Oliveira R Cabedelo PB cardapio pedido delivery;;red;14;cabedelo.mylinq.com.br;organic;Churrascaria do Caicó: Carnes Delivery em CABEDELO PB;https://cabedelo.mylinq.com.br/churrascaria-do-caic%C3%B3-cabedelo-telelista-2218972.htm;brand_not_confirmed
1eca2999-0514-4887-b108-dc65ae31e6b6;Churrascaria do Caicó;Churrascaria do Caicó Av. Pastor José Alves de Oliveira R Cabedelo PB cardapio pedido delivery;;red;14;cabedelo.mylinq.com.br;organic;Churrascaria Delivery em CABEDELO PB - R;https://cabedelo.mylinq.com.br/churrascaria-do-caic%C3%B3-cabedelo-telelista-2218945.htm;brand_not_confirmed
1eca2999-0514-4887-b108-dc65ae31e6b6;Churrascaria do Caicó;Churrascaria do Caicó Av. Pastor José Alves de Oliveira R Cabedelo PB cardapio pedido delivery;;red;8;tripadvisor;organic;CHURRASCARIA DO CAICO, Cabedelo - City Center;https://tripadvisor.com.br/Restaurant_Review-g793398-d5384052-Reviews-Churrascaria_Do_Caico-Cabedelo_State_of_Paraiba.html;brand_not_confirmed
1eca2999-0514-4887-b108-dc65ae31e6b6;Churrascaria do Caicó;Churrascaria do Caicó Av. Pastor José Alves de Oliveira R Cabedelo PB cardapio pedido delivery;;red;2;guiadoturismobrasil.com;organic;Churrascaria do Caicó | Gastronomia - Cabedelo - PB;https://guiadoturismobrasil.com/gastronomia/3/churrascaria/16/PB/cabedelo/591/churrascaria-do-caico/35066;brand_not_confirmed
1eca2999-0514-4887-b108-dc65ae31e6b6;Churrascaria do Caicó;Churrascaria do Caicó Av. Pastor José Alves de Oliveira R Cabedelo PB cardapio pedido delivery;;red;2;vendaagora.com;organic;churrascaria do caico - cabedelo pb;https://vendaagora.com/churrascariadocaico;brand_not_confirmed
1eca2999-0514-4887-b108-dc65ae31e6b6;Churrascaria do Caicó;Churrascaria do Caicó Av. Pastor José Alves de Oliveira R Cabedelo PB cardapio pedido delivery;;red;2;facebook;organic;Churrascaria Do Caicó - Home;https://facebook.com/pages/Churrascaria-Do-Caic%C3%B3/108627252652306;brand_not_confirmed
1eca2999-0514-4887-b108-dc65ae31e6b6;Churrascaria do Caicó;Churrascaria do Caicó Av. Pastor José Alves de Oliveira R Cabedelo PB cardapio pedido delivery;;red;-20;wanderboat.ai;organic;Churrascaria do Caicó - R - Av. Pastor José Alves de ...;https://wanderboat.ai/restaurants/brazil/regi%C3%A3o-geogr%C3%A1fica-imediata-de-jo%C3%A3o-pessoa/churrascaria-do-caic%C3%B3/XyPY6NnsSI6a1ZDrIKMPHQ;brand_not_confirmed|city_not_confirmed
f917b01d-4f06-48a7-9bba-fcb85f0201c7;Mega Pizza;Mega Pizza Intermares Av. Mar Vermelho (83) 3248-2118 Cabedelo PB cardapio pedido delivery;yes;yellow;72;anota_ai;organic;Mega Pizza | Delivery em Rio Largo | Pedido online;https://pedido.anota.ai/loja/mega-pizzaria-delivery;brand_not_confirmed|city_not_confirmed
f917b01d-4f06-48a7-9bba-fcb85f0201c7;Mega Pizza;Mega Pizza Intermares Av. Mar Vermelho (83) 3248-2118 Cabedelo PB cardapio pedido delivery;;yellow;65;instagram;organic;Mega Pizza e Massas (@megapizza1);https://instagram.com/megapizza1;city_not_confirmed
f917b01d-4f06-48a7-9bba-fcb85f0201c7;Mega Pizza;Mega Pizza Intermares Av. Mar Vermelho (83) 3248-2118 Cabedelo PB cardapio pedido delivery;;red;14;facebook;organic;Mega Pizza | Cabedelo PB;https://facebook.com/megapizzaintermares/?locale=pt_BR;brand_not_confirmed
f917b01d-4f06-48a7-9bba-fcb85f0201c7;Mega Pizza;Mega Pizza Intermares Av. Mar Vermelho (83) 3248-2118 Cabedelo PB cardapio pedido delivery;;red;2;vendaagora.com;organic;mega pizza - intermares - cabedelo - pb;https://vendaagora.com/megapizza;brand_not_confirmed
f917b01d-4f06-48a7-9bba-fcb85f0201c7;Mega Pizza;Mega Pizza Intermares Av. Mar Vermelho (83) 3248-2118 Cabedelo PB cardapio pedido delivery;;red;-4;duogourmet.com.br;organic;Mega Pizza Cabedelo;https://duogourmet.com.br/restaurantes/cabedelo/mega-pizza;brand_not_confirmed
f917b01d-4f06-48a7-9bba-fcb85f0201c7;Mega Pizza;Mega Pizza Intermares Av. Mar Vermelho (83) 3248-2118 Cabedelo PB cardapio pedido delivery;;red;-8;megapizzams.com.br;organic;Minha Pizza - Mega Pizza MS - Peça Online!;https://megapizzams.com.br/montar/pizzas;brand_not_confirmed|city_not_confirmed
f917b01d-4f06-48a7-9bba-fcb85f0201c7;Mega Pizza;Mega Pizza Intermares Av. Mar Vermelho (83) 3248-2118 Cabedelo PB cardapio pedido delivery;;red;-8;megapizza.com.br;organic;Mega pizza Cardápio - Delivery de Pizza em Porto Alegre;https://megapizza.com.br;brand_not_confirmed|city_not_confirmed
f917b01d-4f06-48a7-9bba-fcb85f0201c7;Mega Pizza;Mega Pizza Intermares Av. Mar Vermelho (83) 3248-2118 Cabedelo PB cardapio pedido delivery;;red;-42;instagram;organic;UMA DAS PIZZARIAS MAIS BEM AVALIADAS DE JOÃO ...;https://instagram.com/reel/DKP8whNJOr4;instagram_reel_not_profile|brand_not_confirmed|instagram_profile_not_canonicalizable
0aab67a1-5843-4fe8-933a-45b0f8a67321;Sport Marina;Sport Marina Areia Dourada Av. Pastor José Alves de Oliveira (83) 3228-3500 Cabedelo PB cardapio pedido delivery;yes;yellow;79;instagram;organic;Verano Praia Bar (@veranopraiabar);https://instagram.com/veranopraiabar;
0aab67a1-5843-4fe8-933a-45b0f8a67321;Sport Marina;Sport Marina Areia Dourada Av. Pastor José Alves de Oliveira (83) 3228-3500 Cabedelo PB cardapio pedido delivery;;yellow;68;instadelivery;organic;Melhores delivery de Cabedelo;https://portal.instadelivery.com.br/cabedelo;brand_not_confirmed|name_not_confirmed
0aab67a1-5843-4fe8-933a-45b0f8a67321;Sport Marina;Sport Marina Areia Dourada Av. Pastor José Alves de Oliveira (83) 3228-3500 Cabedelo PB cardapio pedido delivery;;yellow;62;anota_ai;organic;restaurante clássic mar | Delivery em Cabedelo | Pedido online;https://pedido.anota.ai/loja/restaurante-classic-mar-1;brand_not_confirmed|name_not_confirmed
0aab67a1-5843-4fe8-933a-45b0f8a67321;Sport Marina;Sport Marina Areia Dourada Av. Pastor José Alves de Oliveira (83) 3228-3500 Cabedelo PB cardapio pedido delivery;;red;40;tripadvisor;organic;Sport Marina - Restaurantes: João Pessoa;https://tripadvisor.com.br/Restaurant_Review-g303428-d8809412-Reviews-Sport_Marina-Joao_Pessoa_State_of_Paraiba.html;city_not_confirmed
0aab67a1-5843-4fe8-933a-45b0f8a67321;Sport Marina;Sport Marina Areia Dourada Av. Pastor José Alves de Oliveira (83) 3228-3500 Cabedelo PB cardapio pedido delivery;;red;14;instagram;organic;Esse rubacão de camarão é a perfeição sim! Cremoso e ...;https://instagram.com/p/DZdLexyRBIJ;instagram_p_not_profile|instagram_profile_not_canonicalizable
0aab67a1-5843-4fe8-933a-45b0f8a67321;Sport Marina;Sport Marina Areia Dourada Av. Pastor José Alves de Oliveira (83) 3228-3500 Cabedelo PB cardapio pedido delivery;;red;-24;cabedelo.pb.gov.br;organic;Verano Praia Bar | Prefeitura de Cabedelo;https://cabedelo.pb.gov.br/ondecomer/verano-praia-bar;brand_not_confirmed|name_not_confirmed
0aab67a1-5843-4fe8-933a-45b0f8a67321;Sport Marina;Sport Marina Areia Dourada Av. Pastor José Alves de Oliveira (83) 3228-3500 Cabedelo PB cardapio pedido delivery;;red;-24;facebook;organic;Verano Praia Bar | Cabedelo PB;https://facebook.com/p/Verano-Praia-Bar-100076136391573;brand_not_confirmed|name_not_confirmed
0aab67a1-5843-4fe8-933a-45b0f8a67321;Sport Marina;Sport Marina Areia Dourada Av. Pastor José Alves de Oliveira (83) 3228-3500 Cabedelo PB cardapio pedido delivery;;red;-46;facebook;organic;Marca aí seus amigos que precisam saber disso! O ...;https://facebook.com/hojetemjp/videos/marca-a%C3%AD-seus-amigos-que-precisam-saber-dissoo-ilhadouradarestaurante-fica-local/875636845442688;brand_not_confirmed|name_not_confirmed|city_not_confirmed
10f71936-a4b9-4c9b-b2c4-d1c709081a93;Bar e Restaurante do Pessoinha;Bar e Restaurante do Pessoinha Forte Velho PB-011 (83) 98127-1419 Cabedelo PB cardapio pedido delivery;yes;yellow;53;instagram;organic;Bar/Restaurante do Pessoinha (@bardopessoinha);https://instagram.com/bardopessoinha;city_not_confirmed
10f71936-a4b9-4c9b-b2c4-d1c709081a93;Bar e Restaurante do Pessoinha;Bar e Restaurante do Pessoinha Forte Velho PB-011 (83) 98127-1419 Cabedelo PB cardapio pedido delivery;;red;20;tripadvisor;organic;BAR E RESTAURANTE DO PESSOINHA, Santa Rita;https://tripadvisor.com.br/Restaurant_Review-g2342969-d16742445-Reviews-Bar_e_Restaurante_do_Pessoinha-Santa_Rita_State_of_Paraiba.html;city_not_confirmed
10f71936-a4b9-4c9b-b2c4-d1c709081a93;Bar e Restaurante do Pessoinha;Bar e Restaurante do Pessoinha Forte Velho PB-011 (83) 98127-1419 Cabedelo PB cardapio pedido delivery;;red;14;trilhasdospotiguaras.pb.gov.br;organic;Bar do Pessoinha - Na Trilha dos Potiguaras;http://trilhasdospotiguaras.pb.gov.br/pt-br/destinos-e-trilhas/forte-velho/bar-do-pessoinha;city_not_confirmed
10f71936-a4b9-4c9b-b2c4-d1c709081a93;Bar e Restaurante do Pessoinha;Bar e Restaurante do Pessoinha Forte Velho PB-011 (83) 98127-1419 Cabedelo PB cardapio pedido delivery;;red;14;youtube.com;organic;BAR E RESTAURANTE DO PESSOINHA EM FORTE VELHO ...;https://youtube.com/shorts/RqNNTxxCkew;city_not_confirmed
10f71936-a4b9-4c9b-b2c4-d1c709081a93;Bar e Restaurante do Pessoinha;Bar e Restaurante do Pessoinha Forte Velho PB-011 (83) 98127-1419 Cabedelo PB cardapio pedido delivery;;red;12;instagram;organic;"Forte Velho – PB on Instagram: ""O que tem em Forte Velho ...";https://instagram.com/reel/CkwRdfQg0k7;instagram_reel_not_profile|instagram_profile_not_canonicalizable
10f71936-a4b9-4c9b-b2c4-d1c709081a93;Bar e Restaurante do Pessoinha;Bar e Restaurante do Pessoinha Forte Velho PB-011 (83) 98127-1419 Cabedelo PB cardapio pedido delivery;;red;8;bar-e-restaurante-do-pessoinha.grubbio.com;organic;Bar e Restaurante do Pessoinha: A Hidden Gem in Santa Rita ...;https://bar-e-restaurante-do-pessoinha.grubbio.com;city_not_confirmed
10f71936-a4b9-4c9b-b2c4-d1c709081a93;Bar e Restaurante do Pessoinha;Bar e Restaurante do Pessoinha Forte Velho PB-011 (83) 98127-1419 Cabedelo PB cardapio pedido delivery;;red;-10;instagram;organic;Reel by Bar/Restaurante do Pessoinha (@bardopessoinha ...;https://instagram.com/reel/CTcVpY1nfbr;instagram_reel_not_profile|instagram_profile_not_canonicalizable|city_not_confirmed
10f71936-a4b9-4c9b-b2c4-d1c709081a93;Bar e Restaurante do Pessoinha;Bar e Restaurante do Pessoinha Forte Velho PB-011 (83) 98127-1419 Cabedelo PB cardapio pedido delivery;;red;-16;pedizap.com.br;organic;Pedizap - Monte seu Cardápio e Receba os Pedidos via ...;https://pedizap.com.br;brand_not_confirmed|city_not_confirmed
9f1c7086-a96a-49c9-b537-9fb9565841fd;Ancoradouro Ponta de Campina;Ancoradouro Ponta de Campina Ponta de Campina R. Henrique Siqueira Cabedelo PB cardapio pedido delivery;yes;yellow;75;instagram;derived_instagram_handle;Instagram profile @ancoradourobsrjp;https://instagram.com/ancoradourobsrjp;
9f1c7086-a96a-49c9-b537-9fb9565841fd;Ancoradouro Ponta de Campina;Ancoradouro Ponta de Campina Ponta de Campina R. Henrique Siqueira Cabedelo PB cardapio pedido delivery;;yellow;53;instagram;organic;Ancoradouro Bar e Restaurante (@ancoradourobarjp);https://instagram.com/ancoradourobarjp;city_not_confirmed
9f1c7086-a96a-49c9-b537-9fb9565841fd;Ancoradouro Ponta de Campina;Ancoradouro Ponta de Campina Ponta de Campina R. Henrique Siqueira Cabedelo PB cardapio pedido delivery;;red;32;tripadvisor;organic;ANCORADOURO BAR E RESTAURANTE, João Pessoa;https://tripadvisor.com.br/Restaurant_Review-g303428-d23061657-Reviews-Ancoradouro_Bar_e_Restaurante-Joao_Pessoa_State_of_Paraiba.html;city_not_confirmed
9f1c7086-a96a-49c9-b537-9fb9565841fd;Ancoradouro Ponta de Campina;Ancoradouro Ponta de Campina Ponta de Campina R. Henrique Siqueira Cabedelo PB cardapio pedido delivery;;red;30;cabedelo.pb.gov.br;organic;Ancoradouro Bar e Restaurante | Prefeitura de Cabedelo;https://cabedelo.pb.gov.br/ondecomer/ancoradouro-bar-e-restaurante;
9f1c7086-a96a-49c9-b537-9fb9565841fd;Ancoradouro Ponta de Campina;Ancoradouro Ponta de Campina Ponta de Campina R. Henrique Siqueira Cabedelo PB cardapio pedido delivery;;red;12;instagram;organic;o Ancoradouro Bar e Restaurante, na praia de Ponta ...;https://instagram.com/reel/DRazdsxDNSG;instagram_reel_not_profile|instagram_profile_not_canonicalizable
9f1c7086-a96a-49c9-b537-9fb9565841fd;Ancoradouro Ponta de Campina;Ancoradouro Ponta de Campina Ponta de Campina R. Henrique Siqueira Cabedelo PB cardapio pedido delivery;;red;12;instagram;organic;Review do melhor caranguejo 🦀 @ancoradourobsrjp ...;https://instagram.com/reel/CoNCJdXIV4r;instagram_reel_not_profile|instagram_profile_not_canonicalizable
9f1c7086-a96a-49c9-b537-9fb9565841fd;Ancoradouro Ponta de Campina;Ancoradouro Ponta de Campina Ponta de Campina R. Henrique Siqueira Cabedelo PB cardapio pedido delivery;;red;8;duogourmet.com.br;organic;Ancoradouro (Ponta de Campina) João Pessoa;https://duogourmet.com.br/restaurantes/joao-pessoa/ancoradouro-ponta-de-campina;city_not_confirmed
9f1c7086-a96a-49c9-b537-9fb9565841fd;Ancoradouro Ponta de Campina;Ancoradouro Ponta de Campina Ponta de Campina R. Henrique Siqueira Cabedelo PB cardapio pedido delivery;;red;-10;instagram;organic;Nova unidade #Ancoradouro 💙 R Henrique Siqueira, 242 ...;https://instagram.com/p/CV05exZNKQM;instagram_p_not_profile|instagram_profile_not_canonicalizable|city_not_confirmed
4afb52ad-1fa0-493f-be6c-8275d6664324;Galeteria D'intermares;Galeteria D'intermares Intermares R. Golfo Veneza (83) 2178-2106 Cabedelo PB cardapio pedido delivery;yes;yellow;80;anota_ai;organic;NOVO ORIENTE INTERMARES | Delivery em Cabedelo;https://pedido.anota.ai/loja/novo-oriente-intermares-;brand_not_confirmed
4afb52ad-1fa0-493f-be6c-8275d6664324;Galeteria D'intermares;Galeteria D'intermares Intermares R. Golfo Veneza (83) 2178-2106 Cabedelo PB cardapio pedido delivery;;yellow;77;instagram;organic;Galeteria D'intermares (@galeteriaintermares);https://instagram.com/galeteriaintermares;
4afb52ad-1fa0-493f-be6c-8275d6664324;Galeteria D'intermares;Galeteria D'intermares Intermares R. Golfo Veneza (83) 2178-2106 Cabedelo PB cardapio pedido delivery;;red;42;cabedelo.pb.gov.br;organic;Galeteria D'Intermares | Prefeitura de Cabedelo;https://cabedelo.pb.gov.br/ondecomer/galeteria-dintermares;
4afb52ad-1fa0-493f-be6c-8275d6664324;Galeteria D'intermares;Galeteria D'intermares Intermares R. Golfo Veneza (83) 2178-2106 Cabedelo PB cardapio pedido delivery;;red;42;wanderboat.ai;organic;Galeteria D'intermares - R. Golfo Veneza, 28;https://wanderboat.ai/restaurants/brazil/regi%C3%A3o-geogr%C3%A1fica-imediata-de-jo%C3%A3o-pessoa/galeteria-d'intermares/WZvaRv-9TNGpf2lxuoDf3w;
4afb52ad-1fa0-493f-be6c-8275d6664324;Galeteria D'intermares;Galeteria D'intermares Intermares R. Golfo Veneza (83) 2178-2106 Cabedelo PB cardapio pedido delivery;;red;6;bacillesboulangerie.com.br;organic;Cabedelo - PB - Sobre nós - Bacilles Boulangerie LTDA;https://bacillesboulangerie.com.br/bacillesboulangerie/bacillesboulangerie/pages/sobre-nos;brand_not_confirmed
4afb52ad-1fa0-493f-be6c-8275d6664324;Galeteria D'intermares;Galeteria D'intermares Intermares R. Golfo Veneza (83) 2178-2106 Cabedelo PB cardapio pedido delivery;;red;0;tripadvisor;organic;Galeteria Intermares - Restaurantes: Cabedelo;https://tripadvisor.com.br/Restaurant_Review-g793398-d5366137-Reviews-Galeteria_Intermares-Cabedelo_State_of_Paraiba.html;brand_not_confirmed
4afb52ad-1fa0-493f-be6c-8275d6664324;Galeteria D'intermares;Galeteria D'intermares Intermares R. Golfo Veneza (83) 2178-2106 Cabedelo PB cardapio pedido delivery;;red;-6;facebook;organic;Galeteria Intermares | Cabedelo PB;https://facebook.com/galeteriaintermares/?locale=pt_BR;brand_not_confirmed
4afb52ad-1fa0-493f-be6c-8275d6664324;Galeteria D'intermares;Galeteria D'intermares Intermares R. Golfo Veneza (83) 2178-2106 Cabedelo PB cardapio pedido delivery;;red;-16;rappi.com.br;organic;Caf e com Cerveja - Intermares Preço e Cardápio delivery;https://rappi.com.br/restaurantes/900660096-caf-e-com-cerveja;brand_not_confirmed|city_not_confirmed
4c30ffdb-d028-4dcc-bc6d-5135ce1db3e2;Skama Bar e Restaurante;Skama Bar e Restaurante Ponta de Matos Av. Cassiano da Cunha Nóbrega (83) 98677-5976 Cabedelo PB cardapio pedido delivery;yes;yellow;53;instagram;organic;Skama | Bar e Restaurante (@skamabar_restaurante);https://instagram.com/skamabar_restaurante;city_not_confirmed
4c30ffdb-d028-4dcc-bc6d-5135ce1db3e2;Skama Bar e Restaurante;Skama Bar e Restaurante Ponta de Matos Av. Cassiano da Cunha Nóbrega (83) 98677-5976 Cabedelo PB cardapio pedido delivery;;red;8;mindtrip.ai;organic;Skama Bar e Restaurante in Cabedelo - Ask AI;https://mindtrip.ai/restaurant/cabedelo-state-paraiba/skama-bar-e-restaurante/re-3Bt9aPlv;brand_not_confirmed
4c30ffdb-d028-4dcc-bc6d-5135ce1db3e2;Skama Bar e Restaurante;Skama Bar e Restaurante Ponta de Matos Av. Cassiano da Cunha Nóbrega (83) 98677-5976 Cabedelo PB cardapio pedido delivery;;red;2;facebook;organic;Skama Bar e Restaurante | Cabedelo PB;https://facebook.com/skambarerestaurante/?locale=pt_BR;brand_not_confirmed
4c30ffdb-d028-4dcc-bc6d-5135ce1db3e2;Skama Bar e Restaurante;Skama Bar e Restaurante Ponta de Matos Av. Cassiano da Cunha Nóbrega (83) 98677-5976 Cabedelo PB cardapio pedido delivery;;red;2;wanderlog.com;organic;Skama Bar e Restaurante, Conde, Brazil;https://wanderlog.com/place/details/1532866/skama-bar-e-restaurante;brand_not_confirmed
4c30ffdb-d028-4dcc-bc6d-5135ce1db3e2;Skama Bar e Restaurante;Skama Bar e Restaurante Ponta de Matos Av. Cassiano da Cunha Nóbrega (83) 98677-5976 Cabedelo PB cardapio pedido delivery;;red;0;tripadvisor;organic;SUMÉ BAR E RESTAURANTE, Cabedelo - City Center;https://tripadvisor.com.br/Restaurant_Review-g793398-d5367262-Reviews-Sume_Bar_e_Restaurante-Cabedelo_State_of_Paraiba.html;brand_not_confirmed
4c30ffdb-d028-4dcc-bc6d-5135ce1db3e2;Skama Bar e Restaurante;Skama Bar e Restaurante Ponta de Matos Av. Cassiano da Cunha Nóbrega (83) 98677-5976 Cabedelo PB cardapio pedido delivery;;red;-6;cabedelo.pb.gov.br;organic;Bar e Restaurante do Sumé | Prefeitura de Cabedelo;https://cabedelo.pb.gov.br/ondecomer/bar-e-restaurante-do-sume;brand_not_confirmed
4c30ffdb-d028-4dcc-bc6d-5135ce1db3e2;Skama Bar e Restaurante;Skama Bar e Restaurante Ponta de Matos Av. Cassiano da Cunha Nóbrega (83) 98677-5976 Cabedelo PB cardapio pedido delivery;;red;-16;webgula.com.br;organic;WebGula;https://webgula.com.br;brand_not_confirmed|city_not_confirmed
4c30ffdb-d028-4dcc-bc6d-5135ce1db3e2;Skama Bar e Restaurante;Skama Bar e Restaurante Ponta de Matos Av. Cassiano da Cunha Nóbrega (83) 98677-5976 Cabedelo PB cardapio pedido delivery;;red;-16;pedizap.com.br;organic;Pedizap - Monte seu Cardápio e Receba os Pedidos via ...;https://pedizap.com.br;brand_not_confirmed|city_not_confirmed
662a40d4-3612-4ca1-ad28-615646294ea8;Big Jack comida de rua com INSPIRAÇÃO texana;Big Jack comida de rua com INSPIRAÇÃO texana LOTE 01 - Intermares Av. Mar Vermelho (83) 99317-7080 Cabedelo PB cardapio pedido delivery;yes;yellow;99;instagram;organic;Big Jack Sanduicheria (@bigjack.intermares) · Cabedelo, PB;https://instagram.com/bigjack.intermares;
662a40d4-3612-4ca1-ad28-615646294ea8;Big Jack comida de rua com INSPIRAÇÃO texana;Big Jack comida de rua com INSPIRAÇÃO texana LOTE 01 - Intermares Av. Mar Vermelho (83) 99317-7080 Cabedelo PB cardapio pedido delivery;;yellow;65;instagram;derived_instagram_handle;Instagram profile @bigjack.texas;https://instagram.com/bigjack.texas;city_not_confirmed
662a40d4-3612-4ca1-ad28-615646294ea8;Big Jack comida de rua com INSPIRAÇÃO texana;Big Jack comida de rua com INSPIRAÇÃO texana LOTE 01 - Intermares Av. Mar Vermelho (83) 99317-7080 Cabedelo PB cardapio pedido delivery;;yellow;62;anota_ai;organic;NOVO ORIENTE INTERMARES | Delivery em Cabedelo;https://pedido.anota.ai/loja/novo-oriente-intermares-;brand_not_confirmed|name_not_confirmed
662a40d4-3612-4ca1-ad28-615646294ea8;Big Jack comida de rua com INSPIRAÇÃO texana;Big Jack comida de rua com INSPIRAÇÃO texana LOTE 01 - Intermares Av. Mar Vermelho (83) 99317-7080 Cabedelo PB cardapio pedido delivery;;yellow;46;facebook;organic;bigjack.texas | Cabedelo PB;https://facebook.com/bigjack.texas;
662a40d4-3612-4ca1-ad28-615646294ea8;Big Jack comida de rua com INSPIRAÇÃO texana;Big Jack comida de rua com INSPIRAÇÃO texana LOTE 01 - Intermares Av. Mar Vermelho (83) 99317-7080 Cabedelo PB cardapio pedido delivery;;red;36;execut.com.br;organic;Big Jack Street Food;https://execut.com.br/experiencias/big-jack-street-food;city_not_confirmed
662a40d4-3612-4ca1-ad28-615646294ea8;Big Jack comida de rua com INSPIRAÇÃO texana;Big Jack comida de rua com INSPIRAÇÃO texana LOTE 01 - Intermares Av. Mar Vermelho (83) 99317-7080 Cabedelo PB cardapio pedido delivery;;red;36;bigjackhamburgueria.com.br;organic;Cardápio Delivery • Big Jack Hamburgueria;https://bigjackhamburgueria.com.br/delivery;city_not_confirmed
662a40d4-3612-4ca1-ad28-615646294ea8;Big Jack comida de rua com INSPIRAÇÃO texana;Big Jack comida de rua com INSPIRAÇÃO texana LOTE 01 - Intermares Av. Mar Vermelho (83) 99317-7080 Cabedelo PB cardapio pedido delivery;;red;24;bigjackstreetfood.com.br;organic;Big Jack Street Food;https://bigjackstreetfood.com.br;city_not_confirmed
662a40d4-3612-4ca1-ad28-615646294ea8;Big Jack comida de rua com INSPIRAÇÃO texana;Big Jack comida de rua com INSPIRAÇÃO texana LOTE 01 - Intermares Av. Mar Vermelho (83) 99317-7080 Cabedelo PB cardapio pedido delivery;;red;22;instagram;organic;Big Jack, o verdadeiro sabor Texano em Intermares. Se você ...;https://instagram.com/reel/DRpiuC_EeMn;instagram_reel_not_profile|instagram_profile_not_canonicalizable
d90b585e-8b14-442e-993f-457ad253dc8f;CTG Saudade Da Querência;CTG Saudade Da Querência Lot. Praia Grande R. João Santos Coelho Filho Cabedelo PB cardapio pedido delivery;yes;yellow;59;instagram;derived_instagram_handle;Instagram profile @ctgpb;https://instagram.com/ctgpb;city_not_confirmed
d90b585e-8b14-442e-993f-457ad253dc8f;CTG Saudade Da Querência;CTG Saudade Da Querência Lot. Praia Grande R. João Santos Coelho Filho Cabedelo PB cardapio pedido delivery;;yellow;52;tripadvisor;organic;CTG - SAUDADES DA QUERÊNCIA, Cabedelo;https://tripadvisor.com.br/Restaurant_Review-g793398-d23142659-Reviews-Ctg_Saudades_Da_Querencia-Cabedelo_State_of_Paraiba.html;
d90b585e-8b14-442e-993f-457ad253dc8f;CTG Saudade Da Querência;CTG Saudade Da Querência Lot. Praia Grande R. João Santos Coelho Filho Cabedelo PB cardapio pedido delivery;;yellow;46;wanderlog.com;organic;CTG Saudade Da Querência, Conde, Brazil;https://wanderlog.com/place/details/3246359/ctg-saudade-da-quer%C3%AAncia;
d90b585e-8b14-442e-993f-457ad253dc8f;CTG Saudade Da Querência;CTG Saudade Da Querência Lot. Praia Grande R. João Santos Coelho Filho Cabedelo PB cardapio pedido delivery;;red;40;carta.menu;organic;Ctg Saudade Da Querência en Cabedelo - Carta;https://carta.menu/restaurants/cabedelo/ctg-saudade-da-querencia;
d90b585e-8b14-442e-993f-457ad253dc8f;CTG Saudade Da Querência;CTG Saudade Da Querência Lot. Praia Grande R. João Santos Coelho Filho Cabedelo PB cardapio pedido delivery;;red;32;instagram;organic;CTG Saudades Da Querência (@ctgpb) · João Pessoa, PB;https://instagram.com/ctgpb/reels;conflicting_location:joao pessoa, pb
d90b585e-8b14-442e-993f-457ad253dc8f;CTG Saudade Da Querência;CTG Saudade Da Querência Lot. Praia Grande R. João Santos Coelho Filho Cabedelo PB cardapio pedido delivery;;red;24;youtube.com;organic;CTG 'Saudades da Querência' promove super churrasco em ...;https://youtube.com/watch?v=ngpt25sIfEA;city_not_confirmed
d90b585e-8b14-442e-993f-457ad253dc8f;CTG Saudade Da Querência;CTG Saudade Da Querência Lot. Praia Grande R. João Santos Coelho Filho Cabedelo PB cardapio pedido delivery;;red;16;direct_asset;organic;ctg estância gaúcha do planalto;https://mtgpc.com.br/anexo_publicidade/11/20250107195611_6177.pdf;needs_visual_or_ocr|city_not_confirmed
d90b585e-8b14-442e-993f-457ad253dc8f;CTG Saudade Da Querência;CTG Saudade Da Querência Lot. Praia Grande R. João Santos Coelho Filho Cabedelo PB cardapio pedido delivery;;red;16;saudadesdaquerencia.org.br;organic;Saudades da Querência: Home;https://saudadesdaquerencia.org.br;city_not_confirmed
60d131e5-d7fb-4aa2-b3b0-83af50747ff2;Pipa Sushi & Temakeria;Pipa Sushi & Temakeria Cabedelo Av. Mar das Antilhas - Intermares (83) 3248-4251 Cabedelo PB cardapio pedido delivery;yes;green;88;anota_ai;organic;Pipa Sushi & Temakeria | Delivery em CABEDELO;https://pedido.anota.ai/loja/pipa-sushi-temakeria;brand_not_confirmed
60d131e5-d7fb-4aa2-b3b0-83af50747ff2;Pipa Sushi & Temakeria;Pipa Sushi & Temakeria Cabedelo Av. Mar das Antilhas - Intermares (83) 3248-4251 Cabedelo PB cardapio pedido delivery;;yellow;87;instagram;organic;Pipa Temaki (@pipatemaki) · Cabedelo, PB;https://instagram.com/pipatemaki;
60d131e5-d7fb-4aa2-b3b0-83af50747ff2;Pipa Sushi & Temakeria;Pipa Sushi & Temakeria Cabedelo Av. Mar das Antilhas - Intermares (83) 3248-4251 Cabedelo PB cardapio pedido delivery;;red;8;tripadvisor;organic;PIPA TEMAKI, Cabedelo - Comentários de Restaurantes, ...;https://tripadvisor.com.br/Restaurant_Review-g793398-d11912241-Reviews-Pipa_temaki-Cabedelo_State_of_Paraiba.html;brand_not_confirmed
60d131e5-d7fb-4aa2-b3b0-83af50747ff2;Pipa Sushi & Temakeria;Pipa Sushi & Temakeria Cabedelo Av. Mar das Antilhas - Intermares (83) 3248-4251 Cabedelo PB cardapio pedido delivery;;red;2;tiktok.com;organic;O Sushi Mais Famoso de Intermares: Pipa Temaki;https://tiktok.com/@hafaeuu/video/7416367588827041030;brand_not_confirmed
60d131e5-d7fb-4aa2-b3b0-83af50747ff2;Pipa Sushi & Temakeria;Pipa Sushi & Temakeria Cabedelo Av. Mar das Antilhas - Intermares (83) 3248-4251 Cabedelo PB cardapio pedido delivery;;red;-8;facebook;organic;Pipa - Impossível não desejar! Vem curtir o final de ...;https://facebook.com/pipatemaki/photos/imposs%C3%ADvel-n%C3%A3o-desejarvem-curtir-o-final-de-semana-apreciando-as-maravilhas-do-n/1469897023473206;brand_not_confirmed|city_not_confirmed
60d131e5-d7fb-4aa2-b3b0-83af50747ff2;Pipa Sushi & Temakeria;Pipa Sushi & Temakeria Cabedelo Av. Mar das Antilhas - Intermares (83) 3248-4251 Cabedelo PB cardapio pedido delivery;;red;-8;facebook;organic;Está esperando o quê para vir conhecer o Pipa Temaki ...;https://facebook.com/pipatemaki/videos/est%C3%A1-esperando-o-qu%C3%AA-para-vir-conhecer-o-pipa-temakiestamos-abertos-das-17h-%C3%A0s-2/1612464482623003;brand_not_confirmed|city_not_confirmed
60d131e5-d7fb-4aa2-b3b0-83af50747ff2;Pipa Sushi & Temakeria;Pipa Sushi & Temakeria Cabedelo Av. Mar das Antilhas - Intermares (83) 3248-4251 Cabedelo PB cardapio pedido delivery;;red;-8;facebook;organic;Começar a semana comendo Temaki é ...;https://facebook.com/pipatemaki/posts/come%C3%A7ar-a-semana-comendo-temaki-%C3%A9-o-que-voc%C3%AA-mereceintermares-av-mar-das-antilha/935471121567670;brand_not_confirmed|city_not_confirmed
60d131e5-d7fb-4aa2-b3b0-83af50747ff2;Pipa Sushi & Temakeria;Pipa Sushi & Temakeria Cabedelo Av. Mar das Antilhas - Intermares (83) 3248-4251 Cabedelo PB cardapio pedido delivery;;red;-44;instagram;organic;"Pipa Temaki on Instagram: ""Do sushi ao temaki, do sashimi ao ...";https://instagram.com/reel/C_MNVyUJc0B;instagram_reel_not_profile|brand_not_confirmed|instagram_profile_not_canonicalizable|city_not_confirmed
4fa980c0-13d2-415f-97a6-e31fd3141133;Pastelaria Litorânea;Pastelaria Litorânea Vila Sao Joao R. Sólon de Lucena (83) 98807-9929 Cabedelo PB cardapio pedido delivery;yes;green;104;whatsmenu;organic;PASTELARIA LITORANEA;https://whatsmenu.com.br/pastelarialitoranea;
4fa980c0-13d2-415f-97a6-e31fd3141133;Pastelaria Litorânea;Pastelaria Litorânea Vila Sao Joao R. Sólon de Lucena (83) 98807-9929 Cabedelo PB cardapio pedido delivery;;yellow;87;instagram;organic;Pastelaria Litorânea (@pastelarialitoranea);https://instagram.com/pastelarialitoranea;
4fa980c0-13d2-415f-97a6-e31fd3141133;Pastelaria Litorânea;Pastelaria Litorânea Vila Sao Joao R. Sólon de Lucena (83) 98807-9929 Cabedelo PB cardapio pedido delivery;;yellow;80;anota_ai;organic;DoceOnda Gourmet | Delivery em Cabedelo | Pedido online;https://pedido.anota.ai/loja/doceonda-gourmet;brand_not_confirmed
4fa980c0-13d2-415f-97a6-e31fd3141133;Pastelaria Litorânea;Pastelaria Litorânea Vila Sao Joao R. Sólon de Lucena (83) 98807-9929 Cabedelo PB cardapio pedido delivery;;yellow;64;olaclick;organic;Pastel da Elô - Informações Peça Online. Cardápio digital ...;https://pastel-da-elo.ola.click;brand_not_confirmed|city_not_confirmed
4fa980c0-13d2-415f-97a6-e31fd3141133;Pastelaria Litorânea;Pastelaria Litorânea Vila Sao Joao R. Sólon de Lucena (83) 98807-9929 Cabedelo PB cardapio pedido delivery;;red;20;maisdeliveryapp.com.br;organic;Mais Delivery - Seu pedido é uma ordem!;https://maisdeliveryapp.com.br/ce/paraipaba-ce/27902/sorveteria-litoranea;city_not_confirmed
4fa980c0-13d2-415f-97a6-e31fd3141133;Pastelaria Litorânea;Pastelaria Litorânea Vila Sao Joao R. Sólon de Lucena (83) 98807-9929 Cabedelo PB cardapio pedido delivery;;red;-16;partiupedido.com.br;organic;https://www.partiupedido.com.br/menu-pastelaria-cl...;https://partiupedido.com.br/menu-pastelaria-clt?categoria=2518;brand_not_confirmed|city_not_confirmed
4fa980c0-13d2-415f-97a6-e31fd3141133;Pastelaria Litorânea;Pastelaria Litorânea Vila Sao Joao R. Sólon de Lucena (83) 98807-9929 Cabedelo PB cardapio pedido delivery;;red;-16;meu-cardapio.pedidos10.com.br;organic;https://meu-cardapio.pedidos10.com.br/app/pastelandia;https://meu-cardapio.pedidos10.com.br/app/pastelandia;brand_not_confirmed|city_not_confirmed
4fa980c0-13d2-415f-97a6-e31fd3141133;Pastelaria Litorânea;Pastelaria Litorânea Vila Sao Joao R. Sólon de Lucena (83) 98807-9929 Cabedelo PB cardapio pedido delivery;;red;-16;app.jotaja.com;organic;Doceria Mi - São João - Delivery Oficial - Jotajá;https://app.jotaja.com/midoceriaepadaria;brand_not_confirmed|city_not_confirmed
1c95b48d-3189-4496-8e70-4e9167967964;La casa de pastel e La Pizza Premium;La casa de pastel e La Pizza Premium R. Primo José Viana Rua por trás do Campo Municipal (83) 98625-2145 Cabedelo PB cardapio pedido delivery;yes;yellow;80;anota_ai;organic;Center Pizza Cabedelo | Delivery em Cabedelo | Pedido online;https://pedido.anota.ai/loja/bom-de-garfo-delivery-4;brand_not_confirmed
1c95b48d-3189-4496-8e70-4e9167967964;La casa de pastel e La Pizza Premium;La casa de pastel e La Pizza Premium R. Primo José Viana Rua por trás do Campo Municipal (83) 98625-2145 Cabedelo PB cardapio pedido delivery;;yellow;80;instadelivery;organic;Melhores delivery de Cabedelo;https://portal.instadelivery.com.br/cabedelo;brand_not_confirmed
1c95b48d-3189-4496-8e70-4e9167967964;La casa de pastel e La Pizza Premium;La casa de pastel e La Pizza Premium R. Primo José Viana Rua por trás do Campo Municipal (83) 98625-2145 Cabedelo PB cardapio pedido delivery;;yellow;75;instagram;organic;lacasadepastelpb (@lacasadepastelpbof) · Cabedelo, PB;https://instagram.com/lacasadepastelpbof;
1c95b48d-3189-4496-8e70-4e9167967964;La casa de pastel e La Pizza Premium;La casa de pastel e La Pizza Premium R. Primo José Viana Rua por trás do Campo Municipal (83) 98625-2145 Cabedelo PB cardapio pedido delivery;;red;-8;google;organic;La Casa de Pastel – Apps no Google Play;https://play.google.com/store/apps/details?id=com.lacasadepastel.ccmpedidoonline&hl=pt_BR;map_not_direct_menu|brand_not_confirmed|city_not_confirmed
1c95b48d-3189-4496-8e70-4e9167967964;La casa de pastel e La Pizza Premium;La casa de pastel e La Pizza Premium R. Primo José Viana Rua por trás do Campo Municipal (83) 98625-2145 Cabedelo PB cardapio pedido delivery;;red;-8;casadapizza.net;organic;Casa da Pizza Delivery;https://casadapizza.net;brand_not_confirmed|city_not_confirmed
1c95b48d-3189-4496-8e70-4e9167967964;La casa de pastel e La Pizza Premium;La casa de pastel e La Pizza Premium R. Primo José Viana Rua por trás do Campo Municipal (83) 98625-2145 Cabedelo PB cardapio pedido delivery;;red;-20;wanderboat.ai;organic;La casa de pastel e La Pizza Premium;https://wanderboat.ai/restaurants/brazil/regi%C3%A3o-geogr%C3%A1fica-imediata-de-jo%C3%A3o-pessoa/la-casa-de-pastel-e-la-pizza-premium/3O1NeXRfRJ-xOss5brI72A;brand_not_confirmed|city_not_confirmed
1c95b48d-3189-4496-8e70-4e9167967964;La casa de pastel e La Pizza Premium;La casa de pastel e La Pizza Premium R. Primo José Viana Rua por trás do Campo Municipal (83) 98625-2145 Cabedelo PB cardapio pedido delivery;;red;-20;facebook;organic;LaCasaDePastel;https://facebook.com/p/LaCasaDePastel-100069931295179;brand_not_confirmed|city_not_confirmed
1c95b48d-3189-4496-8e70-4e9167967964;La casa de pastel e La Pizza Premium;La casa de pastel e La Pizza Premium R. Primo José Viana Rua por trás do Campo Municipal (83) 98625-2145 Cabedelo PB cardapio pedido delivery;;red;-20;rappi.com.br;organic;La Casa do Pastel mais próximo;https://rappi.com.br/restaurantes/delivery/251752-la-casa-do-pastel;brand_not_confirmed|city_not_confirmed
6a5072b1-12a8-4613-be77-4d8f4f47ab48;Sakê Temakeria Ponta de Campina, Cabedelo;Sakê Temakeria Ponta de Campina, Cabedelo Sl 16 E 17 - Ponta de Campina Av. Oceano Atlântico (83) 98160-8378 Cabedelo PB cardapio pedido delivery;yes;yellow;65;instagram;organic;Sakê Temakeria Premium (@saketemaki);https://instagram.com/saketemaki;city_not_confirmed
6a5072b1-12a8-4613-be77-4d8f4f47ab48;Sakê Temakeria Ponta de Campina, Cabedelo;Sakê Temakeria Ponta de Campina, Cabedelo Sl 16 E 17 - Ponta de Campina Av. Oceano Atlântico (83) 98160-8378 Cabedelo PB cardapio pedido delivery;;red;44;tripadvisor;organic;SAKE TEMAKI PONTA DE CAMPINA, Cabedelo;https://tripadvisor.com.br/Restaurant_Review-g793398-d26433456-Reviews-Sake_Temaki_Ponta_de_Campina-Cabedelo_State_of_Paraiba.html;
6a5072b1-12a8-4613-be77-4d8f4f47ab48;Sakê Temakeria Ponta de Campina, Cabedelo;Sakê Temakeria Ponta de Campina, Cabedelo Sl 16 E 17 - Ponta de Campina Av. Oceano Atlântico (83) 98160-8378 Cabedelo PB cardapio pedido delivery;;red;38;saketemaki.com;organic;Ponta de Campina - Sakê;https://saketemaki.com/unidade/ponta-de-campina;
6a5072b1-12a8-4613-be77-4d8f4f47ab48;Sakê Temakeria Ponta de Campina, Cabedelo;Sakê Temakeria Ponta de Campina, Cabedelo Sl 16 E 17 - Ponta de Campina Av. Oceano Atlântico (83) 98160-8378 Cabedelo PB cardapio pedido delivery;;red;8;saketemaki.com;organic;Sakê - Restaurante Japonês em João Pessoa e Cabedelo;https://saketemaki.com;brand_not_confirmed
6a5072b1-12a8-4613-be77-4d8f4f47ab48;Sakê Temakeria Ponta de Campina, Cabedelo;Sakê Temakeria Ponta de Campina, Cabedelo Sl 16 E 17 - Ponta de Campina Av. Oceano Atlântico (83) 98160-8378 Cabedelo PB cardapio pedido delivery;;red;-8;saketemaki.com;organic;Contato - Sakê;https://saketemaki.com/contato;brand_not_confirmed|city_not_confirmed
6a5072b1-12a8-4613-be77-4d8f4f47ab48;Sakê Temakeria Ponta de Campina, Cabedelo;Sakê Temakeria Ponta de Campina, Cabedelo Sl 16 E 17 - Ponta de Campina Av. Oceano Atlântico (83) 98160-8378 Cabedelo PB cardapio pedido delivery;;red;-24;facebook;organic;Pipa Temaki | Cabedelos PB;https://facebook.com/pipatemaki/?locale=pt_BR;brand_not_confirmed|name_not_confirmed
6a5072b1-12a8-4613-be77-4d8f4f47ab48;Sakê Temakeria Ponta de Campina, Cabedelo;Sakê Temakeria Ponta de Campina, Cabedelo Sl 16 E 17 - Ponta de Campina Av. Oceano Atlântico (83) 98160-8378 Cabedelo PB cardapio pedido delivery;;red;-34;facebook;organic;Está esperando o quê para vir conhecer o Pipa Temaki ...;https://facebook.com/pipatemaki/videos/est%C3%A1-esperando-o-qu%C3%AA-para-vir-conhecer-o-pipa-temakiestamos-abertos-das-17h-%C3%A0s-2/1612464482623003;brand_not_confirmed|name_not_confirmed|city_not_confirmed
6a5072b1-12a8-4613-be77-4d8f4f47ab48;Sakê Temakeria Ponta de Campina, Cabedelo;Sakê Temakeria Ponta de Campina, Cabedelo Sl 16 E 17 - Ponta de Campina Av. Oceano Atlântico (83) 98160-8378 Cabedelo PB cardapio pedido delivery;;red;-56;instagram;organic;@saketemaki Inaugurou sua nova unidade em Ponta de ...;https://instagram.com/p/Ci_SlABtenZ;instagram_p_not_profile|brand_not_confirmed|instagram_profile_not_canonicalizable|city_not_confirmed
7c405790-3fe5-455d-9a65-8d12b2236e50;Sorveteria glacial;Sorveteria glacial Centro Vila dos Estivadores (83) 99827-1690 Cabedelo PB cardapio pedido delivery;yes;yellow;53;instagram;organic;Sorveteria Glacial (@sorveteriaglacial) · Manaus, AM;https://instagram.com/sorveteriaglacial;city_not_confirmed
7c405790-3fe5-455d-9a65-8d12b2236e50;Sorveteria glacial;Sorveteria glacial Centro Vila dos Estivadores (83) 99827-1690 Cabedelo PB cardapio pedido delivery;;red;42;sorveteria-glacial.placejoys.com;organic;Sorveteria Glacial – Refreshing Ice Cream Moments in ...;https://sorveteria-glacial.placejoys.com;
7c405790-3fe5-455d-9a65-8d12b2236e50;Sorveteria glacial;Sorveteria glacial Centro Vila dos Estivadores (83) 99827-1690 Cabedelo PB cardapio pedido delivery;;red;30;vendaagora.com;organic;SORVETERIA URSO GLACIAL Cabedelo PB;https://vendaagora.com/sorveteriaursoglacial;
7c405790-3fe5-455d-9a65-8d12b2236e50;Sorveteria glacial;Sorveteria glacial Centro Vila dos Estivadores (83) 99827-1690 Cabedelo PB cardapio pedido delivery;;red;20;facebook;organic;No Delivery ou presencial, todo dia tem sorvete Glacial ...;https://facebook.com/sorveteriaglacial/videos/no-delivery-ou-presencial-todo-dia-tem-sorvete-glacialpec%CC%A7a-nos-aplicativos-ifoo/5633165226753512/?locale=ar_AR;city_not_confirmed
7c405790-3fe5-455d-9a65-8d12b2236e50;Sorveteria glacial;Sorveteria glacial Centro Vila dos Estivadores (83) 99827-1690 Cabedelo PB cardapio pedido delivery;;red;20;acritica.com;organic;Sorveteria Glacial amplia delivery e contorna dificuldades ...;https://acritica.com/entretenimento/sorveteria-glacial-amplia-delivery-e-contorna-dificuldades-do-isolamento-social-1.45951;city_not_confirmed
7c405790-3fe5-455d-9a65-8d12b2236e50;Sorveteria glacial;Sorveteria glacial Centro Vila dos Estivadores (83) 99827-1690 Cabedelo PB cardapio pedido delivery;;red;8;facebook;organic;Sorveteria Glacial | Manaus AM;https://facebook.com/sorveteriaglacial/?locale=pt_BR;city_not_confirmed
7c405790-3fe5-455d-9a65-8d12b2236e50;Sorveteria glacial;Sorveteria glacial Centro Vila dos Estivadores (83) 99827-1690 Cabedelo PB cardapio pedido delivery;;red;2;instagram;organic;"Sorveteria Glacial on Instagram: ""Bateu a vontade de gelato ...";https://instagram.com/reel/DaQapH5Ro4p;instagram_reel_not_profile|instagram_profile_not_canonicalizable|city_not_confirmed
7c405790-3fe5-455d-9a65-8d12b2236e50;Sorveteria glacial;Sorveteria glacial Centro Vila dos Estivadores (83) 99827-1690 Cabedelo PB cardapio pedido delivery;;red;-10;instagram;organic;"Sorveteria Glacial on Instagram: ""A Glacial tem tudo de ...";https://instagram.com/reel/DRAXI4zkfdJ;instagram_reel_not_profile|instagram_profile_not_canonicalizable|city_not_confirmed
82d8aca0-64d5-4788-97c7-cf38503d2eb3;BAR DO CHEFF RESTAURANTE;BAR DO CHEFF RESTAURANTE Lj 12 - Intermares Av. Mar Vermelho (83) 98842-9424 Cabedelo PB cardapio pedido delivery;yes;yellow;81;instagram;organic;Bar do Cheff Restaurante (@bardocheffrestaurante);https://instagram.com/bardocheffrestaurante/?hl=pt;
82d8aca0-64d5-4788-97c7-cf38503d2eb3;BAR DO CHEFF RESTAURANTE;BAR DO CHEFF RESTAURANTE Lj 12 - Intermares Av. Mar Vermelho (83) 98842-9424 Cabedelo PB cardapio pedido delivery;;yellow;72;anota_ai;organic;Cheff Restaurante | Delivery em Pará de Minas | Pedido online;https://pedido.anota.ai/loja/cheff-restaurante-2;brand_not_confirmed|city_not_confirmed
82d8aca0-64d5-4788-97c7-cf38503d2eb3;BAR DO CHEFF RESTAURANTE;BAR DO CHEFF RESTAURANTE Lj 12 - Intermares Av. Mar Vermelho (83) 98842-9424 Cabedelo PB cardapio pedido delivery;;yellow;53;instagram;derived_instagram_handle;Instagram profile @bardocheffrestaurante;https://instagram.com/bardocheffrestaurante;city_not_confirmed
82d8aca0-64d5-4788-97c7-cf38503d2eb3;BAR DO CHEFF RESTAURANTE;BAR DO CHEFF RESTAURANTE Lj 12 - Intermares Av. Mar Vermelho (83) 98842-9424 Cabedelo PB cardapio pedido delivery;;red;0;tripadvisor;organic;OS 10 MELHORES restaurantes - Cabedelo;https://tripadvisor.com.br/Restaurants-g793398-Cabedelo_State_of_Paraiba.html;brand_not_confirmed
82d8aca0-64d5-4788-97c7-cf38503d2eb3;BAR DO CHEFF RESTAURANTE;BAR DO CHEFF RESTAURANTE Lj 12 - Intermares Av. Mar Vermelho (83) 98842-9424 Cabedelo PB cardapio pedido delivery;;red;-8;wanderboat.ai;organic;bar do cheff restaurante;https://wanderboat.ai/restaurants/brazil/regiao-geografica-imediata-de-joao-pessoa/bar-do-cheff-restaurante/g8It3S1sRFGaoU6qxXC38w;brand_not_confirmed|city_not_confirmed
82d8aca0-64d5-4788-97c7-cf38503d2eb3;BAR DO CHEFF RESTAURANTE;BAR DO CHEFF RESTAURANTE Lj 12 - Intermares Av. Mar Vermelho (83) 98842-9424 Cabedelo PB cardapio pedido delivery;;red;-8;mistercheff.com.br;organic;Sistema para Restaurante: PDV, Cardápio Digital e Delivery ...;https://mistercheff.com.br;brand_not_confirmed|city_not_confirmed
82d8aca0-64d5-4788-97c7-cf38503d2eb3;BAR DO CHEFF RESTAURANTE;BAR DO CHEFF RESTAURANTE Lj 12 - Intermares Av. Mar Vermelho (83) 98842-9424 Cabedelo PB cardapio pedido delivery;;red;-16;rappi.com.br;organic;Caf e com Cerveja - Intermares Preço e Cardápio delivery;https://rappi.com.br/restaurantes/900660096-caf-e-com-cerveja;brand_not_confirmed|city_not_confirmed
82d8aca0-64d5-4788-97c7-cf38503d2eb3;BAR DO CHEFF RESTAURANTE;BAR DO CHEFF RESTAURANTE Lj 12 - Intermares Av. Mar Vermelho (83) 98842-9424 Cabedelo PB cardapio pedido delivery;;red;-44;instagram;organic;Mais delícia do nosso cardápio, feita especialmente para ...;https://instagram.com/p/C3QfLDvJ7TS;instagram_p_not_profile|brand_not_confirmed|instagram_profile_not_canonicalizable|city_not_confirmed
a0f83830-77b8-4f8f-850d-be06b6658efb;Praçaí - Intermares;Praçaí - Intermares Intermares Av. Oceano Pacífico (83) 98701-9413 Cabedelo PB cardapio pedido delivery;yes;yellow;87;instagram;organic;Praçaí Intermares (@pracaiintermares) · Cabedelo, PB;https://instagram.com/pracaiintermares;
a0f83830-77b8-4f8f-850d-be06b6658efb;Praçaí - Intermares;Praçaí - Intermares Intermares Av. Oceano Pacífico (83) 98701-9413 Cabedelo PB cardapio pedido delivery;;yellow;80;anota_ai;organic;NOVO ORIENTE INTERMARES | Delivery em Cabedelo;https://pedido.anota.ai/loja/novo-oriente-intermares-;brand_not_confirmed
a0f83830-77b8-4f8f-850d-be06b6658efb;Praçaí - Intermares;Praçaí - Intermares Intermares Av. Oceano Pacífico (83) 98701-9413 Cabedelo PB cardapio pedido delivery;;yellow;64;deliverydireto;organic;Delivery Direto;https://deliverydireto.com.br/acaville/pedido?dd=menu;brand_not_confirmed|city_not_confirmed
a0f83830-77b8-4f8f-850d-be06b6658efb;Praçaí - Intermares;Praçaí - Intermares Intermares Av. Oceano Pacífico (83) 98701-9413 Cabedelo PB cardapio pedido delivery;;red;30;facebook;organic;Cabedelo PB - Praçaí;https://facebook.com/pracaiintermares/?locale=pt_BR;
a0f83830-77b8-4f8f-850d-be06b6658efb;Praçaí - Intermares;Praçaí - Intermares Intermares Av. Oceano Pacífico (83) 98701-9413 Cabedelo PB cardapio pedido delivery;;red;30;vendaagora.com;organic;praçaí intermares - cabedelo - pb;https://vendaagora.com/michel;
a0f83830-77b8-4f8f-850d-be06b6658efb;Praçaí - Intermares;Praçaí - Intermares Intermares Av. Oceano Pacífico (83) 98701-9413 Cabedelo PB cardapio pedido delivery;;red;2;instagram;organic;Descubra o Melhor Açaí de Intermares na Praçaí! Turista, que ...;https://instagram.com/reel/DE5w-DjSfq2;instagram_reel_not_profile|instagram_profile_not_canonicalizable|city_not_confirmed
a0f83830-77b8-4f8f-850d-be06b6658efb;Praçaí - Intermares;Praçaí - Intermares Intermares Av. Oceano Pacífico (83) 98701-9413 Cabedelo PB cardapio pedido delivery;;red;2;instagram;organic;O melhor Açaí da Paraíba fica aqui na praça de intermares! ...;https://instagram.com/p/BUz95PHAaFP;instagram_p_not_profile|instagram_profile_not_canonicalizable|city_not_confirmed
a0f83830-77b8-4f8f-850d-be06b6658efb;Praçaí - Intermares;Praçaí - Intermares Intermares Av. Oceano Pacífico (83) 98701-9413 Cabedelo PB cardapio pedido delivery;;red;-6;waze.com;organic;Driving directions to Praça do açaí de Intermares, 1164 Av. ...;https://waze.com/live-map/directions/br/pb/praca-do-acai-de-intermares?to=place.ChIJ-60_Km3erAcRRKoxlE8MUyc;brand_not_confirmed
e6b82c85-d208-4590-8889-6aa3de57c7a5;Açaí da Cris;Açaí da Cris Cabedelo Tv. Primo José Viana - Vila Sao Joao (83) 98865-3585 Cabedelo PB cardapio pedido delivery;yes;green;86;instadelivery;organic;Melhores delivery de Cabedelo;https://portal.instadelivery.com.br/cabedelo;brand_not_confirmed
e6b82c85-d208-4590-8889-6aa3de57c7a5;Açaí da Cris;Açaí da Cris Cabedelo Tv. Primo José Viana - Vila Sao Joao (83) 98865-3585 Cabedelo PB cardapio pedido delivery;;yellow;81;instagram;organic;É difícil resistir 🤤 Link para pedido na bio 💜 #cabedelo;https://instagram.com/acaidacris/p/CqOkEh_LHhl;
e6b82c85-d208-4590-8889-6aa3de57c7a5;Açaí da Cris;Açaí da Cris Cabedelo Tv. Primo José Viana - Vila Sao Joao (83) 98865-3585 Cabedelo PB cardapio pedido delivery;;yellow;81;instagram;organic;Açaí da Cris | Açaiteria Cabedelo (@acaidacris);https://instagram.com/acaidacris;
e6b82c85-d208-4590-8889-6aa3de57c7a5;Açaí da Cris;Açaí da Cris Cabedelo Tv. Primo José Viana - Vila Sao Joao (83) 98865-3585 Cabedelo PB cardapio pedido delivery;;yellow;80;anota_ai;organic;Açai da Hill Point | Delivery em CABEDELO | Pedido online;https://pedido.anota.ai/loja/aai-da-hill-point;brand_not_confirmed
e6b82c85-d208-4590-8889-6aa3de57c7a5;Açaí da Cris;Açaí da Cris Cabedelo Tv. Primo José Viana - Vila Sao Joao (83) 98865-3585 Cabedelo PB cardapio pedido delivery;;red;14;facebook;organic;Açaí da Cris | Cabedelo PB;https://facebook.com/p/A%C3%A7a%C3%AD-da-Cris-100043014201709;brand_not_confirmed
e6b82c85-d208-4590-8889-6aa3de57c7a5;Açaí da Cris;Açaí da Cris Cabedelo Tv. Primo José Viana - Vila Sao Joao (83) 98865-3585 Cabedelo PB cardapio pedido delivery;;red;-8;acaidocris.deeliv.app;organic;Taxa de entrega;https://acaidocris.deeliv.app/webapp/globais/taxa_entrega/LUU3H6;brand_not_confirmed|city_not_confirmed
e6b82c85-d208-4590-8889-6aa3de57c7a5;Açaí da Cris;Açaí da Cris Cabedelo Tv. Primo José Viana - Vila Sao Joao (83) 98865-3585 Cabedelo PB cardapio pedido delivery;;red;-20;pedidos.acaidocris.com.br;organic;https://www.pedidos.acaidocris.com.br/;https://pedidos.acaidocris.com.br;brand_not_confirmed|city_not_confirmed
e6b82c85-d208-4590-8889-6aa3de57c7a5;Açaí da Cris;Açaí da Cris Cabedelo Tv. Primo José Viana - Vila Sao Joao (83) 98865-3585 Cabedelo PB cardapio pedido delivery;;red;-44;instagram;organic;Açai Da Cris on Instagram;https://instagram.com/reel/C30yPuSxlCS;instagram_reel_not_profile|brand_not_confirmed|instagram_profile_not_canonicalizable|city_not_confirmed
ebc2a604-0b9b-4ccb-896b-e3ccca9d16a1;Pizza Now - Intermares;Pizza Now - Intermares Lj 14 - Ponta de Campina Av. Oceano Atlântico 0800 012 2000 Cabedelo PB cardapio pedido delivery;yes;green;88;anota_ai;organic;Pizza Now Intermares | Delivery em CABEDELO | Pedido online;https://pedido.anota.ai/loja/pizza-now-intermares;brand_not_confirmed
ebc2a604-0b9b-4ccb-896b-e3ccca9d16a1;Pizza Now - Intermares;Pizza Now - Intermares Lj 14 - Ponta de Campina Av. Oceano Atlântico 0800 012 2000 Cabedelo PB cardapio pedido delivery;;yellow;72;deliverydireto;organic;Pizza Now - Delivery Online;https://deliverydireto.com.br/pizzanow;brand_not_confirmed|city_not_confirmed
ebc2a604-0b9b-4ccb-896b-e3ccca9d16a1;Pizza Now - Intermares;Pizza Now - Intermares Lj 14 - Ponta de Campina Av. Oceano Atlântico 0800 012 2000 Cabedelo PB cardapio pedido delivery;;yellow;65;instagram;organic;Pizza Now (@pizzanowexpress);https://instagram.com/pizzanowexpress;city_not_confirmed
ebc2a604-0b9b-4ccb-896b-e3ccca9d16a1;Pizza Now - Intermares;Pizza Now - Intermares Lj 14 - Ponta de Campina Av. Oceano Atlântico 0800 012 2000 Cabedelo PB cardapio pedido delivery;;red;2;empresas.serasaexperian.com.br;organic;PIZZA NOW INTERMARES LTDA - ME - 48204391000192;https://empresas.serasaexperian.com.br/consulta-gratis/PIZZA-NOW-INTERMARES-LTDA-ME-48204391000192;brand_not_confirmed
ebc2a604-0b9b-4ccb-896b-e3ccca9d16a1;Pizza Now - Intermares;Pizza Now - Intermares Lj 14 - Ponta de Campina Av. Oceano Atlântico 0800 012 2000 Cabedelo PB cardapio pedido delivery;;red;-2;pedidos.pizzanow.com.br;organic;Pizza Now - Delivery OFICIAL - Manaíra, João Pessoa - PB;https://pedidos.pizzanow.com.br/pizzanow/joaopessoa;brand_not_confirmed|city_not_confirmed
ebc2a604-0b9b-4ccb-896b-e3ccca9d16a1;Pizza Now - Intermares;Pizza Now - Intermares Lj 14 - Ponta de Campina Av. Oceano Atlântico 0800 012 2000 Cabedelo PB cardapio pedido delivery;;red;-14;pizzanow.com.br;organic;Pizza Now;https://pizzanow.com.br;brand_not_confirmed|city_not_confirmed
ebc2a604-0b9b-4ccb-896b-e3ccca9d16a1;Pizza Now - Intermares;Pizza Now - Intermares Lj 14 - Ponta de Campina Av. Oceano Atlântico 0800 012 2000 Cabedelo PB cardapio pedido delivery;;red;-28;instagram;organic;"Pizza Now on Instagram: ""O Verão com Pizza Now é muito ...";https://instagram.com/reel/DD1jO7BRoup;instagram_reel_not_profile|brand_not_confirmed|instagram_profile_not_canonicalizable
ebc2a604-0b9b-4ccb-896b-e3ccca9d16a1;Pizza Now - Intermares;Pizza Now - Intermares Lj 14 - Ponta de Campina Av. Oceano Atlântico 0800 012 2000 Cabedelo PB cardapio pedido delivery;;red;-56;instagram;organic;"Pizza Now on Instagram: "" Pizza Now é sabor em vários ...";https://instagram.com/reel/DTAx_AnDnAK;instagram_reel_not_profile|brand_not_confirmed|instagram_profile_not_canonicalizable|city_not_confirmed
0558e6bf-f6d6-41f5-b20d-d7adcb9dccdd;Viciados em Sushi;Viciados em Sushi Centro R. Pedro Aleixo Moura (83) 98704-2458 Cabedelo PB cardapio pedido delivery;yes;yellow;80;anota_ai;organic;Pipa Sushi & Temakeria | Delivery em CABEDELO;https://pedido.anota.ai/loja/pipa-sushi-temakeria;brand_not_confirmed
0558e6bf-f6d6-41f5-b20d-d7adcb9dccdd;Viciados em Sushi;Viciados em Sushi Centro R. Pedro Aleixo Moura (83) 98704-2458 Cabedelo PB cardapio pedido delivery;;red;36;tripadvisor;organic;Viciados Em Sushi - Restaurantes: Cabedelo;https://tripadvisor.com.br/Restaurant_Review-g793398-d25183179-Reviews-Viciados_Em_Sushi-Cabedelo_State_of_Paraiba.html;
0558e6bf-f6d6-41f5-b20d-d7adcb9dccdd;Viciados em Sushi;Viciados em Sushi Centro R. Pedro Aleixo Moura (83) 98704-2458 Cabedelo PB cardapio pedido delivery;;red;30;cabedelo.pb.gov.br;organic;Viciados em Sushi | Prefeitura de Cabedelo;https://cabedelo.pb.gov.br/ondecomer/viciados-em-sushi;
0558e6bf-f6d6-41f5-b20d-d7adcb9dccdd;Viciados em Sushi;Viciados em Sushi Centro R. Pedro Aleixo Moura (83) 98704-2458 Cabedelo PB cardapio pedido delivery;;red;20;rappi.com.br;organic;Viciados en Sushi - Bela Vista Preço e Cardápio delivery;https://rappi.com.br/restaurantes/900672343-viciados-en-sushi;city_not_confirmed
0558e6bf-f6d6-41f5-b20d-d7adcb9dccdd;Viciados em Sushi;Viciados em Sushi Centro R. Pedro Aleixo Moura (83) 98704-2458 Cabedelo PB cardapio pedido delivery;;red;2;instagram;organic;Viciados Em Sushi | Uma ótima opção é o Temaki ...;https://instagram.com/p/CLsdSqlpd_p;instagram_p_not_profile|instagram_profile_not_canonicalizable|city_not_confirmed
0558e6bf-f6d6-41f5-b20d-d7adcb9dccdd;Viciados em Sushi;Viciados em Sushi Centro R. Pedro Aleixo Moura (83) 98704-2458 Cabedelo PB cardapio pedido delivery;;red;2;instagram;organic;Estamos viciados nesse delivery @sushi_em_casa É ...;https://instagram.com/reel/DY767bTKy8Q;instagram_reel_not_profile|instagram_profile_not_canonicalizable|city_not_confirmed
0558e6bf-f6d6-41f5-b20d-d7adcb9dccdd;Viciados em Sushi;Viciados em Sushi Centro R. Pedro Aleixo Moura (83) 98704-2458 Cabedelo PB cardapio pedido delivery;;red;-16;vinisushi.com.br;organic;Vini Sushi: Uma experiência única para seu paladar;https://vinisushi.com.br;brand_not_confirmed|city_not_confirmed
0558e6bf-f6d6-41f5-b20d-d7adcb9dccdd;Viciados em Sushi;Viciados em Sushi Centro R. Pedro Aleixo Moura (83) 98704-2458 Cabedelo PB cardapio pedido delivery;;red;-28;bitbar.app;organic;Izzô Sushi Bar Soledade - BitBar;https://bitbar.app/izzosushi;brand_not_confirmed|city_not_confirmed
59147bb0-0a1d-4493-a05a-ba54bd8cd26c;Restaurante Ondas;Restaurante Ondas Cabedelo Av. Cassiano da Cunha Nóbrega - Santa Catarina (83) 98898-8397 Cabedelo PB cardapio pedido delivery;yes;green;86;menudino;organic;Restaurantes em Cabedelo;https://menudino.com/delivery/cabedelo-pb;brand_not_confirmed
59147bb0-0a1d-4493-a05a-ba54bd8cd26c;Restaurante Ondas;Restaurante Ondas Cabedelo Av. Cassiano da Cunha Nóbrega - Santa Catarina (83) 98898-8397 Cabedelo PB cardapio pedido delivery;;yellow;80;anota_ai;organic;DoceOnda | Delivery em Cabedelo | Pedido online;https://pedido.anota.ai/loja/doceonda;brand_not_confirmed
59147bb0-0a1d-4493-a05a-ba54bd8cd26c;Restaurante Ondas;Restaurante Ondas Cabedelo Av. Cassiano da Cunha Nóbrega - Santa Catarina (83) 98898-8397 Cabedelo PB cardapio pedido delivery;;yellow;53;instagram;organic;Restaurante Ondas (@restauranteondas);https://instagram.com/restauranteondas;city_not_confirmed
59147bb0-0a1d-4493-a05a-ba54bd8cd26c;Restaurante Ondas;Restaurante Ondas Cabedelo Av. Cassiano da Cunha Nóbrega - Santa Catarina (83) 98898-8397 Cabedelo PB cardapio pedido delivery;;red;20;tripadvisor;organic;RESTAURANTE ONDAS CABEDELO - Comentários de ...;https://tripadvisor.com.br/Restaurant_Review-g793398-d5937608-Reviews-Restaurante_Ondas_cabedelo-Cabedelo_State_of_Paraiba.html;brand_not_confirmed
59147bb0-0a1d-4493-a05a-ba54bd8cd26c;Restaurante Ondas;Restaurante Ondas Cabedelo Av. Cassiano da Cunha Nóbrega - Santa Catarina (83) 98898-8397 Cabedelo PB cardapio pedido delivery;;red;2;facebook;organic;Restaurante Ondas | Cabedelos PB;https://facebook.com/restauranteondaspraia/?locale=pt_BR;brand_not_confirmed
59147bb0-0a1d-4493-a05a-ba54bd8cd26c;Restaurante Ondas;Restaurante Ondas Cabedelo Av. Cassiano da Cunha Nóbrega - Santa Catarina (83) 98898-8397 Cabedelo PB cardapio pedido delivery;;red;2;vendaagora.com;organic;restaurante ondas - cabedelo - pb;https://vendaagora.com/restauranteondas;brand_not_confirmed
59147bb0-0a1d-4493-a05a-ba54bd8cd26c;Restaurante Ondas;Restaurante Ondas Cabedelo Av. Cassiano da Cunha Nóbrega - Santa Catarina (83) 98898-8397 Cabedelo PB cardapio pedido delivery;;red;-4;waze.com;organic;Restaurante Ondas;https://waze.com/es/live-map/directions/restaurante-ondas-av.-cassiano-da-cunha-nobrega-cabedelo?to=place.w.213124802.2131051415.7802947;brand_not_confirmed
59147bb0-0a1d-4493-a05a-ba54bd8cd26c;Restaurante Ondas;Restaurante Ondas Cabedelo Av. Cassiano da Cunha Nóbrega - Santa Catarina (83) 98898-8397 Cabedelo PB cardapio pedido delivery;;red;-44;instagram;organic;"Restaurante Ondas on Instagram: ""Ficamos localizados na ...";https://instagram.com/reel/B7yNx2Gpkxh;instagram_reel_not_profile|brand_not_confirmed|instagram_profile_not_canonicalizable|city_not_confirmed
538d1975-cdfa-4c9f-97f6-ddee94efc67b;Meio Quilo;Meio Quilo Centro R. Aderbal Piragibe (83) 3228-8464 Cabedelo PB cardapio pedido delivery;yes;red;44;tripadvisor;organic;RESTAURANTE MEIO QUILO, Cabedelo - Comentários de ...;https://tripadvisor.com.br/Restaurant_Review-g793398-d7867522-Reviews-Restaurante_Meio_Quilo-Cabedelo_State_of_Paraiba.html;
538d1975-cdfa-4c9f-97f6-ddee94efc67b;Meio Quilo;Meio Quilo Centro R. Aderbal Piragibe (83) 3228-8464 Cabedelo PB cardapio pedido delivery;;red;38;vendaagora.com;organic;restaurante meio quilo - cabedelo - pb;https://vendaagora.com/restaureantemeioquilo;
538d1975-cdfa-4c9f-97f6-ddee94efc67b;Meio Quilo;Meio Quilo Centro R. Aderbal Piragibe (83) 3228-8464 Cabedelo PB cardapio pedido delivery;;red;32;cnpj.biz;organic;Restaurante Meio Quilo 04155292000192 Cabedelo;https://cnpj.biz/04155292000192;
538d1975-cdfa-4c9f-97f6-ddee94efc67b;Meio Quilo;Meio Quilo Centro R. Aderbal Piragibe (83) 3228-8464 Cabedelo PB cardapio pedido delivery;;red;-12;byfood.com.br;organic;Delivery em Cabedelo, PB;https://byfood.com.br/lista/cabedelo-pb;brand_not_confirmed|name_not_confirmed
538d1975-cdfa-4c9f-97f6-ddee94efc67b;Meio Quilo;Meio Quilo Centro R. Aderbal Piragibe (83) 3228-8464 Cabedelo PB cardapio pedido delivery;;red;-34;rappi.com.br;organic;Trembom Marmitaria - Renascer Preço e Cardápio delivery;https://rappi.com.br/restaurantes/900125548-trembom-marmitaria;brand_not_confirmed|name_not_confirmed|city_not_confirmed
538d1975-cdfa-4c9f-97f6-ddee94efc67b;Meio Quilo;Meio Quilo Centro R. Aderbal Piragibe (83) 3228-8464 Cabedelo PB cardapio pedido delivery;;red;-44;instagram;organic;ALMOÇO SEM BALANÇA POR APENAS R$25 ...;https://instagram.com/reel/DO8miUeDc_8/?hl=pt-br;instagram_reel_not_profile|brand_not_confirmed|instagram_profile_not_canonicalizable|city_not_confirmed
538d1975-cdfa-4c9f-97f6-ddee94efc67b;Meio Quilo;Meio Quilo Centro R. Aderbal Piragibe (83) 3228-8464 Cabedelo PB cardapio pedido delivery;;red;-64;instagram;organic;SUSHIS POR R$1,50 A UNID. E UM CARDÁPIO VARIADO ...;https://instagram.com/reel/C2iZR9LJfgL;instagram_reel_not_profile|brand_not_confirmed|name_not_confirmed|instagram_profile_not_canonicalizable|city_not_confirmed
538d1975-cdfa-4c9f-97f6-ddee94efc67b;Meio Quilo;Meio Quilo Centro R. Aderbal Piragibe (83) 3228-8464 Cabedelo PB cardapio pedido delivery;;red;-70;instagram;organic;18:00 ás 23:00 📍Av. Presidente Ranieri Mazilli, 1901- ...;https://instagram.com/p/DLvIBN0O_7j;instagram_p_not_profile|brand_not_confirmed|name_not_confirmed|instagram_profile_not_canonicalizable|city_not_confirmed
fbf76b65-220f-4ae7-89fc-fec690985eda;Tapiocaria do Dinho;Tapiocaria do Dinho Cabedelo Av. Ambrósio Miranda de Araújo - Renascer (83) 98645-7353 Cabedelo PB cardapio pedido delivery;yes;yellow;81;instagram;organic;TAPIOCARIA DO DINHO 🔥 (@tapiocariadinho);https://instagram.com/tapiocariadinho;
fbf76b65-220f-4ae7-89fc-fec690985eda;Tapiocaria do Dinho;Tapiocaria do Dinho Cabedelo Av. Ambrósio Miranda de Araújo - Renascer (83) 98645-7353 Cabedelo PB cardapio pedido delivery;;yellow;80;anota_ai;organic;Tc Restaurante e Petiscaria | Delivery em Cabedelo;https://pedido.anota.ai/loja/tc-petiscaria-e-lanches-1;brand_not_confirmed
fbf76b65-220f-4ae7-89fc-fec690985eda;Tapiocaria do Dinho;Tapiocaria do Dinho Cabedelo Av. Ambrósio Miranda de Araújo - Renascer (83) 98645-7353 Cabedelo PB cardapio pedido delivery;;red;6;ze.delivery;organic;Delivery de em Cabedelo - PB;https://ze.delivery/em/cabedelo-pb;brand_not_confirmed
fbf76b65-220f-4ae7-89fc-fec690985eda;Tapiocaria do Dinho;Tapiocaria do Dinho Cabedelo Av. Ambrósio Miranda de Araújo - Renascer (83) 98645-7353 Cabedelo PB cardapio pedido delivery;;red;2;solutudo.com.br;organic;Tapioca Do Dinho em Cabedelo, PB - Lanchonetes;https://solutudo.com.br/empresas/pb/cabedelo/lanches-lanchonetes/tapioca-do-dinho-9270665;brand_not_confirmed
fbf76b65-220f-4ae7-89fc-fec690985eda;Tapiocaria do Dinho;Tapiocaria do Dinho Cabedelo Av. Ambrósio Miranda de Araújo - Renascer (83) 98645-7353 Cabedelo PB cardapio pedido delivery;;red;-4;waze.com;organic;Упътвания към Tapioca do Dinho, Av. Ambrósio Miranda ...;https://waze.com/bg/live-map/directions/tapioca-do-dinho-av.-ambrosio-miranda-de-araujo-cabedelo?to=place.w.213059265.2130854797.14335890;brand_not_confirmed
fbf76b65-220f-4ae7-89fc-fec690985eda;Tapiocaria do Dinho;Tapiocaria do Dinho Cabedelo Av. Ambrósio Miranda de Araújo - Renascer (83) 98645-7353 Cabedelo PB cardapio pedido delivery;;red;-12;facebook;organic;Tapioca recheada | R$0.00 | Cabedelo, Paraíba;https://facebook.com/groups/541356382560394/posts/27232630319672971;brand_not_confirmed
fbf76b65-220f-4ae7-89fc-fec690985eda;Tapiocaria do Dinho;Tapiocaria do Dinho Cabedelo Av. Ambrósio Miranda de Araújo - Renascer (83) 98645-7353 Cabedelo PB cardapio pedido delivery;;red;-16;rappi.com.br;organic;Trembom Marmitaria - Renascer Preço e Cardápio delivery;https://rappi.com.br/restaurantes/900125548-trembom-marmitaria;brand_not_confirmed|city_not_confirmed
fbf76b65-220f-4ae7-89fc-fec690985eda;Tapiocaria do Dinho;Tapiocaria do Dinho Cabedelo Av. Ambrósio Miranda de Araújo - Renascer (83) 98645-7353 Cabedelo PB cardapio pedido delivery;;red;-16;tapiocaria-d-lourdes.menuintegrado.com.br;organic;Tapiocaria D´Lourdes - Delivery Oficial - Menu Integrado;https://tapiocaria-d-lourdes.menuintegrado.com.br;brand_not_confirmed|city_not_confirmed
cd9230d9-bdb7-4b4d-8b2a-2add5fe0d487;Residência do Mário;Residência do Mário Camalaú R. Cleto Campêlo (83) 99988-2096 Cabedelo PB cardapio pedido delivery;yes;yellow;83;instagram;organic;residencia do mario (@residenciadomario) · Cabedelos, PB;https://instagram.com/residenciadomario/reels;
cd9230d9-bdb7-4b4d-8b2a-2add5fe0d487;Residência do Mário;Residência do Mário Camalaú R. Cleto Campêlo (83) 99988-2096 Cabedelo PB cardapio pedido delivery;;yellow;83;instagram;derived_instagram_handle;Instagram profile @residenciadomario;https://instagram.com/residenciadomario;
cd9230d9-bdb7-4b4d-8b2a-2add5fe0d487;Residência do Mário;Residência do Mário Camalaú R. Cleto Campêlo (83) 99988-2096 Cabedelo PB cardapio pedido delivery;;red;44;tripadvisor;organic;Residência Do Mario - Restaurantes: Cabedelo;https://tripadvisor.com.br/Restaurant_Review-g793398-d30332900-Reviews-Residencia_Do_Mario-Cabedelo_State_of_Paraiba.html;
cd9230d9-bdb7-4b4d-8b2a-2add5fe0d487;Residência do Mário;Residência do Mário Camalaú R. Cleto Campêlo (83) 99988-2096 Cabedelo PB cardapio pedido delivery;;red;38;cabedelo.pb.gov.br;organic;Residência do Mário | Prefeitura de Cabedelo;https://cabedelo.pb.gov.br/ondecomer/residencia-do-mario;
cd9230d9-bdb7-4b4d-8b2a-2add5fe0d487;Residência do Mário;Residência do Mário Camalaú R. Cleto Campêlo (83) 99988-2096 Cabedelo PB cardapio pedido delivery;;red;20;instagram;organic;Reel by residencia do mario (@residenciadomario) · May 1 ...;https://instagram.com/reel/DJHcpVdxCOG;instagram_reel_not_profile|instagram_profile_not_canonicalizable
cd9230d9-bdb7-4b4d-8b2a-2add5fe0d487;Residência do Mário;Residência do Mário Camalaú R. Cleto Campêlo (83) 99988-2096 Cabedelo PB cardapio pedido delivery;;red;20;instagram;organic;Na @residenciadomario é proibido beijar Depois de 15 anos ...;https://instagram.com/reel/DRAcp_AEf-I;instagram_reel_not_profile|instagram_profile_not_canonicalizable
cd9230d9-bdb7-4b4d-8b2a-2add5fe0d487;Residência do Mário;Residência do Mário Camalaú R. Cleto Campêlo (83) 99988-2096 Cabedelo PB cardapio pedido delivery;;red;14;instagram;organic;A dica de bar e restaurante hoje é aqui na ...;https://instagram.com/reel/DTQ41RfAf96;instagram_reel_not_profile|instagram_profile_not_canonicalizable
cd9230d9-bdb7-4b4d-8b2a-2add5fe0d487;Residência do Mário;Residência do Mário Camalaú R. Cleto Campêlo (83) 99988-2096 Cabedelo PB cardapio pedido delivery;;red;-20;app.qrcodepreferido.com;organic;Restaurante do Mário;https://app.qrcodepreferido.com/restaurante-do-mario;brand_not_confirmed|city_not_confirmed
07f16c40-a81c-4d0a-8f71-5ef78a3be31c;A Casa do Temakinho;A Casa do Temakinho Intermares Av. Mar da Irlanda (83) 99944-9296 Cabedelo PB cardapio pedido delivery;yes;green;124;anota_ai;organic;A Casa Do Temakinho | Delivery em Cabedelo | Pedido online;https://pedido.anota.ai/loja/a-casa-do-temakinho;
07f16c40-a81c-4d0a-8f71-5ef78a3be31c;A Casa do Temakinho;A Casa do Temakinho Intermares Av. Mar da Irlanda (83) 99944-9296 Cabedelo PB cardapio pedido delivery;;yellow;73;instagram;organic;A CASA DO TEMAKINHO 🍣🥢 (@acasadotemakinho);https://instagram.com/acasadotemakinho;city_not_confirmed
07f16c40-a81c-4d0a-8f71-5ef78a3be31c;A Casa do Temakinho;A Casa do Temakinho Intermares Av. Mar da Irlanda (83) 99944-9296 Cabedelo PB cardapio pedido delivery;;yellow;73;instagram;organic;A CASA DO TEMAKINHO 🍣🥢 (@acasadotemakinho);https://instagram.com/acasadotemakinho/reels;city_not_confirmed
07f16c40-a81c-4d0a-8f71-5ef78a3be31c;A Casa do Temakinho;A Casa do Temakinho Intermares Av. Mar da Irlanda (83) 99944-9296 Cabedelo PB cardapio pedido delivery;;red;-12;facebook;organic;Pipa Temaki | Cabedelos PB;https://facebook.com/pipatemaki/?locale=pt_BR;brand_not_confirmed|name_not_confirmed
07f16c40-a81c-4d0a-8f71-5ef78a3be31c;A Casa do Temakinho;A Casa do Temakinho Intermares Av. Mar da Irlanda (83) 99944-9296 Cabedelo PB cardapio pedido delivery;;red;-18;saketemaki.com;organic;Sakê - Restaurante Japonês em João Pessoa e Cabedelo;https://saketemaki.com;brand_not_confirmed|name_not_confirmed
07f16c40-a81c-4d0a-8f71-5ef78a3be31c;A Casa do Temakinho;A Casa do Temakinho Intermares Av. Mar da Irlanda (83) 99944-9296 Cabedelo PB cardapio pedido delivery;;red;-34;eatfood.app;organic;EatFood - Cardapio digital - pedido direto pelo WhatsApp.;https://eatfood.app;brand_not_confirmed|name_not_confirmed|city_not_confirmed
07f16c40-a81c-4d0a-8f71-5ef78a3be31c;A Casa do Temakinho;A Casa do Temakinho Intermares Av. Mar da Irlanda (83) 99944-9296 Cabedelo PB cardapio pedido delivery;;red;-34;enjoymaisquetemakisushi.pedidosite.com.br;organic;Enjoy Mais Que Temaki & Sushi - Cardápio;https://enjoymaisquetemakisushi.pedidosite.com.br/delivery;brand_not_confirmed|name_not_confirmed|city_not_confirmed
07f16c40-a81c-4d0a-8f71-5ef78a3be31c;A Casa do Temakinho;A Casa do Temakinho Intermares Av. Mar da Irlanda (83) 99944-9296 Cabedelo PB cardapio pedido delivery;;red;-56;instagram;organic;O SUSHI MAIS FAMOSO DE INTERMARES Av Mar Vermelho ...;https://instagram.com/reel/DAGlh2qpRl5;instagram_reel_not_profile|brand_not_confirmed|instagram_profile_not_canonicalizable|city_not_confirmed
4f71666b-ecb6-4963-9201-86bcc7d29c66;churrascaria do biu;churrascaria do biu Lot. Vitorino Cardoso R. Carolino Cardoso (83) 98752-5897 Cabedelo PB cardapio pedido delivery;yes;green;94;anota_ai;organic;churrascaria e pizzaria do biu | Delivery em CABEDELO;https://pedido.anota.ai/loja/pizzaria-do-biu;brand_not_confirmed
4f71666b-ecb6-4963-9201-86bcc7d29c66;churrascaria do biu;churrascaria do biu Lot. Vitorino Cardoso R. Carolino Cardoso (83) 98752-5897 Cabedelo PB cardapio pedido delivery;;green;86;menudino;organic;Delivery de Churrascaria em Cabedelo;https://menudino.com/delivery/cabedelo-pb/churrascaria;brand_not_confirmed
4f71666b-ecb6-4963-9201-86bcc7d29c66;churrascaria do biu;churrascaria do biu Lot. Vitorino Cardoso R. Carolino Cardoso (83) 98752-5897 Cabedelo PB cardapio pedido delivery;;red;23;instagram;organic;Bar & Restaurante Intermares (@recantodopicuiintermares);https://instagram.com/recantodopicuiintermares;brand_not_confirmed
4f71666b-ecb6-4963-9201-86bcc7d29c66;churrascaria do biu;churrascaria do biu Lot. Vitorino Cardoso R. Carolino Cardoso (83) 98752-5897 Cabedelo PB cardapio pedido delivery;;red;2;solutudo.com.br;organic;3 opções em churrascarias que você deveria conhecer em ...;https://solutudo.com.br/empresas/pb/cabedelo/churrascarias/listas/3-churrascarias-que-voce-deveria-conhecer-em-cabedelo-pb;brand_not_confirmed
4f71666b-ecb6-4963-9201-86bcc7d29c66;churrascaria do biu;churrascaria do biu Lot. Vitorino Cardoso R. Carolino Cardoso (83) 98752-5897 Cabedelo PB cardapio pedido delivery;;red;0;tripadvisor;organic;BADIONALDO, Cabedelo - Comentários de Restaurantes, ...;https://tripadvisor.com.br/Restaurant_Review-g793398-d3847293-Reviews-Bardionaldo-Cabedelo_State_of_Paraiba.html;brand_not_confirmed
4f71666b-ecb6-4963-9201-86bcc7d29c66;churrascaria do biu;churrascaria do biu Lot. Vitorino Cardoso R. Carolino Cardoso (83) 98752-5897 Cabedelo PB cardapio pedido delivery;;red;-6;cabedelo.pb.gov.br;organic;Badionaldo | Prefeitura de Cabedelo;https://cabedelo.pb.gov.br/ondecomer/badionaldo;brand_not_confirmed
4f71666b-ecb6-4963-9201-86bcc7d29c66;churrascaria do biu;churrascaria do biu Lot. Vitorino Cardoso R. Carolino Cardoso (83) 98752-5897 Cabedelo PB cardapio pedido delivery;;red;-6;hubt.com.br;organic;Disk Pizza - Cabedelo, PB - Hubt;https://hubt.com.br/disk-pizza-7;brand_not_confirmed
4f71666b-ecb6-4963-9201-86bcc7d29c66;churrascaria do biu;churrascaria do biu Lot. Vitorino Cardoso R. Carolino Cardoso (83) 98752-5897 Cabedelo PB cardapio pedido delivery;;red;-12;wanderlog.com;organic;Os 15 melhores restaurantes para jantar em Cabedelo;https://wanderlog.com/pt/list/geoCategory/31056/os-melhores-restaurantes-para-jantar-em-cabedelo;brand_not_confirmed
a84400f3-afea-406e-a1ec-93c1b6e8d34f;Pizzaria Bom Sabor;Pizzaria Bom Sabor Lot. Oceania R. Jair Cunha Cavalcanti (83) 98762-6366 Cabedelo PB cardapio pedido delivery;yes;yellow;108;anota_ai;organic;Bom Sabor Pizzaria | Delivery em Belterra | Pedido online;https://pedido.anota.ai/loja/bom-sabor-pizzaria-13;city_not_confirmed
a84400f3-afea-406e-a1ec-93c1b6e8d34f;Pizzaria Bom Sabor;Pizzaria Bom Sabor Lot. Oceania R. Jair Cunha Cavalcanti (83) 98762-6366 Cabedelo PB cardapio pedido delivery;;yellow;96;cardapioweb;organic;Pizzaria Bom Sabor;https://app.cardapioweb.com/pizzaria_bomsabor;city_not_confirmed
a84400f3-afea-406e-a1ec-93c1b6e8d34f;Pizzaria Bom Sabor;Pizzaria Bom Sabor Lot. Oceania R. Jair Cunha Cavalcanti (83) 98762-6366 Cabedelo PB cardapio pedido delivery;;yellow;83;instagram;organic;Pizzaria Bom Sabor🍕 (@pizzariabomsaborpb);https://instagram.com/pizzariabomsaborpb;
a84400f3-afea-406e-a1ec-93c1b6e8d34f;Pizzaria Bom Sabor;Pizzaria Bom Sabor Lot. Oceania R. Jair Cunha Cavalcanti (83) 98762-6366 Cabedelo PB cardapio pedido delivery;;yellow;50;pizzariabomsaborpb.com.br;organic;Pizzaria Bom Sabor PB | Cabedelo - Jacaré;https://pizzariabomsaborpb.com.br;
a84400f3-afea-406e-a1ec-93c1b6e8d34f;Pizzaria Bom Sabor;Pizzaria Bom Sabor Lot. Oceania R. Jair Cunha Cavalcanti (83) 98762-6366 Cabedelo PB cardapio pedido delivery;;red;44;pizzariabomsaborcamboinha.com.br;organic;Pizzaria Bom Sabor Camboinha - Cabedelo;https://pizzariabomsaborcamboinha.com.br;
a84400f3-afea-406e-a1ec-93c1b6e8d34f;Pizzaria Bom Sabor;Pizzaria Bom Sabor Lot. Oceania R. Jair Cunha Cavalcanti (83) 98762-6366 Cabedelo PB cardapio pedido delivery;;red;28;facebook;organic;Pizzaria Bom Sabor (@pizzariabomsabor16);https://facebook.com/pizzariabomsabor16/?locale=pt_BR;city_not_confirmed
a84400f3-afea-406e-a1ec-93c1b6e8d34f;Pizzaria Bom Sabor;Pizzaria Bom Sabor Lot. Oceania R. Jair Cunha Cavalcanti (83) 98762-6366 Cabedelo PB cardapio pedido delivery;;red;28;google;organic;Pizzaria Bom Sabor – Apps no Google Play;https://play.google.com/store/apps/details?id=com.delivery.pizzariaBomSabor&hl=pt_BR;map_not_direct_menu|city_not_confirmed
a84400f3-afea-406e-a1ec-93c1b6e8d34f;Pizzaria Bom Sabor;Pizzaria Bom Sabor Lot. Oceania R. Jair Cunha Cavalcanti (83) 98762-6366 Cabedelo PB cardapio pedido delivery;;red;28;aiboo.app;organic;Pizzaria Bom Sabor;https://aiboo.app/i/6141/MG/aimores/pizzaria-bom-sabor/cardapio;city_not_confirmed
69139ad6-c662-4fd6-b67f-aefef25c5923;PARCEIRO Rosa Lanches;PARCEIRO Rosa Lanches Ponta de Matos R. Ten. Antônio Pontes (83) 98836-3792 Cabedelo PB cardapio pedido delivery;yes;green;94;anota_ai;organic;Rosa Lanches | Delivery em Cabedelo | Pedido online;https://pedido.anota.ai/loja/rosalanches;brand_not_confirmed
69139ad6-c662-4fd6-b67f-aefef25c5923;PARCEIRO Rosa Lanches;PARCEIRO Rosa Lanches Ponta de Matos R. Ten. Antônio Pontes (83) 98836-3792 Cabedelo PB cardapio pedido delivery;;yellow;87;instagram;organic;LANCHONETE EM CABEDELO (PB) (@rosaalanches_);https://instagram.com/rosaalanches_;
69139ad6-c662-4fd6-b67f-aefef25c5923;PARCEIRO Rosa Lanches;PARCEIRO Rosa Lanches Ponta de Matos R. Ten. Antônio Pontes (83) 98836-3792 Cabedelo PB cardapio pedido delivery;;yellow;53;instagram;derived_instagram_handle;Instagram profile @rosaalanches;https://instagram.com/rosaalanches;city_not_confirmed
69139ad6-c662-4fd6-b67f-aefef25c5923;PARCEIRO Rosa Lanches;PARCEIRO Rosa Lanches Ponta de Matos R. Ten. Antônio Pontes (83) 98836-3792 Cabedelo PB cardapio pedido delivery;;yellow;46;instadelivery;organic;pao&alho Cardápio - Delivery de Lanches em Pontes e ...;https://instadelivery.com.br/paoealho;brand_not_confirmed|name_not_confirmed|city_not_confirmed
69139ad6-c662-4fd6-b67f-aefef25c5923;PARCEIRO Rosa Lanches;PARCEIRO Rosa Lanches Ponta de Matos R. Ten. Antônio Pontes (83) 98836-3792 Cabedelo PB cardapio pedido delivery;;red;2;econodata.com.br;organic;Rosa Lanches em Cabedelo, PB - 22.049.077/0001-99;https://econodata.com.br/consulta-empresa/22049077000199-inaldo-gomes-do-nascimento;brand_not_confirmed
69139ad6-c662-4fd6-b67f-aefef25c5923;PARCEIRO Rosa Lanches;PARCEIRO Rosa Lanches Ponta de Matos R. Ten. Antônio Pontes (83) 98836-3792 Cabedelo PB cardapio pedido delivery;;red;-34;connectmenu.com.br;organic;Connect Menu - Seu Delivery com Recebimento via WhatsApp;https://connectmenu.com.br;brand_not_confirmed|name_not_confirmed|city_not_confirmed
69139ad6-c662-4fd6-b67f-aefef25c5923;PARCEIRO Rosa Lanches;PARCEIRO Rosa Lanches Ponta de Matos R. Ten. Antônio Pontes (83) 98836-3792 Cabedelo PB cardapio pedido delivery;;red;-34;menuintegrado.com.br;organic;Menu Integrado - Sistema para food service;https://menuintegrado.com.br;brand_not_confirmed|name_not_confirmed|city_not_confirmed
69139ad6-c662-4fd6-b67f-aefef25c5923;PARCEIRO Rosa Lanches;PARCEIRO Rosa Lanches Ponta de Matos R. Ten. Antônio Pontes (83) 98836-3792 Cabedelo PB cardapio pedido delivery;;red;-40;instagram;organic;Reel by ROSA LANCHES - LANCHONETE EM CABEDELO ...;https://instagram.com/reel/DZitHQmJGqk;instagram_reel_not_profile|brand_not_confirmed|instagram_profile_not_canonicalizable
80b5b1fc-6d5a-4b7d-ab56-f1aadcf1c403;Erste Sonne Cervejaria Independente;Erste Sonne Cervejaria Independente Jardim America R. José Bartolomeu Cabral (83) 99808-7425 Cabedelo PB cardapio pedido delivery;yes;yellow;83;instagram;organic;Hamburgueria Sonne Haus Pub | Cervejaria em João ...;https://instagram.com/sonnehaushamburgueria;
80b5b1fc-6d5a-4b7d-ab56-f1aadcf1c403;Erste Sonne Cervejaria Independente;Erste Sonne Cervejaria Independente Jardim America R. José Bartolomeu Cabral (83) 99808-7425 Cabedelo PB cardapio pedido delivery;;yellow;83;instagram;organic;Hamburgueria Sonne Haus Pub | Cervejaria em João ...;https://instagram.com/sonnehaushamburgueria/reels;
80b5b1fc-6d5a-4b7d-ab56-f1aadcf1c403;Erste Sonne Cervejaria Independente;Erste Sonne Cervejaria Independente Jardim America R. José Bartolomeu Cabral (83) 99808-7425 Cabedelo PB cardapio pedido delivery;;yellow;52;linktree;organic;Cervejaria Erste Sonne Restaurant - Visit to Find Food ...;https://linktr.ee/ErsteSonne;city_not_confirmed
80b5b1fc-6d5a-4b7d-ab56-f1aadcf1c403;Erste Sonne Cervejaria Independente;Erste Sonne Cervejaria Independente Jardim America R. José Bartolomeu Cabral (83) 99808-7425 Cabedelo PB cardapio pedido delivery;;yellow;46;facebook;organic;Cervejaria Erste Sonne | Cabedelo PB;https://facebook.com/cervejariaerstesonne/?locale=pt_BR;
80b5b1fc-6d5a-4b7d-ab56-f1aadcf1c403;Erste Sonne Cervejaria Independente;Erste Sonne Cervejaria Independente Jardim America R. José Bartolomeu Cabral (83) 99808-7425 Cabedelo PB cardapio pedido delivery;;yellow;46;empresas.serasaexperian.com.br;organic;CERVEJARIA ERSTE SONNE INDUSTRIA E COMERCIO ...;https://empresas.serasaexperian.com.br/consulta-gratis/CERVEJARIA-ERSTE-SONNE-INDUSTRIA-E-COMERCIO-LTDA-28584254000113;
80b5b1fc-6d5a-4b7d-ab56-f1aadcf1c403;Erste Sonne Cervejaria Independente;Erste Sonne Cervejaria Independente Jardim America R. José Bartolomeu Cabral (83) 99808-7425 Cabedelo PB cardapio pedido delivery;;yellow;46;brejas.com.br;organic;Cervejaria Erste Sonne;https://brejas.com.br/cervejaria/microcervejaria/cervejaria-erste-sonne;
80b5b1fc-6d5a-4b7d-ab56-f1aadcf1c403;Erste Sonne Cervejaria Independente;Erste Sonne Cervejaria Independente Jardim America R. José Bartolomeu Cabral (83) 99808-7425 Cabedelo PB cardapio pedido delivery;;red;40;turismoemfoco.com.br;organic;Paraíba ganhará mais uma cervejaria no próximo sábado;https://turismoemfoco.com.br/v1/2019/07/08/paraiba-ganhara-mais-uma-cervejaria-no-proximo-sabado;
80b5b1fc-6d5a-4b7d-ab56-f1aadcf1c403;Erste Sonne Cervejaria Independente;Erste Sonne Cervejaria Independente Jardim America R. José Bartolomeu Cabral (83) 99808-7425 Cabedelo PB cardapio pedido delivery;;red;36;instagram;organic;"Cervejaria em João Pessoa- PB on Instagram: ""Ambiente ...";https://instagram.com/reel/C8iIvSgpXcm;instagram_reel_not_profile|instagram_profile_not_canonicalizable
55d451bc-f6ee-40f5-b611-7ef6158392d5;Kubanacan Bar e Restaurante;Kubanacan Bar e Restaurante Camboinha R. Julieta Viana (83) 99921-2329 Cabedelo PB cardapio pedido delivery;yes;yellow;75;instagram;organic;kubanacan Bar (@kubanacanbaroficial);https://instagram.com/kubanacanbaroficial;
55d451bc-f6ee-40f5-b611-7ef6158392d5;Kubanacan Bar e Restaurante;Kubanacan Bar e Restaurante Camboinha R. Julieta Viana (83) 99921-2329 Cabedelo PB cardapio pedido delivery;;yellow;53;instagram;organic;KUBANACAN Bar (@kubanacanbar);https://instagram.com/kubanacanbar;city_not_confirmed
55d451bc-f6ee-40f5-b611-7ef6158392d5;Kubanacan Bar e Restaurante;Kubanacan Bar e Restaurante Camboinha R. Julieta Viana (83) 99921-2329 Cabedelo PB cardapio pedido delivery;;red;36;tripadvisor;organic;Kubanacan Bar - Restaurantes: Cabedelo;https://tripadvisor.com.br/Restaurant_Review-g793398-d11666895-Reviews-Kubanacan_Bar-Cabedelo_State_of_Paraiba.html;
55d451bc-f6ee-40f5-b611-7ef6158392d5;Kubanacan Bar e Restaurante;Kubanacan Bar e Restaurante Camboinha R. Julieta Viana (83) 99921-2329 Cabedelo PB cardapio pedido delivery;;red;24;cnpj.biz;organic;Restaurante Kubanacan LTDA - 52330088000103 Cabedelo;https://cnpj.biz/52330088000103;
55d451bc-f6ee-40f5-b611-7ef6158392d5;Kubanacan Bar e Restaurante;Kubanacan Bar e Restaurante Camboinha R. Julieta Viana (83) 99921-2329 Cabedelo PB cardapio pedido delivery;;red;8;wanderlog.com;organic;Kubanacan Bar e Restaurante, Conde, Brazil;https://wanderlog.com/place/details/9304311/kubanacan-bar-e-restaurante;city_not_confirmed
55d451bc-f6ee-40f5-b611-7ef6158392d5;Kubanacan Bar e Restaurante;Kubanacan Bar e Restaurante Camboinha R. Julieta Viana (83) 99921-2329 Cabedelo PB cardapio pedido delivery;;red;6;instagram;organic;Sábado é dia de feijoada, música boa e cerveja gelada ...;https://instagram.com/reel/DECp707OwEq;instagram_reel_not_profile|instagram_profile_not_canonicalizable
55d451bc-f6ee-40f5-b611-7ef6158392d5;Kubanacan Bar e Restaurante;Kubanacan Bar e Restaurante Camboinha R. Julieta Viana (83) 99921-2329 Cabedelo PB cardapio pedido delivery;;red;6;facebook;organic;Mão Branca Bar e Restaurante | Cabedelo PB;https://facebook.com/MaoBrancaBareRestaurante/?locale=pt_BR;brand_not_confirmed
55d451bc-f6ee-40f5-b611-7ef6158392d5;Kubanacan Bar e Restaurante;Kubanacan Bar e Restaurante Camboinha R. Julieta Viana (83) 99921-2329 Cabedelo PB cardapio pedido delivery;;red;-10;instagram;organic;Nós do Kubanacan bar sempre trazendo novos sabores ...;https://instagram.com/reel/C1roCVIrliK;instagram_reel_not_profile|instagram_profile_not_canonicalizable|city_not_confirmed
eeb4213a-a5a1-4286-a33f-b6fea80cb891;Restaurante Pôr do Sol;Restaurante Pôr do Sol Vila Sao Joao R. Pres. João Pessoa (83) 99672-7835 Cabedelo PB cardapio pedido delivery;yes;yellow;83;instagram;organic;RESTAURANTE POR DO SOL • (@bar_restaurantepordosol);https://instagram.com/bar_restaurantepordosol;
eeb4213a-a5a1-4286-a33f-b6fea80cb891;Restaurante Pôr do Sol;Restaurante Pôr do Sol Vila Sao Joao R. Pres. João Pessoa (83) 99672-7835 Cabedelo PB cardapio pedido delivery;;red;44;tripadvisor;organic;RESTAURANTE POR DO SOL, Cabedelo;https://tripadvisor.com.br/Restaurant_Review-g793398-d25321334-Reviews-Restaurante_Por_do_Sol-Cabedelo_State_of_Paraiba.html;
eeb4213a-a5a1-4286-a33f-b6fea80cb891;Restaurante Pôr do Sol;Restaurante Pôr do Sol Vila Sao Joao R. Pres. João Pessoa (83) 99672-7835 Cabedelo PB cardapio pedido delivery;;red;38;map;organic;Bar Restaurante Tenda Por do Sol in Cabedelo - PB, Brazil;https://maps.apple.com/place?auid=5395177992657704035&lsp=9902;map_not_direct_menu
eeb4213a-a5a1-4286-a33f-b6fea80cb891;Restaurante Pôr do Sol;Restaurante Pôr do Sol Vila Sao Joao R. Pres. João Pessoa (83) 99672-7835 Cabedelo PB cardapio pedido delivery;;red;22;facebook;organic;Restaurante Pôr do Sol | Lagoa Seca PB;https://facebook.com/PordoSolLS;city_not_confirmed
eeb4213a-a5a1-4286-a33f-b6fea80cb891;Restaurante Pôr do Sol;Restaurante Pôr do Sol Vila Sao Joao R. Pres. João Pessoa (83) 99672-7835 Cabedelo PB cardapio pedido delivery;;red;20;instagram;organic;Pôr do sol na Praia do Jacaré – Cabedelo/PB Um espetáculo ...;https://instagram.com/reel/DUQIn0xkRZU;instagram_reel_not_profile|instagram_profile_not_canonicalizable
eeb4213a-a5a1-4286-a33f-b6fea80cb891;Restaurante Pôr do Sol;Restaurante Pôr do Sol Vila Sao Joao R. Pres. João Pessoa (83) 99672-7835 Cabedelo PB cardapio pedido delivery;;red;17;instagram;derived_instagram_handle;Instagram profile @thiagolocacoes_pb;https://instagram.com/thiagolocacoes_pb;derived_handle_brand_not_confirmed|city_not_confirmed
eeb4213a-a5a1-4286-a33f-b6fea80cb891;Restaurante Pôr do Sol;Restaurante Pôr do Sol Vila Sao Joao R. Pres. João Pessoa (83) 99672-7835 Cabedelo PB cardapio pedido delivery;;red;16;viajenaviagem.com;organic;João Pessoa: como ficou o pôr do sol na Praia do Jacaré;https://viajenaviagem.com/por-do-sol-praia-jacare;city_not_confirmed
eeb4213a-a5a1-4286-a33f-b6fea80cb891;Restaurante Pôr do Sol;Restaurante Pôr do Sol Vila Sao Joao R. Pres. João Pessoa (83) 99672-7835 Cabedelo PB cardapio pedido delivery;;red;10;instagram;organic;"Restaurante Pôr do Sol on Instagram: ""• Venha conhecer o ...";https://instagram.com/reel/DFne9Haxy8H;instagram_reel_not_profile|instagram_profile_not_canonicalizable|city_not_confirmed
dce45040-f5ad-45a1-9029-04e65ce13e78;Sax Café - Por do Sol da Praia do Jacaré Cabedelo/PB;Sax Café - Por do Sol da Praia do Jacaré Cabedelo/PB R. Praia do Jacaré Pôr do Sol Cabedelo PB cardapio pedido delivery;yes;yellow;91;instagram;organic;saxcafe · Cabedelo, PB;https://instagram.com/saxcafe;
dce45040-f5ad-45a1-9029-04e65ce13e78;Sax Café - Por do Sol da Praia do Jacaré Cabedelo/PB;Sax Café - Por do Sol da Praia do Jacaré Cabedelo/PB R. Praia do Jacaré Pôr do Sol Cabedelo PB cardapio pedido delivery;;yellow;72;tripadvisor;organic;SAX CAFÉ, Cabedelo - Comentários de Restaurantes & ...;https://tripadvisor.com.br/Restaurant_Review-g793398-d19095375-Reviews-Sax_Cafe-Cabedelo_State_of_Paraiba.html;
dce45040-f5ad-45a1-9029-04e65ce13e78;Sax Café - Por do Sol da Praia do Jacaré Cabedelo/PB;Sax Café - Por do Sol da Praia do Jacaré Cabedelo/PB R. Praia do Jacaré Pôr do Sol Cabedelo PB cardapio pedido delivery;;yellow;46;passeiosemjoaopessoa.com.br;organic;PÔR DO SOL em Cabedelo/PB, saindo da Praia do Jacaré;https://passeiosemjoaopessoa.com.br/passeio/por-do-sol-na-praia-do-jacare-em-cabedelopb-na-embarcacao-100-lazer;
dce45040-f5ad-45a1-9029-04e65ce13e78;Sax Café - Por do Sol da Praia do Jacaré Cabedelo/PB;Sax Café - Por do Sol da Praia do Jacaré Cabedelo/PB R. Praia do Jacaré Pôr do Sol Cabedelo PB cardapio pedido delivery;;red;40;tiktok.com;organic;Pôr do Sol na Praia do Jacaré com Jurandy do Sax;https://tiktok.com/@vitoriatravels/video/7538649145163255096;
dce45040-f5ad-45a1-9029-04e65ce13e78;Sax Café - Por do Sol da Praia do Jacaré Cabedelo/PB;Sax Café - Por do Sol da Praia do Jacaré Cabedelo/PB R. Praia do Jacaré Pôr do Sol Cabedelo PB cardapio pedido delivery;;red;32;viajenaviagem.com;organic;João Pessoa: como ficou o pôr do sol na Praia do Jacaré;https://viajenaviagem.com/por-do-sol-praia-jacare;
dce45040-f5ad-45a1-9029-04e65ce13e78;Sax Café - Por do Sol da Praia do Jacaré Cabedelo/PB;Sax Café - Por do Sol da Praia do Jacaré Cabedelo/PB R. Praia do Jacaré Pôr do Sol Cabedelo PB cardapio pedido delivery;;red;30;turismo.joaopessoa.pb.gov.br;organic;Pôr do Sol do Jacaré | Turismo João Pessoa;https://turismo.joaopessoa.pb.gov.br/o-que-fazer/pontos-turisticos/praias-e-piscinas-naturais/por-do-jacare;city_not_confirmed
dce45040-f5ad-45a1-9029-04e65ce13e78;Sax Café - Por do Sol da Praia do Jacaré Cabedelo/PB;Sax Café - Por do Sol da Praia do Jacaré Cabedelo/PB R. Praia do Jacaré Pôr do Sol Cabedelo PB cardapio pedido delivery;;red;24;guia.melhoresdestinos.com.br;organic;Pôr do sol na Praia do Jacaré - dicas de João Pessoa!;https://guia.melhoresdestinos.com.br/por-do-sol-na-praia-do-jacare-joao-pessoa.html;city_not_confirmed
dce45040-f5ad-45a1-9029-04e65ce13e78;Sax Café - Por do Sol da Praia do Jacaré Cabedelo/PB;Sax Café - Por do Sol da Praia do Jacaré Cabedelo/PB R. Praia do Jacaré Pôr do Sol Cabedelo PB cardapio pedido delivery;;red;16;viajandocomamalarosa.com.br;organic;Pôr do sol na Praia do Jacaré;https://viajandocomamalarosa.com.br/por-do-sol-na-praia-do-jacare;city_not_confirmed
c23b0422-4e34-43be-b07e-6a494804f6fc;Lary's pizzaria e lanchonete;Lary's pizzaria e lanchonete Jardim Camboinha R. Antônia Fernandes Oliveira (83) 98877-2470 Cabedelo PB cardapio pedido delivery;yes;yellow;80;anota_ai;organic;Larys Pizzaria e Lanchonete | Delivery em Cabedelo;https://pedido.anota.ai/loja/larys-pizzaria-e-lanchonete;brand_not_confirmed
c23b0422-4e34-43be-b07e-6a494804f6fc;Lary's pizzaria e lanchonete;Lary's pizzaria e lanchonete Jardim Camboinha R. Antônia Fernandes Oliveira (83) 98877-2470 Cabedelo PB cardapio pedido delivery;;yellow;64;instadelivery;organic;Melhores delivery de João Pessoa;https://portal.instadelivery.com.br/joao-pessoa;brand_not_confirmed|city_not_confirmed
c23b0422-4e34-43be-b07e-6a494804f6fc;Lary's pizzaria e lanchonete;Lary's pizzaria e lanchonete Jardim Camboinha R. Antônia Fernandes Oliveira (83) 98877-2470 Cabedelo PB cardapio pedido delivery;;red;23;instagram;organic;larys pizzaria (@laryspizzariaoficial) · Cabedelo, PB;https://instagram.com/laryspizzariaoficial;brand_not_confirmed
c23b0422-4e34-43be-b07e-6a494804f6fc;Lary's pizzaria e lanchonete;Lary's pizzaria e lanchonete Jardim Camboinha R. Antônia Fernandes Oliveira (83) 98877-2470 Cabedelo PB cardapio pedido delivery;;red;0;pizzariabomsaborcamboinha.com.br;organic;Pizzaria Bom Sabor Camboinha - Cabedelo;https://pizzariabomsaborcamboinha.com.br;brand_not_confirmed
c23b0422-4e34-43be-b07e-6a494804f6fc;Lary's pizzaria e lanchonete;Lary's pizzaria e lanchonete Jardim Camboinha R. Antônia Fernandes Oliveira (83) 98877-2470 Cabedelo PB cardapio pedido delivery;;red;-6;empresas.serasaexperian.com.br;organic;LAERCIO MARTINIANO DE LIMA LTDA - ME;https://empresas.serasaexperian.com.br/consulta-gratis/LAERCIO-MARTINIANO-DE-LIMA-LTDA-ME-62136881000120;brand_not_confirmed
c23b0422-4e34-43be-b07e-6a494804f6fc;Lary's pizzaria e lanchonete;Lary's pizzaria e lanchonete Jardim Camboinha R. Antônia Fernandes Oliveira (83) 98877-2470 Cabedelo PB cardapio pedido delivery;;red;-16;maisdeliveryapp.com.br;organic;Mais Delivery - Seu pedido é uma ordem!;https://maisdeliveryapp.com.br/pwa;brand_not_confirmed|city_not_confirmed
c23b0422-4e34-43be-b07e-6a494804f6fc;Lary's pizzaria e lanchonete;Lary's pizzaria e lanchonete Jardim Camboinha R. Antônia Fernandes Oliveira (83) 98877-2470 Cabedelo PB cardapio pedido delivery;;red;-28;pizzariareidagula.meucardapio.ai;organic;Ir para home;https://pizzariareidagula.meucardapio.ai;brand_not_confirmed|city_not_confirmed
c23b0422-4e34-43be-b07e-6a494804f6fc;Lary's pizzaria e lanchonete;Lary's pizzaria e lanchonete Jardim Camboinha R. Antônia Fernandes Oliveira (83) 98877-2470 Cabedelo PB cardapio pedido delivery;;red;-52;instagram;organic;Boa noite, façam seus pedidos pelo telefone: 38971579 ou ...;https://instagram.com/reel/CHLzy4Gjwfo;instagram_reel_not_profile|brand_not_confirmed|instagram_profile_not_canonicalizable|city_not_confirmed
90398f02-4ae4-44a1-bd64-3f008fdca37c;Bar e Restaurante Solânense;Bar e Restaurante Solânense Centro R. Sólon de Lucena (83) 98811-7616 Cabedelo PB cardapio pedido delivery;yes;yellow;53;instagram;organic;Solanense - Bar e Restaurante 🌊 (@restaurante_solanense);https://instagram.com/restaurante_solanense;city_not_confirmed
90398f02-4ae4-44a1-bd64-3f008fdca37c;Bar e Restaurante Solânense;Bar e Restaurante Solânense Centro R. Sólon de Lucena (83) 98811-7616 Cabedelo PB cardapio pedido delivery;;yellow;53;instagram;organic;Almoço bom é aquele que dá vontade de repetir! No ...;https://instagram.com/restaurante_solanense/reel/DHGjtTOxyhP;city_not_confirmed
90398f02-4ae4-44a1-bd64-3f008fdca37c;Bar e Restaurante Solânense;Bar e Restaurante Solânense Centro R. Sólon de Lucena (83) 98811-7616 Cabedelo PB cardapio pedido delivery;;red;8;facebook;organic;Bar e Restaurante Solanense;https://facebook.com/p/Bar-e-Restaurante-Solanense-100094747757363;city_not_confirmed
90398f02-4ae4-44a1-bd64-3f008fdca37c;Bar e Restaurante Solânense;Bar e Restaurante Solânense Centro R. Sólon de Lucena (83) 98811-7616 Cabedelo PB cardapio pedido delivery;;red;8;wanderboat.ai;organic;Bar e Restaurante Solânense - Brazil;https://wanderboat.ai/restaurants/brazil/regi%C3%A3o-geogr%C3%A1fica-imediata-de-jo%C3%A3o-pessoa/bar-e-restaurante-sol%C3%A2nense/B2InY7jcQ8GG0Yaz1bkxcg;city_not_confirmed
90398f02-4ae4-44a1-bd64-3f008fdca37c;Bar e Restaurante Solânense;Bar e Restaurante Solânense Centro R. Sólon de Lucena (83) 98811-7616 Cabedelo PB cardapio pedido delivery;;red;6;instagram;organic;"Solanense - Bar e Restaurante on Instagram: ""Bom dia ...";https://instagram.com/reel/C2r8TnkLeF9;instagram_reel_not_profile|instagram_profile_not_canonicalizable
90398f02-4ae4-44a1-bd64-3f008fdca37c;Bar e Restaurante Solânense;Bar e Restaurante Solânense Centro R. Sólon de Lucena (83) 98811-7616 Cabedelo PB cardapio pedido delivery;;red;-6;vendaagora.com;organic;RESTAURANTES;https://vendaagora.com/segmento/restaurantes/80;brand_not_confirmed
90398f02-4ae4-44a1-bd64-3f008fdca37c;Bar e Restaurante Solânense;Bar e Restaurante Solânense Centro R. Sólon de Lucena (83) 98811-7616 Cabedelo PB cardapio pedido delivery;;red;-10;instagram;organic;☀️ Talvez você já tenha passado por aqui, ouvido alguém ...;https://instagram.com/reel/DZ-IPgMxrpP;instagram_reel_not_profile|instagram_profile_not_canonicalizable|city_not_confirmed
90398f02-4ae4-44a1-bd64-3f008fdca37c;Bar e Restaurante Solânense;Bar e Restaurante Solânense Centro R. Sólon de Lucena (83) 98811-7616 Cabedelo PB cardapio pedido delivery;;red;-10;instagram;organic;@restaurante_solanense Fone 83 98811 7616;https://instagram.com/p/Chw4PrwrmFf;instagram_p_not_profile|instagram_profile_not_canonicalizable|city_not_confirmed
3549abc7-3261-4ec3-af59-820112bd2358;Cibelly Mar - Restaurante no Por do Sol do Jacaré;Cibelly Mar - Restaurante no Por do Sol do Jacaré R. Praia do Jacaré Av. Pôr do Sol (83) 99394-0898 Cabedelo PB cardapio pedido delivery;yes;yellow;83;instagram;organic;Cibelly Mar | Restaurante Flutuante (@cibellymarr);https://instagram.com/cibellymarr;
3549abc7-3261-4ec3-af59-820112bd2358;Cibelly Mar - Restaurante no Por do Sol do Jacaré;Cibelly Mar - Restaurante no Por do Sol do Jacaré R. Praia do Jacaré Av. Pôr do Sol (83) 99394-0898 Cabedelo PB cardapio pedido delivery;;yellow;78;linktree;organic;Cibelly Mar e Turismo Official: Instagram;https://linktr.ee/cibellymar;
3549abc7-3261-4ec3-af59-820112bd2358;Cibelly Mar - Restaurante no Por do Sol do Jacaré;Cibelly Mar - Restaurante no Por do Sol do Jacaré R. Praia do Jacaré Av. Pôr do Sol (83) 99394-0898 Cabedelo PB cardapio pedido delivery;;red;32;facebook;organic;Embarcamos nesse Bar e Restaurante Flutuante! Esse é o ...;https://facebook.com/canaldoboraviajar.br/videos/embarcamos-nesse-bar-e-restaurante-flutuanteesse-%C3%A9-o-cibellymarr-localizado-sobr/1528522391414952;city_not_confirmed
3549abc7-3261-4ec3-af59-820112bd2358;Cibelly Mar - Restaurante no Por do Sol do Jacaré;Cibelly Mar - Restaurante no Por do Sol do Jacaré R. Praia do Jacaré Av. Pôr do Sol (83) 99394-0898 Cabedelo PB cardapio pedido delivery;;red;32;portalpopnoticias.com.br;organic;Cibelly Mar: conheça o bar e restaurante flutuante sobre as ...;https://portalpopnoticias.com.br/2025/10/09/cibelly-mar-conheca-o-bar-e-restaurante-flutuante-sobre-as-aguas-do-rio-paraiba-na-grande-joao-pessoa;city_not_confirmed
3549abc7-3261-4ec3-af59-820112bd2358;Cibelly Mar - Restaurante no Por do Sol do Jacaré;Cibelly Mar - Restaurante no Por do Sol do Jacaré R. Praia do Jacaré Av. Pôr do Sol (83) 99394-0898 Cabedelo PB cardapio pedido delivery;;red;20;instagram;organic;"Cibelly Mar | Restaurante Flutuante on Instagram: ""Somos um ...";https://instagram.com/reel/DJoqOfpt7Bf;instagram_reel_not_profile|instagram_profile_not_canonicalizable
3549abc7-3261-4ec3-af59-820112bd2358;Cibelly Mar - Restaurante no Por do Sol do Jacaré;Cibelly Mar - Restaurante no Por do Sol do Jacaré R. Praia do Jacaré Av. Pôr do Sol (83) 99394-0898 Cabedelo PB cardapio pedido delivery;;red;20;instagram;organic;"Cibelly Mar | Restaurante Flutuante on Instagram: ""O Cibelly ...";https://instagram.com/reel/DNkpxHOuxNi;instagram_reel_not_profile|instagram_profile_not_canonicalizable
3549abc7-3261-4ec3-af59-820112bd2358;Cibelly Mar - Restaurante no Por do Sol do Jacaré;Cibelly Mar - Restaurante no Por do Sol do Jacaré R. Praia do Jacaré Av. Pôr do Sol (83) 99394-0898 Cabedelo PB cardapio pedido delivery;;red;16;paraibacriativa.com.br;organic;Cibelly Mar;https://paraibacriativa.com.br/artista/cibelly-mar;city_not_confirmed
3549abc7-3261-4ec3-af59-820112bd2358;Cibelly Mar - Restaurante no Por do Sol do Jacaré;Cibelly Mar - Restaurante no Por do Sol do Jacaré R. Praia do Jacaré Av. Pôr do Sol (83) 99394-0898 Cabedelo PB cardapio pedido delivery;;red;14;instagram;organic;"Cibelly Mar | Restaurante Flutuante on Instagram: ""No Cibelly ...";https://instagram.com/reel/DaSphpFxenb;instagram_reel_not_profile|instagram_profile_not_canonicalizable
42a3fb16-037e-4824-9f83-b62fee3b8407;Tia Graça Cafeteria e Doceria;Tia Graça Cafeteria e Doceria Intermares R. Golfo da China Cabedelo PB cardapio pedido delivery;yes;green;124;goomer;organic;Tia Graça doces e salgados - Cardápio e Delivery em Cabedelo;https://tia-graa-doces-e-salgados.goomer.app;
42a3fb16-037e-4824-9f83-b62fee3b8407;Tia Graça Cafeteria e Doceria;Tia Graça Cafeteria e Doceria Intermares R. Golfo da China Cabedelo PB cardapio pedido delivery;;yellow;83;instagram;organic;Tia Graça Doces e Salgados® (@tiagracadocesesalgados);https://instagram.com/tiagracadocesesalgados;
42a3fb16-037e-4824-9f83-b62fee3b8407;Tia Graça Cafeteria e Doceria;Tia Graça Cafeteria e Doceria Intermares R. Golfo da China Cabedelo PB cardapio pedido delivery;;red;44;facebook;organic;🚨 Agora tem almoço na Tia Graça Intermares! 🍽️ A partir ...;https://facebook.com/100064077151781/videos/-agora-tem-almo%C3%A7o-na-tia-gra%C3%A7a-intermares-%EF%B8%8Fa-partir-das-11h-pratos-fresquinhos-e/1891219178149615;
42a3fb16-037e-4824-9f83-b62fee3b8407;Tia Graça Cafeteria e Doceria;Tia Graça Cafeteria e Doceria Intermares R. Golfo da China Cabedelo PB cardapio pedido delivery;;red;26;instagram;organic;Agora tem almoço na Tia Graça Intermares! 🍽️ A partir das ...;https://instagram.com/reel/DQt67flDW6e;instagram_reel_not_profile|instagram_profile_not_canonicalizable
42a3fb16-037e-4824-9f83-b62fee3b8407;Tia Graça Cafeteria e Doceria;Tia Graça Cafeteria e Doceria Intermares R. Golfo da China Cabedelo PB cardapio pedido delivery;;red;24;tiktok.com;organic;Acaba de inaugurar em Intermares a nova unidade da Tia ...;https://tiktok.com/@primeiramenteelas/video/7571492307787156754;city_not_confirmed
42a3fb16-037e-4824-9f83-b62fee3b8407;Tia Graça Cafeteria e Doceria;Tia Graça Cafeteria e Doceria Intermares R. Golfo da China Cabedelo PB cardapio pedido delivery;;red;22;instagram;organic;Acaba de inaugurar em Intermares a nova unidade da Tia ...;https://instagram.com/reel/DQ6-DXpjsFN;instagram_reel_not_profile|instagram_profile_not_canonicalizable
42a3fb16-037e-4824-9f83-b62fee3b8407;Tia Graça Cafeteria e Doceria;Tia Graça Cafeteria e Doceria Intermares R. Golfo da China Cabedelo PB cardapio pedido delivery;;red;18;instagram;organic;Tu troca teu treino por um doce misterioso? Nunca foi tao ...;https://instagram.com/reel/DaTj5AOJV23;instagram_reel_not_profile|instagram_profile_not_canonicalizable|city_not_confirmed
42a3fb16-037e-4824-9f83-b62fee3b8407;Tia Graça Cafeteria e Doceria;Tia Graça Cafeteria e Doceria Intermares R. Golfo da China Cabedelo PB cardapio pedido delivery;;red;6;instagram;organic;Que alegria! Ontem inauguramos a nossa mais nova unidade ...;https://instagram.com/reel/DQckkkbD3jc;instagram_reel_not_profile|instagram_profile_not_canonicalizable|city_not_confirmed
63e642dd-ed66-42a7-ae08-d395f8110b6d;Tempero De Casa;Tempero De Casa Cabedelo R. Maurício de Alençar Cavalcante - Jardim America (83) 98870-4790 Cabedelo PB cardapio pedido delivery;yes;yellow;73;instagram;organic;Restaurante Tempero de Casa (@tempe_rodecasa03);https://instagram.com/tempe_rodecasa03;city_not_confirmed
63e642dd-ed66-42a7-ae08-d395f8110b6d;Tempero De Casa;Tempero De Casa Cabedelo R. Maurício de Alençar Cavalcante - Jardim America (83) 98870-4790 Cabedelo PB cardapio pedido delivery;;yellow;68;anota_ai;organic;Pizzaria Real | Delivery em Cabedelo | Pedido online;https://pedido.anota.ai/loja/pizzaria-real-25;brand_not_confirmed|name_not_confirmed
63e642dd-ed66-42a7-ae08-d395f8110b6d;Tempero De Casa;Tempero De Casa Cabedelo R. Maurício de Alençar Cavalcante - Jardim America (83) 98870-4790 Cabedelo PB cardapio pedido delivery;;yellow;56;linktree;organic;Tempero de Casa Delivery Official: Instagram;https://linktr.ee/temperodecasadelivery;city_not_confirmed
63e642dd-ed66-42a7-ae08-d395f8110b6d;Tempero De Casa;Tempero De Casa Cabedelo R. Maurício de Alençar Cavalcante - Jardim America (83) 98870-4790 Cabedelo PB cardapio pedido delivery;;red;44;tripadvisor;organic;TEMPERO DE CASA, Cabedelo - Tripadvisor;https://tripadvisor.pt/Restaurant_Review-g793398-d27371819-Reviews-Tempero_De_Casa-Cabedelo_State_of_Paraiba.html;
63e642dd-ed66-42a7-ae08-d395f8110b6d;Tempero De Casa;Tempero De Casa Cabedelo R. Maurício de Alençar Cavalcante - Jardim America (83) 98870-4790 Cabedelo PB cardapio pedido delivery;;red;38;wanderlog.com;organic;Tempero De Casa, Conde, Brazil - Reviews, Ratings, Tips ...;https://wanderlog.com/place/details/9828809;
63e642dd-ed66-42a7-ae08-d395f8110b6d;Tempero De Casa;Tempero De Casa Cabedelo R. Maurício de Alençar Cavalcante - Jardim America (83) 98870-4790 Cabedelo PB cardapio pedido delivery;;red;36;tiktok.com;organic;Faça seu pedido aqui no Tempero da Neide. Entregamos em ...;https://tiktok.com/@temperodaneidejp/video/7575884807272402197;
63e642dd-ed66-42a7-ae08-d395f8110b6d;Tempero De Casa;Tempero De Casa Cabedelo R. Maurício de Alençar Cavalcante - Jardim America (83) 98870-4790 Cabedelo PB cardapio pedido delivery;;red;28;aiqfome.com;organic;Restaurante Tempero de Casa - aiqfome Paranaíba;https://aiqfome.com/MS/paranaiba/restaurante-tempero-de-casa;city_not_confirmed
63e642dd-ed66-42a7-ae08-d395f8110b6d;Tempero De Casa;Tempero De Casa Cabedelo R. Maurício de Alençar Cavalcante - Jardim America (83) 98870-4790 Cabedelo PB cardapio pedido delivery;;red;-2;instagram;organic;TEMPERO DA CASA | Bateu aquela vontade de uma comida ...;https://instagram.com/reel/DXuEiKWjVa8;instagram_reel_not_profile|instagram_profile_not_canonicalizable|city_not_confirmed
e88b7772-a307-4cca-a7b8-e3c7f6502788;Pizzaria Jacaré;Pizzaria Jacaré Lot. Oceania VI R. Arco Íris Cabedelo PB cardapio pedido delivery;yes;yellow;100;instadelivery;organic;"Jacaré Lanchonete amp; Pizzaria Cardápio";https://instadelivery.com.br/jacarelanchonete;city_not_confirmed
e88b7772-a307-4cca-a7b8-e3c7f6502788;Pizzaria Jacaré;Pizzaria Jacaré Lot. Oceania VI R. Arco Íris Cabedelo PB cardapio pedido delivery;;yellow;90;anota_ai;organic;Eu Quero Pizza | Delivery em Cabedelo | Pedido online;https://pedido.anota.ai/loja/eu-quero-pizza-2;name_not_confirmed
e88b7772-a307-4cca-a7b8-e3c7f6502788;Pizzaria Jacaré;Pizzaria Jacaré Lot. Oceania VI R. Arco Íris Cabedelo PB cardapio pedido delivery;;yellow;88;deliverydireto;organic;Pizzaria E Sanduiches Jacaré;https://deliverydireto.com.br/pizzariaesanduichesjacare/pizzariaesanduichesjacare;city_not_confirmed
e88b7772-a307-4cca-a7b8-e3c7f6502788;Pizzaria Jacaré;Pizzaria Jacaré Lot. Oceania VI R. Arco Íris Cabedelo PB cardapio pedido delivery;;yellow;65;instagram;organic;Pizzaria Bom Sabor🍕 (@pizzariabomsaborpb);https://instagram.com/pizzariabomsaborpb;
e88b7772-a307-4cca-a7b8-e3c7f6502788;Pizzaria Jacaré;Pizzaria Jacaré Lot. Oceania VI R. Arco Íris Cabedelo PB cardapio pedido delivery;;red;42;cabedelo.mylinq.com.br;organic;Pizzaria Delivery em CABEDELO PB - R. Arco Íris, 250;https://cabedelo.mylinq.com.br/pizzaria-jacare-cabedelo-telelista-2219802.htm;
e88b7772-a307-4cca-a7b8-e3c7f6502788;Pizzaria Jacaré;Pizzaria Jacaré Lot. Oceania VI R. Arco Íris Cabedelo PB cardapio pedido delivery;;red;42;pizzariabomsaborpb.com.br;organic;Pizzaria Bom Sabor PB | Cabedelo - Jacaré;https://pizzariabomsaborpb.com.br;
e88b7772-a307-4cca-a7b8-e3c7f6502788;Pizzaria Jacaré;Pizzaria Jacaré Lot. Oceania VI R. Arco Íris Cabedelo PB cardapio pedido delivery;;red;20;cardapio.menu;organic;Avaliações - Pizzaria Jacare Paraiba - cardapio.menu;https://cardapio.menu/restaurants/paraiba/pizzaria-jacare-2/reviews;city_not_confirmed
e88b7772-a307-4cca-a7b8-e3c7f6502788;Pizzaria Jacaré;Pizzaria Jacaré Lot. Oceania VI R. Arco Íris Cabedelo PB cardapio pedido delivery;;red;-20;instagram;organic;A melhor pizza de Cabedelo tá passando na sua telinha ❤️ ...;https://instagram.com/reel/DXKxfcnCTQ1;instagram_reel_not_profile|name_not_confirmed|instagram_profile_not_canonicalizable
fd64e520-194c-4a69-a6e7-1ea6f8213889;Casa de Taipa;Casa de Taipa Praia do poço R. Vitorino Cardoso (83) 99195-9104 Cabedelo PB cardapio pedido delivery;yes;yellow;79;instagram;derived_instagram_handle;Instagram profile @casadetaipapb;https://instagram.com/casadetaipapb;city_not_confirmed
fd64e520-194c-4a69-a6e7-1ea6f8213889;Casa de Taipa;Casa de Taipa Praia do poço R. Vitorino Cardoso (83) 99195-9104 Cabedelo PB cardapio pedido delivery;;yellow;62;anota_ai;organic;churrascaria e pizzaria do biu | Delivery em CABEDELO;https://pedido.anota.ai/loja/pizzaria-do-biu;brand_not_confirmed|name_not_confirmed
fd64e520-194c-4a69-a6e7-1ea6f8213889;Casa de Taipa;Casa de Taipa Praia do poço R. Vitorino Cardoso (83) 99195-9104 Cabedelo PB cardapio pedido delivery;;red;38;facebook;organic;Casa de Taipa - Praia do Jacaré | Cabedelo PB;https://facebook.com/Casadetaipajacare/?locale=pt_BR;
fd64e520-194c-4a69-a6e7-1ea6f8213889;Casa de Taipa;Casa de Taipa Praia do poço R. Vitorino Cardoso (83) 99195-9104 Cabedelo PB cardapio pedido delivery;;red;32;instagram;organic;Já coloca no seu roteiro, o restaurante Casa de Taipa fica ...;https://instagram.com/reel/DZgEnYbhCA_;instagram_reel_not_profile|instagram_profile_not_canonicalizable
fd64e520-194c-4a69-a6e7-1ea6f8213889;Casa de Taipa;Casa de Taipa Praia do poço R. Vitorino Cardoso (83) 99195-9104 Cabedelo PB cardapio pedido delivery;;red;28;tiktok.com;organic;Descubra o Restaurante Rural Casa de Taipa na Paraíba;https://tiktok.com/@jpatour/video/7598207783409945864;city_not_confirmed
fd64e520-194c-4a69-a6e7-1ea6f8213889;Casa de Taipa;Casa de Taipa Praia do poço R. Vitorino Cardoso (83) 99195-9104 Cabedelo PB cardapio pedido delivery;;red;28;restaurante-casa-de-taipa.menuintegrado.com.br;organic;Restaurante Casa de Taipa - Delivery Oficial - Menu Integrado;https://restaurante-casa-de-taipa.menuintegrado.com.br;city_not_confirmed
fd64e520-194c-4a69-a6e7-1ea6f8213889;Casa de Taipa;Casa de Taipa Praia do poço R. Vitorino Cardoso (83) 99195-9104 Cabedelo PB cardapio pedido delivery;;red;16;instagram;organic;Photo by Casa de Taipa | Praia do Poço (@casadetaipapb);https://instagram.com/p/Bzeh8jcl4bF;instagram_p_not_profile|instagram_profile_not_canonicalizable|city_not_confirmed
fd64e520-194c-4a69-a6e7-1ea6f8213889;Casa de Taipa;Casa de Taipa Praia do poço R. Vitorino Cardoso (83) 99195-9104 Cabedelo PB cardapio pedido delivery;;red;16;cardapio.ai;organic;Casa de taipa;https://cardapio.ai/online/casa-de-taipa;city_not_confirmed
935e3614-8815-4e2e-bddf-01ac5b254832;Açaí Araxá;Açaí Araxá Lot. Bela Vista Av. Oceano Atlântico (83) 99385-0594 Cabedelo PB cardapio pedido delivery;yes;yellow;72;anota_ai;organic;Açaí & Cia | Delivery em Araxá | Pedido online;https://pedido.anota.ai/loja/acaiecia;brand_not_confirmed|city_not_confirmed
935e3614-8815-4e2e-bddf-01ac5b254832;Açaí Araxá;Açaí Araxá Lot. Bela Vista Av. Oceano Atlântico (83) 99385-0594 Cabedelo PB cardapio pedido delivery;;yellow;72;instadelivery;organic;Alô Açaí Delivery Cardápio - Delivery de Açai em Araxá;https://instadelivery.com.br/aloacaiaraxa;brand_not_confirmed|city_not_confirmed
935e3614-8815-4e2e-bddf-01ac5b254832;Açaí Araxá;Açaí Araxá Lot. Bela Vista Av. Oceano Atlântico (83) 99385-0594 Cabedelo PB cardapio pedido delivery;;yellow;65;instagram;organic;Alô Açaí Araxá (@alo_acai_araxa);https://instagram.com/alo_acai_araxa;city_not_confirmed
935e3614-8815-4e2e-bddf-01ac5b254832;Açaí Araxá;Açaí Araxá Lot. Bela Vista Av. Oceano Atlântico (83) 99385-0594 Cabedelo PB cardapio pedido delivery;;red;-8;deeliv.app;organic;Enviar mensagem para Sabor Real do Açai;https://deeliv.app/h/APX7HX;brand_not_confirmed|city_not_confirmed
935e3614-8815-4e2e-bddf-01ac5b254832;Açaí Araxá;Açaí Araxá Lot. Bela Vista Av. Oceano Atlântico (83) 99385-0594 Cabedelo PB cardapio pedido delivery;;red;-8;aiqfome.com;organic;Açaí e restaurante - Point;https://aiqfome.com/MG/araxa/acai-e-restaurante-point;brand_not_confirmed|city_not_confirmed
935e3614-8815-4e2e-bddf-01ac5b254832;Açaí Araxá;Açaí Araxá Lot. Bela Vista Av. Oceano Atlântico (83) 99385-0594 Cabedelo PB cardapio pedido delivery;;red;-20;facebook;organic;Alô, Araxá. A maior rede de açaí self-service do mundo ...;https://facebook.com/thebestacaiofficial/videos/al%C3%B4-arax%C3%A1-a-maior-rede-de-a%C3%A7a%C3%AD-self-service-do-mundo-chegou-a-grande-inaugura%C3%A7%C3%A3o/1131440451796479;brand_not_confirmed|city_not_confirmed
935e3614-8815-4e2e-bddf-01ac5b254832;Açaí Araxá;Açaí Araxá Lot. Bela Vista Av. Oceano Atlântico (83) 99385-0594 Cabedelo PB cardapio pedido delivery;;red;-22;waze.com;organic;Driving directions to Praça do açaí de Intermares, 1164 Av. ...;https://waze.com/live-map/directions/br/pb/praca-do-acai-de-intermares?to=place.ChIJ-60_Km3erAcRRKoxlE8MUyc;brand_not_confirmed|city_not_confirmed
935e3614-8815-4e2e-bddf-01ac5b254832;Açaí Araxá;Açaí Araxá Lot. Bela Vista Av. Oceano Atlântico (83) 99385-0594 Cabedelo PB cardapio pedido delivery;;red;-44;instagram;organic;"Alô Açaí Araxá on Instagram: ""Não me leve a mal, me leve ...";https://instagram.com/reel/CuSN-xDg_Yf;instagram_reel_not_profile|brand_not_confirmed|instagram_profile_not_canonicalizable|city_not_confirmed
eae14867-4b70-4fb0-93eb-303b35931ab3;Pizzaria Bom Sabor Camboinha;Pizzaria Bom Sabor Camboinha Jardim Camboinha R. Prof. João Lelis de Luna Freire (83) 99680-7485 Cabedelo PB cardapio pedido delivery;yes;yellow;114;cardapioweb;organic;Pizzaria Bom Sabor;https://app.cardapioweb.com/pizzaria_bomsabor;city_not_confirmed
eae14867-4b70-4fb0-93eb-303b35931ab3;Pizzaria Bom Sabor Camboinha;Pizzaria Bom Sabor Camboinha Jardim Camboinha R. Prof. João Lelis de Luna Freire (83) 99680-7485 Cabedelo PB cardapio pedido delivery;;yellow;73;instagram;organic;Bom Sabor Camboinha II (@pizzariabomsaborcamboinha2);https://instagram.com/pizzariabomsaborcamboinha2;city_not_confirmed
eae14867-4b70-4fb0-93eb-303b35931ab3;Pizzaria Bom Sabor Camboinha;Pizzaria Bom Sabor Camboinha Jardim Camboinha R. Prof. João Lelis de Luna Freire (83) 99680-7485 Cabedelo PB cardapio pedido delivery;;yellow;50;pizzariabomsaborpb.com.br;organic;Pizzaria Bom Sabor PB | Cabedelo - Jacaré;https://pizzariabomsaborpb.com.br;
eae14867-4b70-4fb0-93eb-303b35931ab3;Pizzaria Bom Sabor Camboinha;Pizzaria Bom Sabor Camboinha Jardim Camboinha R. Prof. João Lelis de Luna Freire (83) 99680-7485 Cabedelo PB cardapio pedido delivery;;red;44;pizzariabomsaborcamboinha.com.br;organic;Pizzaria Bom Sabor Camboinha - Cabedelo;https://pizzariabomsaborcamboinha.com.br;
eae14867-4b70-4fb0-93eb-303b35931ab3;Pizzaria Bom Sabor Camboinha;Pizzaria Bom Sabor Camboinha Jardim Camboinha R. Prof. João Lelis de Luna Freire (83) 99680-7485 Cabedelo PB cardapio pedido delivery;;red;28;google;organic;Pizzaria Bom Sabor – Apps no Google Play;https://play.google.com/store/apps/details?id=com.delivery.pizzariaBomSabor&hl=pt;map_not_direct_menu|city_not_confirmed
eae14867-4b70-4fb0-93eb-303b35931ab3;Pizzaria Bom Sabor Camboinha;Pizzaria Bom Sabor Camboinha Jardim Camboinha R. Prof. João Lelis de Luna Freire (83) 99680-7485 Cabedelo PB cardapio pedido delivery;;red;28;aiboo.app;organic;Pizzaria Bom Sabor;https://aiboo.app/i/6141/MG/aimores/pizzaria-bom-sabor/cardapio;city_not_confirmed
eae14867-4b70-4fb0-93eb-303b35931ab3;Pizzaria Bom Sabor Camboinha;Pizzaria Bom Sabor Camboinha Jardim Camboinha R. Prof. João Lelis de Luna Freire (83) 99680-7485 Cabedelo PB cardapio pedido delivery;;red;28;facebook;organic;M&C Pizzaria Bom Sabor (@bomsabortelepizza);https://facebook.com/bomsabortelepizza;city_not_confirmed
eae14867-4b70-4fb0-93eb-303b35931ab3;Pizzaria Bom Sabor Camboinha;Pizzaria Bom Sabor Camboinha Jardim Camboinha R. Prof. João Lelis de Luna Freire (83) 99680-7485 Cabedelo PB cardapio pedido delivery;;red;-46;pizzaparavoce.com.br;organic;Pizza Para Você - A rede de pizzarias que mais cresce no Brasil;https://pizzaparavoce.com.br;brand_not_confirmed|name_not_confirmed|city_not_confirmed
17a6f6c2-9f28-453f-a22d-71e7abd3dcfd;Oliver Grill e Espetos;Oliver Grill e Espetos Intermares Av. Oceano Índico Cabedelo PB cardapio pedido delivery;yes;yellow;77;instagram;organic;espetinhos / grill / caldos/ churrasco (@olivergrilleespetos);https://instagram.com/olivergrilleespetos;city_not_confirmed
17a6f6c2-9f28-453f-a22d-71e7abd3dcfd;Oliver Grill e Espetos;Oliver Grill e Espetos Intermares Av. Oceano Índico Cabedelo PB cardapio pedido delivery;;yellow;62;anota_ai;organic;Espetinho da Praia | Delivery em Cabedelo | Pedido online;https://pedido.anota.ai/loja/espetinho-da-praia-3;brand_not_confirmed|name_not_confirmed
17a6f6c2-9f28-453f-a22d-71e7abd3dcfd;Oliver Grill e Espetos;Oliver Grill e Espetos Intermares Av. Oceano Índico Cabedelo PB cardapio pedido delivery;;red;22;instagram;organic;Se a fome bater forte… já sabe qual pedir ‍ O À La Carte do ...;https://instagram.com/reel/DYxNKZQxEsB;instagram_reel_not_profile|instagram_profile_not_canonicalizable
17a6f6c2-9f28-453f-a22d-71e7abd3dcfd;Oliver Grill e Espetos;Oliver Grill e Espetos Intermares Av. Oceano Índico Cabedelo PB cardapio pedido delivery;;red;6;instagram;organic;Hoje na Oliver Grill e Espetos! VENHAM com sua família e ...;https://instagram.com/p/DPZN_5JDawv;instagram_p_not_profile|instagram_profile_not_canonicalizable|city_not_confirmed
17a6f6c2-9f28-453f-a22d-71e7abd3dcfd;Oliver Grill e Espetos;Oliver Grill e Espetos Intermares Av. Oceano Índico Cabedelo PB cardapio pedido delivery;;red;-12;ze.delivery;organic;Delivery de em Cabedelo - PB;https://ze.delivery/em/cabedelo-pb;brand_not_confirmed|name_not_confirmed
17a6f6c2-9f28-453f-a22d-71e7abd3dcfd;Oliver Grill e Espetos;Oliver Grill e Espetos Intermares Av. Oceano Índico Cabedelo PB cardapio pedido delivery;;red;-18;tripadvisor;organic;Restaurantes com serviço de entrega em Cabedelo;https://tripadvisor.com.br/Restaurants-g793398-zfp19-Cabedelo_State_of_Paraiba.html;brand_not_confirmed|name_not_confirmed
17a6f6c2-9f28-453f-a22d-71e7abd3dcfd;Oliver Grill e Espetos;Oliver Grill e Espetos Intermares Av. Oceano Índico Cabedelo PB cardapio pedido delivery;;red;-20;rappi.com.br;organic;Espeto e Sabor Grill mais próximo;https://rappi.com.br/restaurantes/delivery/495456-espeto-e-sabor-grill;brand_not_confirmed|city_not_confirmed
17a6f6c2-9f28-453f-a22d-71e7abd3dcfd;Oliver Grill e Espetos;Oliver Grill e Espetos Intermares Av. Oceano Índico Cabedelo PB cardapio pedido delivery;;red;-24;facebook;organic;Espetinho da praia intermares | Cabedelo PB;https://facebook.com/espetinhodapraiaoficial/?locale=pt_BR;brand_not_confirmed|name_not_confirmed
0a91fc09-ad7d-4141-8d4d-82a732b61565;Ethic Alimentos;Ethic Alimentos n 220 Av Santa Isabel (83) 3246-1105 Cabedelo PB cardapio pedido delivery;yes;yellow;83;instagram;organic;Ethic Alimentos (@ethicalimentos) · Cabedelo, PB;https://instagram.com/ethicalimentos;
0a91fc09-ad7d-4141-8d4d-82a732b61565;Ethic Alimentos;Ethic Alimentos n 220 Av Santa Isabel (83) 3246-1105 Cabedelo PB cardapio pedido delivery;;yellow;68;menudino;organic;Delivery de Lanchonete em Cabedelo;https://menudino.com/delivery/cabedelo-pb/lanchonete;brand_not_confirmed|name_not_confirmed
0a91fc09-ad7d-4141-8d4d-82a732b61565;Ethic Alimentos;Ethic Alimentos n 220 Av Santa Isabel (83) 3246-1105 Cabedelo PB cardapio pedido delivery;;yellow;62;anota_ai;organic;Tc Restaurante e Petiscaria | Delivery em Cabedelo;https://pedido.anota.ai/loja/tc-petiscaria-e-lanches-1;brand_not_confirmed|name_not_confirmed
0a91fc09-ad7d-4141-8d4d-82a732b61565;Ethic Alimentos;Ethic Alimentos n 220 Av Santa Isabel (83) 3246-1105 Cabedelo PB cardapio pedido delivery;;red;38;wanderboat.ai;organic;Ethic Alimentos - Av Santa Isabel, n 220 - Renascer ...;https://wanderboat.ai/restaurants/brazil/regi%C3%A3o-geogr%C3%A1fica-imediata-de-jo%C3%A3o-pessoa/ethic-alimentos/sqZs0jIwTw-QyHffbfHfNg;
0a91fc09-ad7d-4141-8d4d-82a732b61565;Ethic Alimentos;Ethic Alimentos n 220 Av Santa Isabel (83) 3246-1105 Cabedelo PB cardapio pedido delivery;;red;16;facebook;organic;Ethic Alimentos (@ethicalimentos1);https://facebook.com/ethicalimentos1;city_not_confirmed
0a91fc09-ad7d-4141-8d4d-82a732b61565;Ethic Alimentos;Ethic Alimentos n 220 Av Santa Isabel (83) 3246-1105 Cabedelo PB cardapio pedido delivery;;red;-24;cabedelo.pb.gov.br;organic;https://cabedelo.pb.gov.br/oficios;https://cabedelo.pb.gov.br/oficios;brand_not_confirmed|name_not_confirmed
0a91fc09-ad7d-4141-8d4d-82a732b61565;Ethic Alimentos;Ethic Alimentos n 220 Av Santa Isabel (83) 3246-1105 Cabedelo PB cardapio pedido delivery;;red;-33;econodata.com.br;organic;Ethic Alimentos em João Pessoa, PB - 00.803.795/0003-38;https://econodata.com.br/consulta-empresa/00803795000338-ethic-representacoes-comerciais-ltda;conflicting_location:joao pessoa, pb|city_not_confirmed
0a91fc09-ad7d-4141-8d4d-82a732b61565;Ethic Alimentos;Ethic Alimentos n 220 Av Santa Isabel (83) 3246-1105 Cabedelo PB cardapio pedido delivery;;red;-34;pedizap.com.br;organic;Pedizap - Monte seu Cardápio e Receba os Pedidos via ...;https://pedizap.com.br;brand_not_confirmed|name_not_confirmed|city_not_confirmed
49423823-d994-4263-9597-cb829e208129;Home Smash Burger;Home Smash Burger Vila Sao Joao R. Sólon de Lucena (83) 98673-5263 Cabedelo PB cardapio pedido delivery;yes;yellow;83;instagram;organic;HAMBURGUERIA ARTESANAL (@homesmashburguer);https://instagram.com/homesmashburguer;
49423823-d994-4263-9597-cb829e208129;Home Smash Burger;Home Smash Burger Vila Sao Joao R. Sólon de Lucena (83) 98673-5263 Cabedelo PB cardapio pedido delivery;;yellow;72;anota_ai;organic;83 Smash | Delivery em JOAO PESSOA;https://pedido.anota.ai/loja/83-smash-hambrgueria-artesanal?f=msa;brand_not_confirmed|city_not_confirmed
49423823-d994-4263-9597-cb829e208129;Home Smash Burger;Home Smash Burger Vila Sao Joao R. Sólon de Lucena (83) 98673-5263 Cabedelo PB cardapio pedido delivery;;yellow;61;instagram;organic;Vai um SALADA DUPLO aí? 👀 Uma explosão de sabor ...;https://instagram.com/homesmashburguer/p/CscViJJLOV7;city_not_confirmed
49423823-d994-4263-9597-cb829e208129;Home Smash Burger;Home Smash Burger Vila Sao Joao R. Sólon de Lucena (83) 98673-5263 Cabedelo PB cardapio pedido delivery;;red;16;facebook;organic;Home Smash Burguer (@homesmashburguer);https://facebook.com/homesmashburguer/?locale=pt_BR;city_not_confirmed
49423823-d994-4263-9597-cb829e208129;Home Smash Burger;Home Smash Burger Vila Sao Joao R. Sólon de Lucena (83) 98673-5263 Cabedelo PB cardapio pedido delivery;;red;-2;instagram;organic;Passando para te lembrar que hoje tem HOME SMASH a ...;https://instagram.com/reel/C6B_EXTr3Cj;instagram_reel_not_profile|instagram_profile_not_canonicalizable|city_not_confirmed
49423823-d994-4263-9597-cb829e208129;Home Smash Burger;Home Smash Burger Vila Sao Joao R. Sólon de Lucena (83) 98673-5263 Cabedelo PB cardapio pedido delivery;;red;-2;homeburgerpb.com.br;organic;Home Burger - Delivery OFICIAL - Manaíra, João Pessoa - PB;https://homeburgerpb.com.br;brand_not_confirmed|city_not_confirmed
49423823-d994-4263-9597-cb829e208129;Home Smash Burger;Home Smash Burger Vila Sao Joao R. Sólon de Lucena (83) 98673-5263 Cabedelo PB cardapio pedido delivery;;red;-8;homesburger.pedidosite.com.br;organic;Homes Burger - Cardápio - Cliente Fiel;https://homesburger.pedidosite.com.br/delivery;brand_not_confirmed|city_not_confirmed
49423823-d994-4263-9597-cb829e208129;Home Smash Burger;Home Smash Burger Vila Sao Joao R. Sólon de Lucena (83) 98673-5263 Cabedelo PB cardapio pedido delivery;;red;-8;esmaguesuafome.com.br;organic;Sam Smash Burger - Cardápio Online;https://esmaguesuafome.com.br;brand_not_confirmed|city_not_confirmed
de5e3f48-dddc-4872-823a-71ba50fe51ab;Caldinho Prime Formosa;Caldinho Prime Formosa Vila Sao Joao Av. Cassiano da Cunha Nóbrega Cabedelo PB cardapio pedido delivery;yes;green;86;olaclick;organic;Cardápio digital - Comida Caseira da Elly;https://comidacaseiradaelly.ola.click/products;brand_not_confirmed
de5e3f48-dddc-4872-823a-71ba50fe51ab;Caldinho Prime Formosa;Caldinho Prime Formosa Vila Sao Joao Av. Cassiano da Cunha Nóbrega Cabedelo PB cardapio pedido delivery;;yellow;81;instagram;organic;Cabedelo (@caldinhoprimeformosa) - Praia Formosa;https://instagram.com/caldinhoprimeformosa/?hl=pt;
de5e3f48-dddc-4872-823a-71ba50fe51ab;Caldinho Prime Formosa;Caldinho Prime Formosa Vila Sao Joao Av. Cassiano da Cunha Nóbrega Cabedelo PB cardapio pedido delivery;;yellow;80;anota_ai;organic;DoceOnda | Delivery em Cabedelo | Pedido online;https://pedido.anota.ai/loja/doceonda;brand_not_confirmed
de5e3f48-dddc-4872-823a-71ba50fe51ab;Caldinho Prime Formosa;Caldinho Prime Formosa Vila Sao Joao Av. Cassiano da Cunha Nóbrega Cabedelo PB cardapio pedido delivery;;red;8;tripadvisor;organic;Caldinho Prime Formosa - Restaurantes: Cabedelo;https://tripadvisor.com.br/Restaurant_Review-g793398-d34142908-Reviews-Caldinho_Prime_Formosa-Cabedelo_State_of_Paraiba.html;brand_not_confirmed
de5e3f48-dddc-4872-823a-71ba50fe51ab;Caldinho Prime Formosa;Caldinho Prime Formosa Vila Sao Joao Av. Cassiano da Cunha Nóbrega Cabedelo PB cardapio pedido delivery;;red;-16;sisfood.com.br;organic;https://www.sisfood.com.br/pedido/domcoxinha/cardapio;https://sisfood.com.br/pedido/domcoxinha/cardapio;brand_not_confirmed|city_not_confirmed
de5e3f48-dddc-4872-823a-71ba50fe51ab;Caldinho Prime Formosa;Caldinho Prime Formosa Vila Sao Joao Av. Cassiano da Cunha Nóbrega Cabedelo PB cardapio pedido delivery;;red;-40;instagram;organic;Caldinho Prime | Praia Formosa| Cabedelo | Estamooos com ...;https://instagram.com/reel/C30R0ObrYMn;instagram_reel_not_profile|brand_not_confirmed|instagram_profile_not_canonicalizable
de5e3f48-dddc-4872-823a-71ba50fe51ab;Caldinho Prime Formosa;Caldinho Prime Formosa Vila Sao Joao Av. Cassiano da Cunha Nóbrega Cabedelo PB cardapio pedido delivery;;red;-40;instagram;organic;Caldinho Prime | Praia Formosa| Cabedelo | Uma experiência ...;https://instagram.com/reel/DXKRr7aETZz;instagram_reel_not_profile|brand_not_confirmed|instagram_profile_not_canonicalizable
de5e3f48-dddc-4872-823a-71ba50fe51ab;Caldinho Prime Formosa;Caldinho Prime Formosa Vila Sao Joao Av. Cassiano da Cunha Nóbrega Cabedelo PB cardapio pedido delivery;;red;-40;instagram;organic;Caldinho Prime | Praia Formosa| Cabedelo | Filé de Serra ...;https://instagram.com/p/CjLVysxruY8;instagram_p_not_profile|brand_not_confirmed|instagram_profile_not_canonicalizable
133ad582-46f6-4334-a2b7-34ecd3c5287b;Kikão Cachorro Quente;Kikão Cachorro Quente Lj 9 - Intermares Av. Mar Vermelho 98888-8856 Cabedelo PB cardapio pedido delivery;yes;yellow;99;instagram;organic;Kikão Food (@kikaofood) · Cabedelo, PB;https://instagram.com/kikaofood;
133ad582-46f6-4334-a2b7-34ecd3c5287b;Kikão Cachorro Quente;Kikão Cachorro Quente Lj 9 - Intermares Av. Mar Vermelho 98888-8856 Cabedelo PB cardapio pedido delivery;;green;88;anota_ai;organic;Kikão Dogs & Burguers | Delivery em CABEDELO;https://pedido.anota.ai/loja/kikao;brand_not_confirmed
133ad582-46f6-4334-a2b7-34ecd3c5287b;Kikão Cachorro Quente;Kikão Cachorro Quente Lj 9 - Intermares Av. Mar Vermelho 98888-8856 Cabedelo PB cardapio pedido delivery;;red;42;tiktok.com;organic;Kikão: O cachorro quente único da sua cidade;https://tiktok.com/@marcondesmaloca/video/7515553393461464376;city_not_confirmed
133ad582-46f6-4334-a2b7-34ecd3c5287b;Kikão Cachorro Quente;Kikão Cachorro Quente Lj 9 - Intermares Av. Mar Vermelho 98888-8856 Cabedelo PB cardapio pedido delivery;;red;24;youtube.com;organic;KIKÃO DELICIOSO | LANCHE DA TARDE;https://youtube.com/watch?v=WvPkJ9_13Kg;city_not_confirmed
133ad582-46f6-4334-a2b7-34ecd3c5287b;Kikão Cachorro Quente;Kikão Cachorro Quente Lj 9 - Intermares Av. Mar Vermelho 98888-8856 Cabedelo PB cardapio pedido delivery;;red;18;instagram;organic;SELF SERVICE DE CACHORRO QUENTE ( KIKÃO C ...;https://instagram.com/reel/DD0NOONvRja;instagram_reel_not_profile|instagram_profile_not_canonicalizable|city_not_confirmed
133ad582-46f6-4334-a2b7-34ecd3c5287b;Kikão Cachorro Quente;Kikão Cachorro Quente Lj 9 - Intermares Av. Mar Vermelho 98888-8856 Cabedelo PB cardapio pedido delivery;;red;14;facebook;organic;Kikão Food - Intermares | Cabedelo PB;https://facebook.com/kikaofood/?locale=pt_BR;brand_not_confirmed
133ad582-46f6-4334-a2b7-34ecd3c5287b;Kikão Cachorro Quente;Kikão Cachorro Quente Lj 9 - Intermares Av. Mar Vermelho 98888-8856 Cabedelo PB cardapio pedido delivery;;red;10;instagram;organic;Cachorro-quente é pras bandas de lá… Aqui no Amazonas é ...;https://instagram.com/reel/DOZeJjhjzzQ;instagram_reel_not_profile|instagram_profile_not_canonicalizable|city_not_confirmed
133ad582-46f6-4334-a2b7-34ecd3c5287b;Kikão Cachorro Quente;Kikão Cachorro Quente Lj 9 - Intermares Av. Mar Vermelho 98888-8856 Cabedelo PB cardapio pedido delivery;;red;-8;facebook;organic;Faça seu pedido! Tradição e Qualidade! | Kikão Lanches;https://facebook.com/kikaolanchessaocarlos/videos/kik%C3%A3o-lanches/1186978568371558;brand_not_confirmed|city_not_confirmed
dd73fc2d-69a5-4a76-8e1e-7aa2b68f7869;Route Hot Dogs;Route Hot Dogs Cabedelo Av. Mar das Antilhas - Intermares (83) 99878-4228 Cabedelo PB cardapio pedido delivery;yes;green;132;anota_ai;organic;Route Hot Dogs | Delivery em CABEDELO | Pedido online;https://pedido.anota.ai/loja/route-hot-dogs;
dd73fc2d-69a5-4a76-8e1e-7aa2b68f7869;Route Hot Dogs;Route Hot Dogs Cabedelo Av. Mar das Antilhas - Intermares (83) 99878-4228 Cabedelo PB cardapio pedido delivery;;yellow;99;instagram;organic;ROUTE HOT DOGS (@routehotdogs) · Cabedelo, PB;https://instagram.com/routehotdogs;
dd73fc2d-69a5-4a76-8e1e-7aa2b68f7869;Route Hot Dogs;Route Hot Dogs Cabedelo Av. Mar das Antilhas - Intermares (83) 99878-4228 Cabedelo PB cardapio pedido delivery;;yellow;68;instadelivery;organic;Melhores delivery de Cabedelo;https://portal.instadelivery.com.br/cabedelo;brand_not_confirmed|name_not_confirmed
dd73fc2d-69a5-4a76-8e1e-7aa2b68f7869;Route Hot Dogs;Route Hot Dogs Cabedelo Av. Mar das Antilhas - Intermares (83) 99878-4228 Cabedelo PB cardapio pedido delivery;;red;40;instagram;organic;ROUTE HOT DOGS | Tudo feito na churrasqueira, com aquele ...;https://instagram.com/reel/DK0H3XVP__Q;instagram_reel_not_profile|instagram_profile_not_canonicalizable
dd73fc2d-69a5-4a76-8e1e-7aa2b68f7869;Route Hot Dogs;Route Hot Dogs Cabedelo Av. Mar das Antilhas - Intermares (83) 99878-4228 Cabedelo PB cardapio pedido delivery;;red;40;instagram;organic;ROUTE HOT DOGS | Os melhores ingredientes, aquele sabor ...;https://instagram.com/reel/DMoGhcmPb-A;instagram_reel_not_profile|instagram_profile_not_canonicalizable
dd73fc2d-69a5-4a76-8e1e-7aa2b68f7869;Route Hot Dogs;Route Hot Dogs Cabedelo Av. Mar das Antilhas - Intermares (83) 99878-4228 Cabedelo PB cardapio pedido delivery;;red;28;instagram;organic;ROUTE HOT DOGS | Reúna os amigos, vista a camisa e ...;https://instagram.com/reel/DZQ_YcFJ8LD;instagram_reel_not_profile|instagram_profile_not_canonicalizable
dd73fc2d-69a5-4a76-8e1e-7aa2b68f7869;Route Hot Dogs;Route Hot Dogs Cabedelo Av. Mar das Antilhas - Intermares (83) 99878-4228 Cabedelo PB cardapio pedido delivery;;red;24;instagram;organic;ROUTE HOT DOGS | 📢 Faça seu pedido e retire com ...;https://instagram.com/p/DIURp0ov8x3;instagram_p_not_profile|instagram_profile_not_canonicalizable|city_not_confirmed
dd73fc2d-69a5-4a76-8e1e-7aa2b68f7869;Route Hot Dogs;Route Hot Dogs Cabedelo Av. Mar das Antilhas - Intermares (83) 99878-4228 Cabedelo PB cardapio pedido delivery;;red;-8;hotdogdupiru.com.br;organic;HOT DOG DU PIRU - Delivery Online;https://hotdogdupiru.com.br/hotdogdupiru;brand_not_confirmed|city_not_confirmed
ec6b2565-934c-4278-9a8a-63168eb819f2;DAWN BURGUER;DAWN BURGUER Vila Sao Joao R. Augusto Firmo Paulo (83) 99638-6080 Cabedelo PB cardapio pedido delivery;yes;green;124;anota_ai;organic;Dawn Burguer | Delivery em Cabedelo | Pedido online;https://pedido.anota.ai/loja/dawn-burguer;
ec6b2565-934c-4278-9a8a-63168eb819f2;DAWN BURGUER;DAWN BURGUER Vila Sao Joao R. Augusto Firmo Paulo (83) 99638-6080 Cabedelo PB cardapio pedido delivery;;yellow;89;instagram;organic;HAMBURGUERIA ARTESANAL (@dawn.burguer);https://instagram.com/dawn.burguer;
ec6b2565-934c-4278-9a8a-63168eb819f2;DAWN BURGUER;DAWN BURGUER Vila Sao Joao R. Augusto Firmo Paulo (83) 99638-6080 Cabedelo PB cardapio pedido delivery;;red;38;facebook;organic;Dawn Burguer | Cabedelo PB;https://facebook.com/people/Dawn-Burguer/61566108982118;
ec6b2565-934c-4278-9a8a-63168eb819f2;DAWN BURGUER;DAWN BURGUER Vila Sao Joao R. Augusto Firmo Paulo (83) 99638-6080 Cabedelo PB cardapio pedido delivery;;red;20;dburgershamburgueria.deeliv.app;organic;Cardápio | DBurgers Hamburgueria Delivery;https://dburgershamburgueria.deeliv.app;city_not_confirmed
ec6b2565-934c-4278-9a8a-63168eb819f2;DAWN BURGUER;DAWN BURGUER Vila Sao Joao R. Augusto Firmo Paulo (83) 99638-6080 Cabedelo PB cardapio pedido delivery;;red;-2;instagram;organic;DAWN BURGUER | HAMBURGUERIA ARTESANAL | Mais ...;https://instagram.com/reel/DWAjgWJjrFO;instagram_reel_not_profile|instagram_profile_not_canonicalizable|city_not_confirmed
ec6b2565-934c-4278-9a8a-63168eb819f2;DAWN BURGUER;DAWN BURGUER Vila Sao Joao R. Augusto Firmo Paulo (83) 99638-6080 Cabedelo PB cardapio pedido delivery;;red;-2;instagram;organic;DAWN BURGUER | HAMBURGUERIA ARTESANAL | 👑O Rei ...;https://instagram.com/reel/DYhra9COMoz;instagram_reel_not_profile|instagram_profile_not_canonicalizable|city_not_confirmed
ec6b2565-934c-4278-9a8a-63168eb819f2;DAWN BURGUER;DAWN BURGUER Vila Sao Joao R. Augusto Firmo Paulo (83) 99638-6080 Cabedelo PB cardapio pedido delivery;;red;-2;instagram;organic;DAWN BURGUER | HAMBURGUERIA ARTESANAL | Mais ...;https://instagram.com/reel/DXAqKZ6DrlK;instagram_reel_not_profile|instagram_profile_not_canonicalizable|city_not_confirmed
ec6b2565-934c-4278-9a8a-63168eb819f2;DAWN BURGUER;DAWN BURGUER Vila Sao Joao R. Augusto Firmo Paulo (83) 99638-6080 Cabedelo PB cardapio pedido delivery;;red;-34;meumenu.app;organic;MeuMenu APP |;https://meumenu.app/pedido;brand_not_confirmed|name_not_confirmed|city_not_confirmed
04f7bdf2-230d-4224-99d5-aea50cefc56f;Mary Refeições;Mary Refeições Intermares Av. Mar de Corais (83) 98880-2447 Cabedelo PB cardapio pedido delivery;yes;yellow;62;anota_ai;organic;NOVO ORIENTE INTERMARES | Delivery em Cabedelo;https://pedido.anota.ai/loja/novo-oriente-intermares-;brand_not_confirmed|name_not_confirmed
04f7bdf2-230d-4224-99d5-aea50cefc56f;Mary Refeições;Mary Refeições Intermares Av. Mar de Corais (83) 98880-2447 Cabedelo PB cardapio pedido delivery;;red;-18;tripadvisor;organic;REI DAS CARNES - INTERMARES, Cabedelo;https://tripadvisor.com.br/Restaurant_Review-g793398-d27371798-Reviews-Rei_Das_Carnes_Intermares-Cabedelo_State_of_Paraiba.html;brand_not_confirmed|name_not_confirmed
04f7bdf2-230d-4224-99d5-aea50cefc56f;Mary Refeições;Mary Refeições Intermares Av. Mar de Corais (83) 98880-2447 Cabedelo PB cardapio pedido delivery;;red;-24;cabedelo.pb.gov.br;organic;Numar Bar e Restaurante | Prefeitura de Cabedelo;https://cabedelo.pb.gov.br/ondecomer/numar-bar-e-restaurante;brand_not_confirmed|name_not_confirmed
04f7bdf2-230d-4224-99d5-aea50cefc56f;Mary Refeições;Mary Refeições Intermares Av. Mar de Corais (83) 98880-2447 Cabedelo PB cardapio pedido delivery;;red;-24;subway.harmo.me;organic;Restaurante fast-food Subway Intermares - Cabedelo - PB;https://subway.harmo.me/subway-intermares-cabedelo-pb-d82;brand_not_confirmed|name_not_confirmed
04f7bdf2-230d-4224-99d5-aea50cefc56f;Mary Refeições;Mary Refeições Intermares Av. Mar de Corais (83) 98880-2447 Cabedelo PB cardapio pedido delivery;;red;-34;facebook;organic;Pipa - Impossível não desejar! Vem curtir o final de ...;https://facebook.com/pipatemaki/photos/imposs%C3%ADvel-n%C3%A3o-desejarvem-curtir-o-final-de-semana-apreciando-as-maravilhas-do-n/1469897023473206;brand_not_confirmed|name_not_confirmed|city_not_confirmed
04f7bdf2-230d-4224-99d5-aea50cefc56f;Mary Refeições;Mary Refeições Intermares Av. Mar de Corais (83) 98880-2447 Cabedelo PB cardapio pedido delivery;;red;-34;rappi.com.br;organic;Trembom Marmitaria - Renascer Preço e Cardápio delivery;https://rappi.com.br/restaurantes/900125548-trembom-marmitaria;brand_not_confirmed|name_not_confirmed|city_not_confirmed
04f7bdf2-230d-4224-99d5-aea50cefc56f;Mary Refeições;Mary Refeições Intermares Av. Mar de Corais (83) 98880-2447 Cabedelo PB cardapio pedido delivery;;red;-54;instagram;organic;Sábado é dia de saborear o melhor da culinária! 😍 Venha ...;https://instagram.com/p/C3dCz29rTm4;instagram_p_not_profile|brand_not_confirmed|name_not_confirmed|instagram_profile_not_canonicalizable
04f7bdf2-230d-4224-99d5-aea50cefc56f;Mary Refeições;Mary Refeições Intermares Av. Mar de Corais (83) 98880-2447 Cabedelo PB cardapio pedido delivery;;red;-60;instagram;organic;O SUSHI MAIS FAMOSO DE INTERMARES Av Mar Vermelho ...;https://instagram.com/reel/DAGlh2qpRl5;instagram_reel_not_profile|brand_not_confirmed|name_not_confirmed|instagram_profile_not_canonicalizable
e593d18c-792e-4c38-b9c4-4b34d62f7aa6;South Beach | Açaí, Sorveteria e Cremes;South Beach | Açaí, Sorveteria e Cremes Intermares Av. Oceano Atlântico (83) 3032-7901 Cabedelo PB cardapio pedido delivery;yes;yellow;73;instagram;organic;South Beach | Açaí & Sorvete (@southbeachacaiteria);https://instagram.com/southbeachacaiteria/reels;city_not_confirmed
e593d18c-792e-4c38-b9c4-4b34d62f7aa6;South Beach | Açaí, Sorveteria e Cremes;South Beach | Açaí, Sorveteria e Cremes Intermares Av. Oceano Atlântico (83) 3032-7901 Cabedelo PB cardapio pedido delivery;;red;38;econodata.com.br;organic;South Beach Acaiteria e Sorveteria em Cabedelo, PB;https://econodata.com.br/consulta-empresa/59001181000113-oliveira-targa-comercio-de-alimentos-ltda;
e593d18c-792e-4c38-b9c4-4b34d62f7aa6;South Beach | Açaí, Sorveteria e Cremes;South Beach | Açaí, Sorveteria e Cremes Intermares Av. Oceano Atlântico (83) 3032-7901 Cabedelo PB cardapio pedido delivery;;red;20;instagram;organic;"Açaí & Sorvete on Instagram: ""É HOJE! A South Beach abre as ...";https://instagram.com/reel/DM0VmAIO6y9;instagram_reel_not_profile|instagram_profile_not_canonicalizable
e593d18c-792e-4c38-b9c4-4b34d62f7aa6;South Beach | Açaí, Sorveteria e Cremes;South Beach | Açaí, Sorveteria e Cremes Intermares Av. Oceano Atlântico (83) 3032-7901 Cabedelo PB cardapio pedido delivery;;red;16;cnpj.biz;organic;South Beach Acaiteria e Sorveteria 59001181000113 ...;https://cnpj.biz/59001181000113;city_not_confirmed
e593d18c-792e-4c38-b9c4-4b34d62f7aa6;South Beach | Açaí, Sorveteria e Cremes;South Beach | Açaí, Sorveteria e Cremes Intermares Av. Oceano Atlântico (83) 3032-7901 Cabedelo PB cardapio pedido delivery;;red;14;instagram;organic;É HOJE! 🎉 A South Beach abre as portas e você é nosso ...;https://instagram.com/p/DM0VmAIO6y9;instagram_p_not_profile|instagram_profile_not_canonicalizable|city_not_confirmed
e593d18c-792e-4c38-b9c4-4b34d62f7aa6;South Beach | Açaí, Sorveteria e Cremes;South Beach | Açaí, Sorveteria e Cremes Intermares Av. Oceano Atlântico (83) 3032-7901 Cabedelo PB cardapio pedido delivery;;red;8;avalanche.pedir.online;organic;Avalanche - Açaíteria & Sorveteria;https://avalanche.pedir.online;city_not_confirmed
e593d18c-792e-4c38-b9c4-4b34d62f7aa6;South Beach | Açaí, Sorveteria e Cremes;South Beach | Açaí, Sorveteria e Cremes Intermares Av. Oceano Atlântico (83) 3032-7901 Cabedelo PB cardapio pedido delivery;;red;-10;instagram;organic;"Açaí & Sorvete on Instagram: ""Chegamos pra ser o seu ...";https://instagram.com/reel/DNEWhOROM8z;instagram_reel_not_profile|instagram_profile_not_canonicalizable|city_not_confirmed
e593d18c-792e-4c38-b9c4-4b34d62f7aa6;South Beach | Açaí, Sorveteria e Cremes;South Beach | Açaí, Sorveteria e Cremes Intermares Av. Oceano Atlântico (83) 3032-7901 Cabedelo PB cardapio pedido delivery;;red;-24;waze.com;organic;Driving directions to Praça do açaí de Intermares, 1164 Av. ...;https://waze.com/live-map/directions/br/pb/praca-do-acai-de-intermares?to=place.ChIJ-60_Km3erAcRRKoxlE8MUyc;brand_not_confirmed|name_not_confirmed
2d89c5e8-5bf4-4d1f-9720-58513e1ab377;Chapa Quente Lanches e Refeições;Chapa Quente Lanches e Refeições Jacaré R. Novo Horizonte (83) 98870-6504 Cabedelo PB cardapio pedido delivery;yes;red;16;evitra.com.br;organic;Chapa para lanche Profissional 70x35 Industrial em Inox 5mm;https://evitra.com.br/produtos/chapa-para-lanche-profissional-70x35-industrial-em-inox-5mm/?srsltid=AfmBOorenY3f1-z4nKrVHdfSW6vDo4lqrkfqe7yMxHvFLlS9GMDRR_-t;city_not_confirmed
2d89c5e8-5bf4-4d1f-9720-58513e1ab377;Chapa Quente Lanches e Refeições;Chapa Quente Lanches e Refeições Jacaré R. Novo Horizonte (83) 98870-6504 Cabedelo PB cardapio pedido delivery;;red;-14;engefrio.com.br;organic;Chapas de Lanche Profissionais | Elétricas e a Gás para ...;https://engefrio.com.br/equipamentos/chapa-de-lanche/?srsltid=AfmBOooEa2F2a8G2wMlahVbspB6BT7XvbIZbKq8JVtPtLJXVNqltLBy_;brand_not_confirmed|city_not_confirmed
2d89c5e8-5bf4-4d1f-9720-58513e1ab377;Chapa Quente Lanches e Refeições;Chapa Quente Lanches e Refeições Jacaré R. Novo Horizonte (83) 98870-6504 Cabedelo PB cardapio pedido delivery;;red;-20;cetro.com.br;organic;Chapa Elétrica em Inox com 2 Queimadores 73x40 cm ...;https://cetro.com.br/chapa-eletrica-em-inox-com-2-queimadores-73x40cm-cfgm-eg-7340-tb---220v/p?srsltid=AfmBOora9SmkJgyp8lrgFp1cytxil72j5pSjrZG8iLIXZoECUR0I_L8K;brand_not_confirmed|city_not_confirmed
2d89c5e8-5bf4-4d1f-9720-58513e1ab377;Chapa Quente Lanches e Refeições;Chapa Quente Lanches e Refeições Jacaré R. Novo Horizonte (83) 98870-6504 Cabedelo PB cardapio pedido delivery;;red;-20;chefred.com.br;organic;Chapa de Fritura Elétrica 60cm 220V - RED Chameleon;https://chefred.com.br/chapa-de-fritura-eletrica-60cm-220v;brand_not_confirmed|city_not_confirmed
2d89c5e8-5bf4-4d1f-9720-58513e1ab377;Chapa Quente Lanches e Refeições;Chapa Quente Lanches e Refeições Jacaré R. Novo Horizonte (83) 98870-6504 Cabedelo PB cardapio pedido delivery;;red;-20;hiperferro.com.br;organic;Chapas Metálicas - Chapas, tubos e perfilados;https://hiperferro.com.br/chapas-tubos-e-perfilados/chapas-metalicas.html?srsltid=AfmBOoowTs89sk7dXIWFWz5_H9krrBV2HMi0tjuE3e5jzec35VzXDhek;brand_not_confirmed|city_not_confirmed
2d89c5e8-5bf4-4d1f-9720-58513e1ab377;Chapa Quente Lanches e Refeições;Chapa Quente Lanches e Refeições Jacaré R. Novo Horizonte (83) 98870-6504 Cabedelo PB cardapio pedido delivery;;red;-20;casaserralheiro.com.br;organic;Conheça a Chapa de Aço Preta da ...;https://casaserralheiro.com.br/product/chapa-de-aco-preta;brand_not_confirmed|city_not_confirmed
2d89c5e8-5bf4-4d1f-9720-58513e1ab377;Chapa Quente Lanches e Refeições;Chapa Quente Lanches e Refeições Jacaré R. Novo Horizonte (83) 98870-6504 Cabedelo PB cardapio pedido delivery;;red;-20;cozil.com.br;organic;Chapa a Gás;https://cozil.com.br/produto/chapa-a-gas-3;brand_not_confirmed|city_not_confirmed
e794929f-0b9f-43b8-a5c6-6d37a38dcb23;Chié artesanato e comedoria;Chié artesanato e comedoria Cabedelo R. Praia do Jacaré - Intermares (83) 98885-0093 Cabedelo PB cardapio pedido delivery;yes;yellow;62;anota_ai;organic;NOVO ORIENTE INTERMARES | Delivery em Cabedelo;https://pedido.anota.ai/loja/novo-oriente-intermares-;brand_not_confirmed|name_not_confirmed
e794929f-0b9f-43b8-a5c6-6d37a38dcb23;Chié artesanato e comedoria;Chié artesanato e comedoria Cabedelo R. Praia do Jacaré - Intermares (83) 98885-0093 Cabedelo PB cardapio pedido delivery;;red;38;vendaagora.com;organic;CHIÉ ARTE DE MÃO CHEIA Cabedelo - PB;https://vendaagora.com/chieartedemaocheia;
e794929f-0b9f-43b8-a5c6-6d37a38dcb23;Chié artesanato e comedoria;Chié artesanato e comedoria Cabedelo R. Praia do Jacaré - Intermares (83) 98885-0093 Cabedelo PB cardapio pedido delivery;;red;36;wanderboat.ai;organic;Chié artesanato e comedoria - R. Praia do Jacaré;https://wanderboat.ai/restaurants/brazil/regi%C3%A3o-geogr%C3%A1fica-imediata-de-jo%C3%A3o-pessoa/chi%C3%A9-artesanato-e-comedoria/g7oDd4s6TdOKlceOS5gxGw;city_not_confirmed
e794929f-0b9f-43b8-a5c6-6d37a38dcb23;Chié artesanato e comedoria;Chié artesanato e comedoria Cabedelo R. Praia do Jacaré - Intermares (83) 98885-0093 Cabedelo PB cardapio pedido delivery;;red;36;tripadvisor;organic;10 melhores restaurantes próximos ao Feira de Artesanato ...;https://tripadvisor.com.br/RestaurantsNear-g793398-d7368818-Feira_de_Artesanato_do_Jacare-Cabedelo_State_of_Paraiba.html;
e794929f-0b9f-43b8-a5c6-6d37a38dcb23;Chié artesanato e comedoria;Chié artesanato e comedoria Cabedelo R. Praia do Jacaré - Intermares (83) 98885-0093 Cabedelo PB cardapio pedido delivery;;red;30;cabedelo.pb.gov.br;organic;Artesanato | Prefeitura de Cabedelo;https://cabedelo.pb.gov.br/turismoemcabedelo/artesanato;
e794929f-0b9f-43b8-a5c6-6d37a38dcb23;Chié artesanato e comedoria;Chié artesanato e comedoria Cabedelo R. Praia do Jacaré - Intermares (83) 98885-0093 Cabedelo PB cardapio pedido delivery;;red;24;youtube.com;organic;Feirinha de Artesanato na Praia do Jacaré em Cabedelo ...;https://youtube.com/watch?v=FcxezmMhb8w;
e794929f-0b9f-43b8-a5c6-6d37a38dcb23;Chié artesanato e comedoria;Chié artesanato e comedoria Cabedelo R. Praia do Jacaré - Intermares (83) 98885-0093 Cabedelo PB cardapio pedido delivery;;red;6;instagram;organic;Chié loja de artesanato e comedoria. Local: Praia do Jacaré;https://instagram.com/p/DXQWiNGDaCO;instagram_p_not_profile|instagram_profile_not_canonicalizable|city_not_confirmed
e794929f-0b9f-43b8-a5c6-6d37a38dcb23;Chié artesanato e comedoria;Chié artesanato e comedoria Cabedelo R. Praia do Jacaré - Intermares (83) 98885-0093 Cabedelo PB cardapio pedido delivery;;red;-46;paraibacriativa.com.br;organic;Casa Nordeste;https://paraibacriativa.com.br/artista/casa-nordeste;brand_not_confirmed|name_not_confirmed|city_not_confirmed
9aed5c42-1ab1-47f0-9010-788da722a399;Sorveteria Frutos de Goiás - Cabedelo;Sorveteria Frutos de Goiás - Cabedelo Centro R. Sólon de Lucena (83) 99313-6243 Cabedelo PB cardapio pedido delivery;yes;green;112;whatsmenu;organic;Frutos de Goiás Cabedelo;https://whatsmenu.com.br/frutoscabedelo;
9aed5c42-1ab1-47f0-9010-788da722a399;Sorveteria Frutos de Goiás - Cabedelo;Sorveteria Frutos de Goiás - Cabedelo Centro R. Sólon de Lucena (83) 99313-6243 Cabedelo PB cardapio pedido delivery;;yellow;108;anota_ai;organic;Frutos de Goias - Abel Cabral (açaí e Sorvete);https://pedido.anota.ai/loja/frutos-de-goias-abel-cabral-aa-e-sorvete;city_not_confirmed
9aed5c42-1ab1-47f0-9010-788da722a399;Sorveteria Frutos de Goiás - Cabedelo;Sorveteria Frutos de Goiás - Cabedelo Centro R. Sólon de Lucena (83) 99313-6243 Cabedelo PB cardapio pedido delivery;;yellow;89;instagram;organic;Frutos de Goiás Cabedelo (@frutoscabedelo);https://instagram.com/frutoscabedelo;
9aed5c42-1ab1-47f0-9010-788da722a399;Sorveteria Frutos de Goiás - Cabedelo;Sorveteria Frutos de Goiás - Cabedelo Centro R. Sólon de Lucena (83) 99313-6243 Cabedelo PB cardapio pedido delivery;;yellow;56;tripadvisor;organic;FRUTOS DE GOIÁS CABEDELO - Menu, Prices & ...;https://tripadvisor.com/Restaurant_Review-g793398-d33775602-Reviews-Frutos_de_Goias_Cabedelo-Cabedelo_State_of_Paraiba.html;
9aed5c42-1ab1-47f0-9010-788da722a399;Sorveteria Frutos de Goiás - Cabedelo;Sorveteria Frutos de Goiás - Cabedelo Centro R. Sólon de Lucena (83) 99313-6243 Cabedelo PB cardapio pedido delivery;;red;32;wanderboat.ai;organic;Sorveteria Frutos de Goiás - Cabedelo;https://wanderboat.ai/restaurants/brazil/regi%C3%A3o-geogr%C3%A1fica-imediata-de-jo%C3%A3o-pessoa/sorveteria-frutos-de-goi%C3%A1s---cabedelo/xNbwVNxCT7eM7w0DBrbYEw;
9aed5c42-1ab1-47f0-9010-788da722a399;Sorveteria Frutos de Goiás - Cabedelo;Sorveteria Frutos de Goiás - Cabedelo Centro R. Sólon de Lucena (83) 99313-6243 Cabedelo PB cardapio pedido delivery;;red;16;frutosdegoias.com.br;organic;Frutos de Goiás | Sorvetes e Picolés, Naturalmente Delicioso ...;https://frutosdegoias.com.br;city_not_confirmed
9aed5c42-1ab1-47f0-9010-788da722a399;Sorveteria Frutos de Goiás - Cabedelo;Sorveteria Frutos de Goiás - Cabedelo Centro R. Sólon de Lucena (83) 99313-6243 Cabedelo PB cardapio pedido delivery;;red;16;frutosdegoiassp.com.br;organic;Lojas | Frutos de Goiás SP;https://frutosdegoiassp.com.br/lojas;city_not_confirmed
9aed5c42-1ab1-47f0-9010-788da722a399;Sorveteria Frutos de Goiás - Cabedelo;Sorveteria Frutos de Goiás - Cabedelo Centro R. Sólon de Lucena (83) 99313-6243 Cabedelo PB cardapio pedido delivery;;red;16;frutosdegoias.com.br;organic;Onde você encontra Frutos de Goiás;https://frutosdegoias.com.br/onde-encontrar;city_not_confirmed
6b65edcc-4d44-4dd4-82c8-36291fdef22b;Caiçara Bar e Restaurante;Caiçara Bar e Restaurante Rua Cassiano Praia de (83) 98843-8076 Cabedelo PB cardapio pedido delivery;yes;yellow;106;menudino;organic;Delivery de Restaurante em Caicara;https://menudino.com/delivery/caicara-pb/restaurante;city_not_confirmed
6b65edcc-4d44-4dd4-82c8-36291fdef22b;Caiçara Bar e Restaurante;Caiçara Bar e Restaurante Rua Cassiano Praia de (83) 98843-8076 Cabedelo PB cardapio pedido delivery;;yellow;100;anota_ai;organic;Restaurante Caiçara | Delivery em ITANHAEM | Pedido online;https://pedido.anota.ai/loja/restaurante-caiara-1?f=msa;city_not_confirmed
6b65edcc-4d44-4dd4-82c8-36291fdef22b;Caiçara Bar e Restaurante;Caiçara Bar e Restaurante Rua Cassiano Praia de (83) 98843-8076 Cabedelo PB cardapio pedido delivery;;red;26;menui.com.br;organic;Delivery em Caiçara: restaurantes e pedidos online;https://menui.com.br/caicara-pb;city_not_confirmed
6b65edcc-4d44-4dd4-82c8-36291fdef22b;Caiçara Bar e Restaurante;Caiçara Bar e Restaurante Rua Cassiano Praia de (83) 98843-8076 Cabedelo PB cardapio pedido delivery;;red;20;facebook;organic;Um dos pratos mais tradicional do nosso cardápio, caldeirada ...;https://facebook.com/restaurantecaicara/videos/um-dos-pratos-mais-tradicional-do-nosso-card%C3%A1pio-caldeirada-cai%C3%A7ara-acompanha-ar/3739511606138858;city_not_confirmed
6b65edcc-4d44-4dd4-82c8-36291fdef22b;Caiçara Bar e Restaurante;Caiçara Bar e Restaurante Rua Cassiano Praia de (83) 98843-8076 Cabedelo PB cardapio pedido delivery;;red;20;tripadvisor;organic;10 melhores restaurantes próximos ao Hotel Caiçara João ...;https://tripadvisor.com.br/RestaurantsNear-g303428-d490863-oa180-Best_Western_Hotel_Caicara-Joao_Pessoa_State_of_Paraiba.html;city_not_confirmed
6b65edcc-4d44-4dd4-82c8-36291fdef22b;Caiçara Bar e Restaurante;Caiçara Bar e Restaurante Rua Cassiano Praia de (83) 98843-8076 Cabedelo PB cardapio pedido delivery;;red;6;cabedelo.pb.gov.br;organic;Cibelly Bar e Restaurante | Prefeitura de Cabedelo;https://cabedelo.pb.gov.br/ondecomer/cibelly-bar-e-restaurante;brand_not_confirmed
6b65edcc-4d44-4dd4-82c8-36291fdef22b;Caiçara Bar e Restaurante;Caiçara Bar e Restaurante Rua Cassiano Praia de (83) 98843-8076 Cabedelo PB cardapio pedido delivery;;red;2;instagram;organic;Bella Caiçara | Padaria & Restaurante | Fala meu amigo(a ...;https://instagram.com/reel/DL-n01kPsP7;instagram_reel_not_profile|instagram_profile_not_canonicalizable|city_not_confirmed
6b65edcc-4d44-4dd4-82c8-36291fdef22b;Caiçara Bar e Restaurante;Caiçara Bar e Restaurante Rua Cassiano Praia de (83) 98843-8076 Cabedelo PB cardapio pedido delivery;;red;-10;instagram;organic;Vem conhecer o Caiçara Bar e Restaurante! 🏖️☀️ 📸 @ ...;https://instagram.com/reel/DVoz-tkiYZF;instagram_reel_not_profile|instagram_profile_not_canonicalizable|city_not_confirmed
da4479b5-3306-409a-808e-b65982c120f8;Sonne Haus Hambúrgueria;Sonne Haus Hambúrgueria Jardim America R. José Bartolomeu Cabral (83) 99405-1627 Cabedelo PB cardapio pedido delivery;yes;yellow;83;instagram;organic;Hamburgueria Sonne Haus Pub | Cervejaria em João ...;https://instagram.com/sonnehaushamburgueria;
da4479b5-3306-409a-808e-b65982c120f8;Sonne Haus Hambúrgueria;Sonne Haus Hambúrgueria Jardim America R. José Bartolomeu Cabral (83) 99405-1627 Cabedelo PB cardapio pedido delivery;;yellow;83;instagram;organic;Hamburgueria Sonne Haus Pub | Cervejaria em João ...;https://instagram.com/sonnehaushamburgueria/reels;
da4479b5-3306-409a-808e-b65982c120f8;Sonne Haus Hambúrgueria;Sonne Haus Hambúrgueria Jardim America R. José Bartolomeu Cabral (83) 99405-1627 Cabedelo PB cardapio pedido delivery;;yellow;68;anota_ai;organic;SAMUCHE BURGUER PB | Delivery em CABEDELO;https://pedido.anota.ai/loja/samucheburguer;brand_not_confirmed|name_not_confirmed
da4479b5-3306-409a-808e-b65982c120f8;Sonne Haus Hambúrgueria;Sonne Haus Hambúrgueria Jardim America R. José Bartolomeu Cabral (83) 99405-1627 Cabedelo PB cardapio pedido delivery;;yellow;60;cardapioweb;organic;Haus Burger;https://app.cardapioweb.com/haus_burger_;brand_not_confirmed|city_not_confirmed
da4479b5-3306-409a-808e-b65982c120f8;Sonne Haus Hambúrgueria;Sonne Haus Hambúrgueria Jardim America R. José Bartolomeu Cabral (83) 99405-1627 Cabedelo PB cardapio pedido delivery;;red;-12;ze.delivery;organic;Delivery de em Cabedelo - PB;https://ze.delivery/em/cabedelo-pb;brand_not_confirmed|name_not_confirmed
da4479b5-3306-409a-808e-b65982c120f8;Sonne Haus Hambúrgueria;Sonne Haus Hambúrgueria Jardim America R. José Bartolomeu Cabral (83) 99405-1627 Cabedelo PB cardapio pedido delivery;;red;-20;hausburgers.meucardapio.ai;organic;Ir para home;https://hausburgers.meucardapio.ai;brand_not_confirmed|city_not_confirmed
da4479b5-3306-409a-808e-b65982c120f8;Sonne Haus Hambúrgueria;Sonne Haus Hambúrgueria Jardim America R. José Bartolomeu Cabral (83) 99405-1627 Cabedelo PB cardapio pedido delivery;;red;-34;instagram;organic;"Cervejaria em João Pessoa- PB on Instagram: ""Ambiente ...";https://instagram.com/reel/C8iIvSgpXcm;instagram_reel_not_profile|brand_not_confirmed|instagram_profile_not_canonicalizable
da4479b5-3306-409a-808e-b65982c120f8;Sonne Haus Hambúrgueria;Sonne Haus Hambúrgueria Jardim America R. José Bartolomeu Cabral (83) 99405-1627 Cabedelo PB cardapio pedido delivery;;red;-40;homeburgerpb.com.br;organic;https://homeburgerpb.com.br/homeburger2/homeburger...;https://homeburgerpb.com.br/homeburger2/homeburgerpb?dd=menu;brand_not_confirmed|name_not_confirmed|city_not_confirmed
3efd7101-b736-4135-9e5e-9787a854ec0e;Espaço Do Sushi;Espaço Do Sushi Cabedelo R. Juarez Távora - Camalaú Cabedelo PB cardapio pedido delivery;yes;yellow;80;anota_ai;organic;Pipa Sushi & Temakeria | Delivery em CABEDELO;https://pedido.anota.ai/loja/pipa-sushi-temakeria;brand_not_confirmed
3efd7101-b736-4135-9e5e-9787a854ec0e;Espaço Do Sushi;Espaço Do Sushi Cabedelo R. Juarez Távora - Camalaú Cabedelo PB cardapio pedido delivery;;yellow;53;instagram;organic;Espaço do Sushi (@espacodosushi);https://instagram.com/espacodosushi;city_not_confirmed
3efd7101-b736-4135-9e5e-9787a854ec0e;Espaço Do Sushi;Espaço Do Sushi Cabedelo R. Juarez Távora - Camalaú Cabedelo PB cardapio pedido delivery;;yellow;53;instagram;organic;Espaço do Sushi (@espacodosushi);https://instagram.com/espacodosushi/reels;city_not_confirmed
3efd7101-b736-4135-9e5e-9787a854ec0e;Espaço Do Sushi;Espaço Do Sushi Cabedelo R. Juarez Távora - Camalaú Cabedelo PB cardapio pedido delivery;;red;0;saketemaki.com;organic;Sakê - Restaurante Japonês em João Pessoa e Cabedelo;https://saketemaki.com;brand_not_confirmed
3efd7101-b736-4135-9e5e-9787a854ec0e;Espaço Do Sushi;Espaço Do Sushi Cabedelo R. Juarez Távora - Camalaú Cabedelo PB cardapio pedido delivery;;red;0;tripadvisor;organic;Os melhores restaurantes sushi Cabedelo;https://tripadvisor.com.br/Restaurants-g793398-c38-Cabedelo_State_of_Paraiba.html;brand_not_confirmed
3efd7101-b736-4135-9e5e-9787a854ec0e;Espaço Do Sushi;Espaço Do Sushi Cabedelo R. Juarez Távora - Camalaú Cabedelo PB cardapio pedido delivery;;red;-16;acasadosushi.com.br;organic;A Casa do Sushi | Restaurante Japonês na Lagoa da ...;https://acasadosushi.com.br;brand_not_confirmed|city_not_confirmed
3efd7101-b736-4135-9e5e-9787a854ec0e;Espaço Do Sushi;Espaço Do Sushi Cabedelo R. Juarez Távora - Camalaú Cabedelo PB cardapio pedido delivery;;red;-28;sushiemcasa.com;organic;Sushi em Casa – Combinados para todas as fomes e ...;https://sushiemcasa.com;brand_not_confirmed|city_not_confirmed
3efd7101-b736-4135-9e5e-9787a854ec0e;Espaço Do Sushi;Espaço Do Sushi Cabedelo R. Juarez Távora - Camalaú Cabedelo PB cardapio pedido delivery;;red;-28;disksushidelivery.com.br;organic;Comida Japonesa, Havaiana e Peruana;https://disksushidelivery.com.br/cardapio;brand_not_confirmed|city_not_confirmed
297a6b03-242d-4d91-9f64-73e736972946;Oxi Burguer Cabedelo;Oxi Burguer Cabedelo Cabedelo R. Maria das Neves Silva - Ponta de Campina (83) 98793-1915 Cabedelo PB cardapio pedido delivery;yes;green;122;anota_ai;organic;SAMUCHE BURGUER PB | Delivery em CABEDELO;https://pedido.anota.ai/loja/samucheburguer;
297a6b03-242d-4d91-9f64-73e736972946;Oxi Burguer Cabedelo;Oxi Burguer Cabedelo Cabedelo R. Maria das Neves Silva - Ponta de Campina (83) 98793-1915 Cabedelo PB cardapio pedido delivery;;green;118;brendi;organic;Oxi Burguer - Cabedelo, PB;https://pedido.brendi.com.br/oxiburguercabedelo;
297a6b03-242d-4d91-9f64-73e736972946;Oxi Burguer Cabedelo;Oxi Burguer Cabedelo Cabedelo R. Maria das Neves Silva - Ponta de Campina (83) 98793-1915 Cabedelo PB cardapio pedido delivery;;yellow;77;instagram;organic;Oxi Burguer Cabedelo (@oxicabedelo);https://instagram.com/oxicabedelo;
297a6b03-242d-4d91-9f64-73e736972946;Oxi Burguer Cabedelo;Oxi Burguer Cabedelo Cabedelo R. Maria das Neves Silva - Ponta de Campina (83) 98793-1915 Cabedelo PB cardapio pedido delivery;;yellow;68;menudino;organic;Delivery de Lanchonete em Cabedelo;https://menudino.com/delivery/cabedelo-pb/lanchonete;brand_not_confirmed|name_not_confirmed
297a6b03-242d-4d91-9f64-73e736972946;Oxi Burguer Cabedelo;Oxi Burguer Cabedelo Cabedelo R. Maria das Neves Silva - Ponta de Campina (83) 98793-1915 Cabedelo PB cardapio pedido delivery;;red;36;tripadvisor;organic;THE CHEESEBURGUER FACTORY CABEDELO;https://tripadvisor.com.br/Restaurant_Review-g793398-d26355921-Reviews-The_Cheeseburguer_Factory_Cabedelo-Cabedelo_State_of_Paraiba.html;
297a6b03-242d-4d91-9f64-73e736972946;Oxi Burguer Cabedelo;Oxi Burguer Cabedelo Cabedelo R. Maria das Neves Silva - Ponta de Campina (83) 98793-1915 Cabedelo PB cardapio pedido delivery;;red;12;instagram;organic;CABEDELO/PB Umas das muitas coisas boas de fazer esse ...;https://instagram.com/reel/DWCkMp8EUgV;instagram_reel_not_profile|instagram_profile_not_canonicalizable
297a6b03-242d-4d91-9f64-73e736972946;Oxi Burguer Cabedelo;Oxi Burguer Cabedelo Cabedelo R. Maria das Neves Silva - Ponta de Campina (83) 98793-1915 Cabedelo PB cardapio pedido delivery;;red;12;instagram;organic;O melhor lugar pra quem ama hambúrguer na brasa, assados ...;https://instagram.com/reel/DTJc8qDEcJr;instagram_reel_not_profile|instagram_profile_not_canonicalizable
297a6b03-242d-4d91-9f64-73e736972946;Oxi Burguer Cabedelo;Oxi Burguer Cabedelo Cabedelo R. Maria das Neves Silva - Ponta de Campina (83) 98793-1915 Cabedelo PB cardapio pedido delivery;;red;-12;byfood.com.br;organic;Delivery em Cabedelo, PB;https://byfood.com.br/lista/cabedelo-pb;brand_not_confirmed|name_not_confirmed
28b2ef44-31b3-47b1-bd94-5c69a5a42f17;Lanchonete e Pizzaria Popular;Lanchonete e Pizzaria Popular Jacaré R. Santa Maria Madalena (83) 98794-7442 Cabedelo PB cardapio pedido delivery;yes;yellow;88;cardapioweb;organic;Pizzaria Popular;https://app.cardapioweb.com/pizzaria_popular__;city_not_confirmed
28b2ef44-31b3-47b1-bd94-5c69a5a42f17;Lanchonete e Pizzaria Popular;Lanchonete e Pizzaria Popular Jacaré R. Santa Maria Madalena (83) 98794-7442 Cabedelo PB cardapio pedido delivery;;yellow;80;anota_ai;organic;Ponto 4 Burguer, Pizzaria e Lanches;https://app.anota.ai/ponto-4-burguer-pizzaria-e-lanches;brand_not_confirmed
28b2ef44-31b3-47b1-bd94-5c69a5a42f17;Lanchonete e Pizzaria Popular;Lanchonete e Pizzaria Popular Jacaré R. Santa Maria Madalena (83) 98794-7442 Cabedelo PB cardapio pedido delivery;;red;42;cabedelo.pb.gov.br;organic;Prefeitura de Cabedelo inaugura Restaurante Popular na ...;https://cabedelo.pb.gov.br/prefeitura-de-cabedelo-inaugura-restaurante-popular-na-cidade-com-refeicoes-a-r-1;
28b2ef44-31b3-47b1-bd94-5c69a5a42f17;Lanchonete e Pizzaria Popular;Lanchonete e Pizzaria Popular Jacaré R. Santa Maria Madalena (83) 98794-7442 Cabedelo PB cardapio pedido delivery;;red;30;serpapi.com;local;Pizzaria Jacaré;https://serpapi.com/search.json?device=desktop&engine=google&gl=br&google_domain=google.com.br&hl=pt-br&ludocid=7371133304158833268&q=Lanchonete+e+Pizzaria+Popular+Jacar%C3%A9+R.+Santa+Maria+Madalena+%2883%29+98794-7442+Cabedelo+PB+cardapio+pedido+delivery;
28b2ef44-31b3-47b1-bd94-5c69a5a42f17;Lanchonete e Pizzaria Popular;Lanchonete e Pizzaria Popular Jacaré R. Santa Maria Madalena (83) 98794-7442 Cabedelo PB cardapio pedido delivery;;red;30;serpapi.com;local;Lanchonete e Pizzaria Popular;https://serpapi.com/search.json?device=desktop&engine=google&gl=br&google_domain=google.com.br&hl=pt-br&ludocid=11524402638694105695&q=Lanchonete+e+Pizzaria+Popular+Jacar%C3%A9+R.+Santa+Maria+Madalena+%2883%29+98794-7442+Cabedelo+PB+cardapio+pedido+delivery;
28b2ef44-31b3-47b1-bd94-5c69a5a42f17;Lanchonete e Pizzaria Popular;Lanchonete e Pizzaria Popular Jacaré R. Santa Maria Madalena (83) 98794-7442 Cabedelo PB cardapio pedido delivery;;red;20;pizzariapopular.deeliv.app;organic;Pizzaria Popular: Cardápio;https://pizzariapopular.deeliv.app;city_not_confirmed
28b2ef44-31b3-47b1-bd94-5c69a5a42f17;Lanchonete e Pizzaria Popular;Lanchonete e Pizzaria Popular Jacaré R. Santa Maria Madalena (83) 98794-7442 Cabedelo PB cardapio pedido delivery;;red;6;pizzariabomsaborpb.com.br;organic;Pizzaria Bom Sabor PB | Cabedelo - Jacaré;https://pizzariabomsaborpb.com.br;brand_not_confirmed
28b2ef44-31b3-47b1-bd94-5c69a5a42f17;Lanchonete e Pizzaria Popular;Lanchonete e Pizzaria Popular Jacaré R. Santa Maria Madalena (83) 98794-7442 Cabedelo PB cardapio pedido delivery;;red;-16;pedeaqui.me;organic;Pede Aqui Delivery;https://pedeaqui.me;brand_not_confirmed|city_not_confirmed
98a3b276-2cfa-4c15-902a-aedb022cc215;Caldeirão Nordestino - Caldinho e Nhoques Cabedelo;Caldeirão Nordestino - Caldinho e Nhoques Cabedelo Cabedelo Areia Dourada (83) 98916-4925 Cabedelo PB cardapio pedido delivery;yes;yellow;83;instagram;organic;caldeirao.nordestino - Caldinho Cabedelo/JP;https://instagram.com/caldeirao.nordestino;
98a3b276-2cfa-4c15-902a-aedb022cc215;Caldeirão Nordestino - Caldinho e Nhoques Cabedelo;Caldeirão Nordestino - Caldinho e Nhoques Cabedelo Cabedelo Areia Dourada (83) 98916-4925 Cabedelo PB cardapio pedido delivery;;yellow;68;menudino;organic;Delivery de Quiosque em Cabedelo;https://menudino.com/delivery/cabedelo-pb/quiosque;brand_not_confirmed|name_not_confirmed
98a3b276-2cfa-4c15-902a-aedb022cc215;Caldeirão Nordestino - Caldinho e Nhoques Cabedelo;Caldeirão Nordestino - Caldinho e Nhoques Cabedelo Cabedelo Areia Dourada (83) 98916-4925 Cabedelo PB cardapio pedido delivery;;yellow;68;olaclick;organic;Cardápio digital - Comida Caseira da Elly;https://comidacaseiradaelly.ola.click/products;brand_not_confirmed|name_not_confirmed
98a3b276-2cfa-4c15-902a-aedb022cc215;Caldeirão Nordestino - Caldinho e Nhoques Cabedelo;Caldeirão Nordestino - Caldinho e Nhoques Cabedelo Cabedelo Areia Dourada (83) 98916-4925 Cabedelo PB cardapio pedido delivery;;yellow;62;anota_ai;organic;Marmitex | Delivery em Cabedelo | Pedido online;https://app.anota.ai/marmitex-39?from=msa;brand_not_confirmed|name_not_confirmed
98a3b276-2cfa-4c15-902a-aedb022cc215;Caldeirão Nordestino - Caldinho e Nhoques Cabedelo;Caldeirão Nordestino - Caldinho e Nhoques Cabedelo Cabedelo Areia Dourada (83) 98916-4925 Cabedelo PB cardapio pedido delivery;;red;26;instagram;organic;Reel by Caldeirão Nordestino | Caldinho Cabedelo/JP ...;https://instagram.com/p/DHyUxgQOHtI;instagram_p_not_profile|instagram_profile_not_canonicalizable
98a3b276-2cfa-4c15-902a-aedb022cc215;Caldeirão Nordestino - Caldinho e Nhoques Cabedelo;Caldeirão Nordestino - Caldinho e Nhoques Cabedelo Cabedelo Areia Dourada (83) 98916-4925 Cabedelo PB cardapio pedido delivery;;red;-18;tripadvisor;organic;ILHA DOURADA RESTAURANTE, Cabedelo;https://tripadvisor.com.br/Restaurant_Review-g793398-d13998999-Reviews-Ilha_Dourada_Restaurante-Cabedelo_State_of_Paraiba.html;brand_not_confirmed|name_not_confirmed
98a3b276-2cfa-4c15-902a-aedb022cc215;Caldeirão Nordestino - Caldinho e Nhoques Cabedelo;Caldeirão Nordestino - Caldinho e Nhoques Cabedelo Cabedelo Areia Dourada (83) 98916-4925 Cabedelo PB cardapio pedido delivery;;red;-24;cabedelo.pb.gov.br;organic;Ilha Dourada Bar e Restaurante | Prefeitura de Cabedelo;https://cabedelo.pb.gov.br/ondecomer/ilha-dourada-bar-e-restaurante;brand_not_confirmed|name_not_confirmed
98a3b276-2cfa-4c15-902a-aedb022cc215;Caldeirão Nordestino - Caldinho e Nhoques Cabedelo;Caldeirão Nordestino - Caldinho e Nhoques Cabedelo Cabedelo Areia Dourada (83) 98916-4925 Cabedelo PB cardapio pedido delivery;;red;-66;instagram;organic;Esse rubacão de camarão é a perfeição sim! Cremoso e ...;https://instagram.com/p/DZdLexyRBIJ;instagram_p_not_profile|brand_not_confirmed|name_not_confirmed|instagram_profile_not_canonicalizable
5ba77eda-968b-407b-aaa9-4c6d641e66cb;Tropical Burgz;Tropical Burgz Cabedelo Av. Oceano Pacífico - Intermares Cabedelo PB cardapio pedido delivery;yes;yellow;100;instadelivery;organic;Delivery de Hambúrguer em Imbituba;https://instadelivery.com.br/hamburgueriatropicalsc;city_not_confirmed
5ba77eda-968b-407b-aaa9-4c6d641e66cb;Tropical Burgz;Tropical Burgz Cabedelo Av. Oceano Pacífico - Intermares Cabedelo PB cardapio pedido delivery;;yellow;83;instagram;organic;TROPICAL BURGZ (@tropicalburgz);https://instagram.com/tropicalburgz;
5ba77eda-968b-407b-aaa9-4c6d641e66cb;Tropical Burgz;Tropical Burgz Cabedelo Av. Oceano Pacífico - Intermares Cabedelo PB cardapio pedido delivery;;yellow;62;anota_ai;organic;NOVO ORIENTE INTERMARES | Delivery em Cabedelo;https://pedido.anota.ai/loja/novo-oriente-intermares-;brand_not_confirmed|name_not_confirmed
5ba77eda-968b-407b-aaa9-4c6d641e66cb;Tropical Burgz;Tropical Burgz Cabedelo Av. Oceano Pacífico - Intermares Cabedelo PB cardapio pedido delivery;;red;20;deliveryapp.neemo.com.br;organic;Tropical Burger's - Web Delivery;https://deliveryapp.neemo.com.br/delivery/115;city_not_confirmed
5ba77eda-968b-407b-aaa9-4c6d641e66cb;Tropical Burgz;Tropical Burgz Cabedelo Av. Oceano Pacífico - Intermares Cabedelo PB cardapio pedido delivery;;red;14;instagram;organic;Reel by TROPICAL BURGZ (@tropicalburgz) · May 6, 2025;https://instagram.com/reel/DJVDkChSwV1;instagram_reel_not_profile|instagram_profile_not_canonicalizable
5ba77eda-968b-407b-aaa9-4c6d641e66cb;Tropical Burgz;Tropical Burgz Cabedelo Av. Oceano Pacífico - Intermares Cabedelo PB cardapio pedido delivery;;red;-2;instagram;organic;TROPICAL BURGZ;https://instagram.com/p/DJaMRJySOpU;instagram_p_not_profile|instagram_profile_not_canonicalizable|city_not_confirmed
5ba77eda-968b-407b-aaa9-4c6d641e66cb;Tropical Burgz;Tropical Burgz Cabedelo Av. Oceano Pacífico - Intermares Cabedelo PB cardapio pedido delivery;;red;-2;instagram;organic;@tropicalburgz;https://instagram.com/reel/DZ0_EoapJ5I;instagram_reel_not_profile|instagram_profile_not_canonicalizable|city_not_confirmed
5ba77eda-968b-407b-aaa9-4c6d641e66cb;Tropical Burgz;Tropical Burgz Cabedelo Av. Oceano Pacífico - Intermares Cabedelo PB cardapio pedido delivery;;red;-12;byfood.com.br;organic;Delivery em Cabedelo, PB;https://byfood.com.br/lista/cabedelo-pb;brand_not_confirmed|name_not_confirmed
9c83d3fb-60df-4b9a-8687-05e889cfef48;Nena Doceria & Salgaderia;Nena Doceria & Salgaderia Vila Sao Joao R. Juarez Távora (83) 99629-9367 Cabedelo PB cardapio pedido delivery;yes;yellow;100;deliverydireto;organic;Sonho Doce Doceria;https://deliverydireto.com.br/sonhodocedoceria/sonhodocedoceria;city_not_confirmed
9c83d3fb-60df-4b9a-8687-05e889cfef48;Nena Doceria & Salgaderia;Nena Doceria & Salgaderia Vila Sao Joao R. Juarez Távora (83) 99629-9367 Cabedelo PB cardapio pedido delivery;;yellow;46;facebook;organic;Nena Doceria & Salgaderia | Cabedelo PB;https://ar-ar.facebook.com/Nena.Doceria.Salgaderia;
9c83d3fb-60df-4b9a-8687-05e889cfef48;Nena Doceria & Salgaderia;Nena Doceria & Salgaderia Vila Sao Joao R. Juarez Távora (83) 99629-9367 Cabedelo PB cardapio pedido delivery;;yellow;46;facebook;organic;Nena Doceria & Salgaderia | Cabedelo PB;https://ro-ro.facebook.com/Nena.Doceria.Salgaderia;
9c83d3fb-60df-4b9a-8687-05e889cfef48;Nena Doceria & Salgaderia;Nena Doceria & Salgaderia Vila Sao Joao R. Juarez Távora (83) 99629-9367 Cabedelo PB cardapio pedido delivery;;red;2;instagram;organic;Estamos esperando você neste fim de semana com um ...;https://instagram.com/reel/DQhH7R7gGAT;instagram_reel_not_profile|instagram_profile_not_canonicalizable|city_not_confirmed
9c83d3fb-60df-4b9a-8687-05e889cfef48;Nena Doceria & Salgaderia;Nena Doceria & Salgaderia Vila Sao Joao R. Juarez Távora (83) 99629-9367 Cabedelo PB cardapio pedido delivery;;red;-34;rappi.com.br;organic;Neno Salgados - Freguesia do Ó Preço e Cardápio delivery;https://rappi.com.br/restaurantes/900672755-neno-salgados;brand_not_confirmed|name_not_confirmed|city_not_confirmed
9c83d3fb-60df-4b9a-8687-05e889cfef48;Nena Doceria & Salgaderia;Nena Doceria & Salgaderia Vila Sao Joao R. Juarez Távora (83) 99629-9367 Cabedelo PB cardapio pedido delivery;;red;-44;instagram;organic;(83) 98770-4649 e vem ser feliz com a gente! # ...;https://instagram.com/p/C0coFa_rZnH;instagram_p_not_profile|brand_not_confirmed|instagram_profile_not_canonicalizable|city_not_confirmed
9c83d3fb-60df-4b9a-8687-05e889cfef48;Nena Doceria & Salgaderia;Nena Doceria & Salgaderia Vila Sao Joao R. Juarez Távora (83) 99629-9367 Cabedelo PB cardapio pedido delivery;;red;-46;zeny.com.br;organic;Zeny Doces e Salgados — Todo dia uma festa!;https://zeny.com.br;brand_not_confirmed|name_not_confirmed|city_not_confirmed
9c83d3fb-60df-4b9a-8687-05e889cfef48;Nena Doceria & Salgaderia;Nena Doceria & Salgaderia Vila Sao Joao R. Juarez Távora (83) 99629-9367 Cabedelo PB cardapio pedido delivery;;red;-54;instagram;organic;AMA SALGADINHOS ASSIM COMO A GENTE? SE LIGA ...;https://instagram.com/reel/C0Pnm4bpq4w;instagram_reel_not_profile|brand_not_confirmed|name_not_confirmed|instagram_profile_not_canonicalizable
c73bb2a7-5e2a-4f2e-8334-daaea6b12b84;Mão Branca bar e resturante;Mão Branca bar e resturante R. Vitorino Cardoso Rua Luna Pedrosa (83) 92178-1050 Cabedelo PB cardapio pedido delivery;yes;yellow;61;instagram;organic;maobrancabarerestaurante;https://instagram.com/maobrancabarerestaurante;city_not_confirmed
c73bb2a7-5e2a-4f2e-8334-daaea6b12b84;Mão Branca bar e resturante;Mão Branca bar e resturante R. Vitorino Cardoso Rua Luna Pedrosa (83) 92178-1050 Cabedelo PB cardapio pedido delivery;;red;-82;instagram;organic;Tem lugar que não é só pra comer. É pra sentir o vento ...;https://instagram.com/p/DUYK3_Rkmcu;instagram_p_not_profile|brand_not_confirmed|name_not_confirmed|instagram_profile_not_canonicalizable|city_not_confirmed
2ebf5453-9be4-469d-afd8-be3ac7833f00;Restaurante e pizzaria chapa quente;Restaurante e pizzaria chapa quente Centro R. Nova Descoberta (83) 99988-8764 Cabedelo PB cardapio pedido delivery;yes;yellow;108;anota_ai;organic;Lanchonete e Restaurante Nova Chapa Quente;https://pedido.anota.ai/loja/lanchonete-e-restaurante-nova-chapa-quente;city_not_confirmed
2ebf5453-9be4-469d-afd8-be3ac7833f00;Restaurante e pizzaria chapa quente;Restaurante e pizzaria chapa quente Centro R. Nova Descoberta (83) 99988-8764 Cabedelo PB cardapio pedido delivery;;yellow;108;instadelivery;organic;Chapa Quente Pizzaria e Lanchonete Cardápio;https://instadelivery.com.br/chapaquente10;city_not_confirmed
2ebf5453-9be4-469d-afd8-be3ac7833f00;Restaurante e pizzaria chapa quente;Restaurante e pizzaria chapa quente Centro R. Nova Descoberta (83) 99988-8764 Cabedelo PB cardapio pedido delivery;;yellow;96;cardapioweb;organic;Restaurante Chapa Quente;https://app.cardapioweb.com/restaurante_chapa_quente;city_not_confirmed
2ebf5453-9be4-469d-afd8-be3ac7833f00;Restaurante e pizzaria chapa quente;Restaurante e pizzaria chapa quente Centro R. Nova Descoberta (83) 99988-8764 Cabedelo PB cardapio pedido delivery;;red;28;lanchonetechapaquente.com.br;organic;Meu pedido - Lanchonete Chapa Quente - Delivery;https://lanchonetechapaquente.com.br/meu-pedido;city_not_confirmed
2ebf5453-9be4-469d-afd8-be3ac7833f00;Restaurante e pizzaria chapa quente;Restaurante e pizzaria chapa quente Centro R. Nova Descoberta (83) 99988-8764 Cabedelo PB cardapio pedido delivery;;red;28;tripadvisor;organic;RESTAURANTE CHAPA QUENTE, Santa Rita;https://tripadvisor.com.br/Restaurant_Review-g2342969-d27789627-Reviews-Restaurante_Chapa_Quente-Santa_Rita_State_of_Paraiba.html;city_not_confirmed
2ebf5453-9be4-469d-afd8-be3ac7833f00;Restaurante e pizzaria chapa quente;Restaurante e pizzaria chapa quente Centro R. Nova Descoberta (83) 99988-8764 Cabedelo PB cardapio pedido delivery;;red;16;wanderboat.ai;organic;Restaurante e pizzaria chapa quente - Brazil;https://wanderboat.ai/restaurants/brazil/regi%C3%A3o-geogr%C3%A1fica-imediata-de-jo%C3%A3o-pessoa/restaurante-e-pizzaria-chapa-quente/BHVTcui5Rt-JPeeLpAMU8Q;city_not_confirmed
2ebf5453-9be4-469d-afd8-be3ac7833f00;Restaurante e pizzaria chapa quente;Restaurante e pizzaria chapa quente Centro R. Nova Descoberta (83) 99988-8764 Cabedelo PB cardapio pedido delivery;;red;10;instagram;organic;Restaurante Chapa Quente! Delivery: 3198101-9963 De ...;https://instagram.com/reel/DXrCd1XjpK9;instagram_reel_not_profile|instagram_profile_not_canonicalizable|city_not_confirmed
2ebf5453-9be4-469d-afd8-be3ac7833f00;Restaurante e pizzaria chapa quente;Restaurante e pizzaria chapa quente Centro R. Nova Descoberta (83) 99988-8764 Cabedelo PB cardapio pedido delivery;;red;10;instagram;organic;Chapa Quente Lanches on Instagram;https://instagram.com/p/DRQGkJnkm-q;instagram_p_not_profile|instagram_profile_not_canonicalizable|city_not_confirmed
166ab094-fea7-412e-9386-d0517895dbb4;Bras Coffee;Bras Coffee Jardim America Av. Maria José Alexandre de Lucena Cabedelo PB cardapio pedido delivery;yes;yellow;100;anota_ai;organic;Bread Coffee Panificadora e Cafeteria Lt;https://pedido.anota.ai/loja/bread-coffee-panificadora-e-cafeteria-lt-1;city_not_confirmed
166ab094-fea7-412e-9386-d0517895dbb4;Bras Coffee;Bras Coffee Jardim America Av. Maria José Alexandre de Lucena Cabedelo PB cardapio pedido delivery;;yellow;73;instagram;derived_instagram_handle;Instagram profile @be.coffee.brasil;https://instagram.com/be.coffee.brasil;city_not_confirmed
166ab094-fea7-412e-9386-d0517895dbb4;Bras Coffee;Bras Coffee Jardim America Av. Maria José Alexandre de Lucena Cabedelo PB cardapio pedido delivery;;yellow;48;tripadvisor;organic;Coffee Shop São Braz - Restaurantes: Cabedelo;https://tripadvisor.com.br/Restaurant_Review-g793398-d3935491-Reviews-Coffee_Shop_Sao_Braz-Cabedelo_State_of_Paraiba.html;
166ab094-fea7-412e-9386-d0517895dbb4;Bras Coffee;Bras Coffee Jardim America Av. Maria José Alexandre de Lucena Cabedelo PB cardapio pedido delivery;;red;43;instagram;organic;Amazon Deli Coffee Shop (@amazon_deli) · Belém, PA;https://instagram.com/amazon_deli;city_not_confirmed
166ab094-fea7-412e-9386-d0517895dbb4;Bras Coffee;Bras Coffee Jardim America Av. Maria José Alexandre de Lucena Cabedelo PB cardapio pedido delivery;;red;10;instagram;organic;E ESSA CAFETERIA?? Essa é a @be.coffee.brasil! Ficam no ...;https://instagram.com/reel/DTQ5VyMkVgg;instagram_reel_not_profile|instagram_profile_not_canonicalizable|city_not_confirmed
166ab094-fea7-412e-9386-d0517895dbb4;Bras Coffee;Bras Coffee Jardim America Av. Maria José Alexandre de Lucena Cabedelo PB cardapio pedido delivery;;red;-8;rappi.com.br;organic;Café Brasil - Diadema - Centro Preço e Cardápio delivery;https://rappi.com.br/restaurantes/900172792-cafe-brasil-diadema;brand_not_confirmed|city_not_confirmed
166ab094-fea7-412e-9386-d0517895dbb4;Bras Coffee;Bras Coffee Jardim America Av. Maria José Alexandre de Lucena Cabedelo PB cardapio pedido delivery;;red;-10;instagram;organic;O sucesso do seu evento começa no coffee break Um ...;https://instagram.com/reel/DQhFz3FCMDz;instagram_reel_not_profile|instagram_profile_not_canonicalizable|city_not_confirmed
166ab094-fea7-412e-9386-d0517895dbb4;Bras Coffee;Bras Coffee Jardim America Av. Maria José Alexandre de Lucena Cabedelo PB cardapio pedido delivery;;red;-28;ze.delivery;organic;Delivery de em Lucena - PB;https://ze.delivery/em/lucena-pb;brand_not_confirmed|name_not_confirmed|city_not_confirmed
a6c05dbd-0f69-41b7-8d08-0a9f8bcb8dc2;Coffee Cake Açaiteria;Coffee Cake Açaiteria Sala Av. Oceano Atlântico (83) 99961-5054 Cabedelo PB cardapio pedido delivery;yes;yellow;108;olaclick;organic;Coffee Cake - Informações Peça Online. Cardápio digital ...;https://coffee-cake.ola.click;city_not_confirmed
a6c05dbd-0f69-41b7-8d08-0a9f8bcb8dc2;Coffee Cake Açaiteria;Coffee Cake Açaiteria Sala Av. Oceano Atlântico (83) 99961-5054 Cabedelo PB cardapio pedido delivery;;yellow;108;menudino;organic;Cardápio Coffee & Cake Bom Despacho;https://coffeecakebd.menudino.com/?source=marketplace;city_not_confirmed
a6c05dbd-0f69-41b7-8d08-0a9f8bcb8dc2;Coffee Cake Açaiteria;Coffee Cake Açaiteria Sala Av. Oceano Atlântico (83) 99961-5054 Cabedelo PB cardapio pedido delivery;;yellow;61;instagram;organic;ᴄᴏғғᴇᴇ ᴄᴀᴋᴇ ᴀçᴀɪᴛᴇʀɪᴀ (@coffeecakeacaiteria);https://instagram.com/coffeecakeacaiteria;city_not_confirmed
a6c05dbd-0f69-41b7-8d08-0a9f8bcb8dc2;Coffee Cake Açaiteria;Coffee Cake Açaiteria Sala Av. Oceano Atlântico (83) 99961-5054 Cabedelo PB cardapio pedido delivery;;red;38;facebook;organic;Coffee Cake Açaiteria | Cabedelo PB;https://facebook.com/Coffeecakeacaiteria;
a6c05dbd-0f69-41b7-8d08-0a9f8bcb8dc2;Coffee Cake Açaiteria;Coffee Cake Açaiteria Sala Av. Oceano Atlântico (83) 99961-5054 Cabedelo PB cardapio pedido delivery;;red;34;cardapioweb;organic;10 AÇAITERIA;https://app.cardapioweb.com/acaiteria10;brand_not_confirmed|name_not_confirmed|city_not_confirmed
a6c05dbd-0f69-41b7-8d08-0a9f8bcb8dc2;Coffee Cake Açaiteria;Coffee Cake Açaiteria Sala Av. Oceano Atlântico (83) 99961-5054 Cabedelo PB cardapio pedido delivery;;red;28;facebook;organic;Coffee - Promoção dia dos namorados. #barcadeaçai peça ...;https://facebook.com/Coffeecakeacaiteria/photos/promo%C3%A7%C3%A3o-dia-dos-namoradosbarcadea%C3%A7ai-pe%C3%A7a-pelo-ifood-fa%C3%A7a-seu-pedido-clicando-n/575840876450503;city_not_confirmed
a6c05dbd-0f69-41b7-8d08-0a9f8bcb8dc2;Coffee Cake Açaiteria;Coffee Cake Açaiteria Sala Av. Oceano Atlântico (83) 99961-5054 Cabedelo PB cardapio pedido delivery;;red;28;coffecake.com.br;organic;Cardápio - CoffeeCake;https://coffecake.com.br/cardapio;city_not_confirmed
a6c05dbd-0f69-41b7-8d08-0a9f8bcb8dc2;Coffee Cake Açaiteria;Coffee Cake Açaiteria Sala Av. Oceano Atlântico (83) 99961-5054 Cabedelo PB cardapio pedido delivery;;red;-34;pedir.delivery;organic;Pedir Delivery;https://pedir.delivery/app/acai-tropical/delivery;brand_not_confirmed|name_not_confirmed|city_not_confirmed
8bae41e4-1365-4def-9857-34e4abdbf329;Eu Quero Pizza;Eu Quero Pizza Cabedelo R. da Enseada - Ponta de Campina (83) 99857-3813 Cabedelo PB cardapio pedido delivery;yes;green;88;anota_ai;organic;Eu Quero Pizza | Delivery em Cabedelo | Pedido online;https://pedido.anota.ai/loja/eu-quero-pizza-2;brand_not_confirmed
8bae41e4-1365-4def-9857-34e4abdbf329;Eu Quero Pizza;Eu Quero Pizza Cabedelo R. da Enseada - Ponta de Campina (83) 99857-3813 Cabedelo PB cardapio pedido delivery;;yellow;75;instagram;organic;Eu Quero Pizza - Food Truck 🍕 (@euqueropizzafoodtruck);https://instagram.com/euqueropizzafoodtruck;
8bae41e4-1365-4def-9857-34e4abdbf329;Eu Quero Pizza;Eu Quero Pizza Cabedelo R. da Enseada - Ponta de Campina (83) 99857-3813 Cabedelo PB cardapio pedido delivery;;yellow;75;instagram;organic;Eu Quero Pizza - Food Truck 🍕 (@euqueropizzafoodtruck);https://instagram.com/euqueropizzafoodtruck/reels;
8bae41e4-1365-4def-9857-34e4abdbf329;Eu Quero Pizza;Eu Quero Pizza Cabedelo R. da Enseada - Ponta de Campina (83) 99857-3813 Cabedelo PB cardapio pedido delivery;;red;8;direct_asset;organic;Cardápio Eu Quero Pizza - Cardapio.menu;https://esa-cdn.cardapio.menu/storage/media/companies_menu_pdf/106109059/eu-quero-pizza-ponta-de-campina-cabedelo-cardapio.pdf;needs_visual_or_ocr|brand_not_confirmed
8bae41e4-1365-4def-9857-34e4abdbf329;Eu Quero Pizza;Eu Quero Pizza Cabedelo R. da Enseada - Ponta de Campina (83) 99857-3813 Cabedelo PB cardapio pedido delivery;;red;2;facebook;organic;Eu Quero Pizza Food Truck | Cabedelo PB;https://facebook.com/euqueropizzafoodtruck/?locale=pt_BR;brand_not_confirmed
8bae41e4-1365-4def-9857-34e4abdbf329;Eu Quero Pizza;Eu Quero Pizza Cabedelo R. da Enseada - Ponta de Campina (83) 99857-3813 Cabedelo PB cardapio pedido delivery;;red;-8;eu-quero-pizza.menuintegrado.com.br;organic;Eu Quero Pizza - Delivery Oficial - Menu Integrado;https://eu-quero-pizza.menuintegrado.com.br;brand_not_confirmed|city_not_confirmed
8bae41e4-1365-4def-9857-34e4abdbf329;Eu Quero Pizza;Eu Quero Pizza Cabedelo R. da Enseada - Ponta de Campina (83) 99857-3813 Cabedelo PB cardapio pedido delivery;;red;-20;wanderlog.com;organic;Eu Quero Pizza, Conde, Brazil - Reviews, Ratings, Tips and Why ...;https://wanderlog.com/place/details/9754692/eu-quero-pizza;brand_not_confirmed|city_not_confirmed
8bae41e4-1365-4def-9857-34e4abdbf329;Eu Quero Pizza;Eu Quero Pizza Cabedelo R. da Enseada - Ponta de Campina (83) 99857-3813 Cabedelo PB cardapio pedido delivery;;red;-30;instagram;organic;Melhor pizza ! . Estamos na Rua da Enseada 1215, Ponta de ...;https://instagram.com/reel/DDDV2FcB0e4;instagram_reel_not_profile|brand_not_confirmed|instagram_profile_not_canonicalizable
646b1437-0afa-4aef-b8e4-7a83bce3f43f;Sol e mar restaurante e self service;Sol e mar restaurante e self service Camboinha R. Márcia Travassos (83) 99157-8255 Cabedelo PB cardapio pedido delivery;yes;yellow;108;anota_ai;organic;Sol e Mar Restaurante | Delivery em Natal | Pedido online;https://pedido.anota.ai/loja/sol-e-mar-restaurante;city_not_confirmed
646b1437-0afa-4aef-b8e4-7a83bce3f43f;Sol e mar restaurante e self service;Sol e mar restaurante e self service Camboinha R. Márcia Travassos (83) 99157-8255 Cabedelo PB cardapio pedido delivery;;yellow;69;instagram;derived_instagram_handle;Instagram profile @restaurantesolamar;https://instagram.com/restaurantesolamar;city_not_confirmed
646b1437-0afa-4aef-b8e4-7a83bce3f43f;Sol e mar restaurante e self service;Sol e mar restaurante e self service Camboinha R. Márcia Travassos (83) 99157-8255 Cabedelo PB cardapio pedido delivery;;yellow;69;instagram;organic;Sol e Mar Restaurante Self-service (@restaurantesolemar__);https://instagram.com/restaurantesolemar__;city_not_confirmed
646b1437-0afa-4aef-b8e4-7a83bce3f43f;Sol e mar restaurante e self service;Sol e mar restaurante e self service Camboinha R. Márcia Travassos (83) 99157-8255 Cabedelo PB cardapio pedido delivery;;red;24;tiktok.com;organic;Self Service Delicioso em João Pessoa por R$29,99;https://tiktok.com/@paraibana24horas/video/7512631999782341893;city_not_confirmed
646b1437-0afa-4aef-b8e4-7a83bce3f43f;Sol e mar restaurante e self service;Sol e mar restaurante e self service Camboinha R. Márcia Travassos (83) 99157-8255 Cabedelo PB cardapio pedido delivery;;red;18;instagram;organic;O cardápio de hoje do melhor self service aqui de Intermares ...;https://instagram.com/reel/DMAuaLrOUYe;instagram_reel_not_profile|instagram_profile_not_canonicalizable|city_not_confirmed
646b1437-0afa-4aef-b8e4-7a83bce3f43f;Sol e mar restaurante e self service;Sol e mar restaurante e self service Camboinha R. Márcia Travassos (83) 99157-8255 Cabedelo PB cardapio pedido delivery;;red;14;instagram;organic;Nossas unidades hoje estão com opções deliciosas! Unidade ...;https://instagram.com/reel/DGs0F8mRruh;instagram_reel_not_profile|instagram_profile_not_canonicalizable|city_not_confirmed
646b1437-0afa-4aef-b8e4-7a83bce3f43f;Sol e mar restaurante e self service;Sol e mar restaurante e self service Camboinha R. Márcia Travassos (83) 99157-8255 Cabedelo PB cardapio pedido delivery;;red;12;instagram;organic;ALMOÇO EM JOÃO PESSOA A PARTIR DE R$ 19,90 Av ...;https://instagram.com/reel/C0KlGA1Jh2L;instagram_reel_not_profile|instagram_profile_not_canonicalizable|city_not_confirmed
646b1437-0afa-4aef-b8e4-7a83bce3f43f;Sol e mar restaurante e self service;Sol e mar restaurante e self service Camboinha R. Márcia Travassos (83) 99157-8255 Cabedelo PB cardapio pedido delivery;;red;2;econodata.com.br;organic;Maria Regina Pessoa Lucena em Cabedelo, PB;https://econodata.com.br/consulta-empresa/46725706000111-maria-regina-pessoa-lucena;brand_not_confirmed
72606188-4454-4890-a671-a65d4d08f024;Casa Do Pastel;Casa Do Pastel Recanto do Poço R. Honório Patrício dos Santos (83) 98663-1487 Cabedelo PB cardapio pedido delivery;yes;green;94;menudino;organic;Cardápio Lá casa de pastel Cabedelo - MenuDino;https://lacasadepastelpb.menudino.com.br;brand_not_confirmed
72606188-4454-4890-a671-a65d4d08f024;Casa Do Pastel;Casa Do Pastel Recanto do Poço R. Honório Patrício dos Santos (83) 98663-1487 Cabedelo PB cardapio pedido delivery;;yellow;87;instagram;organic;lacasadepastelpb (@lacasadepastelpbof) · Cabedelo, PB;https://instagram.com/lacasadepastelpbof;
72606188-4454-4890-a671-a65d4d08f024;Casa Do Pastel;Casa Do Pastel Recanto do Poço R. Honório Patrício dos Santos (83) 98663-1487 Cabedelo PB cardapio pedido delivery;;green;86;anota_ai;organic;Seu Chico Salgados | Delivery em Cabedelo | Pedido online;https://pedido.anota.ai/loja/seu-chico-salgados-1;brand_not_confirmed
72606188-4454-4890-a671-a65d4d08f024;Casa Do Pastel;Casa Do Pastel Recanto do Poço R. Honório Patrício dos Santos (83) 98663-1487 Cabedelo PB cardapio pedido delivery;;red;2;serpapi.com;local;Casa Do Pastel;https://serpapi.com/search.json?device=desktop&engine=google&gl=br&google_domain=google.com.br&hl=pt-br&ludocid=4005056368201330055&q=Casa+Do+Pastel+Recanto+do+Po%C3%A7o+R.+Hon%C3%B3rio+Patr%C3%ADcio+dos+Santos+%2883%29+98663-1487+Cabedelo+PB+cardapio+pedido+delivery;brand_not_confirmed
72606188-4454-4890-a671-a65d4d08f024;Casa Do Pastel;Casa Do Pastel Recanto do Poço R. Honório Patrício dos Santos (83) 98663-1487 Cabedelo PB cardapio pedido delivery;;red;2;serpapi.com;local;Casa do Pastel;https://serpapi.com/search.json?device=desktop&engine=google&gl=br&google_domain=google.com.br&hl=pt-br&ludocid=10227860123799141874&q=Casa+Do+Pastel+Recanto+do+Po%C3%A7o+R.+Hon%C3%B3rio+Patr%C3%ADcio+dos+Santos+%2883%29+98663-1487+Cabedelo+PB+cardapio+pedido+delivery;brand_not_confirmed
72606188-4454-4890-a671-a65d4d08f024;Casa Do Pastel;Casa Do Pastel Recanto do Poço R. Honório Patrício dos Santos (83) 98663-1487 Cabedelo PB cardapio pedido delivery;;red;2;serpapi.com;local;Recanto do Pastel;https://serpapi.com/search.json?device=desktop&engine=google&gl=br&google_domain=google.com.br&hl=pt-br&ludocid=18209538833555224756&q=Casa+Do+Pastel+Recanto+do+Po%C3%A7o+R.+Hon%C3%B3rio+Patr%C3%ADcio+dos+Santos+%2883%29+98663-1487+Cabedelo+PB+cardapio+pedido+delivery;brand_not_confirmed
72606188-4454-4890-a671-a65d4d08f024;Casa Do Pastel;Casa Do Pastel Recanto do Poço R. Honório Patrício dos Santos (83) 98663-1487 Cabedelo PB cardapio pedido delivery;;red;-6;google;organic;https://www.google.com/maps/search/Rua+Honorio+Pat...;https://google.com/maps/search/Rua+Honorio+Patricio+dos+Santos%2C+39+-+Recanto+do+Po%C3%A7o%2C+Cabedelo+-+PB%2C+58105-084;map_not_direct_menu|brand_not_confirmed
72606188-4454-4890-a671-a65d4d08f024;Casa Do Pastel;Casa Do Pastel Recanto do Poço R. Honório Patrício dos Santos (83) 98663-1487 Cabedelo PB cardapio pedido delivery;;red;-8;pedidos.casadopastel.com;organic;Casa do Pastel: Delivery;https://pedidos.casadopastel.com/menu;brand_not_confirmed|city_not_confirmed
2386896b-b1f2-4d3a-9a12-edb93d96a24f;Tapiocaria da zeti;Tapiocaria da zeti Cabedelo Av. Pôr do Sol Cabedelo PB cardapio pedido delivery;yes;green;86;instadelivery;organic;Melhores delivery de Cabedelo;https://portal.instadelivery.com.br/cabedelo;brand_not_confirmed
2386896b-b1f2-4d3a-9a12-edb93d96a24f;Tapiocaria da zeti;Tapiocaria da zeti Cabedelo Av. Pôr do Sol Cabedelo PB cardapio pedido delivery;;yellow;80;anota_ai;organic;Tc Restaurante e Petiscaria | Delivery em Cabedelo;https://pedido.anota.ai/loja/tc-petiscaria-e-lanches-1;brand_not_confirmed
2386896b-b1f2-4d3a-9a12-edb93d96a24f;Tapiocaria da zeti;Tapiocaria da zeti Cabedelo Av. Pôr do Sol Cabedelo PB cardapio pedido delivery;;red;12;tripadvisor;organic;SAX CAFÉ, Cabedelo - Comentários de Restaurantes & ...;https://tripadvisor.com.br/Restaurant_Review-g793398-d19095375-Reviews-Sax_Cafe-Cabedelo_State_of_Paraiba.html;brand_not_confirmed
2386896b-b1f2-4d3a-9a12-edb93d96a24f;Tapiocaria da zeti;Tapiocaria da zeti Cabedelo Av. Pôr do Sol Cabedelo PB cardapio pedido delivery;;red;6;ze.delivery;organic;Delivery de em Cabedelo - PB;https://ze.delivery/em/cabedelo-pb;brand_not_confirmed
2386896b-b1f2-4d3a-9a12-edb93d96a24f;Tapiocaria da zeti;Tapiocaria da zeti Cabedelo Av. Pôr do Sol Cabedelo PB cardapio pedido delivery;;red;6;byfood.com.br;organic;Delivery em Cabedelo, PB;https://byfood.com.br/lista/cabedelo-pb;brand_not_confirmed
2386896b-b1f2-4d3a-9a12-edb93d96a24f;Tapiocaria da zeti;Tapiocaria da zeti Cabedelo Av. Pôr do Sol Cabedelo PB cardapio pedido delivery;;red;2;facebook;organic;Tapiocaria da Zeti | Cabedelos PB;https://sr-rs.facebook.com/TapiocariaDaZeti;brand_not_confirmed
2386896b-b1f2-4d3a-9a12-edb93d96a24f;Tapiocaria da zeti;Tapiocaria da zeti Cabedelo Av. Pôr do Sol Cabedelo PB cardapio pedido delivery;;red;-16;rappi.com.br;organic;Trembom Marmitaria - Renascer Preço e Cardápio delivery;https://rappi.com.br/restaurantes/900125548-trembom-marmitaria;brand_not_confirmed|city_not_confirmed
2386896b-b1f2-4d3a-9a12-edb93d96a24f;Tapiocaria da zeti;Tapiocaria da zeti Cabedelo Av. Pôr do Sol Cabedelo PB cardapio pedido delivery;;red;-46;instagram;organic;Temos muitas opções no cardápio das #tapiocas;https://instagram.com/reel/DZ5tFYPB2ZT;instagram_reel_not_profile|brand_not_confirmed|instagram_profile_not_canonicalizable|city_not_confirmed
ecac91e3-52c0-4780-9867-6b3b1d096089;I love burguer;I love burguer Vila Sao Joao Praça Getúlio Vargas (83) 99311-5016 Cabedelo PB cardapio pedido delivery;yes;green;124;anota_ai;organic;I LOVE BURGUER | Delivery em Cabedelo | Pedido online;https://pedido.anota.ai/loja/i-love-burguer-8;
ecac91e3-52c0-4780-9867-6b3b1d096089;I love burguer;I love burguer Vila Sao Joao Praça Getúlio Vargas (83) 99311-5016 Cabedelo PB cardapio pedido delivery;;yellow;79;instagram;organic;I ❤ Burguer (@iloveburguerpb);https://instagram.com/iloveburguerpb;city_not_confirmed
ecac91e3-52c0-4780-9867-6b3b1d096089;I love burguer;I love burguer Vila Sao Joao Praça Getúlio Vargas (83) 99311-5016 Cabedelo PB cardapio pedido delivery;;red;18;instagram;organic;João Pessoa 🌴🌊 | Já ouviu falar na sensação de Cabedelo ...;https://instagram.com/reel/DNeMxtjSbUp;instagram_reel_not_profile|instagram_profile_not_canonicalizable
ecac91e3-52c0-4780-9867-6b3b1d096089;I love burguer;I love burguer Vila Sao Joao Praça Getúlio Vargas (83) 99311-5016 Cabedelo PB cardapio pedido delivery;;red;14;instagram;organic;"I Burguer on Instagram: "" Venha conhecer as opções do ...";https://instagram.com/reel/DPACwC1j0KA;instagram_reel_not_profile|instagram_profile_not_canonicalizable
ecac91e3-52c0-4780-9867-6b3b1d096089;I love burguer;I love burguer Vila Sao Joao Praça Getúlio Vargas (83) 99311-5016 Cabedelo PB cardapio pedido delivery;;red;-2;instagram;organic;"I Burguer on Instagram: ""Chegou fim de semana, hora de ...";https://instagram.com/reel/CwYf3Dir6mG;instagram_reel_not_profile|instagram_profile_not_canonicalizable|city_not_confirmed
ecac91e3-52c0-4780-9867-6b3b1d096089;I love burguer;I love burguer Vila Sao Joao Praça Getúlio Vargas (83) 99311-5016 Cabedelo PB cardapio pedido delivery;;red;-8;iloveburger.com.br;organic;I Love Burger;https://iloveburger.com.br;brand_not_confirmed|city_not_confirmed
ecac91e3-52c0-4780-9867-6b3b1d096089;I love burguer;I love burguer Vila Sao Joao Praça Getúlio Vargas (83) 99311-5016 Cabedelo PB cardapio pedido delivery;;red;-10;instagram;organic;Para começar a segunda com o pé direito vem se deliciar ...;https://instagram.com/p/Cuh9ZpSxLbw;instagram_p_not_profile|instagram_profile_not_canonicalizable|city_not_confirmed
ecac91e3-52c0-4780-9867-6b3b1d096089;I love burguer;I love burguer Vila Sao Joao Praça Getúlio Vargas (83) 99311-5016 Cabedelo PB cardapio pedido delivery;;red;-40;homeburgerpb.com.br;organic;https://homeburgerpb.com.br/homeburger2/homeburger...;https://homeburgerpb.com.br/homeburger2/homeburgerpb?dd=menu;brand_not_confirmed|name_not_confirmed|city_not_confirmed
e6fc253f-7f28-47f8-891f-df98848adda0;Center Pizza Cabedelo;Center Pizza Cabedelo Centro R. Duque de Caxias (83) 98629-0531 Cabedelo PB cardapio pedido delivery;yes;green;116;anota_ai;organic;Center Pizza Cabedelo | Delivery em Cabedelo | Pedido online;https://pedido.anota.ai/loja/bom-de-garfo-delivery-4;
e6fc253f-7f28-47f8-891f-df98848adda0;Center Pizza Cabedelo;Center Pizza Cabedelo Centro R. Duque de Caxias (83) 98629-0531 Cabedelo PB cardapio pedido delivery;;yellow;87;instagram;organic;Center Pizza Cabedelo PB (@centerpizza_cabedelo);https://instagram.com/centerpizza_cabedelo;
e6fc253f-7f28-47f8-891f-df98848adda0;Center Pizza Cabedelo;Center Pizza Cabedelo Centro R. Duque de Caxias (83) 98629-0531 Cabedelo PB cardapio pedido delivery;;yellow;64;instadelivery;organic;Forneria Brasil Express Cardápio - Delivery de Pizza em ...;https://instadelivery.com.br/FornoBrasilExpress;brand_not_confirmed|city_not_confirmed
e6fc253f-7f28-47f8-891f-df98848adda0;Center Pizza Cabedelo;Center Pizza Cabedelo Centro R. Duque de Caxias (83) 98629-0531 Cabedelo PB cardapio pedido delivery;;red;36;tripadvisor;organic;CENTER PIZZA, Cabedelo - Comentários de Restaurantes ...;https://tripadvisor.com.br/Restaurant_Review-g793398-d34286682-Reviews-Center_Pizza-Cabedelo_State_of_Paraiba.html;
e6fc253f-7f28-47f8-891f-df98848adda0;Center Pizza Cabedelo;Center Pizza Cabedelo Centro R. Duque de Caxias (83) 98629-0531 Cabedelo PB cardapio pedido delivery;;red;24;wanderboat.ai;organic;Center Pizza Cabedelo - R. Duque de Caxias, 189;https://wanderboat.ai/restaurants/brazil/regi%C3%A3o-geogr%C3%A1fica-imediata-de-jo%C3%A3o-pessoa/center-pizza-cabedelo/XeE6TFnQTQutOK158uWWvg;
e6fc253f-7f28-47f8-891f-df98848adda0;Center Pizza Cabedelo;Center Pizza Cabedelo Centro R. Duque de Caxias (83) 98629-0531 Cabedelo PB cardapio pedido delivery;;red;20;centerpizza.com.br;organic;Login - Center Pizza - Delivery;https://centerpizza.com.br/entrar;city_not_confirmed
e6fc253f-7f28-47f8-891f-df98848adda0;Center Pizza Cabedelo;Center Pizza Cabedelo Centro R. Duque de Caxias (83) 98629-0531 Cabedelo PB cardapio pedido delivery;;red;6;food.valeup.com.br;organic;Delivery em Cabedelo, PB - Vale Up Food;https://food.valeup.com.br/lista/cabedelo-pb;brand_not_confirmed
e6fc253f-7f28-47f8-891f-df98848adda0;Center Pizza Cabedelo;Center Pizza Cabedelo Centro R. Duque de Caxias (83) 98629-0531 Cabedelo PB cardapio pedido delivery;;red;-30;instagram;organic;Melhor pizza ! . Estamos na Rua da Enseada 1215, Ponta de ...;https://instagram.com/reel/DDDV2FcB0e4;instagram_reel_not_profile|brand_not_confirmed|instagram_profile_not_canonicalizable
bd7494af-1c04-49da-973a-f9de6dafe780;NutriFit Marmita Fitness Congeladas;NutriFit Marmita Fitness Congeladas Cabedelo Intermares (83) 98721-6120 Cabedelo PB cardapio pedido delivery;yes;yellow;61;instagram;derived_instagram_handle;Instagram profile @marmita_nutrifit;https://instagram.com/marmita_nutrifit;city_not_confirmed
bd7494af-1c04-49da-973a-f9de6dafe780;NutriFit Marmita Fitness Congeladas;NutriFit Marmita Fitness Congeladas Cabedelo Intermares (83) 98721-6120 Cabedelo PB cardapio pedido delivery;;red;36;fitdeliveryonline.com;organic;Fit Delivery - A marmita fitness que te faz sorrir!;https://fitdeliveryonline.com/?srsltid=AfmBOorVy-qIIX1r7ReewKcECXtgSAEYtEDiFiZgBEt_4m6V31PHQPNS;city_not_confirmed
bd7494af-1c04-49da-973a-f9de6dafe780;NutriFit Marmita Fitness Congeladas;NutriFit Marmita Fitness Congeladas Cabedelo Intermares (83) 98721-6120 Cabedelo PB cardapio pedido delivery;;red;24;marmitafitness.com.br;organic;Marmita Fitness | Marmitas Congeladas, Saudáveis e Práticas ...;https://marmitafitness.com.br;city_not_confirmed
bd7494af-1c04-49da-973a-f9de6dafe780;NutriFit Marmita Fitness Congeladas;NutriFit Marmita Fitness Congeladas Cabedelo Intermares (83) 98721-6120 Cabedelo PB cardapio pedido delivery;;red;16;nutrifit.pedir.online;organic;Nutrifit;https://nutrifit.pedir.online;city_not_confirmed
bd7494af-1c04-49da-973a-f9de6dafe780;NutriFit Marmita Fitness Congeladas;NutriFit Marmita Fitness Congeladas Cabedelo Intermares (83) 98721-6120 Cabedelo PB cardapio pedido delivery;;red;2;instagram;organic;Todos os dias variedades no site, acesse nosso cardápio ...;https://instagram.com/reel/DKIZO7nvSL6;instagram_reel_not_profile|instagram_profile_not_canonicalizable|city_not_confirmed
bd7494af-1c04-49da-973a-f9de6dafe780;NutriFit Marmita Fitness Congeladas;NutriFit Marmita Fitness Congeladas Cabedelo Intermares (83) 98721-6120 Cabedelo PB cardapio pedido delivery;;red;-2;instagram;organic;@marmita_nutrifit;https://instagram.com/reel/DFYwmp0JvCw;instagram_reel_not_profile|instagram_profile_not_canonicalizable|city_not_confirmed
bd7494af-1c04-49da-973a-f9de6dafe780;NutriFit Marmita Fitness Congeladas;NutriFit Marmita Fitness Congeladas Cabedelo Intermares (83) 98721-6120 Cabedelo PB cardapio pedido delivery;;red;-2;instagram;organic;Fitness de verdade, com sabor de comida de casa! Nossas ...;https://instagram.com/reel/DRPZoVPEXmb;instagram_reel_not_profile|instagram_profile_not_canonicalizable|city_not_confirmed
bd7494af-1c04-49da-973a-f9de6dafe780;NutriFit Marmita Fitness Congeladas;NutriFit Marmita Fitness Congeladas Cabedelo Intermares (83) 98721-6120 Cabedelo PB cardapio pedido delivery;;red;-2;instagram;organic;Moqueca da nutri #nutrinicecomidinhas #marmitasfitness ...;https://instagram.com/reel/DZ-vZWDDPWa;instagram_reel_not_profile|instagram_profile_not_canonicalizable|city_not_confirmed
6e825bdf-c07e-4b4c-ab3e-98d7fe713928;Melhor Sabor - Churrascaria e Self-Service;Melhor Sabor - Churrascaria e Self-Service Renascer R. João Clementino Gomes (83) 98716-7904 Cabedelo PB cardapio pedido delivery;yes;yellow;72;anota_ai;organic;Restaurante Nosso Sabor | Delivery em João Pessoa;https://pedido.anota.ai/loja/restaurante-nosso-sabor-6;brand_not_confirmed|city_not_confirmed
6e825bdf-c07e-4b4c-ab3e-98d7fe713928;Melhor Sabor - Churrascaria e Self-Service;Melhor Sabor - Churrascaria e Self-Service Renascer R. João Clementino Gomes (83) 98716-7904 Cabedelo PB cardapio pedido delivery;;yellow;61;instagram;organic;RESTAURANTE MELHOR SABOR PRIME ...;https://instagram.com/melhor_sabor01;city_not_confirmed
6e825bdf-c07e-4b4c-ab3e-98d7fe713928;Melhor Sabor - Churrascaria e Self-Service;Melhor Sabor - Churrascaria e Self-Service Renascer R. João Clementino Gomes (83) 98716-7904 Cabedelo PB cardapio pedido delivery;;red;40;tripadvisor;organic;RESTAURANTE SABOR GOURMET, João Pessoa;https://tripadvisor.com.br/Restaurant_Review-g303428-d10498454-Reviews-Restaurante_Sabor_Gourmet-Joao_Pessoa_State_of_Paraiba.html;city_not_confirmed
6e825bdf-c07e-4b4c-ab3e-98d7fe713928;Melhor Sabor - Churrascaria e Self-Service;Melhor Sabor - Churrascaria e Self-Service Renascer R. João Clementino Gomes (83) 98716-7904 Cabedelo PB cardapio pedido delivery;;red;28;maissaborrestaurante.com.br;organic;MAIS SABOR RESTAURANTE - Self-service - Marmitex ...;https://maissaborrestaurante.com.br;city_not_confirmed
6e825bdf-c07e-4b4c-ab3e-98d7fe713928;Melhor Sabor - Churrascaria e Self-Service;Melhor Sabor - Churrascaria e Self-Service Renascer R. João Clementino Gomes (83) 98716-7904 Cabedelo PB cardapio pedido delivery;;red;14;vendaagora.com;organic;RESTAURANTES;https://vendaagora.com/segmento/restaurantes/80;brand_not_confirmed
6e825bdf-c07e-4b4c-ab3e-98d7fe713928;Melhor Sabor - Churrascaria e Self-Service;Melhor Sabor - Churrascaria e Self-Service Renascer R. João Clementino Gomes (83) 98716-7904 Cabedelo PB cardapio pedido delivery;;red;2;instagram;organic;Restaurante Renascer, a melhor opção para você. Venham ...;https://instagram.com/reel/DXRkDCjiQbt;instagram_reel_not_profile|instagram_profile_not_canonicalizable|city_not_confirmed
6e825bdf-c07e-4b4c-ab3e-98d7fe713928;Melhor Sabor - Churrascaria e Self-Service;Melhor Sabor - Churrascaria e Self-Service Renascer R. João Clementino Gomes (83) 98716-7904 Cabedelo PB cardapio pedido delivery;;red;-2;instagram;organic;"João Pessoa on Instagram: ""É SIMPLESMENTE O MELHOR ...";https://instagram.com/reel/DAWNnw9poJN;instagram_reel_not_profile|instagram_profile_not_canonicalizable|city_not_confirmed
6e825bdf-c07e-4b4c-ab3e-98d7fe713928;Melhor Sabor - Churrascaria e Self-Service;Melhor Sabor - Churrascaria e Self-Service Renascer R. João Clementino Gomes (83) 98716-7904 Cabedelo PB cardapio pedido delivery;;red;-2;instagram;organic;🍽️ Self-service completo é aqui! Além do nosso buffet ...;https://instagram.com/p/DRzV9pfgPd7;instagram_p_not_profile|instagram_profile_not_canonicalizable|city_not_confirmed
133c9168-09a2-4fbc-b42e-af5ac51d23cb;Bom Tempero Restaurante;Bom Tempero Restaurante Cabedelo Av. Maria de Oliveira Gomes - Portal do Poço Cabedelo PB cardapio pedido delivery;yes;red;-20;open.spotify.com;organic;Bom – música e letra de LUDMILLA;https://open.spotify.com/intl-pt/track/2QIw4b1pQUXYyKPQicCa2a;brand_not_confirmed|city_not_confirmed
133c9168-09a2-4fbc-b42e-af5ac51d23cb;Bom Tempero Restaurante;Bom Tempero Restaurante Cabedelo Av. Maria de Oliveira Gomes - Portal do Poço Cabedelo PB cardapio pedido delivery;;red;-20;tecnicon.com.br;organic;O que é Bill of Materials (BOM), para que serve e como ...;https://tecnicon.com.br/blog/534-O_que_e_Bill_of_Materials_BOM_para_que_serve_e_como_usar_na_manufatura;brand_not_confirmed|city_not_confirmed
133c9168-09a2-4fbc-b42e-af5ac51d23cb;Bom Tempero Restaurante;Bom Tempero Restaurante Cabedelo Av. Maria de Oliveira Gomes - Portal do Poço Cabedelo PB cardapio pedido delivery;;red;-20;youtube.com;organic;Bom (Ao vivo);https://youtube.com/watch?v=obz08IOC8Wg;brand_not_confirmed|city_not_confirmed
133c9168-09a2-4fbc-b42e-af5ac51d23cb;Bom Tempero Restaurante;Bom Tempero Restaurante Cabedelo Av. Maria de Oliveira Gomes - Portal do Poço Cabedelo PB cardapio pedido delivery;;red;-20;pt.wikipedia.org;organic;Bom (canção) – Wikipédia, a enciclopédia livre;https://pt.wikipedia.org/wiki/Bom_(can%C3%A7%C3%A3o);brand_not_confirmed|city_not_confirmed
133c9168-09a2-4fbc-b42e-af5ac51d23cb;Bom Tempero Restaurante;Bom Tempero Restaurante Cabedelo Av. Maria de Oliveira Gomes - Portal do Poço Cabedelo PB cardapio pedido delivery;;red;-20;open.spotify.com;organic;Bom - song and lyrics by LUDMILLA;https://open.spotify.com/track/0RbW6ntl2Jcgrvajop9fbt;brand_not_confirmed|city_not_confirmed
133c9168-09a2-4fbc-b42e-af5ac51d23cb;Bom Tempero Restaurante;Bom Tempero Restaurante Cabedelo Av. Maria de Oliveira Gomes - Portal do Poço Cabedelo PB cardapio pedido delivery;;red;-20;dicio.com.br;organic;Bom - Dicio, Dicionário Online de Português;https://dicio.com.br/bom;brand_not_confirmed|city_not_confirmed
133c9168-09a2-4fbc-b42e-af5ac51d23cb;Bom Tempero Restaurante;Bom Tempero Restaurante Cabedelo Av. Maria de Oliveira Gomes - Portal do Poço Cabedelo PB cardapio pedido delivery;;red;-20;letras.mus.br;organic;Bom (part. IZA) - LUDMILLA - LETRAS.MUS.BR;https://letras.mus.br/ludmilla/bom-part-iza;brand_not_confirmed|city_not_confirmed
9acd9efa-a669-453b-a548-2387fa2e7612;Sorveteria Tropical;Sorveteria Tropical Lot. Oceania VI R. Jair Cunha Cavalcanti Cabedelo PB cardapio pedido delivery;yes;yellow;100;anota_ai;organic;Sorveteria tropical nh | Delivery em Novo Hamburgo;https://app.anota.ai/p/sorveteria-tropical-nh;city_not_confirmed
9acd9efa-a669-453b-a548-2387fa2e7612;Sorveteria Tropical;Sorveteria Tropical Lot. Oceania VI R. Jair Cunha Cavalcanti Cabedelo PB cardapio pedido delivery;;yellow;100;instadelivery;organic;Sorveteria tropical Cardápio - Delivery de Açai em Vazante;https://instadelivery.com.br/sorveteriatropical2;city_not_confirmed
9acd9efa-a669-453b-a548-2387fa2e7612;Sorveteria Tropical;Sorveteria Tropical Lot. Oceania VI R. Jair Cunha Cavalcanti Cabedelo PB cardapio pedido delivery;;yellow;65;instagram;organic;Sorveteria e Açaiteria Tropical (@sorvetetropicalmellf);https://instagram.com/sorvetetropicalmellf;city_not_confirmed
9acd9efa-a669-453b-a548-2387fa2e7612;Sorveteria Tropical;Sorveteria Tropical Lot. Oceania VI R. Jair Cunha Cavalcanti Cabedelo PB cardapio pedido delivery;;yellow;53;instagram;derived_instagram_handle;Instagram profile @sorveteriaatropicall;https://instagram.com/sorveteriaatropicall;city_not_confirmed
9acd9efa-a669-453b-a548-2387fa2e7612;Sorveteria Tropical;Sorveteria Tropical Lot. Oceania VI R. Jair Cunha Cavalcanti Cabedelo PB cardapio pedido delivery;;red;30;solutudo.com.br;organic;Tropical Acaiteria E Sorveteria em Cabedelo, PB;https://solutudo.com.br/empresas/pb/cabedelo/distribuidoras-de-alimentos/tropical-acaiteria-e-sorveteria-9270647;
9acd9efa-a669-453b-a548-2387fa2e7612;Sorveteria Tropical;Sorveteria Tropical Lot. Oceania VI R. Jair Cunha Cavalcanti Cabedelo PB cardapio pedido delivery;;red;8;sorveteriatropical.app.br;organic;Sorveteria tropical;https://sorveteriatropical.app.br;city_not_confirmed
9acd9efa-a669-453b-a548-2387fa2e7612;Sorveteria Tropical;Sorveteria Tropical Lot. Oceania VI R. Jair Cunha Cavalcanti Cabedelo PB cardapio pedido delivery;;red;6;ze.delivery;organic;Delivery de em Cabedelo - PB;https://ze.delivery/em/cabedelo-pb;brand_not_confirmed
9acd9efa-a669-453b-a548-2387fa2e7612;Sorveteria Tropical;Sorveteria Tropical Lot. Oceania VI R. Jair Cunha Cavalcanti Cabedelo PB cardapio pedido delivery;;red;-10;instagram;organic;Será que dá pra aproveitar muito com apenas R$50,00? Na ...;https://instagram.com/reel/DaP4u5yxbO3;instagram_reel_not_profile|instagram_profile_not_canonicalizable|city_not_confirmed
ea0bb6d3-17df-4665-b715-32054f497d99;Na brasa hambúrgueria;Na brasa hambúrgueria Centro Av. Pastor José Alves de Oliveira (83) 98655-6103 Cabedelo PB cardapio pedido delivery;yes;green;86;instadelivery;organic;Melhores delivery de Cabedelo;https://portal.instadelivery.com.br/cabedelo;brand_not_confirmed
ea0bb6d3-17df-4665-b715-32054f497d99;Na brasa hambúrgueria;Na brasa hambúrgueria Centro Av. Pastor José Alves de Oliveira (83) 98655-6103 Cabedelo PB cardapio pedido delivery;;yellow;53;instagram;organic;NA BRASA / HAMBÚRGUERIA ARTESANAL ...;https://instagram.com/nabrasa_burg;city_not_confirmed
ea0bb6d3-17df-4665-b715-32054f497d99;Na brasa hambúrgueria;Na brasa hambúrgueria Centro Av. Pastor José Alves de Oliveira (83) 98655-6103 Cabedelo PB cardapio pedido delivery;;red;-8;nabrasaburgs.com.br;organic;Na Brasa Burgs - Cardápio Online;https://nabrasaburgs.com.br;brand_not_confirmed|city_not_confirmed
ea0bb6d3-17df-4665-b715-32054f497d99;Na brasa hambúrgueria;Na brasa hambúrgueria Centro Av. Pastor José Alves de Oliveira (83) 98655-6103 Cabedelo PB cardapio pedido delivery;;red;-8;deliveryapp.neemo.com.br;organic;Nabrasa Burger - Delivery App;https://deliveryapp.neemo.com.br/delivery/11331/menu;brand_not_confirmed|city_not_confirmed
ea0bb6d3-17df-4665-b715-32054f497d99;Na brasa hambúrgueria;Na brasa hambúrgueria Centro Av. Pastor José Alves de Oliveira (83) 98655-6103 Cabedelo PB cardapio pedido delivery;;red;-8;na-brasa-hamburgueria.menuintegrado.com.br;organic;NA BRASA HAMBURGUERIA - Delivery Oficial - Menu ...;https://na-brasa-hamburgueria.menuintegrado.com.br;brand_not_confirmed|city_not_confirmed
ea0bb6d3-17df-4665-b715-32054f497d99;Na brasa hambúrgueria;Na brasa hambúrgueria Centro Av. Pastor José Alves de Oliveira (83) 98655-6103 Cabedelo PB cardapio pedido delivery;;red;-20;brasaburguer.com.br;organic;Brasa Burguer;https://brasaburguer.com.br;brand_not_confirmed|city_not_confirmed
ea0bb6d3-17df-4665-b715-32054f497d99;Na brasa hambúrgueria;Na brasa hambúrgueria Centro Av. Pastor José Alves de Oliveira (83) 98655-6103 Cabedelo PB cardapio pedido delivery;;red;-44;instagram;organic;🚀🍔 Fome bateu? Então se prepare: o Na Brasa leva seu ...;https://instagram.com/p/DNWBcX6g43D;instagram_p_not_profile|brand_not_confirmed|instagram_profile_not_canonicalizable|city_not_confirmed
ea0bb6d3-17df-4665-b715-32054f497d99;Na brasa hambúrgueria;Na brasa hambúrgueria Centro Av. Pastor José Alves de Oliveira (83) 98655-6103 Cabedelo PB cardapio pedido delivery;;red;-44;instagram;organic;🔥 Vem provar um Brasa! Tem opção a partir de R$ 15,00 e ...;https://instagram.com/p/DaT4hzwhzyX;instagram_p_not_profile|brand_not_confirmed|instagram_profile_not_canonicalizable|city_not_confirmed
e3c86dc8-4ac8-4ae0-84f9-83e6167d3570;Restaurante da Helena;Restaurante da Helena Portal do Poço Av. Araçá (83) 98725-4401 Cabedelo PB cardapio pedido delivery;yes;green;86;instadelivery;organic;Melhores delivery de Cabedelo;https://portal.instadelivery.com.br/cabedelo;brand_not_confirmed
e3c86dc8-4ac8-4ae0-84f9-83e6167d3570;Restaurante da Helena;Restaurante da Helena Portal do Poço Av. Araçá (83) 98725-4401 Cabedelo PB cardapio pedido delivery;;green;86;olaclick;organic;Cardápio digital - Comida Caseira da Elly;https://comidacaseiradaelly.ola.click/products;brand_not_confirmed
e3c86dc8-4ac8-4ae0-84f9-83e6167d3570;Restaurante da Helena;Restaurante da Helena Portal do Poço Av. Araçá (83) 98725-4401 Cabedelo PB cardapio pedido delivery;;yellow;80;anota_ai;organic;churrascaria e pizzaria do biu | Delivery em CABEDELO;https://pedido.anota.ai/loja/pizzaria-do-biu;brand_not_confirmed
e3c86dc8-4ac8-4ae0-84f9-83e6167d3570;Restaurante da Helena;Restaurante da Helena Portal do Poço Av. Araçá (83) 98725-4401 Cabedelo PB cardapio pedido delivery;;red;20;google;organic;Restaurant Helena – Apps no Google Play;https://play.google.com/store/apps/details?id=com.appsmart.delivery.restauranthelenaa8083&hl=pt_BR;map_not_direct_menu|city_not_confirmed
e3c86dc8-4ac8-4ae0-84f9-83e6167d3570;Restaurante da Helena;Restaurante da Helena Portal do Poço Av. Araçá (83) 98725-4401 Cabedelo PB cardapio pedido delivery;;red;8;helenalanches.saborvip.app;organic;HELENA LANCHES - Lanchonete e Restaurante em frente ao ...;https://helenalanches.saborvip.app;city_not_confirmed
e3c86dc8-4ac8-4ae0-84f9-83e6167d3570;Restaurante da Helena;Restaurante da Helena Portal do Poço Av. Araçá (83) 98725-4401 Cabedelo PB cardapio pedido delivery;;red;6;food.valeup.com.br;organic;Delivery em Cabedelo, PB - Vale Up Food;https://food.valeup.com.br/lista/cabedelo-pb;brand_not_confirmed
e3c86dc8-4ac8-4ae0-84f9-83e6167d3570;Restaurante da Helena;Restaurante da Helena Portal do Poço Av. Araçá (83) 98725-4401 Cabedelo PB cardapio pedido delivery;;red;2;instagram;organic;today our delivery works until to 3 ...;https://instagram.com/p/B_2fP_oAVgX;instagram_p_not_profile|instagram_profile_not_canonicalizable|city_not_confirmed
e3c86dc8-4ac8-4ae0-84f9-83e6167d3570;Restaurante da Helena;Restaurante da Helena Portal do Poço Av. Araçá (83) 98725-4401 Cabedelo PB cardapio pedido delivery;;red;0;tripadvisor;organic;Restaurantes com serviço de entrega em Cabedelo;https://tripadvisor.com.br/Restaurants-g793398-zfp19-Cabedelo_State_of_Paraiba.html;brand_not_confirmed
cec28f47-fb35-4c1b-af88-4af762996479;TCF - The Cheeseburguer Factory - Unidade Cabedelo;TCF - The Cheeseburguer Factory - Unidade Cabedelo Sl A15 - Ponta de Campina Av. Oceano Atlântico Cabedelo PB cardapio pedido delivery;yes;yellow;77;instagram;organic;The CheeseBurguer Factory 🏅 (@thecheeseburguerfactory);https://instagram.com/thecheeseburguerfactory;city_not_confirmed
cec28f47-fb35-4c1b-af88-4af762996479;TCF - The Cheeseburguer Factory - Unidade Cabedelo;TCF - The Cheeseburguer Factory - Unidade Cabedelo Sl A15 - Ponta de Campina Av. Oceano Atlântico Cabedelo PB cardapio pedido delivery;;yellow;68;instadelivery;organic;Melhores delivery de Cabedelo;https://portal.instadelivery.com.br/cabedelo;brand_not_confirmed|name_not_confirmed
cec28f47-fb35-4c1b-af88-4af762996479;TCF - The Cheeseburguer Factory - Unidade Cabedelo;TCF - The Cheeseburguer Factory - Unidade Cabedelo Sl A15 - Ponta de Campina Av. Oceano Atlântico Cabedelo PB cardapio pedido delivery;;yellow;54;wanderlog.com;organic;TCF - The Cheeseburguer Factory - Unidade Cabedelo ...;https://wanderlog.com/place/details/9687233/tcf-the-cheeseburguer-factory-unidade-cabedelo;
cec28f47-fb35-4c1b-af88-4af762996479;TCF - The Cheeseburguer Factory - Unidade Cabedelo;TCF - The Cheeseburguer Factory - Unidade Cabedelo Sl A15 - Ponta de Campina Av. Oceano Atlântico Cabedelo PB cardapio pedido delivery;;yellow;52;tripadvisor;organic;THE CHEESEBURGUER FACTORY CABEDELO;https://tripadvisor.com.br/Restaurant_Review-g793398-d26355921-Reviews-The_Cheeseburguer_Factory_Cabedelo-Cabedelo_State_of_Paraiba.html;
cec28f47-fb35-4c1b-af88-4af762996479;TCF - The Cheeseburguer Factory - Unidade Cabedelo;TCF - The Cheeseburguer Factory - Unidade Cabedelo Sl A15 - Ponta de Campina Av. Oceano Atlântico Cabedelo PB cardapio pedido delivery;;yellow;46;anota_ai;organic;Ponto 4 Burguer, Pizzaria e Lanches;https://app.anota.ai/ponto-4-burguer-pizzaria-e-lanches;brand_not_confirmed|name_not_confirmed|city_not_confirmed
cec28f47-fb35-4c1b-af88-4af762996479;TCF - The Cheeseburguer Factory - Unidade Cabedelo;TCF - The Cheeseburguer Factory - Unidade Cabedelo Sl A15 - Ponta de Campina Av. Oceano Atlântico Cabedelo PB cardapio pedido delivery;;red;14;instagram;organic;Reel by TCF - The CheeseBurguer Factory ...;https://instagram.com/p/DDkypuepRGH;instagram_p_not_profile|instagram_profile_not_canonicalizable|city_not_confirmed
cec28f47-fb35-4c1b-af88-4af762996479;TCF - The Cheeseburguer Factory - Unidade Cabedelo;TCF - The Cheeseburguer Factory - Unidade Cabedelo Sl A15 - Ponta de Campina Av. Oceano Atlântico Cabedelo PB cardapio pedido delivery;;red;-12;ze.delivery;organic;Delivery de em Cabedelo - PB;https://ze.delivery/em/cabedelo-pb;brand_not_confirmed|name_not_confirmed
cec28f47-fb35-4c1b-af88-4af762996479;TCF - The Cheeseburguer Factory - Unidade Cabedelo;TCF - The Cheeseburguer Factory - Unidade Cabedelo Sl A15 - Ponta de Campina Av. Oceano Atlântico Cabedelo PB cardapio pedido delivery;;red;-34;ifood;organic;https://www.ifood.com.br/delivery/cabedelo-pb/tcf-...;https://ifood.com.br/delivery/cabedelo-pb/tcf---the-cheeseburguer-factory-cabedelo-intermares/69739073-9fd4-4d32-aec4-e6eb344f13f9?prato=e87fa369-a36c-4591-a6e7-fe21768cc955;ifood_rejected
67b9591e-9ba2-4db0-b81f-4cd2d45d03ad;Hora Da Pizza;Hora Da Pizza Lot. Oceania VI R. Arco Íris (83) 99355-8904 Cabedelo PB cardapio pedido delivery;yes;yellow;80;anota_ai;organic;Eu Quero Pizza | Delivery em Cabedelo | Pedido online;https://pedido.anota.ai/loja/eu-quero-pizza-2;brand_not_confirmed
67b9591e-9ba2-4db0-b81f-4cd2d45d03ad;Hora Da Pizza;Hora Da Pizza Lot. Oceania VI R. Arco Íris (83) 99355-8904 Cabedelo PB cardapio pedido delivery;;yellow;60;cardapioweb;organic;É hora da pizza;https://app.cardapioweb.com/ehoradapizza;brand_not_confirmed|city_not_confirmed
67b9591e-9ba2-4db0-b81f-4cd2d45d03ad;Hora Da Pizza;Hora Da Pizza Lot. Oceania VI R. Arco Íris (83) 99355-8904 Cabedelo PB cardapio pedido delivery;;red;6;cabedelo.mylinq.com.br;organic;Pizzaria Delivery em CABEDELO PB - R. Arco Íris, 250;https://cabedelo.mylinq.com.br/pizzaria-jacare-cabedelo-telelista-2219802.htm;brand_not_confirmed
67b9591e-9ba2-4db0-b81f-4cd2d45d03ad;Hora Da Pizza;Hora Da Pizza Lot. Oceania VI R. Arco Íris (83) 99355-8904 Cabedelo PB cardapio pedido delivery;;red;-8;horadapizza.pedido.app.br;organic;Hora da Pizza - Expresso Delivery;https://horadapizza.pedido.app.br;brand_not_confirmed|city_not_confirmed
67b9591e-9ba2-4db0-b81f-4cd2d45d03ad;Hora Da Pizza;Hora Da Pizza Lot. Oceania VI R. Arco Íris (83) 99355-8904 Cabedelo PB cardapio pedido delivery;;red;-8;google;organic;Pizza Da Hora – Apps no Google Play;https://play.google.com/store/apps/details?id=com.wabiz.delivery.pizzadahora&hl=pt_BR;map_not_direct_menu|brand_not_confirmed|city_not_confirmed
67b9591e-9ba2-4db0-b81f-4cd2d45d03ad;Hora Da Pizza;Hora Da Pizza Lot. Oceania VI R. Arco Íris (83) 99355-8904 Cabedelo PB cardapio pedido delivery;;red;-8;facebook;organic;Hora da Pizza Delivery on Reels;https://facebook.com/horadapizza19/videos/1631357304677675;brand_not_confirmed|city_not_confirmed
67b9591e-9ba2-4db0-b81f-4cd2d45d03ad;Hora Da Pizza;Hora Da Pizza Lot. Oceania VI R. Arco Íris (83) 99355-8904 Cabedelo PB cardapio pedido delivery;;red;-20;todahora.pizza;organic;Toda Hora Pizza: Encontre a unidade mais próxima e aproveite;https://todahora.pizza;brand_not_confirmed|city_not_confirmed
67b9591e-9ba2-4db0-b81f-4cd2d45d03ad;Hora Da Pizza;Hora Da Pizza Lot. Oceania VI R. Arco Íris (83) 99355-8904 Cabedelo PB cardapio pedido delivery;;red;-64;instagram;organic;Aiaiaii Delícia 🍕😍;https://instagram.com/p/DA7P2fgphjf/?hl=zh-cn;instagram_p_not_profile|brand_not_confirmed|instagram_profile_not_canonicalizable|city_not_confirmed
35c95d02-3a7b-480d-8061-b276ee281fca;Pizza Família Cipriano;Pizza Família Cipriano Intermares R. Golfo Danzig (83) 98153-5458 Cabedelo PB cardapio pedido delivery;yes;yellow;100;anota_ai;organic;CIPRIANO PIZZA E PANINO | Delivery em JOAO PESSOA;https://pedido.anota.ai/loja/cipriano-pizza-e-panino?f=msa;city_not_confirmed
35c95d02-3a7b-480d-8061-b276ee281fca;Pizza Família Cipriano;Pizza Família Cipriano Intermares R. Golfo Danzig (83) 98153-5458 Cabedelo PB cardapio pedido delivery;;yellow;77;instagram;organic;Família Cipriano (@pizzariafamiliacipriano);https://instagram.com/pizzariafamiliacipriano;
35c95d02-3a7b-480d-8061-b276ee281fca;Pizza Família Cipriano;Pizza Família Cipriano Intermares R. Golfo Danzig (83) 98153-5458 Cabedelo PB cardapio pedido delivery;;yellow;53;instagram;organic;Mostrando o porque você deve vir conhecer a Cipriano ...;https://instagram.com/ciprianopizza/reel/DZ3JHQjJH8A;city_not_confirmed
35c95d02-3a7b-480d-8061-b276ee281fca;Pizza Família Cipriano;Pizza Família Cipriano Intermares R. Golfo Danzig (83) 98153-5458 Cabedelo PB cardapio pedido delivery;;red;38;facebook;organic;Pizza Família Cipriano | Cabedelo PB;https://facebook.com/61586869958623?locale=fr_CA;
35c95d02-3a7b-480d-8061-b276ee281fca;Pizza Família Cipriano;Pizza Família Cipriano Intermares R. Golfo Danzig (83) 98153-5458 Cabedelo PB cardapio pedido delivery;;red;20;google;organic;Pizza da Família;https://play.google.com/store/apps/details?id=com.wabiz.delivery.pizzadafamilia&hl=pt_BR;map_not_direct_menu|city_not_confirmed
35c95d02-3a7b-480d-8061-b276ee281fca;Pizza Família Cipriano;Pizza Família Cipriano Intermares R. Golfo Danzig (83) 98153-5458 Cabedelo PB cardapio pedido delivery;;red;20;pedir.delivery;organic;PIZZA DA FAMÍLIA - pedir.delivery;https://pedir.delivery/app/pizzadafamilia/menu;city_not_confirmed
35c95d02-3a7b-480d-8061-b276ee281fca;Pizza Família Cipriano;Pizza Família Cipriano Intermares R. Golfo Danzig (83) 98153-5458 Cabedelo PB cardapio pedido delivery;;red;-10;instagram;organic;Em um ambiente agradável e com um atendimento de ...;https://instagram.com/reel/DZvkxE5uD2U;instagram_reel_not_profile|instagram_profile_not_canonicalizable|city_not_confirmed
35c95d02-3a7b-480d-8061-b276ee281fca;Pizza Família Cipriano;Pizza Família Cipriano Intermares R. Golfo Danzig (83) 98153-5458 Cabedelo PB cardapio pedido delivery;;red;-46;pizzaprime.voceqpad.com.br;organic;Pizza Prime;https://pizzaprime.voceqpad.com.br;brand_not_confirmed|name_not_confirmed|city_not_confirmed
a6bf4269-0471-4d9f-b207-0adfc6308285;Seu Jerônimo;Seu Jerônimo Cabedelo R. Virginia Maria Nogueira Gadelha Pimentel - Lot. Bela Vista (83) 98746-8640 Cabedelo PB cardapio pedido delivery;yes;green;88;anota_ai;organic;Ponto 4 Burguer, Pizzaria e Lanches;https://app.anota.ai/ponto-4-burguer-pizzaria-e-lanches;brand_not_confirmed
a6bf4269-0471-4d9f-b207-0adfc6308285;Seu Jerônimo;Seu Jerônimo Cabedelo R. Virginia Maria Nogueira Gadelha Pimentel - Lot. Bela Vista (83) 98746-8640 Cabedelo PB cardapio pedido delivery;;yellow;83;instagram;organic;Seu Jerônimo (@seujeronimo_) · Cabedelo, PB;https://instagram.com/seujeronimo_;
a6bf4269-0471-4d9f-b207-0adfc6308285;Seu Jerônimo;Seu Jerônimo Cabedelo R. Virginia Maria Nogueira Gadelha Pimentel - Lot. Bela Vista (83) 98746-8640 Cabedelo PB cardapio pedido delivery;;red;-12;ze.delivery;organic;Delivery de em Cabedelo - PB;https://ze.delivery/em/cabedelo-pb;brand_not_confirmed|name_not_confirmed
a6bf4269-0471-4d9f-b207-0adfc6308285;Seu Jerônimo;Seu Jerônimo Cabedelo R. Virginia Maria Nogueira Gadelha Pimentel - Lot. Bela Vista (83) 98746-8640 Cabedelo PB cardapio pedido delivery;;red;-18;tripadvisor;organic;Restaurantes com serviço de entrega em Cabedelo;https://tripadvisor.com.br/Restaurants-g793398-zfp19-Cabedelo_State_of_Paraiba.html;brand_not_confirmed|name_not_confirmed
a6bf4269-0471-4d9f-b207-0adfc6308285;Seu Jerônimo;Seu Jerônimo Cabedelo R. Virginia Maria Nogueira Gadelha Pimentel - Lot. Bela Vista (83) 98746-8640 Cabedelo PB cardapio pedido delivery;;red;-24;cabedelo.pb.gov.br;organic;Prefeitura de Cabedelo - PB | Portal Oficial da Gestão Municipal;https://cabedelo.pb.gov.br;brand_not_confirmed|name_not_confirmed
a6bf4269-0471-4d9f-b207-0adfc6308285;Seu Jerônimo;Seu Jerônimo Cabedelo R. Virginia Maria Nogueira Gadelha Pimentel - Lot. Bela Vista (83) 98746-8640 Cabedelo PB cardapio pedido delivery;;red;-24;codigo-postal.org;organic;CEP Rua Virgínia Maria Nogueira Gadelha Pimentel en ...;https://codigo-postal.org/pt-br/brasil/pb/cabedelo/logradouro/rua-virginia-maria-nogueira-gadelha-pimentel;brand_not_confirmed|name_not_confirmed
a6bf4269-0471-4d9f-b207-0adfc6308285;Seu Jerônimo;Seu Jerônimo Cabedelo R. Virginia Maria Nogueira Gadelha Pimentel - Lot. Bela Vista (83) 98746-8640 Cabedelo PB cardapio pedido delivery;;red;-30;cabedelo.1doc.com.br;organic;https://cabedelo.1doc.com.br/b.php?pg=wp/detalhes&...;https://cabedelo.1doc.com.br/b.php?pg=wp/detalhes&itd=8;brand_not_confirmed|name_not_confirmed
a6bf4269-0471-4d9f-b207-0adfc6308285;Seu Jerônimo;Seu Jerônimo Cabedelo R. Virginia Maria Nogueira Gadelha Pimentel - Lot. Bela Vista (83) 98746-8640 Cabedelo PB cardapio pedido delivery;;red;-46;amigomicro.com.br;organic;https://www.amigomicro.com.br/default.aspx;https://amigomicro.com.br/default.aspx;brand_not_confirmed|name_not_confirmed|city_not_confirmed
0f0b83e3-c399-4f1a-89d6-34cf485b2608;Rope Espetos;Rope Espetos Intermares Av. Oceano Atlântico (83) 98854-0926 Cabedelo PB cardapio pedido delivery;yes;yellow;62;anota_ai;organic;Espetinho da Praia | Delivery em CABEDELO | Pedido online;https://pedido.anota.ai/loja/espetinho-da-praia-1;brand_not_confirmed|name_not_confirmed
0f0b83e3-c399-4f1a-89d6-34cf485b2608;Rope Espetos;Rope Espetos Intermares Av. Oceano Atlântico (83) 98854-0926 Cabedelo PB cardapio pedido delivery;;yellow;62;anota_ai;organic;Espetinho da Praia | Delivery em Cabedelo | Pedido online;https://pedido.anota.ai/loja/espetinho-da-praia-3;brand_not_confirmed|name_not_confirmed
0f0b83e3-c399-4f1a-89d6-34cf485b2608;Rope Espetos;Rope Espetos Intermares Av. Oceano Atlântico (83) 98854-0926 Cabedelo PB cardapio pedido delivery;;red;32;instagram;organic;Intermares - Rope Espetos on Instagram;https://instagram.com/reel/DAV_op_JsP_;instagram_reel_not_profile|instagram_profile_not_canonicalizable
0f0b83e3-c399-4f1a-89d6-34cf485b2608;Rope Espetos;Rope Espetos Intermares Av. Oceano Atlântico (83) 98854-0926 Cabedelo PB cardapio pedido delivery;;red;6;instagram;organic;"churrasco on Instagram: ""#intermares #cabedelo ...";https://instagram.com/reel/DJHGs58RC7J;instagram_reel_not_profile|instagram_profile_not_canonicalizable
0f0b83e3-c399-4f1a-89d6-34cf485b2608;Rope Espetos;Rope Espetos Intermares Av. Oceano Atlântico (83) 98854-0926 Cabedelo PB cardapio pedido delivery;;red;-6;tripadvisor;organic;Espetinho da Praia - Restaurantes: Cabedelo;https://tripadvisor.com.br/Restaurant_Review-g793398-d23007866-Reviews-Espetinho_da_Praia-Cabedelo_State_of_Paraiba.html;brand_not_confirmed|name_not_confirmed
0f0b83e3-c399-4f1a-89d6-34cf485b2608;Rope Espetos;Rope Espetos Intermares Av. Oceano Atlântico (83) 98854-0926 Cabedelo PB cardapio pedido delivery;;red;-24;facebook;organic;Espetinho da praia intermares | Cabedelo PB;https://facebook.com/espetinhodapraiaoficial/?locale=pt_BR;brand_not_confirmed|name_not_confirmed
0f0b83e3-c399-4f1a-89d6-34cf485b2608;Rope Espetos;Rope Espetos Intermares Av. Oceano Atlântico (83) 98854-0926 Cabedelo PB cardapio pedido delivery;;red;-24;tiktok.com;organic;O Bar Mais Badalado de João Pessoa: Espetinho da Praia;https://tiktok.com/@paraibana24horas/video/7504774145943801093;brand_not_confirmed|name_not_confirmed
0f0b83e3-c399-4f1a-89d6-34cf485b2608;Rope Espetos;Rope Espetos Intermares Av. Oceano Atlântico (83) 98854-0926 Cabedelo PB cardapio pedido delivery;;red;-24;wanderboat.ai;organic;Espetinho da praia Intermares - Av. Oceano Atlântico, 1972;https://wanderboat.ai/restaurants/brazil/regi%C3%A3o-geogr%C3%A1fica-imediata-de-jo%C3%A3o-pessoa/espetinho-da-praia-intermares/dWYRbBVBR8qRNVLnjL-eig;brand_not_confirmed|name_not_confirmed
0ca69331-2d1e-48f9-8401-dffb785df697;ESFIELDS;ESFIELDS Cabedelo Av. Oceano Atlântico - Ponta de Campina (83) 99856-6447 Cabedelo PB cardapio pedido delivery;yes;yellow;87;instagram;organic;ESFIELD´S (@esfieldsjp) · Cabedelo, PB;https://instagram.com/esfieldsjp;
0ca69331-2d1e-48f9-8401-dffb785df697;ESFIELDS;ESFIELDS Cabedelo Av. Oceano Atlântico - Ponta de Campina (83) 99856-6447 Cabedelo PB cardapio pedido delivery;;green;86;instadelivery;organic;Melhores delivery de Cabedelo;https://portal.instadelivery.com.br/cabedelo;brand_not_confirmed
0ca69331-2d1e-48f9-8401-dffb785df697;ESFIELDS;ESFIELDS Cabedelo Av. Oceano Atlântico - Ponta de Campina (83) 99856-6447 Cabedelo PB cardapio pedido delivery;;yellow;80;anota_ai;organic;A ferro y Fogo | Delivery em Cabedelo | Pedido online;https://pedido.anota.ai/loja/a-ferro-y-fogo-1;brand_not_confirmed
0ca69331-2d1e-48f9-8401-dffb785df697;ESFIELDS;ESFIELDS Cabedelo Av. Oceano Atlântico - Ponta de Campina (83) 99856-6447 Cabedelo PB cardapio pedido delivery;;red;30;pedidoligesfihacaririoca.ccmpedidoonline.com.br;organic;Esfields - Intermares, Cabedelo - PB;https://pedidoligesfihacaririoca.ccmpedidoonline.com.br/franquias.php?cep=0&cidade=Cabedelo&uf=PB;
0ca69331-2d1e-48f9-8401-dffb785df697;ESFIELDS;ESFIELDS Cabedelo Av. Oceano Atlântico - Ponta de Campina (83) 99856-6447 Cabedelo PB cardapio pedido delivery;;red;6;ze.delivery;organic;Delivery de em Cabedelo - PB;https://ze.delivery/em/cabedelo-pb;brand_not_confirmed
0ca69331-2d1e-48f9-8401-dffb785df697;ESFIELDS;ESFIELDS Cabedelo Av. Oceano Atlântico - Ponta de Campina (83) 99856-6447 Cabedelo PB cardapio pedido delivery;;red;6;byfood.com.br;organic;Delivery em Cabedelo, PB;https://byfood.com.br/lista/cabedelo-pb;brand_not_confirmed
0ca69331-2d1e-48f9-8401-dffb785df697;ESFIELDS;ESFIELDS Cabedelo Av. Oceano Atlântico - Ponta de Campina (83) 99856-6447 Cabedelo PB cardapio pedido delivery;;red;2;instagram;organic;Esfields entrou na trend do estúdio Ghibli! O que achou ...;https://instagram.com/reel/DHy5B0gv2YQ;instagram_reel_not_profile|instagram_profile_not_canonicalizable|city_not_confirmed
0ca69331-2d1e-48f9-8401-dffb785df697;ESFIELDS;ESFIELDS Cabedelo Av. Oceano Atlântico - Ponta de Campina (83) 99856-6447 Cabedelo PB cardapio pedido delivery;;red;-10;pbc.clubsuchef.com.br;organic;Cozinhe menos, viva mais! - Prefiro Delivery;https://pbc.clubsuchef.com.br/contato;brand_not_confirmed|city_not_confirmed
41451228-761b-4912-a7f7-c4407a1010bd;Barraca Do Anão;Barraca Do Anão Cabedelo Ponta de Campina Cabedelo PB cardapio pedido delivery;yes;yellow;68;anota_ai;organic;A ferro y Fogo | Delivery em Cabedelo | Pedido online;https://pedido.anota.ai/loja/a-ferro-y-fogo-1;brand_not_confirmed|name_not_confirmed
41451228-761b-4912-a7f7-c4407a1010bd;Barraca Do Anão;Barraca Do Anão Cabedelo Ponta de Campina Cabedelo PB cardapio pedido delivery;;yellow;68;menudino;organic;Delivery de Lanchonete em Cabedelo;https://menudino.com/delivery/cabedelo-pb/lanchonete;brand_not_confirmed|name_not_confirmed
41451228-761b-4912-a7f7-c4407a1010bd;Barraca Do Anão;Barraca Do Anão Cabedelo Ponta de Campina Cabedelo PB cardapio pedido delivery;;yellow;62;anota_ai;organic;Gastro Nova Era | Delivery em Cabedelo | Pedido online;https://pedido.anota.ai/loja/gastro-nova-era?f=msa;brand_not_confirmed|name_not_confirmed
41451228-761b-4912-a7f7-c4407a1010bd;Barraca Do Anão;Barraca Do Anão Cabedelo Ponta de Campina Cabedelo PB cardapio pedido delivery;;red;-12;pedeagora.net;organic;Delivery em Cabedelo, PB;https://pedeagora.net/lista/cabedelo-pb;brand_not_confirmed|name_not_confirmed
41451228-761b-4912-a7f7-c4407a1010bd;Barraca Do Anão;Barraca Do Anão Cabedelo Ponta de Campina Cabedelo PB cardapio pedido delivery;;red;-18;tripadvisor;organic;10 melhores restaurantes próximos ao Praia da Ponta de ...;https://tripadvisor.com.br/RestaurantsNear-g793398-d4056604-Praia_da_Ponta_de_Campina-Cabedelo_State_of_Paraiba.html;brand_not_confirmed|name_not_confirmed
41451228-761b-4912-a7f7-c4407a1010bd;Barraca Do Anão;Barraca Do Anão Cabedelo Ponta de Campina Cabedelo PB cardapio pedido delivery;;red;-24;cabedelo.pb.gov.br;organic;Prefeitura de Cabedelo inicia entrega de quiosques ...;https://cabedelo.pb.gov.br/prefeitura-de-cabedelo-inicia-entrega-de-quiosques-padronizados-nas-orlas-de-intermares-e-ponta-de-campina;brand_not_confirmed|name_not_confirmed
41451228-761b-4912-a7f7-c4407a1010bd;Barraca Do Anão;Barraca Do Anão Cabedelo Ponta de Campina Cabedelo PB cardapio pedido delivery;;red;-48;instagram;organic;A melhor pizza a partir de R$ 29,90! . Vem 📍Estamos na ...;https://instagram.com/p/DA4NaqvxV7G;instagram_p_not_profile|brand_not_confirmed|name_not_confirmed|instagram_profile_not_canonicalizable
41451228-761b-4912-a7f7-c4407a1010bd;Barraca Do Anão;Barraca Do Anão Cabedelo Ponta de Campina Cabedelo PB cardapio pedido delivery;;red;-60;instagram;organic;Uma experiência gastronômica incrível e pé na areia. O ...;https://instagram.com/reel/DRFIXTZDk81;instagram_reel_not_profile|brand_not_confirmed|name_not_confirmed|instagram_profile_not_canonicalizable
393e1305-e40d-4281-99c5-ebe01cc24c27;Açaí Jacaré Beach;Açaí Jacaré Beach Praia Do Jacare R. Clodoaldo Gouveia Cabedelo PB cardapio pedido delivery;yes;red;2;mercearias.com;organic;ACAI JACARE BEACH em Cabedelo - PB - Mercearias.com;https://mercearias.com/sobre/acai-jacare-beach-cabedelo-pb-15590870;brand_not_confirmed
393e1305-e40d-4281-99c5-ebe01cc24c27;Açaí Jacaré Beach;Açaí Jacaré Beach Praia Do Jacare R. Clodoaldo Gouveia Cabedelo PB cardapio pedido delivery;;red;2;supermercado.net.br;organic;ACAI JACARE BEACH em Cabedelo - PB;https://supermercado.net.br/sobre/acai-jacare-beach-cabedelo-pb-15590870;brand_not_confirmed
393e1305-e40d-4281-99c5-ebe01cc24c27;Açaí Jacaré Beach;Açaí Jacaré Beach Praia Do Jacare R. Clodoaldo Gouveia Cabedelo PB cardapio pedido delivery;;red;-20;wanderboat.ai;organic;Açaí Jacaré Beach - R. Clodoaldo Gouveia, 214;https://wanderboat.ai/restaurants/brazil/regi%C3%A3o-geogr%C3%A1fica-imediata-de-jo%C3%A3o-pessoa/a%C3%A7a%C3%AD-jacar%C3%A9-beach/ZMHYdTyESdCqX58RDAFoPA;brand_not_confirmed|city_not_confirmed
393e1305-e40d-4281-99c5-ebe01cc24c27;Açaí Jacaré Beach;Açaí Jacaré Beach Praia Do Jacare R. Clodoaldo Gouveia Cabedelo PB cardapio pedido delivery;;red;-22;gov.br;organic;Dados Cadastrais dos Revendedores Varejistas de ...;https://gov.br/anp/pt-br/centrais-de-conteudo/dados-abertos/arquivos/arquivos-dados-cadastrais-dos-revendedores-varejistas-de-combustiveis-automotivos/dados-cadastrais-revendedores-varejistas-combustiveis-automoveis.csv;brand_not_confirmed|city_not_confirmed
393e1305-e40d-4281-99c5-ebe01cc24c27;Açaí Jacaré Beach;Açaí Jacaré Beach Praia Do Jacare R. Clodoaldo Gouveia Cabedelo PB cardapio pedido delivery;;red;-28;pemd.univasf.edu.br;organic;Lista de Palavras para Troca de Letras;https://pemd.univasf.edu.br/troca_letras/Lista-de-palavras2.txt;brand_not_confirmed|city_not_confirmed
393e1305-e40d-4281-99c5-ebe01cc24c27;Açaí Jacaré Beach;Açaí Jacaré Beach Praia Do Jacare R. Clodoaldo Gouveia Cabedelo PB cardapio pedido delivery;;red;-28;linguateca.pt;organic;16,5 Mb;https://linguateca.pt/acesso/tokens/lemas.totalbr.txt;brand_not_confirmed|city_not_confirmed
393e1305-e40d-4281-99c5-ebe01cc24c27;Açaí Jacaré Beach;Açaí Jacaré Beach Praia Do Jacare R. Clodoaldo Gouveia Cabedelo PB cardapio pedido delivery;;red;-40;instagram;organic;#viral #açaí #cabedelobeach #sorveteria;https://instagram.com/reel/DHZN4maxtxf;instagram_reel_not_profile|brand_not_confirmed|instagram_profile_not_canonicalizable
393e1305-e40d-4281-99c5-ebe01cc24c27;Açaí Jacaré Beach;Açaí Jacaré Beach Praia Do Jacare R. Clodoaldo Gouveia Cabedelo PB cardapio pedido delivery;;red;-64;instagram;organic;Se você ainda não conhece o Terraço de Taypa, já coloca ...;https://instagram.com/reel/DIZVVdNpxn1;instagram_reel_not_profile|brand_not_confirmed|instagram_profile_not_canonicalizable|city_not_confirmed
7dfea73b-b593-4acf-8bf1-71a099224008;Pizza do Paulinho;Pizza do Paulinho Vila Sao Joao Av. Monsenhor José da Silva Coutinho (83) 98852-8675 Cabedelo PB cardapio pedido delivery;yes;green;116;anota_ai;organic;Pizza do Paulinho | Delivery em CABEDELO - Pedidos Anota aí;https://pedido.anota.ai/loja/pizza-do-paulinho?referer=gbp_anota;
7dfea73b-b593-4acf-8bf1-71a099224008;Pizza do Paulinho;Pizza do Paulinho Vila Sao Joao Av. Monsenhor José da Silva Coutinho (83) 98852-8675 Cabedelo PB cardapio pedido delivery;;red;25;instagram;derived_instagram_handle;Instagram profile @oz;https://instagram.com/oz;derived_handle_brand_not_confirmed
7dfea73b-b593-4acf-8bf1-71a099224008;Pizza do Paulinho;Pizza do Paulinho Vila Sao Joao Av. Monsenhor José da Silva Coutinho (83) 98852-8675 Cabedelo PB cardapio pedido delivery;;red;20;facebook;organic;Faça seu pedido na pizzaria do Paulinho, mas pague do jeito ...;https://facebook.com/paulinhopizzasuba/videos/fa%C3%A7a-seu-pedido-na-pizzaria-do-paulinho-mas-pague-do-jeito-certo-hahaha-ligou-pe/440757605067160;city_not_confirmed
7dfea73b-b593-4acf-8bf1-71a099224008;Pizza do Paulinho;Pizza do Paulinho Vila Sao Joao Av. Monsenhor José da Silva Coutinho (83) 98852-8675 Cabedelo PB cardapio pedido delivery;;red;20;paulinholanchesepizzas.com.br;organic;Peça Online! - Paulinho Lanches e Pizzas - 52.855.299/0001 ...;https://paulinholanchesepizzas.com.br;city_not_confirmed
7dfea73b-b593-4acf-8bf1-71a099224008;Pizza do Paulinho;Pizza do Paulinho Vila Sao Joao Av. Monsenhor José da Silva Coutinho (83) 98852-8675 Cabedelo PB cardapio pedido delivery;;red;12;instagram;organic;Na Pizza do Paulinho, cada detalhe é pensado pra entregar ...;https://instagram.com/reel/DOROznjDpfT;instagram_reel_not_profile|instagram_profile_not_canonicalizable
7dfea73b-b593-4acf-8bf1-71a099224008;Pizza do Paulinho;Pizza do Paulinho Vila Sao Joao Av. Monsenhor José da Silva Coutinho (83) 98852-8675 Cabedelo PB cardapio pedido delivery;;red;12;instagram;organic;"Pizza do Paulinho / Pizzaria em Cabedelo on Instagram: ""Hj é ...";https://instagram.com/reel/DAV8jPKp_wa;instagram_reel_not_profile|instagram_profile_not_canonicalizable
7dfea73b-b593-4acf-8bf1-71a099224008;Pizza do Paulinho;Pizza do Paulinho Vila Sao Joao Av. Monsenhor José da Silva Coutinho (83) 98852-8675 Cabedelo PB cardapio pedido delivery;;red;12;instagram;organic;Camarão Teriyaki 🤤 . A cada fatia , uma experiência ...;https://instagram.com/p/DFjKhMgRC9e;instagram_p_not_profile|instagram_profile_not_canonicalizable
7dfea73b-b593-4acf-8bf1-71a099224008;Pizza do Paulinho;Pizza do Paulinho Vila Sao Joao Av. Monsenhor José da Silva Coutinho (83) 98852-8675 Cabedelo PB cardapio pedido delivery;;red;-6;tiktok.com;organic;As Melhores Novidades da Pizza em João Pessoa;https://tiktok.com/@paraibana24horas/video/7596063656945683720;brand_not_confirmed
799763e1-04c1-495d-a7ea-5489a0897da8;A Casa do Lanche;A Casa do Lanche Formosa R. Est. Paulo Maia Guimarães (83) 99862-1050 Cabedelo PB cardapio pedido delivery;yes;green;86;menudino;organic;Delivery de Lanchonete em Cabedelo;https://menudino.com/delivery/cabedelo-pb/lanchonete;brand_not_confirmed
799763e1-04c1-495d-a7ea-5489a0897da8;A Casa do Lanche;A Casa do Lanche Formosa R. Est. Paulo Maia Guimarães (83) 99862-1050 Cabedelo PB cardapio pedido delivery;;yellow;80;anota_ai;organic;Rosa Lanches | Delivery em Cabedelo | Pedido online;https://pedido.anota.ai/loja/rosalanches;brand_not_confirmed
799763e1-04c1-495d-a7ea-5489a0897da8;A Casa do Lanche;A Casa do Lanche Formosa R. Est. Paulo Maia Guimarães (83) 99862-1050 Cabedelo PB cardapio pedido delivery;;yellow;60;cardapioweb;organic;LA CASA DE LANCHE;https://app.cardapioweb.com/lacasa_de_lanche;brand_not_confirmed|city_not_confirmed
799763e1-04c1-495d-a7ea-5489a0897da8;A Casa do Lanche;A Casa do Lanche Formosa R. Est. Paulo Maia Guimarães (83) 99862-1050 Cabedelo PB cardapio pedido delivery;;red;-8;casadolanche.meucardapio.ai;organic;Cardápio Online - Casa do Lanche;https://casadolanche.meucardapio.ai/loja?nl=1;brand_not_confirmed|city_not_confirmed
799763e1-04c1-495d-a7ea-5489a0897da8;A Casa do Lanche;A Casa do Lanche Formosa R. Est. Paulo Maia Guimarães (83) 99862-1050 Cabedelo PB cardapio pedido delivery;;red;-8;google;organic;Casa do Lanche – Apps no Google Play;https://play.google.com/store/apps/details?id=com.MenuDino.CasadoLanche&hl=pt_BR;map_not_direct_menu|brand_not_confirmed|city_not_confirmed
799763e1-04c1-495d-a7ea-5489a0897da8;A Casa do Lanche;A Casa do Lanche Formosa R. Est. Paulo Maia Guimarães (83) 99862-1050 Cabedelo PB cardapio pedido delivery;;red;-8;chefmio.com.br;organic;Delivery :: Casa do Lanche;https://chefmio.com.br/casadolanche;brand_not_confirmed|city_not_confirmed
799763e1-04c1-495d-a7ea-5489a0897da8;A Casa do Lanche;A Casa do Lanche Formosa R. Est. Paulo Maia Guimarães (83) 99862-1050 Cabedelo PB cardapio pedido delivery;;red;-16;maisdeliveryapp.com.br;organic;Mais Delivery - Seu pedido é uma ordem!;https://maisdeliveryapp.com.br/pwa;brand_not_confirmed|city_not_confirmed
799763e1-04c1-495d-a7ea-5489a0897da8;A Casa do Lanche;A Casa do Lanche Formosa R. Est. Paulo Maia Guimarães (83) 99862-1050 Cabedelo PB cardapio pedido delivery;;red;-39;instagram;derived_instagram_handle;Instagram profile @barbosa.lanches;https://instagram.com/barbosa.lanches;brand_not_confirmed|derived_handle_brand_not_confirmed|city_not_confirmed
0f02c321-43d9-480f-be67-bc650e00d0d2;Eu Quero Burguer;Eu Quero Burguer Intermares Praça Bela Vista de Intermares (83) 99850-4733 Cabedelo PB cardapio pedido delivery;yes;green;116;anota_ai;organic;I LOVE BURGUER | Delivery em Cabedelo | Pedido online;https://pedido.anota.ai/loja/i-love-burguer-8;
0f02c321-43d9-480f-be67-bc650e00d0d2;Eu Quero Burguer;Eu Quero Burguer Intermares Praça Bela Vista de Intermares (83) 99850-4733 Cabedelo PB cardapio pedido delivery;;yellow;73;instagram;organic;Eu Quero Burguer (@euqueroburguerartesanal);https://instagram.com/euqueroburguerartesanal;city_not_confirmed
0f02c321-43d9-480f-be67-bc650e00d0d2;Eu Quero Burguer;Eu Quero Burguer Intermares Praça Bela Vista de Intermares (83) 99850-4733 Cabedelo PB cardapio pedido delivery;;yellow;65;instagram;derived_instagram_handle;Instagram profile @euqueropizzafoodtruck;https://instagram.com/euqueropizzafoodtruck;city_not_confirmed
0f02c321-43d9-480f-be67-bc650e00d0d2;Eu Quero Burguer;Eu Quero Burguer Intermares Praça Bela Vista de Intermares (83) 99850-4733 Cabedelo PB cardapio pedido delivery;;yellow;50;wanderboat.ai;organic;Eu Quero Burguer - Praça Bela Vista de Intermares;https://wanderboat.ai/restaurants/brazil/regi%C3%A3o-geogr%C3%A1fica-imediata-de-jo%C3%A3o-pessoa/eu-quero-burguer/cxoHsEx3Qw2NhZwhjcFg4g;
0f02c321-43d9-480f-be67-bc650e00d0d2;Eu Quero Burguer;Eu Quero Burguer Intermares Praça Bela Vista de Intermares (83) 99850-4733 Cabedelo PB cardapio pedido delivery;;red;12;instagram;organic;O melhor Hambúrguer artesanal é aqui! . Vem Estamos na ...;https://instagram.com/reel/DHjrOpDv1kO;instagram_reel_not_profile|instagram_profile_not_canonicalizable
0f02c321-43d9-480f-be67-bc650e00d0d2;Eu Quero Burguer;Eu Quero Burguer Intermares Praça Bela Vista de Intermares (83) 99850-4733 Cabedelo PB cardapio pedido delivery;;red;10;instagram;organic;"Eu Quero Burguer on Instagram: ""Nosso cantinho fica na ...";https://instagram.com/reel/DV_3f9oj9nA;instagram_reel_not_profile|instagram_profile_not_canonicalizable|city_not_confirmed
0f02c321-43d9-480f-be67-bc650e00d0d2;Eu Quero Burguer;Eu Quero Burguer Intermares Praça Bela Vista de Intermares (83) 99850-4733 Cabedelo PB cardapio pedido delivery;;red;10;instagram;organic;"Eu Quero Burguer on Instagram: ""Estamos na Praça BelaVista ...";https://instagram.com/reel/DOZXwLkj5JY;instagram_reel_not_profile|instagram_profile_not_canonicalizable|city_not_confirmed
0f02c321-43d9-480f-be67-bc650e00d0d2;Eu Quero Burguer;Eu Quero Burguer Intermares Praça Bela Vista de Intermares (83) 99850-4733 Cabedelo PB cardapio pedido delivery;;red;2;instagram;organic;Conheça nosso Duble X-Burguer! . Vem, Estamos na Praça ...;https://instagram.com/reel/DZlJMhsv_M9;instagram_reel_not_profile|instagram_profile_not_canonicalizable|city_not_confirmed
2ed733a0-a4c7-4bb4-b280-21d7752c0409;Sushiyaki Restaurante;Sushiyaki Restaurante Ponta de Matos R. Ten. Antônio Pontes (83) 98684-5886 Cabedelo PB cardapio pedido delivery;yes;yellow;69;instagram;derived_instagram_handle;Instagram profile @sushiyaki_restaurante;https://instagram.com/sushiyaki_restaurante;
2ed733a0-a4c7-4bb4-b280-21d7752c0409;Sushiyaki Restaurante;Sushiyaki Restaurante Ponta de Matos R. Ten. Antônio Pontes (83) 98684-5886 Cabedelo PB cardapio pedido delivery;;yellow;52;deliverydireto;organic;https://deliverydireto.com.br/sushi-do-bom/sushi-d...;https://deliverydireto.com.br/sushi-do-bom/sushi-do-bom?dd=menu;brand_not_confirmed|city_not_confirmed
2ed733a0-a4c7-4bb4-b280-21d7752c0409;Sushiyaki Restaurante;Sushiyaki Restaurante Ponta de Matos R. Ten. Antônio Pontes (83) 98684-5886 Cabedelo PB cardapio pedido delivery;;red;6;instagram;organic;Quem ama salmão? 😍;https://instagram.com/p/CQo4HQNLS8n;instagram_p_not_profile|instagram_profile_not_canonicalizable
2ed733a0-a4c7-4bb4-b280-21d7752c0409;Sushiyaki Restaurante;Sushiyaki Restaurante Ponta de Matos R. Ten. Antônio Pontes (83) 98684-5886 Cabedelo PB cardapio pedido delivery;;red;0;saketemaki.com;organic;Sakê - Restaurante Japonês em João Pessoa e Cabedelo;https://saketemaki.com;brand_not_confirmed
2ed733a0-a4c7-4bb4-b280-21d7752c0409;Sushiyaki Restaurante;Sushiyaki Restaurante Ponta de Matos R. Ten. Antônio Pontes (83) 98684-5886 Cabedelo PB cardapio pedido delivery;;red;-6;facebook;organic;Pipa Temaki | Cabedelos PB;https://facebook.com/pipatemaki/?locale=pt_BR;brand_not_confirmed
2ed733a0-a4c7-4bb4-b280-21d7752c0409;Sushiyaki Restaurante;Sushiyaki Restaurante Ponta de Matos R. Ten. Antônio Pontes (83) 98684-5886 Cabedelo PB cardapio pedido delivery;;red;-16;delivery.sushiaki.com.br;organic;https://delivery.sushiaki.com.br/;https://delivery.sushiaki.com.br;brand_not_confirmed|city_not_confirmed
2ed733a0-a4c7-4bb4-b280-21d7752c0409;Sushiyaki Restaurante;Sushiyaki Restaurante Ponta de Matos R. Ten. Antônio Pontes (83) 98684-5886 Cabedelo PB cardapio pedido delivery;;red;-16;temakiexpress.com.br;organic;Restaurante Temaki Express - Delivery OFICIAL - Campina ...;https://temakiexpress.com.br;brand_not_confirmed|city_not_confirmed
2ed733a0-a4c7-4bb4-b280-21d7752c0409;Sushiyaki Restaurante;Sushiyaki Restaurante Ponta de Matos R. Ten. Antônio Pontes (83) 98684-5886 Cabedelo PB cardapio pedido delivery;;red;-52;instagram;organic;LEVAMOS O SUNSAKI ATÉ VOCÊ Faça seu pedido no ...;https://instagram.com/reel/CnrnPRaPcE1;instagram_reel_not_profile|brand_not_confirmed|instagram_profile_not_canonicalizable|city_not_confirmed
970fe52c-b7f8-46bf-a594-93b443b6d3e5;Guaiamum & Cia - Cabedelo PB;Guaiamum & Cia - Cabedelo PB Cabedelo R. Cleto Campêlo - Vila Sao Joao (83) 98879-6950 Cabedelo PB cardapio pedido delivery;yes;yellow;75;instagram;organic;Metalúrgica Metal & Cia (@metalecia) · Cabedelo, PB;https://instagram.com/metalecia;
970fe52c-b7f8-46bf-a594-93b443b6d3e5;Guaiamum & Cia - Cabedelo PB;Guaiamum & Cia - Cabedelo PB Cabedelo R. Cleto Campêlo - Vila Sao Joao (83) 98879-6950 Cabedelo PB cardapio pedido delivery;;red;38;vendaagora.com;organic;GUAIAMUM & CIA Cabedelo PB;https://vendaagora.com/guaiamum;
970fe52c-b7f8-46bf-a594-93b443b6d3e5;Guaiamum & Cia - Cabedelo PB;Guaiamum & Cia - Cabedelo PB Cabedelo R. Cleto Campêlo - Vila Sao Joao (83) 98879-6950 Cabedelo PB cardapio pedido delivery;;red;20;tripadvisor;organic;Foto de : Restaurante Guaiamum Gigante João Pessoa ...;https://tripadvisor.com.br/LocationPhotoDirectLink-g303428-d3727884-i84361176-Guaiamum_Gigante-Joao_Pessoa_State_of_Paraiba.html;city_not_confirmed
970fe52c-b7f8-46bf-a594-93b443b6d3e5;Guaiamum & Cia - Cabedelo PB;Guaiamum & Cia - Cabedelo PB Cabedelo R. Cleto Campêlo - Vila Sao Joao (83) 98879-6950 Cabedelo PB cardapio pedido delivery;;red;2;cabedelo.pb.gov.br;organic;Prefeitura de Cabedelo - PB | Portal Oficial da Gestão Municipal;https://cabedelo.pb.gov.br;brand_not_confirmed
970fe52c-b7f8-46bf-a594-93b443b6d3e5;Guaiamum & Cia - Cabedelo PB;Guaiamum & Cia - Cabedelo PB Cabedelo R. Cleto Campêlo - Vila Sao Joao (83) 98879-6950 Cabedelo PB cardapio pedido delivery;;red;2;empresas.serasaexperian.com.br;organic;METALURGICA METAL E CIA LTDA - ME;https://empresas.serasaexperian.com.br/consulta-gratis/METALURGICA-METAL-E-CIA-LTDA-02185298000187;brand_not_confirmed
970fe52c-b7f8-46bf-a594-93b443b6d3e5;Guaiamum & Cia - Cabedelo PB;Guaiamum & Cia - Cabedelo PB Cabedelo R. Cleto Campêlo - Vila Sao Joao (83) 98879-6950 Cabedelo PB cardapio pedido delivery;;red;-12;ze.delivery;organic;Delivery de em Cabedelo - PB;https://ze.delivery/em/cabedelo-pb;brand_not_confirmed|name_not_confirmed
970fe52c-b7f8-46bf-a594-93b443b6d3e5;Guaiamum & Cia - Cabedelo PB;Guaiamum & Cia - Cabedelo PB Cabedelo R. Cleto Campêlo - Vila Sao Joao (83) 98879-6950 Cabedelo PB cardapio pedido delivery;;red;-24;sapl.cabedelo.pb.leg.br;organic;Pesquisar Norma Jurídica;https://sapl.cabedelo.pb.leg.br/norma/pesquisar?page=2&tipo=&numero=&ano=&data_0=&data_1=&data_publicacao_0=&data_publicacao_1=&ementa=&assuntos=&salvar=Pesquisar;brand_not_confirmed|name_not_confirmed
970fe52c-b7f8-46bf-a594-93b443b6d3e5;Guaiamum & Cia - Cabedelo PB;Guaiamum & Cia - Cabedelo PB Cabedelo R. Cleto Campêlo - Vila Sao Joao (83) 98879-6950 Cabedelo PB cardapio pedido delivery;;red;-24;ogmocabedelo.com.br;organic;Ogmo Cabedelo;https://ogmocabedelo.com.br;brand_not_confirmed|name_not_confirmed
cb4d3075-dcad-45a2-a348-e8de93ef15cc;Açaí da Hill Point;Açaí da Hill Point Rua Mar das Antilhas Trailer (83) 2178-3682 Cabedelo PB cardapio pedido delivery;yes;green;124;anota_ai;organic;Açai da Hill Point | Delivery em CABEDELO | Pedido online;https://pedido.anota.ai/loja/aai-da-hill-point;
cb4d3075-dcad-45a2-a348-e8de93ef15cc;Açaí da Hill Point;Açaí da Hill Point Rua Mar das Antilhas Trailer (83) 2178-3682 Cabedelo PB cardapio pedido delivery;;yellow;73;instagram;organic;Açaí da Hill Point - Refrescant (@acaidahillpoint);https://instagram.com/acaidahillpoint;city_not_confirmed
cb4d3075-dcad-45a2-a348-e8de93ef15cc;Açaí da Hill Point;Açaí da Hill Point Rua Mar das Antilhas Trailer (83) 2178-3682 Cabedelo PB cardapio pedido delivery;;yellow;62;instadelivery;organic;AçaíKm0 Cardápio - Delivery de Açai em Cabedelo;https://instadelivery.com.br/acaikm0;brand_not_confirmed|name_not_confirmed
cb4d3075-dcad-45a2-a348-e8de93ef15cc;Açaí da Hill Point;Açaí da Hill Point Rua Mar das Antilhas Trailer (83) 2178-3682 Cabedelo PB cardapio pedido delivery;;red;-8;webleva.com;organic;Point do Açaí Delivery;https://webleva.com/pointdoacai;brand_not_confirmed|city_not_confirmed
cb4d3075-dcad-45a2-a348-e8de93ef15cc;Açaí da Hill Point;Açaí da Hill Point Rua Mar das Antilhas Trailer (83) 2178-3682 Cabedelo PB cardapio pedido delivery;;red;-20;google;organic;Point do Açaí – Apps no Google Play;https://play.google.com/store/apps/details?id=com.MenuDino.PointDoAcai&hl=pt_BR;map_not_direct_menu|brand_not_confirmed|city_not_confirmed
cb4d3075-dcad-45a2-a348-e8de93ef15cc;Açaí da Hill Point;Açaí da Hill Point Rua Mar das Antilhas Trailer (83) 2178-3682 Cabedelo PB cardapio pedido delivery;;red;-34;acaidailhanp.menuintegrado.com.br;organic;Açaí da Ilha - Nova Ponte - Delivery Oficial;https://acaidailhanp.menuintegrado.com.br/orders;brand_not_confirmed|name_not_confirmed|city_not_confirmed
cb4d3075-dcad-45a2-a348-e8de93ef15cc;Açaí da Hill Point;Açaí da Hill Point Rua Mar das Antilhas Trailer (83) 2178-3682 Cabedelo PB cardapio pedido delivery;;red;-46;acaidelivery.pedidu.app;organic;R$ 3,00;https://acaidelivery.pedidu.app/additional/34;brand_not_confirmed|name_not_confirmed|city_not_confirmed
cb4d3075-dcad-45a2-a348-e8de93ef15cc;Açaí da Hill Point;Açaí da Hill Point Rua Mar das Antilhas Trailer (83) 2178-3682 Cabedelo PB cardapio pedido delivery;;red;-50;ifood;organic;https://www.ifood.com.br/delivery/cabedelo-pb/acai...;https://ifood.com.br/delivery/cabedelo-pb/acai-da-hill-point-intermares/8330b23f-6f6b-4f53-9290-e6c32fd869a5?prato=c68d080f-0581-4abd-8b3f-163b4faf1489;ifood_rejected
58f3eb00-556c-496a-abee-790e691903ce;Pastel do Thiago;Pastel do Thiago Cabedelo R. Sólon de Lucena - Ponta de Matos (83) 98823-7441 Cabedelo PB cardapio pedido delivery;yes;green;86;anota_ai;organic;Pastel da elô | Delivery em Cabedelo | Pedido online;https://pedido.anota.ai/loja/pastel-da-elo;brand_not_confirmed
58f3eb00-556c-496a-abee-790e691903ce;Pastel do Thiago;Pastel do Thiago Cabedelo R. Sólon de Lucena - Ponta de Matos (83) 98823-7441 Cabedelo PB cardapio pedido delivery;;yellow;52;whatsmenu;organic;PASTELARIA LITORANEA;https://whatsmenu.com.br/pastelarialitoranea;brand_not_confirmed|city_not_confirmed
58f3eb00-556c-496a-abee-790e691903ce;Pastel do Thiago;Pastel do Thiago Cabedelo R. Sólon de Lucena - Ponta de Matos (83) 98823-7441 Cabedelo PB cardapio pedido delivery;;red;23;instagram;organic;Pastelaria Litorânea (@pastelarialitoranea);https://instagram.com/pastelarialitoranea;brand_not_confirmed
58f3eb00-556c-496a-abee-790e691903ce;Pastel do Thiago;Pastel do Thiago Cabedelo R. Sólon de Lucena - Ponta de Matos (83) 98823-7441 Cabedelo PB cardapio pedido delivery;;red;6;pedeagora.net;organic;Delivery em Cabedelo, PB;https://pedeagora.net/lista/cabedelo-pb;brand_not_confirmed
58f3eb00-556c-496a-abee-790e691903ce;Pastel do Thiago;Pastel do Thiago Cabedelo R. Sólon de Lucena - Ponta de Matos (83) 98823-7441 Cabedelo PB cardapio pedido delivery;;red;0;br.pinterest.com;organic;Delicious Pastries Delivery | Padaria, Mídias sociais, Ifood ...;https://br.pinterest.com/pin/88805423893849727;brand_not_confirmed
58f3eb00-556c-496a-abee-790e691903ce;Pastel do Thiago;Pastel do Thiago Cabedelo R. Sólon de Lucena - Ponta de Matos (83) 98823-7441 Cabedelo PB cardapio pedido delivery;;red;-6;facebook;organic;Rua Solon de Lucena, 322 | Cabedelo, Ponta de Matos;https://facebook.com/ilovepastelpb/posts/estamos-ansiosos-para-receber-voc%C3%AAs-o-nosso-ponto-f%C3%ADsico-fica-localizadorua-solo/722471146770070;brand_not_confirmed
58f3eb00-556c-496a-abee-790e691903ce;Pastel do Thiago;Pastel do Thiago Cabedelo R. Sólon de Lucena - Ponta de Matos (83) 98823-7441 Cabedelo PB cardapio pedido delivery;;red;-16;meu-cardapio.pedidos10.com.br;organic;https://meu-cardapio.pedidos10.com.br/app/pastelandia;https://meu-cardapio.pedidos10.com.br/app/pastelandia;brand_not_confirmed|city_not_confirmed
58f3eb00-556c-496a-abee-790e691903ce;Pastel do Thiago;Pastel do Thiago Cabedelo R. Sólon de Lucena - Ponta de Matos (83) 98823-7441 Cabedelo PB cardapio pedido delivery;;red;-42;instagram;organic;Compartilhando dica boa em João Pessoa-PB | Pastéis a ...;https://instagram.com/reel/DP7YdT0kWFh;instagram_reel_not_profile|brand_not_confirmed|instagram_profile_not_canonicalizable
9cb77fed-f80f-42b5-9bfe-5027f4fb0a2e;Villa Porto;Villa Porto Cabedelo R. Duque de Caxias - Vila Sao Joao (83) 98791-9204 Cabedelo PB cardapio pedido delivery;yes;yellow;77;instagram;organic;VILLA PORTO | FOOD PARK 🌟 (@villaportocabedelo);https://instagram.com/villaportocabedelo;
9cb77fed-f80f-42b5-9bfe-5027f4fb0a2e;Villa Porto;Villa Porto Cabedelo R. Duque de Caxias - Vila Sao Joao (83) 98791-9204 Cabedelo PB cardapio pedido delivery;;yellow;73;instagram;derived_instagram_handle;Instagram profile @villaportorestaurante;https://instagram.com/villaportorestaurante;city_not_confirmed
9cb77fed-f80f-42b5-9bfe-5027f4fb0a2e;Villa Porto;Villa Porto Cabedelo R. Duque de Caxias - Vila Sao Joao (83) 98791-9204 Cabedelo PB cardapio pedido delivery;;yellow;68;olaclick;organic;Cardápio digital - Comida Caseira da Elly;https://comidacaseiradaelly.ola.click/products;brand_not_confirmed|name_not_confirmed
9cb77fed-f80f-42b5-9bfe-5027f4fb0a2e;Villa Porto;Villa Porto Cabedelo R. Duque de Caxias - Vila Sao Joao (83) 98791-9204 Cabedelo PB cardapio pedido delivery;;yellow;62;anota_ai;organic;DoceOnda Gourmet | Delivery em Cabedelo | Pedido online;https://pedido.anota.ai/loja/doceonda-gourmet;brand_not_confirmed|name_not_confirmed
9cb77fed-f80f-42b5-9bfe-5027f4fb0a2e;Villa Porto;Villa Porto Cabedelo R. Duque de Caxias - Vila Sao Joao (83) 98791-9204 Cabedelo PB cardapio pedido delivery;;red;38;facebook;organic;Villa Porto, Cabedelo | Cabedelo PB;https://facebook.com/890083634185591;
9cb77fed-f80f-42b5-9bfe-5027f4fb0a2e;Villa Porto;Villa Porto Cabedelo R. Duque de Caxias - Vila Sao Joao (83) 98791-9204 Cabedelo PB cardapio pedido delivery;;red;28;menudigital.app.br;organic;Villa do Porto - Menu Digital;https://menudigital.app.br/villadoporto;city_not_confirmed
9cb77fed-f80f-42b5-9bfe-5027f4fb0a2e;Villa Porto;Villa Porto Cabedelo R. Duque de Caxias - Vila Sao Joao (83) 98791-9204 Cabedelo PB cardapio pedido delivery;;red;14;instagram;organic;Villa Porto antigo Center Lanches, um lugar lindo para você ...;https://instagram.com/reel/DKlAONMvkLj;instagram_reel_not_profile|instagram_profile_not_canonicalizable
9cb77fed-f80f-42b5-9bfe-5027f4fb0a2e;Villa Porto;Villa Porto Cabedelo R. Duque de Caxias - Vila Sao Joao (83) 98791-9204 Cabedelo PB cardapio pedido delivery;;red;10;instagram;organic;"VILLA PORTO RESTAURANTE on Instagram: ""É bom demais ...";https://instagram.com/reel/DC4D4NxxJ8Z;instagram_reel_not_profile|instagram_profile_not_canonicalizable|city_not_confirmed
3e32d9c6-3c16-47a9-912a-b3627b13088d;Bonitinha das tapiocas;Bonitinha das tapiocas Cabedelo Av. Pôr do Sol (87) 99906-3738 Cabedelo PB cardapio pedido delivery;yes;yellow;62;instadelivery;organic;Delivery de Lanches em Cabedelo;https://instadelivery.com.br/tapiocadelivery;brand_not_confirmed|name_not_confirmed
3e32d9c6-3c16-47a9-912a-b3627b13088d;Bonitinha das tapiocas;Bonitinha das tapiocas Cabedelo Av. Pôr do Sol (87) 99906-3738 Cabedelo PB cardapio pedido delivery;;red;20;deliveryapp.neemo.com.br;organic;Tapiocaria Sabor de Raiz - Web Delivery;https://deliveryapp.neemo.com.br/delivery/745/cardapio;city_not_confirmed
3e32d9c6-3c16-47a9-912a-b3627b13088d;Bonitinha das tapiocas;Bonitinha das tapiocas Cabedelo Av. Pôr do Sol (87) 99906-3738 Cabedelo PB cardapio pedido delivery;;red;20;pedir.delivery;organic;TAPIOCAS O LÉO - pedir.delivery;https://pedir.delivery/app/tapiocasoleo/menu;city_not_confirmed
3e32d9c6-3c16-47a9-912a-b3627b13088d;Bonitinha das tapiocas;Bonitinha das tapiocas Cabedelo Av. Pôr do Sol (87) 99906-3738 Cabedelo PB cardapio pedido delivery;;red;15;instagram;derived_instagram_handle;Instagram profile @tapioquinhadasueli;https://instagram.com/tapioquinhadasueli;derived_handle_brand_not_confirmed|city_not_confirmed
3e32d9c6-3c16-47a9-912a-b3627b13088d;Bonitinha das tapiocas;Bonitinha das tapiocas Cabedelo Av. Pôr do Sol (87) 99906-3738 Cabedelo PB cardapio pedido delivery;;red;2;instagram;organic;Hoje conheci o a @tapioquinhadasueli, que já namorava aqui ...;https://instagram.com/reel/DShxItjDhPG;instagram_reel_not_profile|instagram_profile_not_canonicalizable|city_not_confirmed
3e32d9c6-3c16-47a9-912a-b3627b13088d;Bonitinha das tapiocas;Bonitinha das tapiocas Cabedelo Av. Pôr do Sol (87) 99906-3738 Cabedelo PB cardapio pedido delivery;;red;2;instagram;organic;Temos um cardápio de Tapiocas Doces e Salgadas te ...;https://instagram.com/reel/DSLEXOxCWVK;instagram_reel_not_profile|instagram_profile_not_canonicalizable|city_not_confirmed
3e32d9c6-3c16-47a9-912a-b3627b13088d;Bonitinha das tapiocas;Bonitinha das tapiocas Cabedelo Av. Pôr do Sol (87) 99906-3738 Cabedelo PB cardapio pedido delivery;;red;-46;youtube.com;organic;Dizem ser A MELHOR TAPIOCA da orla de João Pessoa ...;https://youtube.com/watch?v=G9dan7bbAdQ;brand_not_confirmed|name_not_confirmed|city_not_confirmed
3e32d9c6-3c16-47a9-912a-b3627b13088d;Bonitinha das tapiocas;Bonitinha das tapiocas Cabedelo Av. Pôr do Sol (87) 99906-3738 Cabedelo PB cardapio pedido delivery;;red;-46;rappi.com.br;organic;Tapiocando Bar e Restaurante - República;https://rappi.com.br/restaurantes/900659987-tapiocando-bar-e-restaurante;brand_not_confirmed|name_not_confirmed|city_not_confirmed
37ab4f58-d719-4d80-a795-591129dcd723;RESTAURANTE DA WILMA;RESTAURANTE DA WILMA Cabedelo Jacaré (83) 98732-3938 Cabedelo PB cardapio pedido delivery;yes;green;86;menudino;organic;Delivery de Lanchonete em Cabedelo;https://menudino.com/delivery/cabedelo-pb/lanchonete;brand_not_confirmed
37ab4f58-d719-4d80-a795-591129dcd723;RESTAURANTE DA WILMA;RESTAURANTE DA WILMA Cabedelo Jacaré (83) 98732-3938 Cabedelo PB cardapio pedido delivery;;yellow;80;anota_ai;organic;NOVO ORIENTE INTERMARES | Delivery em Cabedelo;https://pedido.anota.ai/loja/novo-oriente-intermares-;brand_not_confirmed
37ab4f58-d719-4d80-a795-591129dcd723;RESTAURANTE DA WILMA;RESTAURANTE DA WILMA Cabedelo Jacaré (83) 98732-3938 Cabedelo PB cardapio pedido delivery;;red;11;instagram;organic;Cibelly Mar | Restaurante Flutuante (@cibellymarr);https://instagram.com/cibellymarr;brand_not_confirmed
37ab4f58-d719-4d80-a795-591129dcd723;RESTAURANTE DA WILMA;RESTAURANTE DA WILMA Cabedelo Jacaré (83) 98732-3938 Cabedelo PB cardapio pedido delivery;;red;6;ze.delivery;organic;Delivery de em Cabedelo - PB;https://ze.delivery/em/cabedelo-pb;brand_not_confirmed
37ab4f58-d719-4d80-a795-591129dcd723;RESTAURANTE DA WILMA;RESTAURANTE DA WILMA Cabedelo Jacaré (83) 98732-3938 Cabedelo PB cardapio pedido delivery;;red;1;instagram;organic;Delivery Menu (@deliverymenu);https://instagram.com/deliverymenu;brand_not_confirmed|city_not_confirmed
37ab4f58-d719-4d80-a795-591129dcd723;RESTAURANTE DA WILMA;RESTAURANTE DA WILMA Cabedelo Jacaré (83) 98732-3938 Cabedelo PB cardapio pedido delivery;;red;0;tripadvisor;organic;Restaurantes com serviço de entrega em Cabedelo;https://tripadvisor.com.br/Restaurants-g793398-zfp19-Cabedelo_State_of_Paraiba.html;brand_not_confirmed
37ab4f58-d719-4d80-a795-591129dcd723;RESTAURANTE DA WILMA;RESTAURANTE DA WILMA Cabedelo Jacaré (83) 98732-3938 Cabedelo PB cardapio pedido delivery;;red;-4;wanderboat.ai;organic;RESTAURANTE DA WILMA - Jacaré, Cabedelo;https://wanderboat.ai/restaurants/brazil/regi%C3%A3o-geogr%C3%A1fica-imediata-de-jo%C3%A3o-pessoa/restaurante-da-wilma/nvs08PieR7S5uEaHym-Q2g;brand_not_confirmed
37ab4f58-d719-4d80-a795-591129dcd723;RESTAURANTE DA WILMA;RESTAURANTE DA WILMA Cabedelo Jacaré (83) 98732-3938 Cabedelo PB cardapio pedido delivery;;red;-42;instagram;organic;"Cibelly Mar | Restaurante Flutuante on Instagram: ""Somos um ...";https://instagram.com/reel/DJoqOfpt7Bf;instagram_reel_not_profile|brand_not_confirmed|instagram_profile_not_canonicalizable
2b235799-a9b7-4b5b-b754-6aced57e707b;Atlântico bar, cabedelo;Atlântico bar, cabedelo Cabedelo Cassiano, Av. Cassiano da Cunha Nóbrega - Ponta de Matos (83) 99187-8408 Cabedelo PB cardapio pedido delivery;yes;yellow;68;anota_ai;organic;Rosa Lanches | Delivery em Cabedelo | Pedido online;https://pedido.anota.ai/loja/rosa-lanches;brand_not_confirmed|name_not_confirmed
2b235799-a9b7-4b5b-b754-6aced57e707b;Atlântico bar, cabedelo;Atlântico bar, cabedelo Cabedelo Cassiano, Av. Cassiano da Cunha Nóbrega - Ponta de Matos (83) 99187-8408 Cabedelo PB cardapio pedido delivery;;red;38;wanderboat.ai;organic;Atlântico bar, cabedelo - Cassiano;https://wanderboat.ai/restaurants/brazil/regi%C3%A3o-geogr%C3%A1fica-imediata-de-jo%C3%A3o-pessoa/atl%C3%A2ntico-bar%2C-cabedelo/-BxB0LhkQVujUbX6gAKAcg;
2b235799-a9b7-4b5b-b754-6aced57e707b;Atlântico bar, cabedelo;Atlântico bar, cabedelo Cabedelo Cassiano, Av. Cassiano da Cunha Nóbrega - Ponta de Matos (83) 99187-8408 Cabedelo PB cardapio pedido delivery;;red;30;cabedelo.pb.gov.br;organic;Onde comer | Prefeitura de Cabedelo;https://cabedelo.pb.gov.br/turismoemcabedelo/onde-comer;
2b235799-a9b7-4b5b-b754-6aced57e707b;Atlântico bar, cabedelo;Atlântico bar, cabedelo Cabedelo Cassiano, Av. Cassiano da Cunha Nóbrega - Ponta de Matos (83) 99187-8408 Cabedelo PB cardapio pedido delivery;;red;-7;instagram;organic;Tenda Formosa restaurante (@tendaformosaoficial);https://instagram.com/tendaformosaoficial;brand_not_confirmed|name_not_confirmed
2b235799-a9b7-4b5b-b754-6aced57e707b;Atlântico bar, cabedelo;Atlântico bar, cabedelo Cabedelo Cassiano, Av. Cassiano da Cunha Nóbrega - Ponta de Matos (83) 99187-8408 Cabedelo PB cardapio pedido delivery;;red;-12;ze.delivery;organic;Delivery de em Cabedelo - PB;https://ze.delivery/em/cabedelo-pb;brand_not_confirmed|name_not_confirmed
2b235799-a9b7-4b5b-b754-6aced57e707b;Atlântico bar, cabedelo;Atlântico bar, cabedelo Cabedelo Cassiano, Av. Cassiano da Cunha Nóbrega - Ponta de Matos (83) 99187-8408 Cabedelo PB cardapio pedido delivery;;red;-18;tripadvisor;organic;SUMÉ BAR E RESTAURANTE, Cabedelo - City Center;https://tripadvisor.com.br/Restaurant_Review-g793398-d5367262-Reviews-Sume_Bar_e_Restaurante-Cabedelo_State_of_Paraiba.html;brand_not_confirmed|name_not_confirmed
2b235799-a9b7-4b5b-b754-6aced57e707b;Atlântico bar, cabedelo;Atlântico bar, cabedelo Cabedelo Cassiano, Av. Cassiano da Cunha Nóbrega - Ponta de Matos (83) 99187-8408 Cabedelo PB cardapio pedido delivery;;red;-24;vendaagora.com;organic;bar do ivo - cabedelo - pb;https://vendaagora.com/bardoivo;brand_not_confirmed|name_not_confirmed
2b235799-a9b7-4b5b-b754-6aced57e707b;Atlântico bar, cabedelo;Atlântico bar, cabedelo Cabedelo Cassiano, Av. Cassiano da Cunha Nóbrega - Ponta de Matos (83) 99187-8408 Cabedelo PB cardapio pedido delivery;;red;-54;instagram;organic;Caldinho Prime | Praia Formosa| Cabedelo | Peixe inteiro no ...;https://instagram.com/reel/C6mL4S-rCOE;instagram_reel_not_profile|brand_not_confirmed|name_not_confirmed|instagram_profile_not_canonicalizable
3a22854f-4f10-4a9c-9bdc-cd40abef570e;Tapiocaria da Edna Paraiba;Tapiocaria da Edna Paraiba Cabedelo R. Praia do Jacaré - Jacaré (83) 98821-2431 Cabedelo PB cardapio pedido delivery;yes;green;86;instadelivery;organic;Melhores delivery de Cabedelo;https://portal.instadelivery.com.br/cabedelo;brand_not_confirmed
3a22854f-4f10-4a9c-9bdc-cd40abef570e;Tapiocaria da Edna Paraiba;Tapiocaria da Edna Paraiba Cabedelo R. Praia do Jacaré - Jacaré (83) 98821-2431 Cabedelo PB cardapio pedido delivery;;yellow;80;anota_ai;organic;Boteco da Arena | Delivery em Cabedelo | Pedido online;https://pedido.anota.ai/loja/boteco-da-arena;brand_not_confirmed
3a22854f-4f10-4a9c-9bdc-cd40abef570e;Tapiocaria da Edna Paraiba;Tapiocaria da Edna Paraiba Cabedelo R. Praia do Jacaré - Jacaré (83) 98821-2431 Cabedelo PB cardapio pedido delivery;;red;6;food.valeup.com.br;organic;Delivery em Cabedelo, PB - Vale Up Food;https://food.valeup.com.br/lista/cabedelo-pb;brand_not_confirmed
3a22854f-4f10-4a9c-9bdc-cd40abef570e;Tapiocaria da Edna Paraiba;Tapiocaria da Edna Paraiba Cabedelo R. Praia do Jacaré - Jacaré (83) 98821-2431 Cabedelo PB cardapio pedido delivery;;red;0;tripadvisor;organic;Os 10 melhores restaurantes próximos ao Praia do Jacaré;https://tripadvisor.com.br/RestaurantsNear-g793398-d4056588-Jacare_Beach-Cabedelo_State_of_Paraiba.html;brand_not_confirmed
3a22854f-4f10-4a9c-9bdc-cd40abef570e;Tapiocaria da Edna Paraiba;Tapiocaria da Edna Paraiba Cabedelo R. Praia do Jacaré - Jacaré (83) 98821-2431 Cabedelo PB cardapio pedido delivery;;red;-6;superamarelas.com;organic;Em Cabedelo na Paraíba Tapioca da Selma. - Super Amarelas;https://superamarelas.com/classificados/2922/lanchonetes/em-cabedelo-na-paraiba-tapioca-da-selma-cabedelo-pb/2;brand_not_confirmed
3a22854f-4f10-4a9c-9bdc-cd40abef570e;Tapiocaria da Edna Paraiba;Tapiocaria da Edna Paraiba Cabedelo R. Praia do Jacaré - Jacaré (83) 98821-2431 Cabedelo PB cardapio pedido delivery;;red;-12;facebook;organic;Tapioca recheada | R$0.00 | Cabedelo, Paraíba;https://facebook.com/groups/541356382560394/posts/27232630319672971;brand_not_confirmed
3a22854f-4f10-4a9c-9bdc-cd40abef570e;Tapiocaria da Edna Paraiba;Tapiocaria da Edna Paraiba Cabedelo R. Praia do Jacaré - Jacaré (83) 98821-2431 Cabedelo PB cardapio pedido delivery;;red;-42;instagram;organic;Cibelly Mar | Restaurante Flutuante ...;https://instagram.com/reel/DJoqOfpt7Bf;instagram_reel_not_profile|brand_not_confirmed|instagram_profile_not_canonicalizable
3a22854f-4f10-4a9c-9bdc-cd40abef570e;Tapiocaria da Edna Paraiba;Tapiocaria da Edna Paraiba Cabedelo R. Praia do Jacaré - Jacaré (83) 98821-2431 Cabedelo PB cardapio pedido delivery;;red;-52;instagram;organic;Temos um cardápio de Tapiocas Doces e Salgadas te ...;https://instagram.com/reel/DXfJ3vxjDlb;instagram_reel_not_profile|brand_not_confirmed|instagram_profile_not_canonicalizable|city_not_confirmed
738fac6b-80b9-4424-bfb2-3ae18488cfcb;Davi do Coco;Davi do Coco Intermares Av. Oceano Atlântico (83) 98682-0231 Cabedelo PB cardapio pedido delivery;yes;green;88;anota_ai;organic;Casa de davi | Delivery em Cabedelo | Pedido online;https://pedido.anota.ai/loja/casa-de-davi;brand_not_confirmed
738fac6b-80b9-4424-bfb2-3ae18488cfcb;Davi do Coco;Davi do Coco Intermares Av. Oceano Atlântico (83) 98682-0231 Cabedelo PB cardapio pedido delivery;;yellow;53;instagram;derived_instagram_handle;Instagram profile @cocointermares;https://instagram.com/cocointermares;city_not_confirmed
738fac6b-80b9-4424-bfb2-3ae18488cfcb;Davi do Coco;Davi do Coco Intermares Av. Oceano Atlântico (83) 98682-0231 Cabedelo PB cardapio pedido delivery;;red;38;serpapi.com;local;Davi do Coco;https://serpapi.com/search.json?device=desktop&engine=google&gl=br&google_domain=google.com.br&hl=pt-br&ludocid=125948534658124909&q=Davi+do+Coco+Intermares+Av.+Oceano+Atl%C3%A2ntico+%2883%29+98682-0231+Cabedelo+PB+cardapio+pedido+delivery;
738fac6b-80b9-4424-bfb2-3ae18488cfcb;Davi do Coco;Davi do Coco Intermares Av. Oceano Atlântico (83) 98682-0231 Cabedelo PB cardapio pedido delivery;;red;38;serpapi.com;local;Léo do Côco;https://serpapi.com/search.json?device=desktop&engine=google&gl=br&google_domain=google.com.br&hl=pt-br&ludocid=4091588336682117584&q=Davi+do+Coco+Intermares+Av.+Oceano+Atl%C3%A2ntico+%2883%29+98682-0231+Cabedelo+PB+cardapio+pedido+delivery;
738fac6b-80b9-4424-bfb2-3ae18488cfcb;Davi do Coco;Davi do Coco Intermares Av. Oceano Atlântico (83) 98682-0231 Cabedelo PB cardapio pedido delivery;;red;-2;instagram;organic;Vem tomar aquela água de coco gelada e no precinho aqui ...;https://instagram.com/reel/DaICKUBSBFp;instagram_reel_not_profile|instagram_profile_not_canonicalizable|city_not_confirmed
738fac6b-80b9-4424-bfb2-3ae18488cfcb;Davi do Coco;Davi do Coco Intermares Av. Oceano Atlântico (83) 98682-0231 Cabedelo PB cardapio pedido delivery;;red;-2;instagram;organic;Venham tomar aquela água de coco no precinho aqui ...;https://instagram.com/p/DaBXHGipWop;instagram_p_not_profile|instagram_profile_not_canonicalizable|city_not_confirmed
738fac6b-80b9-4424-bfb2-3ae18488cfcb;Davi do Coco;Davi do Coco Intermares Av. Oceano Atlântico (83) 98682-0231 Cabedelo PB cardapio pedido delivery;;red;-12;ze.delivery;organic;Delivery de em Cabedelo - PB;https://ze.delivery/em/cabedelo-pb;brand_not_confirmed|name_not_confirmed
738fac6b-80b9-4424-bfb2-3ae18488cfcb;Davi do Coco;Davi do Coco Intermares Av. Oceano Atlântico (83) 98682-0231 Cabedelo PB cardapio pedido delivery;;red;-34;pedizap.com.br;organic;Pedizap - Monte seu Cardápio e Receba os Pedidos via ...;https://pedizap.com.br;brand_not_confirmed|name_not_confirmed|city_not_confirmed
9007523d-76dc-4621-a738-134d99dfddd1;Manos Burger Cabedelo;Manos Burger Cabedelo Cabedelo Praça Getúlio Vargas - Ponta de Matos (83) 98125-7854 Cabedelo PB cardapio pedido delivery;yes;green;86;menudino;organic;Restaurantes em Cabedelo;https://menudino.com/delivery/cabedelo-pb;brand_not_confirmed
9007523d-76dc-4621-a738-134d99dfddd1;Manos Burger Cabedelo;Manos Burger Cabedelo Cabedelo Praça Getúlio Vargas - Ponta de Matos (83) 98125-7854 Cabedelo PB cardapio pedido delivery;;yellow;81;instagram;organic;Manos Burger Cabedelo (@manosburgercabedelo);https://instagram.com/manosburgercabedelo;
9007523d-76dc-4621-a738-134d99dfddd1;Manos Burger Cabedelo;Manos Burger Cabedelo Cabedelo Praça Getúlio Vargas - Ponta de Matos (83) 98125-7854 Cabedelo PB cardapio pedido delivery;;yellow;80;anota_ai;organic;I LOVE BURGUER | Delivery em Cabedelo | Pedido online;https://pedido.anota.ai/loja/i-love-burguer-8;brand_not_confirmed
9007523d-76dc-4621-a738-134d99dfddd1;Manos Burger Cabedelo;Manos Burger Cabedelo Cabedelo Praça Getúlio Vargas - Ponta de Matos (83) 98125-7854 Cabedelo PB cardapio pedido delivery;;red;7;instagram;organic;I ❤ Burguer (@iloveburguerpb);https://instagram.com/iloveburguerpb;brand_not_confirmed|city_not_confirmed
9007523d-76dc-4621-a738-134d99dfddd1;Manos Burger Cabedelo;Manos Burger Cabedelo Cabedelo Praça Getúlio Vargas - Ponta de Matos (83) 98125-7854 Cabedelo PB cardapio pedido delivery;;red;-8;cardapei.com.br;organic;Manos Lanches - Cardápio Digital;https://cardapei.com.br/manoslanches;brand_not_confirmed|city_not_confirmed
9007523d-76dc-4621-a738-134d99dfddd1;Manos Burger Cabedelo;Manos Burger Cabedelo Cabedelo Praça Getúlio Vargas - Ponta de Matos (83) 98125-7854 Cabedelo PB cardapio pedido delivery;;red;-8;pedir.delivery;organic;MANO'S BURG - pedir.delivery;https://pedir.delivery/app/manosburg/menu;brand_not_confirmed|city_not_confirmed
9007523d-76dc-4621-a738-134d99dfddd1;Manos Burger Cabedelo;Manos Burger Cabedelo Cabedelo Praça Getúlio Vargas - Ponta de Matos (83) 98125-7854 Cabedelo PB cardapio pedido delivery;;red;-22;homeburgerpb.com.br;organic;https://homeburgerpb.com.br/homeburger2/homeburger...;https://homeburgerpb.com.br/homeburger2/homeburgerpb?dd=menu;brand_not_confirmed|city_not_confirmed
9007523d-76dc-4621-a738-134d99dfddd1;Manos Burger Cabedelo;Manos Burger Cabedelo Cabedelo Praça Getúlio Vargas - Ponta de Matos (83) 98125-7854 Cabedelo PB cardapio pedido delivery;;red;-30;instagram;organic;CABEDELO/PB Umas das muitas coisas boas de fazer esse ...;https://instagram.com/reel/DWCkMp8EUgV;instagram_reel_not_profile|brand_not_confirmed|instagram_profile_not_canonicalizable
fa5d1264-03c0-491d-a52a-4bad168948b0;JKZ Alimentos (AÇAÍto);JKZ Alimentos (AÇAÍto) Cabedelo R. José Faustino da Silva Filho - Lot. Parque Esperanca (83) 3268-0219 Cabedelo PB cardapio pedido delivery;yes;yellow;62;instadelivery;organic;AçaíKm0 Cardápio - Delivery de Açai em Cabedelo;https://instadelivery.com.br/acaikm0;brand_not_confirmed|name_not_confirmed
fa5d1264-03c0-491d-a52a-4bad168948b0;JKZ Alimentos (AÇAÍto);JKZ Alimentos (AÇAÍto) Cabedelo R. José Faustino da Silva Filho - Lot. Parque Esperanca (83) 3268-0219 Cabedelo PB cardapio pedido delivery;;red;38;panrotas.com.br;organic;Empresa de açaí da Paraíba tem soluções para food service;https://panrotas.com.br/noticia-turismo/hotelaria/2013/11/empresa-de-acai-da-paraiba-tem-solucoes-para-food-service_93977.html;
fa5d1264-03c0-491d-a52a-4bad168948b0;JKZ Alimentos (AÇAÍto);JKZ Alimentos (AÇAÍto) Cabedelo R. José Faustino da Silva Filho - Lot. Parque Esperanca (83) 3268-0219 Cabedelo PB cardapio pedido delivery;;red;34;cardapioweb;organic;Jk Açaí;https://app.cardapioweb.com/jk_acai;brand_not_confirmed|name_not_confirmed|city_not_confirmed
fa5d1264-03c0-491d-a52a-4bad168948b0;JKZ Alimentos (AÇAÍto);JKZ Alimentos (AÇAÍto) Cabedelo R. José Faustino da Silva Filho - Lot. Parque Esperanca (83) 3268-0219 Cabedelo PB cardapio pedido delivery;;red;-12;consumer.com.br;organic;Sistema para Açaiterias e Lojas de Açaí em Cabedelo;https://consumer.com.br/sistema-para-acaiterias/cabedelo/pb?srsltid=AfmBOop1fks58-ECvsLovpFF4OWxq3-TuniOe_N1_XLhpLXRbicykNPK;brand_not_confirmed|name_not_confirmed
fa5d1264-03c0-491d-a52a-4bad168948b0;JKZ Alimentos (AÇAÍto);JKZ Alimentos (AÇAÍto) Cabedelo R. José Faustino da Silva Filho - Lot. Parque Esperanca (83) 3268-0219 Cabedelo PB cardapio pedido delivery;;red;-18;saketemaki.com;organic;Sakê - Restaurante Japonês em João Pessoa e Cabedelo;https://saketemaki.com;brand_not_confirmed|name_not_confirmed
fa5d1264-03c0-491d-a52a-4bad168948b0;JKZ Alimentos (AÇAÍto);JKZ Alimentos (AÇAÍto) Cabedelo R. José Faustino da Silva Filho - Lot. Parque Esperanca (83) 3268-0219 Cabedelo PB cardapio pedido delivery;;red;-24;facebook;organic;Açaí Pix | Cabedelo PB;https://facebook.com/acaipix/?locale=pt_PT;brand_not_confirmed|name_not_confirmed
fa5d1264-03c0-491d-a52a-4bad168948b0;JKZ Alimentos (AÇAÍto);JKZ Alimentos (AÇAÍto) Cabedelo R. José Faustino da Silva Filho - Lot. Parque Esperanca (83) 3268-0219 Cabedelo PB cardapio pedido delivery;;red;-34;pigz.com.br;organic;Tem tudo no Pigz: Restaurantes, Ingresso e Mais;https://pigz.com.br;brand_not_confirmed|name_not_confirmed|city_not_confirmed
fa5d1264-03c0-491d-a52a-4bad168948b0;JKZ Alimentos (AÇAÍto);JKZ Alimentos (AÇAÍto) Cabedelo R. José Faustino da Silva Filho - Lot. Parque Esperanca (83) 3268-0219 Cabedelo PB cardapio pedido delivery;;red;-46;acaitasty.com.br;organic;Açaí Foods;https://acaitasty.com.br;brand_not_confirmed|name_not_confirmed|city_not_confirmed
98181d40-599b-4cb9-89c9-d65dca257d97;Pastelão da BR;Pastelão da BR Cabedelo BR-230 - Amazonia Park (83) 98644-4647 Cabedelo PB cardapio pedido delivery;yes;green;86;anota_ai;organic;Pastel da elô | Delivery em Cabedelo | Pedido online;https://pedido.anota.ai/loja/pastel-da-elo;brand_not_confirmed
98181d40-599b-4cb9-89c9-d65dca257d97;Pastelão da BR;Pastelão da BR Cabedelo BR-230 - Amazonia Park (83) 98644-4647 Cabedelo PB cardapio pedido delivery;;green;86;menudino;organic;Cardápio Lá casa de pastel Cabedelo - MenuDino;https://lacasadepastelpb.menudino.com.br;brand_not_confirmed
98181d40-599b-4cb9-89c9-d65dca257d97;Pastelão da BR;Pastelão da BR Cabedelo BR-230 - Amazonia Park (83) 98644-4647 Cabedelo PB cardapio pedido delivery;;yellow;80;instadelivery;organic;Melhores delivery de Cabedelo;https://portal.instadelivery.com.br/cabedelo;brand_not_confirmed
98181d40-599b-4cb9-89c9-d65dca257d97;Pastelão da BR;Pastelão da BR Cabedelo BR-230 - Amazonia Park (83) 98644-4647 Cabedelo PB cardapio pedido delivery;;yellow;68;whatsmenu;organic;PASTELARIA LITORANEA;https://whatsmenu.com.br/pastelarialitoranea;brand_not_confirmed
98181d40-599b-4cb9-89c9-d65dca257d97;Pastelão da BR;Pastelão da BR Cabedelo BR-230 - Amazonia Park (83) 98644-4647 Cabedelo PB cardapio pedido delivery;;yellow;64;olaclick;organic;Pastel da Elô - Informações Peça Online. Cardápio digital ...;https://pastel-da-elo.ola.click;brand_not_confirmed|city_not_confirmed
98181d40-599b-4cb9-89c9-d65dca257d97;Pastelão da BR;Pastelão da BR Cabedelo BR-230 - Amazonia Park (83) 98644-4647 Cabedelo PB cardapio pedido delivery;;red;23;instagram;organic;lacasadepastelpb (@lacasadepastelpbof) · Cabedelo, PB;https://instagram.com/lacasadepastelpbof;brand_not_confirmed
98181d40-599b-4cb9-89c9-d65dca257d97;Pastelão da BR;Pastelão da BR Cabedelo BR-230 - Amazonia Park (83) 98644-4647 Cabedelo PB cardapio pedido delivery;;red;6;byfood.com.br;organic;Delivery em Cabedelo, PB;https://byfood.com.br/lista/cabedelo-pb;brand_not_confirmed
98181d40-599b-4cb9-89c9-d65dca257d97;Pastelão da BR;Pastelão da BR Cabedelo BR-230 - Amazonia Park (83) 98644-4647 Cabedelo PB cardapio pedido delivery;;red;-16;pasteldobarao.com.br;organic;Meu pedido - Pastel do Barão - Delivery;https://pasteldobarao.com.br/meu-pedido;brand_not_confirmed|city_not_confirmed
0160d19f-be11-446b-a6c5-5048889fff57;Pizzaria nock_nhock;Pizzaria nock_nhock Lot. Parque Esperanca R. Airton Sena (83) 99934-0514 Cabedelo PB cardapio pedido delivery;yes;yellow;64;olaclick;organic;Ponto Certo - Peça Online. Cardápio digital, Preços e Telefones.;https://pontocerto.ola.click/products;brand_not_confirmed|city_not_confirmed
27df6fb8-c364-4b9d-be49-8ddb961464a2;Cosmo Lanches;Cosmo Lanches Jardim Beta Av. Pres. Venceslau Braz (83) 98776-8636 Cabedelo PB cardapio pedido delivery;yes;green;86;menudino;organic;Delivery de Lanchonete em Cabedelo;https://menudino.com/delivery/cabedelo-pb/lanchonete;brand_not_confirmed
27df6fb8-c364-4b9d-be49-8ddb961464a2;Cosmo Lanches;Cosmo Lanches Jardim Beta Av. Pres. Venceslau Braz (83) 98776-8636 Cabedelo PB cardapio pedido delivery;;yellow;80;anota_ai;organic;Rosa Lanches | Delivery em Cabedelo | Pedido online;https://pedido.anota.ai/loja/rosalanches;brand_not_confirmed
27df6fb8-c364-4b9d-be49-8ddb961464a2;Cosmo Lanches;Cosmo Lanches Jardim Beta Av. Pres. Venceslau Braz (83) 98776-8636 Cabedelo PB cardapio pedido delivery;;red;23;instagram;organic;Marcos Lanches - Cabedelo PB (@marcoslanchess_);https://instagram.com/marcoslanchess_;brand_not_confirmed
27df6fb8-c364-4b9d-be49-8ddb961464a2;Cosmo Lanches;Cosmo Lanches Jardim Beta Av. Pres. Venceslau Braz (83) 98776-8636 Cabedelo PB cardapio pedido delivery;;red;6;ze.delivery;organic;Delivery de em Cabedelo - PB;https://ze.delivery/em/cabedelo-pb;brand_not_confirmed
27df6fb8-c364-4b9d-be49-8ddb961464a2;Cosmo Lanches;Cosmo Lanches Jardim Beta Av. Pres. Venceslau Braz (83) 98776-8636 Cabedelo PB cardapio pedido delivery;;red;-6;hubt.com.br;organic;Big Lanches - Cabedelo, PB - Hubt;https://hubt.com.br/big-lanches-;brand_not_confirmed
27df6fb8-c364-4b9d-be49-8ddb961464a2;Cosmo Lanches;Cosmo Lanches Jardim Beta Av. Pres. Venceslau Braz (83) 98776-8636 Cabedelo PB cardapio pedido delivery;;red;-16;toplanchessaoluis.ccmpedidoonline.com.br;organic;Top Lanches - Pedido Online;https://toplanchessaoluis.ccmpedidoonline.com.br;brand_not_confirmed|city_not_confirmed
27df6fb8-c364-4b9d-be49-8ddb961464a2;Cosmo Lanches;Cosmo Lanches Jardim Beta Av. Pres. Venceslau Braz (83) 98776-8636 Cabedelo PB cardapio pedido delivery;;red;-16;closmaq.com;organic;Delivery online;https://closmaq.com;brand_not_confirmed|city_not_confirmed
27df6fb8-c364-4b9d-be49-8ddb961464a2;Cosmo Lanches;Cosmo Lanches Jardim Beta Av. Pres. Venceslau Braz (83) 98776-8636 Cabedelo PB cardapio pedido delivery;;red;-16;rappi.com.br;organic;Come tudo lanches - Santa Sofia Preço e Cardápio delivery;https://rappi.com.br/restaurantes/900598838-come-tudo-lanches;brand_not_confirmed|city_not_confirmed
0ea2219a-fb1e-47e2-9e40-7da6a335dbd6;Pastelle (Pastelaria artesanal);Pastelle (Pastelaria artesanal) Cabedelo R. Raul Seixas - Renascer (83) 98690-5043 Cabedelo PB cardapio pedido delivery;yes;yellow;68;menudino;organic;Cardápio Lá casa de pastel Cabedelo - MenuDino;https://lacasadepastelpb.menudino.com.br;brand_not_confirmed|name_not_confirmed
0ea2219a-fb1e-47e2-9e40-7da6a335dbd6;Pastelle (Pastelaria artesanal);Pastelle (Pastelaria artesanal) Cabedelo R. Raul Seixas - Renascer (83) 98690-5043 Cabedelo PB cardapio pedido delivery;;yellow;62;anota_ai;organic;Pastel da elô | Delivery em Cabedelo | Pedido online;https://pedido.anota.ai/loja/pastel-da-elo;brand_not_confirmed|name_not_confirmed
0ea2219a-fb1e-47e2-9e40-7da6a335dbd6;Pastelle (Pastelaria artesanal);Pastelle (Pastelaria artesanal) Cabedelo R. Raul Seixas - Renascer (83) 98690-5043 Cabedelo PB cardapio pedido delivery;;yellow;46;olaclick;organic;Pastel da Elô - Informações Peça Online. Cardápio digital ...;https://pastel-da-elo.ola.click;brand_not_confirmed|name_not_confirmed|city_not_confirmed
0ea2219a-fb1e-47e2-9e40-7da6a335dbd6;Pastelle (Pastelaria artesanal);Pastelle (Pastelaria artesanal) Cabedelo R. Raul Seixas - Renascer (83) 98690-5043 Cabedelo PB cardapio pedido delivery;;red;20;pastelle.chefware.com.br;organic;Pastelle Pastelaria - Pedido Online - Blumenau/SC;https://pastelle.chefware.com.br;city_not_confirmed
0ea2219a-fb1e-47e2-9e40-7da6a335dbd6;Pastelle (Pastelaria artesanal);Pastelle (Pastelaria artesanal) Cabedelo R. Raul Seixas - Renascer (83) 98690-5043 Cabedelo PB cardapio pedido delivery;;red;-34;rappi.com.br;organic;Trembom Marmitaria - Renascer Preço e Cardápio delivery;https://rappi.com.br/restaurantes/900125548-trembom-marmitaria;brand_not_confirmed|name_not_confirmed|city_not_confirmed
0ea2219a-fb1e-47e2-9e40-7da6a335dbd6;Pastelle (Pastelaria artesanal);Pastelle (Pastelaria artesanal) Cabedelo R. Raul Seixas - Renascer (83) 98690-5043 Cabedelo PB cardapio pedido delivery;;red;-34;ciapastel.com.br;organic;Cia do Pastel: Inicial;https://ciapastel.com.br;brand_not_confirmed|name_not_confirmed|city_not_confirmed
0ea2219a-fb1e-47e2-9e40-7da6a335dbd6;Pastelle (Pastelaria artesanal);Pastelle (Pastelaria artesanal) Cabedelo R. Raul Seixas - Renascer (83) 98690-5043 Cabedelo PB cardapio pedido delivery;;red;-70;instagram;organic;Chama no WhatsApp (83)9 9617-4595 ...;https://instagram.com/p/CvNrdzQOvPt;instagram_p_not_profile|brand_not_confirmed|name_not_confirmed|instagram_profile_not_canonicalizable|city_not_confirmed
0ea2219a-fb1e-47e2-9e40-7da6a335dbd6;Pastelle (Pastelaria artesanal);Pastelle (Pastelaria artesanal) Cabedelo R. Raul Seixas - Renascer (83) 98690-5043 Cabedelo PB cardapio pedido delivery;;red;-70;instagram;organic;Cuida... Vem provar nossos pastéis super recheados e ...;https://instagram.com/reel/DTdo4czkn7T;instagram_reel_not_profile|brand_not_confirmed|name_not_confirmed|instagram_profile_not_canonicalizable|city_not_confirmed
afa4d143-2996-418e-af22-d839e60b546a;Porto do Café;Porto do Café Centro Praça Getúlio Vargas (83) 98845-4070 Cabedelo PB cardapio pedido delivery;yes;yellow;62;anota_ai;organic;Ponto 4 Burguer, Pizzaria e Lanches;https://app.anota.ai/ponto-4-burguer-pizzaria-e-lanches;brand_not_confirmed|name_not_confirmed
afa4d143-2996-418e-af22-d839e60b546a;Porto do Café;Porto do Café Centro Praça Getúlio Vargas (83) 98845-4070 Cabedelo PB cardapio pedido delivery;;yellow;61;instagram;organic;CAFETERIA | PORTO DO CAFÉ (@portodocafe__);https://instagram.com/portodocafe__;city_not_confirmed
afa4d143-2996-418e-af22-d839e60b546a;Porto do Café;Porto do Café Centro Praça Getúlio Vargas (83) 98845-4070 Cabedelo PB cardapio pedido delivery;;red;10;instagram;organic;Porto Café | Brás e Tatuapé | Aqui na Porto você pode fazer ...;https://instagram.com/reel/DNgV-G_xKpY;instagram_reel_not_profile|instagram_profile_not_canonicalizable|city_not_confirmed
afa4d143-2996-418e-af22-d839e60b546a;Porto do Café;Porto do Café Centro Praça Getúlio Vargas (83) 98845-4070 Cabedelo PB cardapio pedido delivery;;red;2;portodecabedelo.pb.gov.br;organic;Porto De Cabedelo;https://portodecabedelo.pb.gov.br/porto;brand_not_confirmed
afa4d143-2996-418e-af22-d839e60b546a;Porto do Café;Porto do Café Centro Praça Getúlio Vargas (83) 98845-4070 Cabedelo PB cardapio pedido delivery;;red;-8;quierocafe.com.br;organic;Quiero Café - Café, restaurante e bar;https://quierocafe.com.br;brand_not_confirmed|city_not_confirmed
afa4d143-2996-418e-af22-d839e60b546a;Porto do Café;Porto do Café Centro Praça Getúlio Vargas (83) 98845-4070 Cabedelo PB cardapio pedido delivery;;red;-20;portodosabor.com.br;organic;Porto do Sabor;https://portodosabor.com.br;brand_not_confirmed|city_not_confirmed
afa4d143-2996-418e-af22-d839e60b546a;Porto do Café;Porto do Café Centro Praça Getúlio Vargas (83) 98845-4070 Cabedelo PB cardapio pedido delivery;;red;-20;cafedoponto.com.br;organic;Café do Ponto: Café torrado e moído e Café em grãos;https://cafedoponto.com.br;brand_not_confirmed|city_not_confirmed
afa4d143-2996-418e-af22-d839e60b546a;Porto do Café;Porto do Café Centro Praça Getúlio Vargas (83) 98845-4070 Cabedelo PB cardapio pedido delivery;;red;-34;pedizap.com.br;organic;Pedizap - Monte seu Cardápio e Receba os Pedidos via ...;https://pedizap.com.br;brand_not_confirmed|name_not_confirmed|city_not_confirmed
a9904835-65ca-4efd-9caf-c8c7354f9ee5;Self-service da nany;Self-service da nany Cabedelo R. Monsenhor Valfredo Leal - Vila Sao Joao (83) 99101-1680 Cabedelo PB cardapio pedido delivery;yes;green;124;anota_ai;organic;Self-service da nany | Delivery em Cabedelo | Pedido online;https://pedido.anota.ai/loja/selfservice-da-nany;
a9904835-65ca-4efd-9caf-c8c7354f9ee5;Self-service da nany;Self-service da nany Cabedelo R. Monsenhor Valfredo Leal - Vila Sao Joao (83) 99101-1680 Cabedelo PB cardapio pedido delivery;;green;124;anota_ai;organic;Self Service da Nany | Delivery em Cabedelo | Pedido online;https://pedido.anota.ai/loja/self-service-da-nany;
a9904835-65ca-4efd-9caf-c8c7354f9ee5;Self-service da nany;Self-service da nany Cabedelo R. Monsenhor Valfredo Leal - Vila Sao Joao (83) 99101-1680 Cabedelo PB cardapio pedido delivery;;yellow;77;instagram;organic;SELF-SERVICE & MARMITARIA (@selfservicedanany_);https://instagram.com/selfservicedanany_;
a9904835-65ca-4efd-9caf-c8c7354f9ee5;Self-service da nany;Self-service da nany Cabedelo R. Monsenhor Valfredo Leal - Vila Sao Joao (83) 99101-1680 Cabedelo PB cardapio pedido delivery;;yellow;68;olaclick;organic;Cardápio digital - Comida Caseira da Elly;https://comidacaseiradaelly.ola.click/products;brand_not_confirmed|name_not_confirmed
a9904835-65ca-4efd-9caf-c8c7354f9ee5;Self-service da nany;Self-service da nany Cabedelo R. Monsenhor Valfredo Leal - Vila Sao Joao (83) 99101-1680 Cabedelo PB cardapio pedido delivery;;yellow;68;menudino;organic;Restaurantes em Cabedelo;https://menudino.com/delivery/cabedelo-pb;brand_not_confirmed|name_not_confirmed
a9904835-65ca-4efd-9caf-c8c7354f9ee5;Self-service da nany;Self-service da nany Cabedelo R. Monsenhor Valfredo Leal - Vila Sao Joao (83) 99101-1680 Cabedelo PB cardapio pedido delivery;;red;-12;byfood.com.br;organic;Delivery em Cabedelo, PB;https://byfood.com.br/lista/cabedelo-pb;brand_not_confirmed|name_not_confirmed
a9904835-65ca-4efd-9caf-c8c7354f9ee5;Self-service da nany;Self-service da nany Cabedelo R. Monsenhor Valfredo Leal - Vila Sao Joao (83) 99101-1680 Cabedelo PB cardapio pedido delivery;;red;-12;ze.delivery;organic;Delivery de em Cabedelo - PB;https://ze.delivery/em/cabedelo-pb;brand_not_confirmed|name_not_confirmed
a9904835-65ca-4efd-9caf-c8c7354f9ee5;Self-service da nany;Self-service da nany Cabedelo R. Monsenhor Valfredo Leal - Vila Sao Joao (83) 99101-1680 Cabedelo PB cardapio pedido delivery;;red;-24;cabedelo.pb.gov.br;organic;Prefeitura de Cabedelo entrega mais um Restaurante ...;https://cabedelo.pb.gov.br/prefeitura-de-cabedelo-entrega-mais-um-restaurante-popular-na-cidade;brand_not_confirmed|name_not_confirmed
274e26ff-b503-440c-8c30-411d9d7c361f;Big lanches camboinha;Big lanches camboinha Camboinha R. Márcia Travassos (83) 99136-4218 Cabedelo PB cardapio pedido delivery;yes;yellow;72;whatsmenu;organic;Big lanches delivery;https://whatsmenu.com.br/biglanchesdelivery;brand_not_confirmed|city_not_confirmed
274e26ff-b503-440c-8c30-411d9d7c361f;Big lanches camboinha;Big lanches camboinha Camboinha R. Márcia Travassos (83) 99136-4218 Cabedelo PB cardapio pedido delivery;;yellow;72;instadelivery;organic;BIG LANCHES Cardápio - Delivery de ...;https://instadelivery.com.br/biglanches14;brand_not_confirmed|city_not_confirmed
274e26ff-b503-440c-8c30-411d9d7c361f;Big lanches camboinha;Big lanches camboinha Camboinha R. Márcia Travassos (83) 99136-4218 Cabedelo PB cardapio pedido delivery;;red;2;hubt.com.br;organic;Big Lanches - Cabedelo, PB - Hubt;https://hubt.com.br/big-lanches-;brand_not_confirmed
274e26ff-b503-440c-8c30-411d9d7c361f;Big lanches camboinha;Big lanches camboinha Camboinha R. Márcia Travassos (83) 99136-4218 Cabedelo PB cardapio pedido delivery;;red;-8;google;organic;Big Lanches – Apps no Google Play;https://play.google.com/store/apps/details?id=com.biglanches.ccmpedidoonline&hl=pt_BR;map_not_direct_menu|brand_not_confirmed|city_not_confirmed
274e26ff-b503-440c-8c30-411d9d7c361f;Big lanches camboinha;Big lanches camboinha Camboinha R. Márcia Travassos (83) 99136-4218 Cabedelo PB cardapio pedido delivery;;red;-8;deliveryapp.neemo.com.br;organic;Big Lanches - Web Delivery;https://deliveryapp.neemo.com.br/entrar/1176;brand_not_confirmed|city_not_confirmed
274e26ff-b503-440c-8c30-411d9d7c361f;Big lanches camboinha;Big lanches camboinha Camboinha R. Márcia Travassos (83) 99136-4218 Cabedelo PB cardapio pedido delivery;;red;-8;pedir.delivery;organic;BIG LANCHES - pedir.delivery;https://pedir.delivery/app/biglanches/menu;brand_not_confirmed|city_not_confirmed
274e26ff-b503-440c-8c30-411d9d7c361f;Big lanches camboinha;Big lanches camboinha Camboinha R. Márcia Travassos (83) 99136-4218 Cabedelo PB cardapio pedido delivery;;red;-8;biglanches.ccmpedidoonline.com.br;organic;Big Lanches - Pedido Online;https://biglanches.ccmpedidoonline.com.br;brand_not_confirmed|city_not_confirmed
274e26ff-b503-440c-8c30-411d9d7c361f;Big lanches camboinha;Big lanches camboinha Camboinha R. Márcia Travassos (83) 99136-4218 Cabedelo PB cardapio pedido delivery;;red;-8;facebook;organic;Big Lanches (@deliverybiglanches);https://facebook.com/deliverybiglanches/?locale=pt_BR;brand_not_confirmed|city_not_confirmed
47118179-91f8-4cd7-a84d-f015a7d6033f;Ravellas - Food Truck;Ravellas - Food Truck Cabedelo Rua Clóvis de Holanda Calado - Intermares (83) 98789-1997 Cabedelo PB cardapio pedido delivery;yes;green;116;instadelivery;organic;Melhores delivery de Cabedelo;https://portal.instadelivery.com.br/cabedelo;
47118179-91f8-4cd7-a84d-f015a7d6033f;Ravellas - Food Truck;Ravellas - Food Truck Cabedelo Rua Clóvis de Holanda Calado - Intermares (83) 98789-1997 Cabedelo PB cardapio pedido delivery;;yellow;62;anota_ai;organic;Ponto 4 Burguer, Pizzaria e Lanches;https://app.anota.ai/ponto-4-burguer-pizzaria-e-lanches;brand_not_confirmed|name_not_confirmed
47118179-91f8-4cd7-a84d-f015a7d6033f;Ravellas - Food Truck;Ravellas - Food Truck Cabedelo Rua Clóvis de Holanda Calado - Intermares (83) 98789-1997 Cabedelo PB cardapio pedido delivery;;red;14;byfood.com.br;organic;Delivery em Cabedelo, PB;https://byfood.com.br/lista/cabedelo-pb;brand_not_confirmed
47118179-91f8-4cd7-a84d-f015a7d6033f;Ravellas - Food Truck;Ravellas - Food Truck Cabedelo Rua Clóvis de Holanda Calado - Intermares (83) 98789-1997 Cabedelo PB cardapio pedido delivery;;red;2;instagram;organic;Vem aí o Ravellas Burguer e Barbecue! O fogo 🔥 já está ...;https://instagram.com/p/DOcBd4OjraD;instagram_p_not_profile|instagram_profile_not_canonicalizable|city_not_confirmed
47118179-91f8-4cd7-a84d-f015a7d6033f;Ravellas - Food Truck;Ravellas - Food Truck Cabedelo Rua Clóvis de Holanda Calado - Intermares (83) 98789-1997 Cabedelo PB cardapio pedido delivery;;red;2;tiktok.com;organic;Melhor Hambúrguer Artesanal em Cabedelo/PB;https://tiktok.com/@thalesviu/video/7592026219080699144;brand_not_confirmed
47118179-91f8-4cd7-a84d-f015a7d6033f;Ravellas - Food Truck;Ravellas - Food Truck Cabedelo Rua Clóvis de Holanda Calado - Intermares (83) 98789-1997 Cabedelo PB cardapio pedido delivery;;red;-12;ze.delivery;organic;Delivery de em Cabedelo - PB;https://ze.delivery/em/cabedelo-pb;brand_not_confirmed|name_not_confirmed
47118179-91f8-4cd7-a84d-f015a7d6033f;Ravellas - Food Truck;Ravellas - Food Truck Cabedelo Rua Clóvis de Holanda Calado - Intermares (83) 98789-1997 Cabedelo PB cardapio pedido delivery;;red;-12;cabedelo.pb.gov.br;organic;Galeteria D'Intermares | Prefeitura de Cabedelo;https://cabedelo.pb.gov.br/ondecomer/galeteria-dintermares;brand_not_confirmed|name_not_confirmed
47118179-91f8-4cd7-a84d-f015a7d6033f;Ravellas - Food Truck;Ravellas - Food Truck Cabedelo Rua Clóvis de Holanda Calado - Intermares (83) 98789-1997 Cabedelo PB cardapio pedido delivery;;red;-18;tripadvisor;organic;Restaurantes com serviço de entrega em Cabedelo;https://tripadvisor.com.br/Restaurants-g793398-zfp19-Cabedelo_State_of_Paraiba.html;brand_not_confirmed|name_not_confirmed
74a5c779-4ae7-4e7f-a91f-372783779162;Varanda da pizza Delivery;Varanda da pizza Delivery Cabedelo R. Das Hortências - Parque Esperança (83) 99666-0928 Cabedelo PB cardapio pedido delivery;yes;yellow;100;anota_ai;organic;Varanda Pizza Bar | Delivery em Peruíbe | Pedido online;https://pedido.anota.ai/loja/varanda-pizza-bar;city_not_confirmed
74a5c779-4ae7-4e7f-a91f-372783779162;Varanda da pizza Delivery;Varanda da pizza Delivery Cabedelo R. Das Hortências - Parque Esperança (83) 99666-0928 Cabedelo PB cardapio pedido delivery;;yellow;100;olaclick;organic;Pizzaria Varanda - Informações Peça Online. Cardápio digital ...;https://pizzaria-varanda.ola.click;city_not_confirmed
74a5c779-4ae7-4e7f-a91f-372783779162;Varanda da pizza Delivery;Varanda da pizza Delivery Cabedelo R. Das Hortências - Parque Esperança (83) 99666-0928 Cabedelo PB cardapio pedido delivery;;yellow;65;instagram;organic;Varanda da Pizza Delivery (@varanda_da_pizza_delivery);https://instagram.com/varanda_da_pizza_delivery;city_not_confirmed
74a5c779-4ae7-4e7f-a91f-372783779162;Varanda da pizza Delivery;Varanda da pizza Delivery Cabedelo R. Das Hortências - Parque Esperança (83) 99666-0928 Cabedelo PB cardapio pedido delivery;;red;20;facebook;organic;Varanda Pizza Delivery (@varandapizzariadelivery);https://facebook.com/varandapizzariadelivery/?locale=pt_BR;city_not_confirmed
74a5c779-4ae7-4e7f-a91f-372783779162;Varanda da pizza Delivery;Varanda da pizza Delivery Cabedelo R. Das Hortências - Parque Esperança (83) 99666-0928 Cabedelo PB cardapio pedido delivery;;red;20;varanda.dad.com.br;organic;Varanda Restaurante & Pizzaria - Menu Delivery;https://varanda.dad.com.br/menuDelivery;city_not_confirmed
74a5c779-4ae7-4e7f-a91f-372783779162;Varanda da pizza Delivery;Varanda da pizza Delivery Cabedelo R. Das Hortências - Parque Esperança (83) 99666-0928 Cabedelo PB cardapio pedido delivery;;red;20;google;organic;Varanda Pizza Grill - Apps on Google Play;https://play.google.com/store/apps/details?id=com.wabiz.delivery.varandapizzagrill;map_not_direct_menu|city_not_confirmed
74a5c779-4ae7-4e7f-a91f-372783779162;Varanda da pizza Delivery;Varanda da pizza Delivery Cabedelo R. Das Hortências - Parque Esperança (83) 99666-0928 Cabedelo PB cardapio pedido delivery;;red;8;hubt.com.br;organic;Varanda Pizza - Cabo Frio, RJ - Hubt;https://hubt.com.br/varanda-pizza;city_not_confirmed
74a5c779-4ae7-4e7f-a91f-372783779162;Varanda da pizza Delivery;Varanda da pizza Delivery Cabedelo R. Das Hortências - Parque Esperança (83) 99666-0928 Cabedelo PB cardapio pedido delivery;;red;8;aiqfome.com;organic;aiqfome Itajubá - Varanda - Pizzaria e Restaurante;https://aiqfome.com/MG/itajuba/varanda-pizzaria-e-restaurante;city_not_confirmed
6a2fdb0c-b4ce-4085-9d59-b1240d59009a;JL Bolos;JL Bolos Jardim Camboinha R. Rio Paraíba (83) 98787-2334 Cabedelo PB cardapio pedido delivery;yes;yellow;72;anota_ai;organic;JL BOLOS | Delivery em CAMACARI | Pedido online;https://pedido.anota.ai/loja/loly-kackes;brand_not_confirmed|city_not_confirmed
6a2fdb0c-b4ce-4085-9d59-b1240d59009a;JL Bolos;JL Bolos Jardim Camboinha R. Rio Paraíba (83) 98787-2334 Cabedelo PB cardapio pedido delivery;;yellow;60;cardapioweb;organic;Jé Bolos Confeitaria;https://app.cardapioweb.com/je_bolos;brand_not_confirmed|city_not_confirmed
6a2fdb0c-b4ce-4085-9d59-b1240d59009a;JL Bolos;JL Bolos Jardim Camboinha R. Rio Paraíba (83) 98787-2334 Cabedelo PB cardapio pedido delivery;;yellow;53;instagram;derived_instagram_handle;Instagram profile @jlbolos1;https://instagram.com/jlbolos1;city_not_confirmed
6a2fdb0c-b4ce-4085-9d59-b1240d59009a;JL Bolos;JL Bolos Jardim Camboinha R. Rio Paraíba (83) 98787-2334 Cabedelo PB cardapio pedido delivery;;red;6;ze.delivery;organic;Delivery de em Cabedelo - PB;https://ze.delivery/em/cabedelo-pb;brand_not_confirmed
6a2fdb0c-b4ce-4085-9d59-b1240d59009a;JL Bolos;JL Bolos Jardim Camboinha R. Rio Paraíba (83) 98787-2334 Cabedelo PB cardapio pedido delivery;;red;-20;casadebolos.com.br;organic;Nossos Bolos;https://casadebolos.com.br/nossos-bolos;brand_not_confirmed|city_not_confirmed
6a2fdb0c-b4ce-4085-9d59-b1240d59009a;JL Bolos;JL Bolos Jardim Camboinha R. Rio Paraíba (83) 98787-2334 Cabedelo PB cardapio pedido delivery;;red;-42;instagram;organic;"Pastel da Liberdade João Pessoa on Instagram: ""O melhor ...";https://instagram.com/reel/DD5Jy4gvTd5;instagram_reel_not_profile|brand_not_confirmed|instagram_profile_not_canonicalizable
6a2fdb0c-b4ce-4085-9d59-b1240d59009a;JL Bolos;JL Bolos Jardim Camboinha R. Rio Paraíba (83) 98787-2334 Cabedelo PB cardapio pedido delivery;;red;-56;instagram;organic;Reel by JOCIELE BOLOS 🎂 (@jlbolos1);https://instagram.com/reel/CjHMdIvjbaJ;instagram_reel_not_profile|brand_not_confirmed|instagram_profile_not_canonicalizable|city_not_confirmed
6a2fdb0c-b4ce-4085-9d59-b1240d59009a;JL Bolos;JL Bolos Jardim Camboinha R. Rio Paraíba (83) 98787-2334 Cabedelo PB cardapio pedido delivery;;red;-56;instagram;organic;Na Paraíba ou em Pernambuco? Tem D'Karllos perto de você ...;https://instagram.com/reel/DNBpFidPVUx;instagram_reel_not_profile|brand_not_confirmed|instagram_profile_not_canonicalizable|city_not_confirmed
ee3d9e13-53b5-4288-a5e0-e2b421049135;Espetinho do xandao;Espetinho do xandao Ponta de Campina R. da Enseada (83) 99656-2295 Cabedelo PB cardapio pedido delivery;yes;yellow;100;instadelivery;organic;Xandão Restaurante e Lanchonete Cardápio;https://instadelivery.com.br/xandao;city_not_confirmed
ee3d9e13-53b5-4288-a5e0-e2b421049135;Espetinho do xandao;Espetinho do xandao Ponta de Campina R. da Enseada (83) 99656-2295 Cabedelo PB cardapio pedido delivery;;yellow;100;olaclick;organic;Xandão dog - Informações Peça Online. Cardápio digital ...;https://xandaodog.ola.click;city_not_confirmed
ee3d9e13-53b5-4288-a5e0-e2b421049135;Espetinho do xandao;Espetinho do xandao Ponta de Campina R. da Enseada (83) 99656-2295 Cabedelo PB cardapio pedido delivery;;green;86;anota_ai;organic;A ferro y Fogo | Delivery em Cabedelo | Pedido online;https://pedido.anota.ai/loja/a-ferro-y-fogo-1;brand_not_confirmed
ee3d9e13-53b5-4288-a5e0-e2b421049135;Espetinho do xandao;Espetinho do xandao Ponta de Campina R. da Enseada (83) 99656-2295 Cabedelo PB cardapio pedido delivery;;yellow;65;instagram;organic;Espetinho do Xandão (@espetinhodoxandaosc);https://instagram.com/espetinhodoxandaosc;city_not_confirmed
ee3d9e13-53b5-4288-a5e0-e2b421049135;Espetinho do xandao;Espetinho do xandao Ponta de Campina R. da Enseada (83) 99656-2295 Cabedelo PB cardapio pedido delivery;;red;30;wanderboat.ai;organic;Espetinho do xandao - R. da Enseada, 1215;https://wanderboat.ai/restaurants/brazil/regi%C3%A3o-geogr%C3%A1fica-imediata-de-jo%C3%A3o-pessoa/espetinho-do-xandao/ZDwr1pYJQh6V_j7xA9YFcQ;
ee3d9e13-53b5-4288-a5e0-e2b421049135;Espetinho do xandao;Espetinho do xandao Ponta de Campina R. da Enseada (83) 99656-2295 Cabedelo PB cardapio pedido delivery;;red;20;facebook;organic;Xandão Grill (@xandaogrill);https://facebook.com/xandaogrill/?locale=pt_BR;city_not_confirmed
ee3d9e13-53b5-4288-a5e0-e2b421049135;Espetinho do xandao;Espetinho do xandao Ponta de Campina R. da Enseada (83) 99656-2295 Cabedelo PB cardapio pedido delivery;;red;8;easymenuonline.com.br;organic;Catálogo | Espetinho do Xandão;https://easymenuonline.com.br/linkALEXANDREDEOLIVEIRAJUNIOR/home&cat=60449&openproduto=309058?srsltid=AfmBOoptg6akZKsp4ZsBf8uHQlOnb1V0UiJVIFTrfZsom05iKVEOmHTE;city_not_confirmed
ee3d9e13-53b5-4288-a5e0-e2b421049135;Espetinho do xandao;Espetinho do xandao Ponta de Campina R. da Enseada (83) 99656-2295 Cabedelo PB cardapio pedido delivery;;red;2;instagram;organic;E você? Já sabe que o Xandão Chopp tem espetinho todos ...;https://instagram.com/reel/Ctmn8fvJIaT;instagram_reel_not_profile|instagram_profile_not_canonicalizable|city_not_confirmed
63b2f87b-0602-47f2-85ac-a7a3ab040621;Vanda da coxinha cabedelo PB;Vanda da coxinha cabedelo PB Camalaú Av. São Sebastião (83) 99650-1764 Cabedelo PB cardapio pedido delivery;yes;yellow;77;instagram;organic;vanda da coxinha CABEDELO (@ ...;https://instagram.com/vandada_coxinha_cabedelo;
63b2f87b-0602-47f2-85ac-a7a3ab040621;Vanda da coxinha cabedelo PB;Vanda da coxinha cabedelo PB Camalaú Av. São Sebastião (83) 99650-1764 Cabedelo PB cardapio pedido delivery;;yellow;62;anota_ai;organic;Seu Chico Salgados | Delivery em Cabedelo | Pedido online;https://pedido.anota.ai/loja/seu-chico-salgados-1;brand_not_confirmed|name_not_confirmed
63b2f87b-0602-47f2-85ac-a7a3ab040621;Vanda da coxinha cabedelo PB;Vanda da coxinha cabedelo PB Camalaú Av. São Sebastião (83) 99650-1764 Cabedelo PB cardapio pedido delivery;;yellow;61;instagram;organic;Vanda da Coxinha (@vandadacoxinhaoficial);https://instagram.com/vandadacoxinhaoficial;city_not_confirmed
63b2f87b-0602-47f2-85ac-a7a3ab040621;Vanda da coxinha cabedelo PB;Vanda da coxinha cabedelo PB Camalaú Av. São Sebastião (83) 99650-1764 Cabedelo PB cardapio pedido delivery;;yellow;60;whatsmenu;organic;Cantinho da Vó Vanda;https://whatsmenu.com.br/cantinhodavovanda;brand_not_confirmed|city_not_confirmed
63b2f87b-0602-47f2-85ac-a7a3ab040621;Vanda da coxinha cabedelo PB;Vanda da coxinha cabedelo PB Camalaú Av. São Sebastião (83) 99650-1764 Cabedelo PB cardapio pedido delivery;;red;16;facebook;organic;Vanda da Coxinha (@vandadacoxinhaoficial);https://facebook.com/vandadacoxinhaoficial;city_not_confirmed
63b2f87b-0602-47f2-85ac-a7a3ab040621;Vanda da coxinha cabedelo PB;Vanda da coxinha cabedelo PB Camalaú Av. São Sebastião (83) 99650-1764 Cabedelo PB cardapio pedido delivery;;red;10;instagram;organic;Vanda da Coxinha | 🥰😋😋😛🤩;https://instagram.com/reel/ChslB5Np9Ci;instagram_reel_not_profile|instagram_profile_not_canonicalizable|city_not_confirmed
63b2f87b-0602-47f2-85ac-a7a3ab040621;Vanda da coxinha cabedelo PB;Vanda da coxinha cabedelo PB Camalaú Av. São Sebastião (83) 99650-1764 Cabedelo PB cardapio pedido delivery;;red;-12;food.valeup.com.br;organic;Delivery em Cabedelo, PB - Vale Up Food;https://food.valeup.com.br/lista/cabedelo-pb;brand_not_confirmed|name_not_confirmed
63b2f87b-0602-47f2-85ac-a7a3ab040621;Vanda da coxinha cabedelo PB;Vanda da coxinha cabedelo PB Camalaú Av. São Sebastião (83) 99650-1764 Cabedelo PB cardapio pedido delivery;;red;-54;instagram;organic;AMA SALGADINHOS ASSIM COMO A GENTE? SE LIGA ...;https://instagram.com/reel/C0Pnm4bpq4w;instagram_reel_not_profile|brand_not_confirmed|name_not_confirmed|instagram_profile_not_canonicalizable
1a2bf81d-2228-463f-ab7a-0dbf5ee3d27c;Marcos Lanches;Marcos Lanches Cabedelo Vila Sao Joao (83) 98850-6708 Cabedelo PB cardapio pedido delivery;yes;yellow;87;instagram;organic;Marcos Lanches - Cabedelo PB (@marcoslanchess_);https://instagram.com/marcoslanchess_;
1a2bf81d-2228-463f-ab7a-0dbf5ee3d27c;Marcos Lanches;Marcos Lanches Cabedelo Vila Sao Joao (83) 98850-6708 Cabedelo PB cardapio pedido delivery;;green;86;menudino;organic;Delivery de Lanchonete em Cabedelo;https://menudino.com/delivery/cabedelo-pb/lanchonete;brand_not_confirmed
1a2bf81d-2228-463f-ab7a-0dbf5ee3d27c;Marcos Lanches;Marcos Lanches Cabedelo Vila Sao Joao (83) 98850-6708 Cabedelo PB cardapio pedido delivery;;yellow;80;anota_ai;organic;Ponto 4 Burguer, Pizzaria e Lanches;https://app.anota.ai/ponto-4-burguer-pizzaria-e-lanches;brand_not_confirmed
1a2bf81d-2228-463f-ab7a-0dbf5ee3d27c;Marcos Lanches;Marcos Lanches Cabedelo Vila Sao Joao (83) 98850-6708 Cabedelo PB cardapio pedido delivery;;yellow;65;instagram;organic;Marcos Lanches (MATRIZ) (@marcoslanchesmatriz);https://instagram.com/marcoslanchesmatriz/reels;city_not_confirmed
1a2bf81d-2228-463f-ab7a-0dbf5ee3d27c;Marcos Lanches;Marcos Lanches Cabedelo Vila Sao Joao (83) 98850-6708 Cabedelo PB cardapio pedido delivery;;red;42;facebook;organic;Marcos Lanches - Cabedelo PB;https://facebook.com/100058823994595/?locale=pt_PT;
1a2bf81d-2228-463f-ab7a-0dbf5ee3d27c;Marcos Lanches;Marcos Lanches Cabedelo Vila Sao Joao (83) 98850-6708 Cabedelo PB cardapio pedido delivery;;red;42;facebook;organic;Marcos Lanches - Cabedelo PB;https://facebook.com/p/Marcos-Lanches-Cabedelo-PB-100058823994595/?locale=pt_BR;
1a2bf81d-2228-463f-ab7a-0dbf5ee3d27c;Marcos Lanches;Marcos Lanches Cabedelo Vila Sao Joao (83) 98850-6708 Cabedelo PB cardapio pedido delivery;;red;30;vendaagora.com;organic;MARCOS LANCHES Cabedelo PB;https://vendaagora.com/marcoslanches;
1a2bf81d-2228-463f-ab7a-0dbf5ee3d27c;Marcos Lanches;Marcos Lanches Cabedelo Vila Sao Joao (83) 98850-6708 Cabedelo PB cardapio pedido delivery;;red;12;instagram;organic;Mais uma novidade pra vocês Chegou os combos do Marcão ...;https://instagram.com/reel/CSRzwSEFvCr;instagram_reel_not_profile|instagram_profile_not_canonicalizable
d8c6249e-fab7-4e9b-a189-861ea7d8d40a;Toca da Árvore;Toca da Árvore Jacaré R. Pôr do Sol (83) 99862-3335 Cabedelo PB cardapio pedido delivery;yes;yellow;49;instagram;organic;treehouse.pb;https://instagram.com/treehouse.pb;city_not_confirmed
d8c6249e-fab7-4e9b-a189-861ea7d8d40a;Toca da Árvore;Toca da Árvore Jacaré R. Pôr do Sol (83) 99862-3335 Cabedelo PB cardapio pedido delivery;;red;-18;tripadvisor;organic;Praia do Jacaré - Cabedelo;https://tripadvisor.com.br/Attraction_Review-g793398-d4056588-Reviews-Jacare_Beach-Cabedelo_State_of_Paraiba.html;brand_not_confirmed|name_not_confirmed
d8c6249e-fab7-4e9b-a189-861ea7d8d40a;Toca da Árvore;Toca da Árvore Jacaré R. Pôr do Sol (83) 99862-3335 Cabedelo PB cardapio pedido delivery;;red;-20;youtube.com;organic;O pôr do sol na praia do Jacaré, em João Pessoa;https://youtube.com/watch?v=rexgXC4Q60I;brand_not_confirmed|city_not_confirmed
d8c6249e-fab7-4e9b-a189-861ea7d8d40a;Toca da Árvore;Toca da Árvore Jacaré R. Pôr do Sol (83) 99862-3335 Cabedelo PB cardapio pedido delivery;;red;-24;turismo.joaopessoa.pb.gov.br;organic;Pôr do Sol do Jacaré | Turismo João Pessoa;https://turismo.joaopessoa.pb.gov.br/o-que-fazer/pontos-turisticos/praias-e-piscinas-naturais/por-do-jacare;brand_not_confirmed|name_not_confirmed
d8c6249e-fab7-4e9b-a189-861ea7d8d40a;Toca da Árvore;Toca da Árvore Jacaré R. Pôr do Sol (83) 99862-3335 Cabedelo PB cardapio pedido delivery;;red;-24;cabedelo.pb.gov.br;organic;Pôr do sol no Parque do Jacaré;https://cabedelo.pb.gov.br/atrativoturismo/por-do-sol-no-parque-do-jacare;brand_not_confirmed|name_not_confirmed
d8c6249e-fab7-4e9b-a189-861ea7d8d40a;Toca da Árvore;Toca da Árvore Jacaré R. Pôr do Sol (83) 99862-3335 Cabedelo PB cardapio pedido delivery;;red;-30;viajenaviagem.com;organic;João Pessoa: como ficou o pôr do sol na Praia do Jacaré;https://viajenaviagem.com/por-do-sol-praia-jacare;brand_not_confirmed|name_not_confirmed
d8c6249e-fab7-4e9b-a189-861ea7d8d40a;Toca da Árvore;Toca da Árvore Jacaré R. Pôr do Sol (83) 99862-3335 Cabedelo PB cardapio pedido delivery;;red;-40;viagemeturismo.abril.com.br;organic;Pôr do sol na Praia do Jacaré | Viagem e Turismo - Assine Abril;https://viagemeturismo.abril.com.br/atracao/por-do-sol-na-praia-do-jacare;brand_not_confirmed|name_not_confirmed|city_not_confirmed
d8c6249e-fab7-4e9b-a189-861ea7d8d40a;Toca da Árvore;Toca da Árvore Jacaré R. Pôr do Sol (83) 99862-3335 Cabedelo PB cardapio pedido delivery;;red;-46;guia.melhoresdestinos.com.br;organic;Pôr do sol na Praia do Jacaré - dicas de João Pessoa!;https://guia.melhoresdestinos.com.br/por-do-sol-na-praia-do-jacare-joao-pessoa.html;brand_not_confirmed|name_not_confirmed|city_not_confirmed
7c7122af-3461-4317-853e-634eaadcc895;Espetinho lá Brasil;Espetinho lá Brasil Cabedelo Av. Oceano Pacífico - Intermares (61) 99908-5656 Cabedelo PB cardapio pedido delivery;yes;green;112;anota_ai;organic;Espetinho da Praia | Delivery em CABEDELO | Pedido online;https://pedido.anota.ai/loja/espetinho-da-praia-1;
7c7122af-3461-4317-853e-634eaadcc895;Espetinho lá Brasil;Espetinho lá Brasil Cabedelo Av. Oceano Pacífico - Intermares (61) 99908-5656 Cabedelo PB cardapio pedido delivery;;green;112;anota_ai;organic;Espetinho da Praia | Delivery em Cabedelo | Pedido online;https://pedido.anota.ai/loja/espetinho-da-praia-3;
7c7122af-3461-4317-853e-634eaadcc895;Espetinho lá Brasil;Espetinho lá Brasil Cabedelo Av. Oceano Pacífico - Intermares (61) 99908-5656 Cabedelo PB cardapio pedido delivery;;red;44;tripadvisor;organic;Espetinho da Praia - Restaurantes: Cabedelo;https://tripadvisor.com.br/Restaurant_Review-g793398-d23007866-Reviews-Espetinho_da_Praia-Cabedelo_State_of_Paraiba.html;
7c7122af-3461-4317-853e-634eaadcc895;Espetinho lá Brasil;Espetinho lá Brasil Cabedelo Av. Oceano Pacífico - Intermares (61) 99908-5656 Cabedelo PB cardapio pedido delivery;;red;39;instagram;organic;ESPETINHO DA PRAIA 👑 (@espetinhodapraia);https://instagram.com/espetinhodapraia;city_not_confirmed
7c7122af-3461-4317-853e-634eaadcc895;Espetinho lá Brasil;Espetinho lá Brasil Cabedelo Av. Oceano Pacífico - Intermares (61) 99908-5656 Cabedelo PB cardapio pedido delivery;;red;26;facebook;organic;Espetinho da praia intermares | Cabedelo PB;https://facebook.com/102295368160969;
7c7122af-3461-4317-853e-634eaadcc895;Espetinho lá Brasil;Espetinho lá Brasil Cabedelo Av. Oceano Pacífico - Intermares (61) 99908-5656 Cabedelo PB cardapio pedido delivery;;red;20;facebook;organic;Venha conhecer nossa unidade do Espetinho da Praia no ...;https://facebook.com/espetinhodapraiaoficial/videos/venha-conhecer-nossa-unidade-do-espetinho-da-praia-no-jacar%C3%A9espetinhodapraia-ina/406683115313482;
7c7122af-3461-4317-853e-634eaadcc895;Espetinho lá Brasil;Espetinho lá Brasil Cabedelo Av. Oceano Pacífico - Intermares (61) 99908-5656 Cabedelo PB cardapio pedido delivery;;red;14;instagram;organic;Bateu a fome? A gente resolve! Peça nosso delivery e ...;https://instagram.com/reel/DDCVU5yhqIW;instagram_reel_not_profile|instagram_profile_not_canonicalizable
7c7122af-3461-4317-853e-634eaadcc895;Espetinho lá Brasil;Espetinho lá Brasil Cabedelo Av. Oceano Pacífico - Intermares (61) 99908-5656 Cabedelo PB cardapio pedido delivery;;red;4;tiktok.com;organic;O Bar Mais Badalado de João Pessoa: Espetinho da Praia;https://tiktok.com/@paraibana24horas/video/7504774145943801093;city_not_confirmed
e3acb420-5c76-4087-a1a7-0de39e4e3162;Açaí do Pará Intermares;Açaí do Pará Intermares Lot. Bela Vista R. Virginia Maria Nogueira Gadelha Pimentel (83) 98229-2123 Cabedelo PB cardapio pedido delivery;yes;yellow;80;anota_ai;organic;Açai da Hill Point | Delivery em CABEDELO | Pedido online;https://pedido.anota.ai/loja/aai-da-hill-point;brand_not_confirmed
e3acb420-5c76-4087-a1a7-0de39e4e3162;Açaí do Pará Intermares;Açaí do Pará Intermares Lot. Bela Vista R. Virginia Maria Nogueira Gadelha Pimentel (83) 98229-2123 Cabedelo PB cardapio pedido delivery;;yellow;80;instadelivery;organic;AçaíKm0 Cardápio - Delivery de Açai em Cabedelo;https://instadelivery.com.br/acaikm0;brand_not_confirmed
e3acb420-5c76-4087-a1a7-0de39e4e3162;Açaí do Pará Intermares;Açaí do Pará Intermares Lot. Bela Vista R. Virginia Maria Nogueira Gadelha Pimentel (83) 98229-2123 Cabedelo PB cardapio pedido delivery;;yellow;72;cardapioweb;organic;Açaí com Bobagens Delivery;https://app.cardapioweb.com/acai_com_bobagens_delivery;brand_not_confirmed|city_not_confirmed
e3acb420-5c76-4087-a1a7-0de39e4e3162;Açaí do Pará Intermares;Açaí do Pará Intermares Lot. Bela Vista R. Virginia Maria Nogueira Gadelha Pimentel (83) 98229-2123 Cabedelo PB cardapio pedido delivery;;red;31;instagram;organic;Praçaí Intermares (@pracaiintermares) · Cabedelo, PB;https://instagram.com/pracaiintermares;brand_not_confirmed
e3acb420-5c76-4087-a1a7-0de39e4e3162;Açaí do Pará Intermares;Açaí do Pará Intermares Lot. Bela Vista R. Virginia Maria Nogueira Gadelha Pimentel (83) 98229-2123 Cabedelo PB cardapio pedido delivery;;red;2;wanderboat.ai;organic;Açaí do Pará Intermares - R. Virginia Maria Nogueira ...;https://wanderboat.ai/restaurants/brazil/regi%C3%A3o-geogr%C3%A1fica-imediata-de-jo%C3%A3o-pessoa/a%C3%A7a%C3%AD-do-par%C3%A1-intermares/mclw0uPDT_OUU0zD_KN9Pw;brand_not_confirmed
e3acb420-5c76-4087-a1a7-0de39e4e3162;Açaí do Pará Intermares;Açaí do Pará Intermares Lot. Bela Vista R. Virginia Maria Nogueira Gadelha Pimentel (83) 98229-2123 Cabedelo PB cardapio pedido delivery;;red;-8;oparaisodoacai.pedido.app.br;organic;Cardápio - O Paraíso do Açaí - Delivery;https://oparaisodoacai.pedido.app.br/cardapio;brand_not_confirmed|city_not_confirmed
e3acb420-5c76-4087-a1a7-0de39e4e3162;Açaí do Pará Intermares;Açaí do Pará Intermares Lot. Bela Vista R. Virginia Maria Nogueira Gadelha Pimentel (83) 98229-2123 Cabedelo PB cardapio pedido delivery;;red;-20;site.casadopara.com.br;organic;Casa do Pará – Casa do Pará;https://site.casadopara.com.br;brand_not_confirmed|city_not_confirmed
e3acb420-5c76-4087-a1a7-0de39e4e3162;Açaí do Pará Intermares;Açaí do Pará Intermares Lot. Bela Vista R. Virginia Maria Nogueira Gadelha Pimentel (83) 98229-2123 Cabedelo PB cardapio pedido delivery;;red;-52;instagram;organic;Descubra o Melhor Açaí de Intermares na Praçaí! Turista, que ...;https://instagram.com/reel/DE5w-DjSfq2;instagram_reel_not_profile|brand_not_confirmed|instagram_profile_not_canonicalizable|city_not_confirmed
2e4d043d-4eae-48c9-852a-f81b7ef842f5;Bom apetite;Bom apetite Cabedelo Jacaré Cabedelo PB cardapio pedido delivery;yes;yellow;108;instadelivery;organic;Bom Apetite Restaurante Cardápio - Pizzas;https://instadelivery.com.br/bomapetiterestauranteRJ;city_not_confirmed
2e4d043d-4eae-48c9-852a-f81b7ef842f5;Bom apetite;Bom apetite Cabedelo Jacaré Cabedelo PB cardapio pedido delivery;;yellow;62;anota_ai;organic;Cairo (comida Egípcia ) | Delivery em CABEDELO;https://pedido.anota.ai/loja/cairo-comida-egpcia;brand_not_confirmed|name_not_confirmed
2e4d043d-4eae-48c9-852a-f81b7ef842f5;Bom apetite;Bom apetite Cabedelo Jacaré Cabedelo PB cardapio pedido delivery;;yellow;50;hubt.com.br;organic;Bom Apetite - Cabedelo, PB - Hubt;https://hubt.com.br/bom-apetite-22;
2e4d043d-4eae-48c9-852a-f81b7ef842f5;Bom apetite;Bom apetite Cabedelo Jacaré Cabedelo PB cardapio pedido delivery;;red;16;plusdelivery.com.br;organic;Restaurante Bom Apetite;https://plusdelivery.com.br/loja/restaurante-bom-apetite-santa-maria-de-jetiba;city_not_confirmed
2e4d043d-4eae-48c9-852a-f81b7ef842f5;Bom apetite;Bom apetite Cabedelo Jacaré Cabedelo PB cardapio pedido delivery;;red;14;pizzariabomsaborpb.com.br;organic;Pizzaria Bom Sabor PB | Cabedelo - Jacaré;https://pizzariabomsaborpb.com.br;brand_not_confirmed
2e4d043d-4eae-48c9-852a-f81b7ef842f5;Bom apetite;Bom apetite Cabedelo Jacaré Cabedelo PB cardapio pedido delivery;;red;10;instagram;organic;"Restaurante Bom Apetite - MARMITARIA on Instagram: ""🍽️ ...";https://instagram.com/reel/DKUfRSkuK3p;instagram_reel_not_profile|instagram_profile_not_canonicalizable|city_not_confirmed
2e4d043d-4eae-48c9-852a-f81b7ef842f5;Bom apetite;Bom apetite Cabedelo Jacaré Cabedelo PB cardapio pedido delivery;;red;10;instagram;organic;Photo by Bom Apetite Restaurante e Marmitaria ...;https://instagram.com/p/DTfQYYZjmNh;instagram_p_not_profile|instagram_profile_not_canonicalizable|city_not_confirmed
2e4d043d-4eae-48c9-852a-f81b7ef842f5;Bom apetite;Bom apetite Cabedelo Jacaré Cabedelo PB cardapio pedido delivery;;red;-8;rappi.com.br;organic;Trembom Marmitaria - Renascer Preço e Cardápio delivery;https://rappi.com.br/restaurantes/900125548-trembom-marmitaria;brand_not_confirmed|city_not_confirmed
b95fcf06-a8e5-43ff-b86f-7770d2759908;Mirante Lounge;Mirante Lounge Cabedelo R. Jair Cunha Cavalcanti - Jacaré Cabedelo PB cardapio pedido delivery;yes;yellow;83;instagram;derived_instagram_handle;Instagram profile @miranteloungepb;https://instagram.com/miranteloungepb;
b95fcf06-a8e5-43ff-b86f-7770d2759908;Mirante Lounge;Mirante Lounge Cabedelo R. Jair Cunha Cavalcanti - Jacaré Cabedelo PB cardapio pedido delivery;;yellow;62;anota_ai;organic;NOVO ORIENTE INTERMARES | Delivery em Cabedelo;https://pedido.anota.ai/loja/novo-oriente-intermares-;brand_not_confirmed|name_not_confirmed
b95fcf06-a8e5-43ff-b86f-7770d2759908;Mirante Lounge;Mirante Lounge Cabedelo R. Jair Cunha Cavalcanti - Jacaré Cabedelo PB cardapio pedido delivery;;red;24;instagram;organic;O restaurante mais pé na areia de Cabedelo;https://instagram.com/reel/DD0Ogzgx71Y;instagram_reel_not_profile|instagram_profile_not_canonicalizable
b95fcf06-a8e5-43ff-b86f-7770d2759908;Mirante Lounge;Mirante Lounge Cabedelo R. Jair Cunha Cavalcanti - Jacaré Cabedelo PB cardapio pedido delivery;;red;20;instagram;organic;📍mirante lounge, beach club quinta á domingo, 11 às 19hrs;https://instagram.com/p/DEeEI6wN-vT;instagram_p_not_profile|instagram_profile_not_canonicalizable
b95fcf06-a8e5-43ff-b86f-7770d2759908;Mirante Lounge;Mirante Lounge Cabedelo R. Jair Cunha Cavalcanti - Jacaré Cabedelo PB cardapio pedido delivery;;red;20;facebook;organic;mirante restaurante Grill | Alessandra Cunha Eventos;https://facebook.com/alessandracunhaeventos/videos/mirante-restaurante-grill/884672684104837;city_not_confirmed
b95fcf06-a8e5-43ff-b86f-7770d2759908;Mirante Lounge;Mirante Lounge Cabedelo R. Jair Cunha Cavalcanti - Jacaré Cabedelo PB cardapio pedido delivery;;red;20;facebook;organic;🛵 MIRANTE DELIVERY E RETIRADA 🛵 📍 Neste domingo ...;https://facebook.com/MirantedoParaiba/videos/-mirante-delivery-e-retirada-neste-domingo-estamos-aceitando-pedidos-para-delive/3813597358718706;city_not_confirmed
b95fcf06-a8e5-43ff-b86f-7770d2759908;Mirante Lounge;Mirante Lounge Cabedelo R. Jair Cunha Cavalcanti - Jacaré Cabedelo PB cardapio pedido delivery;;red;8;app.mogomenu.com.br;organic;RESTAURANTE MIRANTE;https://app.mogomenu.com.br/mirante;city_not_confirmed
b95fcf06-a8e5-43ff-b86f-7770d2759908;Mirante Lounge;Mirante Lounge Cabedelo R. Jair Cunha Cavalcanti - Jacaré Cabedelo PB cardapio pedido delivery;;red;-6;tripadvisor;organic;GIGANTE DO MAR, Cabedelo - Cardápio, Preços & ...;https://tripadvisor.com.br/Restaurant_Review-g793398-d3727884-Reviews-Gigante_do_Mar-Cabedelo_State_of_Paraiba.html;brand_not_confirmed|name_not_confirmed
17948cd2-fa0d-4c8a-a785-6dfa92101d75;China Mix e Pizzaria;China Mix e Pizzaria Lot. Parque Esperanca R. Orquídeas (83) 98612-9540 Cabedelo PB cardapio pedido delivery;yes;yellow;73;instagram;organic;China Mix & pizzaria (@chinamix_jp);https://instagram.com/chinamix_jp;city_not_confirmed
17948cd2-fa0d-4c8a-a785-6dfa92101d75;China Mix e Pizzaria;China Mix e Pizzaria Lot. Parque Esperanca R. Orquídeas (83) 98612-9540 Cabedelo PB cardapio pedido delivery;;yellow;72;olaclick;organic;China delivery - Informações Peça Online. Cardápio digital ...;https://china-delivery-2.ola.click;brand_not_confirmed|city_not_confirmed
17948cd2-fa0d-4c8a-a785-6dfa92101d75;China Mix e Pizzaria;China Mix e Pizzaria Lot. Parque Esperanca R. Orquídeas (83) 98612-9540 Cabedelo PB cardapio pedido delivery;;yellow;72;anota_ai;organic;China Praia Restaurante | Delivery em João Pessoa;https://pedido.anota.ai/loja/china-praia-restaurante;brand_not_confirmed|city_not_confirmed
17948cd2-fa0d-4c8a-a785-6dfa92101d75;China Mix e Pizzaria;China Mix e Pizzaria Lot. Parque Esperanca R. Orquídeas (83) 98612-9540 Cabedelo PB cardapio pedido delivery;;red;-8;google;organic;Pizzaria Mix JJ – Apps no Google Play;https://play.google.com/store/apps/details?id=com.wabiz.delivery.pizzariamixjj&hl=pt_BR;map_not_direct_menu|brand_not_confirmed|city_not_confirmed
17948cd2-fa0d-4c8a-a785-6dfa92101d75;China Mix e Pizzaria;China Mix e Pizzaria Lot. Parque Esperanca R. Orquídeas (83) 98612-9540 Cabedelo PB cardapio pedido delivery;;red;-34;maisdeliveryapp.com.br;organic;Mais Delivery - Seu pedido é uma ordem!;https://maisdeliveryapp.com.br/pwa;brand_not_confirmed|name_not_confirmed|city_not_confirmed
17948cd2-fa0d-4c8a-a785-6dfa92101d75;China Mix e Pizzaria;China Mix e Pizzaria Lot. Parque Esperanca R. Orquídeas (83) 98612-9540 Cabedelo PB cardapio pedido delivery;;red;-34;waymenu.com.br;organic;Waymenu | Cardápio Digital;https://waymenu.com.br;brand_not_confirmed|name_not_confirmed|city_not_confirmed
17948cd2-fa0d-4c8a-a785-6dfa92101d75;China Mix e Pizzaria;China Mix e Pizzaria Lot. Parque Esperanca R. Orquídeas (83) 98612-9540 Cabedelo PB cardapio pedido delivery;;red;-34;deliveryapp.neemo.com.br;organic;Chan Foods - Delivery App;https://deliveryapp.neemo.com.br/delivery/12691/menu;brand_not_confirmed|name_not_confirmed|city_not_confirmed
17948cd2-fa0d-4c8a-a785-6dfa92101d75;China Mix e Pizzaria;China Mix e Pizzaria Lot. Parque Esperanca R. Orquídeas (83) 98612-9540 Cabedelo PB cardapio pedido delivery;;red;-34;starfood.com.br;organic;StarFood Solução para Sistema de delivery;https://starfood.com.br;brand_not_confirmed|name_not_confirmed|city_not_confirmed
19adbb1c-6894-4306-8468-d84cba24eed6;Espetinh;Espetinh Cabedelo R. Nilo Montenegro - Jardim Camboinha (83) 99999-9999 Cabedelo PB cardapio pedido delivery;yes;green;116;anota_ai;organic;Espetinho da Praia | Delivery em CABEDELO | Pedido online;https://pedido.anota.ai/loja/espetinho-da-praia-1;
19adbb1c-6894-4306-8468-d84cba24eed6;Espetinh;Espetinh Cabedelo R. Nilo Montenegro - Jardim Camboinha (83) 99999-9999 Cabedelo PB cardapio pedido delivery;;green;86;menudino;organic;Delivery de Lanchonete em Cabedelo;https://menudino.com/delivery/cabedelo-pb/lanchonete;brand_not_confirmed
19adbb1c-6894-4306-8468-d84cba24eed6;Espetinh;Espetinh Cabedelo R. Nilo Montenegro - Jardim Camboinha (83) 99999-9999 Cabedelo PB cardapio pedido delivery;;yellow;64;olaclick;organic;Cardápio digital - Comida Caseira da Elly;https://comidacaseiradaelly.ola.click/products;brand_not_confirmed|city_not_confirmed
19adbb1c-6894-4306-8468-d84cba24eed6;Espetinh;Espetinh Cabedelo R. Nilo Montenegro - Jardim Camboinha (83) 99999-9999 Cabedelo PB cardapio pedido delivery;;yellow;48;tripadvisor;organic;Espetinho da Praia - Restaurantes: Cabedelo;https://tripadvisor.com.br/Restaurant_Review-g793398-d23007866-Reviews-Espetinho_da_Praia-Cabedelo_State_of_Paraiba.html;
19adbb1c-6894-4306-8468-d84cba24eed6;Espetinh;Espetinh Cabedelo R. Nilo Montenegro - Jardim Camboinha (83) 99999-9999 Cabedelo PB cardapio pedido delivery;;red;30;facebook;organic;Espetinho da praia intermares | Cabedelo PB;https://facebook.com/102295368160969;
19adbb1c-6894-4306-8468-d84cba24eed6;Espetinh;Espetinh Cabedelo R. Nilo Montenegro - Jardim Camboinha (83) 99999-9999 Cabedelo PB cardapio pedido delivery;;red;24;instagram;organic;O melhor espetinho de cabedelo agora no conforto da sua ...;https://instagram.com/p/CL91XFbLRAc;instagram_p_not_profile|instagram_profile_not_canonicalizable
19adbb1c-6894-4306-8468-d84cba24eed6;Espetinh;Espetinh Cabedelo R. Nilo Montenegro - Jardim Camboinha (83) 99999-9999 Cabedelo PB cardapio pedido delivery;;red;24;facebook;organic;Venha conhecer nossa unidade do Espetinho da Praia no ...;https://facebook.com/espetinhodapraiaoficial/videos/venha-conhecer-nossa-unidade-do-espetinho-da-praia-no-jacar%C3%A9espetinhodapraia-ina/406683115313482;
19adbb1c-6894-4306-8468-d84cba24eed6;Espetinh;Espetinh Cabedelo R. Nilo Montenegro - Jardim Camboinha (83) 99999-9999 Cabedelo PB cardapio pedido delivery;;red;18;instagram;organic;"ESPETINHO DA PRAIA on Instagram: ""Bateu a fome? A gente ...";https://instagram.com/reel/DDCVU5yhqIW;instagram_reel_not_profile|instagram_profile_not_canonicalizable
80b5f0be-adea-4b91-8b8e-ee162f79f973;M E Refeição;M E Refeição Cabedelo Intermares Cabedelo PB cardapio pedido delivery;yes;green;86;menudino;organic;Restaurantes em Cabedelo;https://menudino.com/delivery/cabedelo-pb;brand_not_confirmed
80b5f0be-adea-4b91-8b8e-ee162f79f973;M E Refeição;M E Refeição Cabedelo Intermares Cabedelo PB cardapio pedido delivery;;yellow;80;anota_ai;organic;NOVO ORIENTE INTERMARES | Delivery em Cabedelo;https://pedido.anota.ai/loja/novo-oriente-intermares-;brand_not_confirmed
80b5f0be-adea-4b91-8b8e-ee162f79f973;M E Refeição;M E Refeição Cabedelo Intermares Cabedelo PB cardapio pedido delivery;;red;23;instagram;organic;Bar & Restaurante Intermares (@recantodopicuiintermares);https://instagram.com/recantodopicuiintermares;brand_not_confirmed
80b5f0be-adea-4b91-8b8e-ee162f79f973;M E Refeição;M E Refeição Cabedelo Intermares Cabedelo PB cardapio pedido delivery;;red;6;byfood.com.br;organic;Delivery em Cabedelo, PB;https://byfood.com.br/lista/cabedelo-pb;brand_not_confirmed
80b5f0be-adea-4b91-8b8e-ee162f79f973;M E Refeição;M E Refeição Cabedelo Intermares Cabedelo PB cardapio pedido delivery;;red;0;tripadvisor;organic;Restaurantes com serviço de entrega em Cabedelo;https://tripadvisor.com.br/Restaurants-g793398-zfp19-Cabedelo_State_of_Paraiba.html;brand_not_confirmed
80b5f0be-adea-4b91-8b8e-ee162f79f973;M E Refeição;M E Refeição Cabedelo Intermares Cabedelo PB cardapio pedido delivery;;red;-16;rappi.com.br;organic;Trembom Marmitaria - Renascer Preço e Cardápio delivery;https://rappi.com.br/restaurantes/900125548-trembom-marmitaria;brand_not_confirmed|city_not_confirmed
80b5f0be-adea-4b91-8b8e-ee162f79f973;M E Refeição;M E Refeição Cabedelo Intermares Cabedelo PB cardapio pedido delivery;;red;-30;instagram;organic;🍽️ Já pensou em saborear o prato do dia do Recanto do ...;https://instagram.com/reel/DQb8MwtDfWx;instagram_reel_not_profile|brand_not_confirmed|instagram_profile_not_canonicalizable
80b5f0be-adea-4b91-8b8e-ee162f79f973;M E Refeição;M E Refeição Cabedelo Intermares Cabedelo PB cardapio pedido delivery;;red;-30;instagram;organic;Sabores do Nordeste | Recanto do Picuí Intermares Aqui você ...;https://instagram.com/reel/DZ-fUtKRh_E;instagram_reel_not_profile|brand_not_confirmed|instagram_profile_not_canonicalizable
e9ce78de-b4a7-4532-a778-a7807dc0dabe;Lanchonete por do sol;Lanchonete por do sol Poço R. Jaguaribe Cabedelo PB cardapio pedido delivery;yes;green;94;menudino;organic;Delivery de Lanchonete em Cabedelo;https://menudino.com/delivery/cabedelo-pb/lanchonete;brand_not_confirmed
e9ce78de-b4a7-4532-a778-a7807dc0dabe;Lanchonete por do sol;Lanchonete por do sol Poço R. Jaguaribe Cabedelo PB cardapio pedido delivery;;green;94;instadelivery;organic;Melhores delivery de Cabedelo;https://portal.instadelivery.com.br/cabedelo;brand_not_confirmed
e9ce78de-b4a7-4532-a778-a7807dc0dabe;Lanchonete por do sol;Lanchonete por do sol Poço R. Jaguaribe Cabedelo PB cardapio pedido delivery;;yellow;62;anota_ai;organic;churrascaria e pizzaria do biu | Delivery em CABEDELO;https://pedido.anota.ai/loja/pizzaria-do-biu;brand_not_confirmed|name_not_confirmed
e9ce78de-b4a7-4532-a778-a7807dc0dabe;Lanchonete por do sol;Lanchonete por do sol Poço R. Jaguaribe Cabedelo PB cardapio pedido delivery;;red;28;google;organic;Lanchonete Por do Sol - Apps on Google Play;https://play.google.com/store/apps/details?id=com.wabiz.delivery.lanchonetepordosol;map_not_direct_menu|city_not_confirmed
e9ce78de-b4a7-4532-a778-a7807dc0dabe;Lanchonete por do sol;Lanchonete por do sol Poço R. Jaguaribe Cabedelo PB cardapio pedido delivery;;red;5;instagram;organic;LANCHONETE EM CABEDELO (PB) (@rosaalanches_);https://instagram.com/rosaalanches_;brand_not_confirmed|name_not_confirmed
e9ce78de-b4a7-4532-a778-a7807dc0dabe;Lanchonete por do sol;Lanchonete por do sol Poço R. Jaguaribe Cabedelo PB cardapio pedido delivery;;red;-2;instagram;organic;"POR DO SOL LANCHES on Instagram: ""E aí, qual porção ...";https://instagram.com/reel/C9dzxm4NzNr;instagram_reel_not_profile|instagram_profile_not_canonicalizable|city_not_confirmed
e9ce78de-b4a7-4532-a778-a7807dc0dabe;Lanchonete por do sol;Lanchonete por do sol Poço R. Jaguaribe Cabedelo PB cardapio pedido delivery;;red;-12;ze.delivery;organic;Delivery de em Cabedelo - PB;https://ze.delivery/em/cabedelo-pb;brand_not_confirmed|name_not_confirmed
e9ce78de-b4a7-4532-a778-a7807dc0dabe;Lanchonete por do sol;Lanchonete por do sol Poço R. Jaguaribe Cabedelo PB cardapio pedido delivery;;red;-18;tripadvisor;organic;Restaurantes com serviço de entrega em Cabedelo;https://tripadvisor.com.br/Restaurants-g793398-zfp19-Cabedelo_State_of_Paraiba.html;brand_not_confirmed|name_not_confirmed
0a3b0f9a-629f-41ff-b213-eeb69d825dc2;Renapizza;Renapizza Cabedelo R. São Sebastião - Renascer (83) 99332-5522 Cabedelo PB cardapio pedido delivery;yes;yellow;80;anota_ai;organic;Eu Quero Pizza | Delivery em Cabedelo | Pedido online;https://pedido.anota.ai/loja/eu-quero-pizza-2;brand_not_confirmed
0a3b0f9a-629f-41ff-b213-eeb69d825dc2;Renapizza;Renapizza Cabedelo R. São Sebastião - Renascer (83) 99332-5522 Cabedelo PB cardapio pedido delivery;;red;30;pizzapertodemim.com.br;organic;RENAPIZZA em Cabedelo - PB | Pizza Perto de Mim;https://pizzapertodemim.com.br/sobre/renapizza-cabedelo-pb-24860745;
0a3b0f9a-629f-41ff-b213-eeb69d825dc2;Renapizza;Renapizza Cabedelo R. São Sebastião - Renascer (83) 99332-5522 Cabedelo PB cardapio pedido delivery;;red;11;instagram;organic;Eu Quero Pizza - Food Truck 🍕 (@euqueropizzafoodtruck);https://instagram.com/euqueropizzafoodtruck;brand_not_confirmed
0a3b0f9a-629f-41ff-b213-eeb69d825dc2;Renapizza;Renapizza Cabedelo R. São Sebastião - Renascer (83) 99332-5522 Cabedelo PB cardapio pedido delivery;;red;6;ze.delivery;organic;Delivery de em Cabedelo - PB;https://ze.delivery/em/cabedelo-pb;brand_not_confirmed
0a3b0f9a-629f-41ff-b213-eeb69d825dc2;Renapizza;Renapizza Cabedelo R. São Sebastião - Renascer (83) 99332-5522 Cabedelo PB cardapio pedido delivery;;red;6;food.valeup.com.br;organic;Delivery em Cabedelo, PB - Vale Up Food;https://food.valeup.com.br/lista/cabedelo-pb;brand_not_confirmed
0a3b0f9a-629f-41ff-b213-eeb69d825dc2;Renapizza;Renapizza Cabedelo R. São Sebastião - Renascer (83) 99332-5522 Cabedelo PB cardapio pedido delivery;;red;6;pizzariabomsaborpb.com.br;organic;Pizzaria Bom Sabor PB | Cabedelo - Jacaré;https://pizzariabomsaborpb.com.br;brand_not_confirmed
0a3b0f9a-629f-41ff-b213-eeb69d825dc2;Renapizza;Renapizza Cabedelo R. São Sebastião - Renascer (83) 99332-5522 Cabedelo PB cardapio pedido delivery;;red;0;menuz.com.br;organic;Delivery em Cabedelo: restaurantes e pedidos online - Menuz;https://menuz.com.br/cabedelo;brand_not_confirmed
0a3b0f9a-629f-41ff-b213-eeb69d825dc2;Renapizza;Renapizza Cabedelo R. São Sebastião - Renascer (83) 99332-5522 Cabedelo PB cardapio pedido delivery;;red;-6;cabedelo.pb.gov.br;organic;Prefeitura de Cabedelo entrega Unidade Pesqueira no ...;https://cabedelo.pb.gov.br/prefeitura-de-cabedelo-entrega-unidade-pesqueira-no-renascer;brand_not_confirmed
f193a559-db9e-4530-be1f-889d9cd213ae;Burger Prime;Burger Prime Cabedelo R. Raul Seixas - Renascer (83) 98617-5093 Cabedelo PB cardapio pedido delivery;yes;yellow;81;instagram;organic;BURGUER PRIME (@burguer.prime83);https://instagram.com/burguer.prime83;
f193a559-db9e-4530-be1f-889d9cd213ae;Burger Prime;Burger Prime Cabedelo R. Raul Seixas - Renascer (83) 98617-5093 Cabedelo PB cardapio pedido delivery;;yellow;80;anota_ai;organic;Big Burger - Hamburgueria Artesanal | Delivery em CABEDELO;https://pedido.anota.ai/loja/big-burger-hamburgueria-artesanal;brand_not_confirmed
f193a559-db9e-4530-be1f-889d9cd213ae;Burger Prime;Burger Prime Cabedelo R. Raul Seixas - Renascer (83) 98617-5093 Cabedelo PB cardapio pedido delivery;;yellow;72;cardapioweb;organic;BURGER PRIME;https://app.cardapioweb.com/burger_primee;brand_not_confirmed|city_not_confirmed
f193a559-db9e-4530-be1f-889d9cd213ae;Burger Prime;Burger Prime Cabedelo R. Raul Seixas - Renascer (83) 98617-5093 Cabedelo PB cardapio pedido delivery;;red;6;ze.delivery;organic;Delivery de em Cabedelo - PB;https://ze.delivery/em/cabedelo-pb;brand_not_confirmed
f193a559-db9e-4530-be1f-889d9cd213ae;Burger Prime;Burger Prime Cabedelo R. Raul Seixas - Renascer (83) 98617-5093 Cabedelo PB cardapio pedido delivery;;red;-8;prime.menuintegrado.com.br;organic;Prime Burger - Delivery Oficial - Menu Integrado;https://prime.menuintegrado.com.br;brand_not_confirmed|city_not_confirmed
f193a559-db9e-4530-be1f-889d9cd213ae;Burger Prime;Burger Prime Cabedelo R. Raul Seixas - Renascer (83) 98617-5093 Cabedelo PB cardapio pedido delivery;;red;-16;rappi.com.br;organic;Trembom Marmitaria - Renascer Preço e Cardápio delivery;https://rappi.com.br/restaurantes/900125548-trembom-marmitaria;brand_not_confirmed|city_not_confirmed
f193a559-db9e-4530-be1f-889d9cd213ae;Burger Prime;Burger Prime Cabedelo R. Raul Seixas - Renascer (83) 98617-5093 Cabedelo PB cardapio pedido delivery;;red;-20;burgerprime.com.br;organic;Burger Prime;https://burgerprime.com.br;brand_not_confirmed|city_not_confirmed
f193a559-db9e-4530-be1f-889d9cd213ae;Burger Prime;Burger Prime Cabedelo R. Raul Seixas - Renascer (83) 98617-5093 Cabedelo PB cardapio pedido delivery;;red;-40;instagram;organic;O BÁSICO QUE FUNCIONA! 🍔🔥 Nosso delicioso CLASSIC ...;https://instagram.com/reel/DJfDk7PpTkw;instagram_reel_not_profile|brand_not_confirmed|instagram_profile_not_canonicalizable
436f9cd0-dff9-44c9-b070-180629e7a50e;Acai;Acai Lot. Oceania VI Av. Imbiridiba Cabedelo PB cardapio pedido delivery;yes;green;118;menudino;organic;Loja de Açaí em Cabedelo - Delivery;https://menudino.com/delivery/cabedelo-pb/loja-de-acai;
436f9cd0-dff9-44c9-b070-180629e7a50e;Acai;Acai Lot. Oceania VI Av. Imbiridiba Cabedelo PB cardapio pedido delivery;;green;112;anota_ai;organic;Açai da Hill Point | Delivery em CABEDELO | Pedido online;https://pedido.anota.ai/loja/aai-da-hill-point;
436f9cd0-dff9-44c9-b070-180629e7a50e;Acai;Acai Lot. Oceania VI Av. Imbiridiba Cabedelo PB cardapio pedido delivery;;green;112;instadelivery;organic;AçaíKm0 Cardápio - Delivery de Açai em Cabedelo;https://instadelivery.com.br/acaikm0;
436f9cd0-dff9-44c9-b070-180629e7a50e;Acai;Acai Lot. Oceania VI Av. Imbiridiba Cabedelo PB cardapio pedido delivery;;yellow;73;instagram;organic;Praçaí Intermares (@pracaiintermares) · Cabedelo, PB;https://instagram.com/pracaiintermares;
436f9cd0-dff9-44c9-b070-180629e7a50e;Acai;Acai Lot. Oceania VI Av. Imbiridiba Cabedelo PB cardapio pedido delivery;;yellow;67;instagram;organic;Daniel Do Açaí (@danieldoacai);https://instagram.com/danieldoacai;
436f9cd0-dff9-44c9-b070-180629e7a50e;Acai;Acai Lot. Oceania VI Av. Imbiridiba Cabedelo PB cardapio pedido delivery;;red;16;pedir.delivery;organic;Pedir Delivery;https://pedir.delivery/app/acai-tropical/delivery;city_not_confirmed
436f9cd0-dff9-44c9-b070-180629e7a50e;Acai;Acai Lot. Oceania VI Av. Imbiridiba Cabedelo PB cardapio pedido delivery;;red;16;planetacai.pedidosite.com.br;organic;Planet Açaí Delivery - Cardapio;https://planetacai.pedidosite.com.br;city_not_confirmed
436f9cd0-dff9-44c9-b070-180629e7a50e;Acai;Acai Lot. Oceania VI Av. Imbiridiba Cabedelo PB cardapio pedido delivery;;red;-14;instagram;organic;Seu dia pede praticidade. Seu corpo pede energia. E seu açaí ...;https://instagram.com/reel/DTQQjdijliL;instagram_reel_not_profile|instagram_profile_not_canonicalizable|city_not_confirmed
9caafb45-c961-481d-8261-0aea2b1e4eec;Valéria Lanches Delivery;Valéria Lanches Delivery Recanto do Poço R. Sen. Rui Carneiro (83) 99631-1311 Cabedelo PB cardapio pedido delivery;yes;yellow;100;anota_ai;organic;Valeria delivery | Delivery em __CITY__ | Pedido online;https://pedido.anota.ai/loja/valeria-delivery;city_not_confirmed
9caafb45-c961-481d-8261-0aea2b1e4eec;Valéria Lanches Delivery;Valéria Lanches Delivery Recanto do Poço R. Sen. Rui Carneiro (83) 99631-1311 Cabedelo PB cardapio pedido delivery;;green;86;instadelivery;organic;Melhores delivery de Cabedelo;https://portal.instadelivery.com.br/cabedelo;brand_not_confirmed
9caafb45-c961-481d-8261-0aea2b1e4eec;Valéria Lanches Delivery;Valéria Lanches Delivery Recanto do Poço R. Sen. Rui Carneiro (83) 99631-1311 Cabedelo PB cardapio pedido delivery;;red;20;facebook;organic;Valéria Lanches | Volta Redonda RJ;https://facebook.com/TrailerDaValeria/?locale=pt_BR;city_not_confirmed
9caafb45-c961-481d-8261-0aea2b1e4eec;Valéria Lanches Delivery;Valéria Lanches Delivery Recanto do Poço R. Sen. Rui Carneiro (83) 99631-1311 Cabedelo PB cardapio pedido delivery;;red;8;facebook;organic;1.3K views | Valéria Lanches on Reels;https://facebook.com/TrailerDaValeria/videos/987080859526035;city_not_confirmed
9caafb45-c961-481d-8261-0aea2b1e4eec;Valéria Lanches Delivery;Valéria Lanches Delivery Recanto do Poço R. Sen. Rui Carneiro (83) 99631-1311 Cabedelo PB cardapio pedido delivery;;red;2;instagram;organic;Se liga aí no nosso cardápio Valéria Lanches Venha ...;https://instagram.com/p/B1Tm0-eg_b-;instagram_p_not_profile|instagram_profile_not_canonicalizable|city_not_confirmed
9caafb45-c961-481d-8261-0aea2b1e4eec;Valéria Lanches Delivery;Valéria Lanches Delivery Recanto do Poço R. Sen. Rui Carneiro (83) 99631-1311 Cabedelo PB cardapio pedido delivery;;red;2;instagram;organic;Valéria Lanches 🍔🍟 on Instagram;https://instagram.com/p/DXkbIpYgdEH/?__d=1%E6%8E%A2%E6%8E%A2%E5%8F%B7%E4%B9%B0%E5%8D%96%E4%BA%A4%E6%98%93%E5%B9%B3%E5%8F%B0%E2%9C%94%EF%B8%8F%2Bueiue.com%2B%E2%AD%90%2B%2B4G%E6%B5%81%E9%87%8F%E5%8D%A1%E4%BA%A4%E6%98%93%E5%B9%B3%E5%8F%B0;instagram_p_not_profile|instagram_profile_not_canonicalizable|city_not_confirmed
9caafb45-c961-481d-8261-0aea2b1e4eec;Valéria Lanches Delivery;Valéria Lanches Delivery Recanto do Poço R. Sen. Rui Carneiro (83) 99631-1311 Cabedelo PB cardapio pedido delivery;;red;-16;maisdeliveryapp.com.br;organic;Mais Delivery - Seu pedido é uma ordem!;https://maisdeliveryapp.com.br/pwa;brand_not_confirmed|city_not_confirmed
9caafb45-c961-481d-8261-0aea2b1e4eec;Valéria Lanches Delivery;Valéria Lanches Delivery Recanto do Poço R. Sen. Rui Carneiro (83) 99631-1311 Cabedelo PB cardapio pedido delivery;;red;-28;sereialanches.com.br;organic;SEREIA LANCHES;https://sereialanches.com.br;brand_not_confirmed|city_not_confirmed
51776391-e0c6-4348-a640-b35b4fb34bb2;Mimu's da Geisi confeitaria;Mimu's da Geisi confeitaria Lot. Oceania VI Av. Imbiridiba (83) 99305-3138 Cabedelo PB cardapio pedido delivery;yes;yellow;100;olaclick;organic;Peça Online. Cardápio digital, Preços e ... - MIMU'S DOCERIA;https://mimus-doceria-2.ola.click/products;city_not_confirmed
51776391-e0c6-4348-a640-b35b4fb34bb2;Mimu's da Geisi confeitaria;Mimu's da Geisi confeitaria Lot. Oceania VI Av. Imbiridiba (83) 99305-3138 Cabedelo PB cardapio pedido delivery;;yellow;100;goomer;organic;MIMU'S DOCES - Cardápio e Delivery em Sorocaba;https://mimus-doces-3.goomer.app;city_not_confirmed
51776391-e0c6-4348-a640-b35b4fb34bb2;Mimu's da Geisi confeitaria;Mimu's da Geisi confeitaria Lot. Oceania VI Av. Imbiridiba (83) 99305-3138 Cabedelo PB cardapio pedido delivery;;yellow;63;instagram;organic;Mimu's Doceria | Confeitaria Artesanal (@mimusdoceria_);https://instagram.com/mimusdoceria_;city_not_confirmed
51776391-e0c6-4348-a640-b35b4fb34bb2;Mimu's da Geisi confeitaria;Mimu's da Geisi confeitaria Lot. Oceania VI Av. Imbiridiba (83) 99305-3138 Cabedelo PB cardapio pedido delivery;;yellow;46;instadelivery;organic;Mimus Artesanais Doceria Cardápio;https://instadelivery.com.br/mimusartesanaisdoceria;brand_not_confirmed|name_not_confirmed|city_not_confirmed
51776391-e0c6-4348-a640-b35b4fb34bb2;Mimu's da Geisi confeitaria;Mimu's da Geisi confeitaria Lot. Oceania VI Av. Imbiridiba (83) 99305-3138 Cabedelo PB cardapio pedido delivery;;red;20;mimu-s-doceria.menuintegrado.com.br;organic;Mimu's Doceria - Delivery Oficial - Menu Integrado;https://mimu-s-doceria.menuintegrado.com.br;city_not_confirmed
51776391-e0c6-4348-a640-b35b4fb34bb2;Mimu's da Geisi confeitaria;Mimu's da Geisi confeitaria Lot. Oceania VI Av. Imbiridiba (83) 99305-3138 Cabedelo PB cardapio pedido delivery;;red;20;facebook;organic;Mimu's doceria;https://facebook.com/100063564523917/?locale=zh_CN;city_not_confirmed
51776391-e0c6-4348-a640-b35b4fb34bb2;Mimu's da Geisi confeitaria;Mimu's da Geisi confeitaria Lot. Oceania VI Av. Imbiridiba (83) 99305-3138 Cabedelo PB cardapio pedido delivery;;red;-34;mamydocesesalgados.com.br;organic;Mamy Doces e Salgados Joinville | Faça Seu Pedido Online;https://mamydocesesalgados.com.br/pedir-online;brand_not_confirmed|name_not_confirmed|city_not_confirmed
51776391-e0c6-4348-a640-b35b4fb34bb2;Mimu's da Geisi confeitaria;Mimu's da Geisi confeitaria Lot. Oceania VI Av. Imbiridiba (83) 99305-3138 Cabedelo PB cardapio pedido delivery;;red;-34;mimisbakery.com.br;organic;Bolo Confeitado;https://mimisbakery.com.br;brand_not_confirmed|name_not_confirmed|city_not_confirmed
b91f652e-112d-4dcf-921c-4df6c2d1700f;Recanto do Pastel;Recanto do Pastel Recanto do Poço R. Gov. Antônio Mariz Cabedelo PB cardapio pedido delivery;yes;yellow;100;anota_ai;organic;Recanto do Pastel & Cia | Delivery em NOVA IGUACU;https://pedido.anota.ai/loja/recanto-do-pastel-cia;city_not_confirmed
b91f652e-112d-4dcf-921c-4df6c2d1700f;Recanto do Pastel;Recanto do Pastel Recanto do Poço R. Gov. Antônio Mariz Cabedelo PB cardapio pedido delivery;;yellow;100;instadelivery;organic;Recanto Açaí e Pastel Cardápio;https://instadelivery.com.br/recantoacaiepastel;city_not_confirmed
b91f652e-112d-4dcf-921c-4df6c2d1700f;Recanto do Pastel;Recanto do Pastel Recanto do Poço R. Gov. Antônio Mariz Cabedelo PB cardapio pedido delivery;;yellow;55;instagram;organic;Recanto do Pastel (@recantodopastelbr);https://instagram.com/recantodopastelbr;city_not_confirmed
b91f652e-112d-4dcf-921c-4df6c2d1700f;Recanto do Pastel;Recanto do Pastel Recanto do Poço R. Gov. Antônio Mariz Cabedelo PB cardapio pedido delivery;;red;43;instagram;derived_instagram_handle;Instagram profile @recantosopastelbr;https://instagram.com/recantosopastelbr;city_not_confirmed
b91f652e-112d-4dcf-921c-4df6c2d1700f;Recanto do Pastel;Recanto do Pastel Recanto do Poço R. Gov. Antônio Mariz Cabedelo PB cardapio pedido delivery;;red;20;facebook;organic;PASTEL A PARTIR DE R$10,90 Esse é o recantodopastelbr ...;https://facebook.com/RecantoDoPastelBr/videos/ver-card%C3%A1pio/1404646860224608;city_not_confirmed
b91f652e-112d-4dcf-921c-4df6c2d1700f;Recanto do Pastel;Recanto do Pastel Recanto do Poço R. Gov. Antônio Mariz Cabedelo PB cardapio pedido delivery;;red;20;facebook;organic;Pedido 📞 11 4028-4199 | WhatsApp 11 941786389 Terça ...;https://facebook.com/RecantoDoPastelBr/photos/-entrega-gr%C3%A1tis-entrega-gr%C3%A1tis-aqui-no-recanto-do-pastel-de-ter%C3%A7a-%C3%A0-quinta-nas-c/1851722631509502/?locale=pt_BR;city_not_confirmed
b91f652e-112d-4dcf-921c-4df6c2d1700f;Recanto do Pastel;Recanto do Pastel Recanto do Poço R. Gov. Antônio Mariz Cabedelo PB cardapio pedido delivery;;red;8;facebook;organic;Pastelaria Recanto do Pastel Sigam: @recantosopastelbr ...;https://facebook.com/RecantoDoPastelBr/videos/ver-card%C3%A1pio/7078740108894502;city_not_confirmed
b91f652e-112d-4dcf-921c-4df6c2d1700f;Recanto do Pastel;Recanto do Pastel Recanto do Poço R. Gov. Antônio Mariz Cabedelo PB cardapio pedido delivery;;red;-10;instagram;organic;"Recanto do Pastel on Instagram: ""Pastéis feitos na hora, do ...";https://instagram.com/reel/DE2-A1qBhCL;instagram_reel_not_profile|instagram_profile_not_canonicalizable|city_not_confirmed
4ddf6e22-ced9-47e4-b213-c378d233f04d;MB Marmitas | Marmitaria em João Pessoa;MB Marmitas | Marmitaria em João Pessoa Poço R. Alfredo Chaves Cabedelo PB cardapio pedido delivery;yes;green;122;olaclick;organic;Cardápio digital - Comida Caseira da Elly;https://comidacaseiradaelly.ola.click/products;
4ddf6e22-ced9-47e4-b213-c378d233f04d;MB Marmitas | Marmitaria em João Pessoa;MB Marmitas | Marmitaria em João Pessoa Poço R. Alfredo Chaves Cabedelo PB cardapio pedido delivery;;yellow;100;instadelivery;organic;Fogão de Mãe Marmitaria Cardápio;https://instadelivery.com.br/fog%C3%A3odem%C3%A3emarmitaria;city_not_confirmed
4ddf6e22-ced9-47e4-b213-c378d233f04d;MB Marmitas | Marmitaria em João Pessoa;MB Marmitas | Marmitaria em João Pessoa Poço R. Alfredo Chaves Cabedelo PB cardapio pedido delivery;;yellow;68;anota_ai;organic;Marmitex | Delivery em Cabedelo | Pedido online;https://app.anota.ai/marmitex-39?from=msa;brand_not_confirmed|name_not_confirmed
4ddf6e22-ced9-47e4-b213-c378d233f04d;MB Marmitas | Marmitaria em João Pessoa;MB Marmitas | Marmitaria em João Pessoa Poço R. Alfredo Chaves Cabedelo PB cardapio pedido delivery;;red;24;rappi.com.br;organic;Trembom Marmitaria - Renascer Preço e Cardápio delivery;https://rappi.com.br/restaurantes/900125548-trembom-marmitaria;city_not_confirmed
4ddf6e22-ced9-47e4-b213-c378d233f04d;MB Marmitas | Marmitaria em João Pessoa;MB Marmitas | Marmitaria em João Pessoa Poço R. Alfredo Chaves Cabedelo PB cardapio pedido delivery;;red;24;wanderboat.ai;organic;MB Marmitas | Marmitaria em João Pessoa;https://wanderboat.ai/restaurants/brazil/regi%C3%A3o-geogr%C3%A1fica-imediata-de-jo%C3%A3o-pessoa/mb-marmitas-%7C-marmitaria-em-jo%C3%A3o-pessoa/Uag2yJA4Thqm1pE-boUJJg;city_not_confirmed
4ddf6e22-ced9-47e4-b213-c378d233f04d;MB Marmitas | Marmitaria em João Pessoa;MB Marmitas | Marmitaria em João Pessoa Poço R. Alfredo Chaves Cabedelo PB cardapio pedido delivery;;red;2;instagram;organic;👉 *Marmitas a partir de R$15 reais*. Pedidos feitos até às ...;https://instagram.com/p/DAQmTnmNfFQ;instagram_p_not_profile|instagram_profile_not_canonicalizable|city_not_confirmed
4ddf6e22-ced9-47e4-b213-c378d233f04d;MB Marmitas | Marmitaria em João Pessoa;MB Marmitas | Marmitaria em João Pessoa Poço R. Alfredo Chaves Cabedelo PB cardapio pedido delivery;;red;-33;facebook;organic;Marmitaria de Lourdes | João Pessoa PB;https://facebook.com/marmitariadelourdes;conflicting_location:joao pessoa pb|city_not_confirmed
4ddf6e22-ced9-47e4-b213-c378d233f04d;MB Marmitas | Marmitaria em João Pessoa;MB Marmitas | Marmitaria em João Pessoa Poço R. Alfredo Chaves Cabedelo PB cardapio pedido delivery;;red;-66;ifood;organic;Marmitas do Ed - Delivery | JOAO PESSOA;https://ifood.com.br/delivery/joao-pessoa-pb/marmitas-do-ed---delivery-centro/28ffac98-b4a6-46dd-920a-795dfc98e22c?prato=4bd656a0-ca72-4890-8531-660ee5e15aba;ifood_rejected|city_not_confirmed
b6baa6f0-a148-49d2-830d-ea22a28cfeae;Magela Pizzaria;Magela Pizzaria Intermares Av. Oceano Atlântico Cabedelo PB cardapio pedido delivery;yes;yellow;80;anota_ai;organic;Pizza Now Intermares | Delivery em CABEDELO | Pedido online;https://pedido.anota.ai/loja/pizza-now-intermares;brand_not_confirmed
b6baa6f0-a148-49d2-830d-ea22a28cfeae;Magela Pizzaria;Magela Pizzaria Intermares Av. Oceano Atlântico Cabedelo PB cardapio pedido delivery;;yellow;65;instagram;organic;encerramos as atividades (@magelapizzaria);https://instagram.com/magelapizzaria;city_not_confirmed
b6baa6f0-a148-49d2-830d-ea22a28cfeae;Magela Pizzaria;Magela Pizzaria Intermares Av. Oceano Atlântico Cabedelo PB cardapio pedido delivery;;yellow;64;deliverydireto;organic;Pizza Now - Delivery Online;https://deliverydireto.com.br/pizzanow;brand_not_confirmed|city_not_confirmed
b6baa6f0-a148-49d2-830d-ea22a28cfeae;Magela Pizzaria;Magela Pizzaria Intermares Av. Oceano Atlântico Cabedelo PB cardapio pedido delivery;;red;-12;duogourmet.com.br;organic;Mega Pizza Cabedelo;https://duogourmet.com.br/restaurantes/cabedelo/mega-pizza;brand_not_confirmed
b6baa6f0-a148-49d2-830d-ea22a28cfeae;Magela Pizzaria;Magela Pizzaria Intermares Av. Oceano Atlântico Cabedelo PB cardapio pedido delivery;;red;-16;google;organic;Ma Que Bella Pizzaria;https://play.google.com/store/apps/details?id=com.wabiz.delivery.maquebellapizzaria&hl=pt_BR;map_not_direct_menu|brand_not_confirmed|city_not_confirmed
b6baa6f0-a148-49d2-830d-ea22a28cfeae;Magela Pizzaria;Magela Pizzaria Intermares Av. Oceano Atlântico Cabedelo PB cardapio pedido delivery;;red;-30;instagram;organic;Melhor pizza da região! Pede ja a tua! . Estamos na Rua da ...;https://instagram.com/reel/DGOoTdLBSQG;instagram_reel_not_profile|brand_not_confirmed|instagram_profile_not_canonicalizable
b6baa6f0-a148-49d2-830d-ea22a28cfeae;Magela Pizzaria;Magela Pizzaria Intermares Av. Oceano Atlântico Cabedelo PB cardapio pedido delivery;;red;-42;instagram;organic;UMA DAS PIZZARIAS MAIS BEM AVALIADAS DE JOÃO ...;https://instagram.com/reel/DKP8whNJOr4;instagram_reel_not_profile|brand_not_confirmed|instagram_profile_not_canonicalizable
b6baa6f0-a148-49d2-830d-ea22a28cfeae;Magela Pizzaria;Magela Pizzaria Intermares Av. Oceano Atlântico Cabedelo PB cardapio pedido delivery;;red;-52;instagram;organic;PIZZAS ESTUPIDAMENTE RECHEADAS POR APENAS R ...;https://instagram.com/reel/DV1nkMeiSRT;instagram_reel_not_profile|brand_not_confirmed|instagram_profile_not_canonicalizable|city_not_confirmed
0b4eb55c-e0d9-4068-b198-e5f8cb7a985e;Forneria Brasil Express 🍕;Forneria Brasil Express 🍕 (83) 98653-8522 Cabedelo PB cardapio pedido delivery;yes;yellow;100;instadelivery;organic;Forneria Brasil Express Cardápio - Delivery de Pizza em ...;https://instadelivery.com.br/FornoBrasilExpress;city_not_confirmed
0b4eb55c-e0d9-4068-b198-e5f8cb7a985e;Forneria Brasil Express 🍕;Forneria Brasil Express 🍕 (83) 98653-8522 Cabedelo PB cardapio pedido delivery;;yellow;100;cardapioweb;organic;Forneria Brasil;https://app.cardapioweb.com/forneria_brasil;city_not_confirmed
0b4eb55c-e0d9-4068-b198-e5f8cb7a985e;Forneria Brasil Express 🍕;Forneria Brasil Express 🍕 (83) 98653-8522 Cabedelo PB cardapio pedido delivery;;yellow;65;instagram;organic;Forneria Brasil Express (@forneria_brasilexpress);https://instagram.com/forneria_brasilexpress;city_not_confirmed
0b4eb55c-e0d9-4068-b198-e5f8cb7a985e;Forneria Brasil Express 🍕;Forneria Brasil Express 🍕 (83) 98653-8522 Cabedelo PB cardapio pedido delivery;;yellow;65;instagram;organic;Forneria Brasil Express (@forneria_brasilexpress);https://instagram.com/forneria_brasilexpress/reels;city_not_confirmed
0b4eb55c-e0d9-4068-b198-e5f8cb7a985e;Forneria Brasil Express 🍕;Forneria Brasil Express 🍕 (83) 98653-8522 Cabedelo PB cardapio pedido delivery;;red;20;forneriaoriginal.com;organic;Novidades;https://forneriaoriginal.com/novidades;city_not_confirmed
0b4eb55c-e0d9-4068-b198-e5f8cb7a985e;Forneria Brasil Express 🍕;Forneria Brasil Express 🍕 (83) 98653-8522 Cabedelo PB cardapio pedido delivery;;red;20;menu.beefood.com.br;organic;Pizzaria Forneria 247 - Cardápio Digital - BeeFood;https://menu.beefood.com.br/pizzariaforneria247;city_not_confirmed
0b4eb55c-e0d9-4068-b198-e5f8cb7a985e;Forneria Brasil Express 🍕;Forneria Brasil Express 🍕 (83) 98653-8522 Cabedelo PB cardapio pedido delivery;;red;20;forneriabellidelivery.qrpedir.com;organic;belli forneria delivery;https://forneriabellidelivery.qrpedir.com;city_not_confirmed
0b4eb55c-e0d9-4068-b198-e5f8cb7a985e;Forneria Brasil Express 🍕;Forneria Brasil Express 🍕 (83) 98653-8522 Cabedelo PB cardapio pedido delivery;;red;2;instagram;organic;- http://dire.to/fornobrasil Cardápio digital 💥 ✅Promoção ...;https://instagram.com/reel/Cvk6DTNOyFl;instagram_reel_not_profile|instagram_profile_not_canonicalizable|city_not_confirmed
7ea72c68-7a72-41e1-89e4-ecabaf00d859;ML Açaíteria;ML Açaíteria Recanto do Poço R. José Lins do Rêgo (83) 99805-8787 Cabedelo PB cardapio pedido delivery;yes;green;114;menudino;organic;Loja de Açaí em Cabedelo - Delivery;https://menudino.com/delivery/cabedelo-pb/loja-de-acai;
7ea72c68-7a72-41e1-89e4-ecabaf00d859;ML Açaíteria;ML Açaíteria Recanto do Poço R. José Lins do Rêgo (83) 99805-8787 Cabedelo PB cardapio pedido delivery;;green;114;instadelivery;organic;Melhores delivery de Cabedelo;https://portal.instadelivery.com.br/cabedelo;
7ea72c68-7a72-41e1-89e4-ecabaf00d859;ML Açaíteria;ML Açaíteria Recanto do Poço R. José Lins do Rêgo (83) 99805-8787 Cabedelo PB cardapio pedido delivery;;green;108;anota_ai;organic;Açai da Hill Point | Delivery em CABEDELO | Pedido online;https://pedido.anota.ai/loja/aai-da-hill-point;
7ea72c68-7a72-41e1-89e4-ecabaf00d859;ML Açaíteria;ML Açaíteria Recanto do Poço R. José Lins do Rêgo (83) 99805-8787 Cabedelo PB cardapio pedido delivery;;yellow;67;instagram;organic;Daniel Do Açaí (@danieldoacai);https://instagram.com/danieldoacai;
7ea72c68-7a72-41e1-89e4-ecabaf00d859;ML Açaíteria;ML Açaíteria Recanto do Poço R. José Lins do Rêgo (83) 99805-8787 Cabedelo PB cardapio pedido delivery;;red;38;consumer.com.br;organic;Sistema para Açaiterias e Lojas de Açaí em Cabedelo;https://consumer.com.br/sistema-para-acaiterias/cabedelo/pb?srsltid=AfmBOop363ZEbXbXN5mtoaNWy7DOZbe3mqb_JmwgSpjuN5W77zaMy7wZ;
7ea72c68-7a72-41e1-89e4-ecabaf00d859;ML Açaíteria;ML Açaíteria Recanto do Poço R. José Lins do Rêgo (83) 99805-8787 Cabedelo PB cardapio pedido delivery;;red;34;telepesquisa.com;organic;Melhor Açaí em Recanto Do Poco | Lojas, Delivery e Self- ...;https://telepesquisa.com/pb/empresas/l/acai/cabedelo/recanto-do-poco;
7ea72c68-7a72-41e1-89e4-ecabaf00d859;ML Açaíteria;ML Açaíteria Recanto do Poço R. José Lins do Rêgo (83) 99805-8787 Cabedelo PB cardapio pedido delivery;;red;22;vendaagora.com;organic;AÇAÍ DA PRAIA DO POÇO Cabedelo - PB;https://vendaagora.com/acai;
7ea72c68-7a72-41e1-89e4-ecabaf00d859;ML Açaíteria;ML Açaíteria Recanto do Poço R. José Lins do Rêgo (83) 99805-8787 Cabedelo PB cardapio pedido delivery;;red;12;ln-distribuidora-de-acai.menuintegrado.com.br;organic;LN DISTRIBUIDORA DE AÇAI - Delivery Oficial;https://ln-distribuidora-de-acai.menuintegrado.com.br/orders;city_not_confirmed
e078124e-e310-47b9-aa46-38ea0c3b8bf1;PAULISTA BURGER;PAULISTA BURGER Cabedelo R. Marizeiro - Portal do Poço Cabedelo PB cardapio pedido delivery;yes;yellow;100;anota_ai;organic;Paulistas Burger | Delivery em Afogados da Ingazeira;https://pedido.anota.ai/loja/paulistas-burger;city_not_confirmed
e078124e-e310-47b9-aa46-38ea0c3b8bf1;PAULISTA BURGER;PAULISTA BURGER Cabedelo R. Marizeiro - Portal do Poço Cabedelo PB cardapio pedido delivery;;yellow;88;whatsmenu;organic;Paulistas burguer;https://whatsmenu.com.br/paulistasburguer;city_not_confirmed
e078124e-e310-47b9-aa46-38ea0c3b8bf1;PAULISTA BURGER;PAULISTA BURGER Cabedelo R. Marizeiro - Portal do Poço Cabedelo PB cardapio pedido delivery;;green;86;instadelivery;organic;Melhores delivery de Cabedelo;https://portal.instadelivery.com.br/cabedelo;brand_not_confirmed
e078124e-e310-47b9-aa46-38ea0c3b8bf1;PAULISTA BURGER;PAULISTA BURGER Cabedelo R. Marizeiro - Portal do Poço Cabedelo PB cardapio pedido delivery;;red;20;paulistaburger.com.br;organic;Paulista Burger & Bar;http://paulistaburger.com.br;city_not_confirmed
e078124e-e310-47b9-aa46-38ea0c3b8bf1;PAULISTA BURGER;PAULISTA BURGER Cabedelo R. Marizeiro - Portal do Poço Cabedelo PB cardapio pedido delivery;;red;8;facebook;organic;Paulista Burger (@paulistaburger);https://facebook.com/paulistaburger;city_not_confirmed
e078124e-e310-47b9-aa46-38ea0c3b8bf1;PAULISTA BURGER;PAULISTA BURGER Cabedelo R. Marizeiro - Portal do Poço Cabedelo PB cardapio pedido delivery;;red;8;paulistalanches.menulegal.app;organic;Paulista Lanches;https://paulistalanches.menulegal.app;city_not_confirmed
e078124e-e310-47b9-aa46-38ea0c3b8bf1;PAULISTA BURGER;PAULISTA BURGER Cabedelo R. Marizeiro - Portal do Poço Cabedelo PB cardapio pedido delivery;;red;2;instagram;organic;Paulista Burger 🧡 | Delivery com a nossa qualidade e ...;https://instagram.com/p/CLnBe4dlah-;instagram_p_not_profile|instagram_profile_not_canonicalizable|city_not_confirmed
e078124e-e310-47b9-aa46-38ea0c3b8bf1;PAULISTA BURGER;PAULISTA BURGER Cabedelo R. Marizeiro - Portal do Poço Cabedelo PB cardapio pedido delivery;;red;-16;maisdeliveryapp.com.br;organic;Mais Delivery - Seu pedido é uma ordem!;https://maisdeliveryapp.com.br/pwa;brand_not_confirmed|city_not_confirmed
b37d1742-e516-4b41-9c93-8d64ef33f9c2;Tapiocaria da moça;Tapiocaria da moça Juarez Távora Na (83) 98714-8125 Cabedelo PB cardapio pedido delivery;yes;yellow;64;anota_ai;organic;Pizza's House | Delivery em Juarez Távora | Pedido online;https://pedido.anota.ai/loja/pizzas-house-6;brand_not_confirmed|city_not_confirmed
b37d1742-e516-4b41-9c93-8d64ef33f9c2;Tapiocaria da moça;Tapiocaria da moça Juarez Távora Na (83) 98714-8125 Cabedelo PB cardapio pedido delivery;;red;-11;instagram;organic;emporiodatapioca - Fortaleza;https://instagram.com/emporiodatapioca/?hl=pt;brand_not_confirmed|city_not_confirmed
b37d1742-e516-4b41-9c93-8d64ef33f9c2;Tapiocaria da moça;Tapiocaria da moça Juarez Távora Na (83) 98714-8125 Cabedelo PB cardapio pedido delivery;;red;-45;instagram;derived_instagram_handle;Instagram profile @tapiocariadojucapb;https://instagram.com/tapiocariadojucapb;brand_not_confirmed|derived_handle_brand_not_confirmed|city_not_confirmed
b37d1742-e516-4b41-9c93-8d64ef33f9c2;Tapiocaria da moça;Tapiocaria da moça Juarez Távora Na (83) 98714-8125 Cabedelo PB cardapio pedido delivery;;red;-51;instagram;derived_instagram_handle;Instagram profile @tapiocariadojuca;https://instagram.com/tapiocariadojuca;brand_not_confirmed|derived_handle_brand_not_confirmed|city_not_confirmed
b37d1742-e516-4b41-9c93-8d64ef33f9c2;Tapiocaria da moça;Tapiocaria da moça Juarez Távora Na (83) 98714-8125 Cabedelo PB cardapio pedido delivery;;red;-58;instagram;organic;Vem pra melhor @tapiocariadojucapb;https://instagram.com/reel/DY2S0gSR0og;instagram_reel_not_profile|brand_not_confirmed|instagram_profile_not_canonicalizable|city_not_confirmed
799a8b26-d8ce-4820-b94c-d6589a8507b4;Daniel do Açaí;Daniel do Açaí Cabedelo R. Raul Seixas - Renascer (83) 98669-5781 Cabedelo PB cardapio pedido delivery;yes;yellow;100;olaclick;organic;Daniel Açaí e Lanches - Cardápio digital;https://danielacaielanches.ola.click/products;city_not_confirmed
799a8b26-d8ce-4820-b94c-d6589a8507b4;Daniel do Açaí;Daniel do Açaí Cabedelo R. Raul Seixas - Renascer (83) 98669-5781 Cabedelo PB cardapio pedido delivery;;yellow;80;anota_ai;organic;Açai da Hill Point | Delivery em CABEDELO | Pedido online;https://pedido.anota.ai/loja/aai-da-hill-point;brand_not_confirmed
799a8b26-d8ce-4820-b94c-d6589a8507b4;Daniel do Açaí;Daniel do Açaí Cabedelo R. Raul Seixas - Renascer (83) 98669-5781 Cabedelo PB cardapio pedido delivery;;yellow;65;instagram;organic;Daniel Do Açaí (@danieldoacai);https://instagram.com/danieldoacai;city_not_confirmed
799a8b26-d8ce-4820-b94c-d6589a8507b4;Daniel do Açaí;Daniel do Açaí Cabedelo R. Raul Seixas - Renascer (83) 98669-5781 Cabedelo PB cardapio pedido delivery;;yellow;65;instagram;organic;A partir das 18:00 horas, nosso delivery estará funcionando ...;https://instagram.com/danieldoacai/reel/DXH7awtDwS9/?hl=af;city_not_confirmed
799a8b26-d8ce-4820-b94c-d6589a8507b4;Daniel do Açaí;Daniel do Açaí Cabedelo R. Raul Seixas - Renascer (83) 98669-5781 Cabedelo PB cardapio pedido delivery;;yellow;52;cardapioweb;organic;Seu Açai;https://app.cardapioweb.com/seu_acai;brand_not_confirmed|city_not_confirmed
799a8b26-d8ce-4820-b94c-d6589a8507b4;Daniel do Açaí;Daniel do Açaí Cabedelo R. Raul Seixas - Renascer (83) 98669-5781 Cabedelo PB cardapio pedido delivery;;red;30;wanderboat.ai;organic;R. Raul Seixas - Renascer, Cabedelo - PB, 58310-000, Brazil;https://wanderboat.ai/restaurants/brazil/regi%C3%A3o-geogr%C3%A1fica-imediata-de-jo%C3%A3o-pessoa/daniel-do-a%C3%A7a%C3%AD/hGZNteqFTM6JnxaW60yb3w;
799a8b26-d8ce-4820-b94c-d6589a8507b4;Daniel do Açaí;Daniel do Açaí Cabedelo R. Raul Seixas - Renascer (83) 98669-5781 Cabedelo PB cardapio pedido delivery;;red;18;instagram;organic;(83) 98669-5781 #açaí #cabedelo #delivery #joaopessoa ...;https://instagram.com/p/CVoHHQlpuoq;instagram_p_not_profile|instagram_profile_not_canonicalizable
799a8b26-d8ce-4820-b94c-d6589a8507b4;Daniel do Açaí;Daniel do Açaí Cabedelo R. Raul Seixas - Renascer (83) 98669-5781 Cabedelo PB cardapio pedido delivery;;red;2;instagram;organic;Vem no piquezin do @danieldoacai ...;https://instagram.com/p/CYm9MafKs2u;instagram_p_not_profile|instagram_profile_not_canonicalizable|city_not_confirmed
9b42e70d-f7a8-4db1-bc19-83d935d84b55;D'gust Lanchonete;D'gust Lanchonete Vila Sao Joao R. Benedito Soares da Silva (83) 98654-2468 Cabedelo PB cardapio pedido delivery;yes;yellow;100;goomer;organic;Cardápio e Delivery em Capela: D'Gust-Lanchonete;https://dgustcapela.goomer.app;city_not_confirmed
9b42e70d-f7a8-4db1-bc19-83d935d84b55;D'gust Lanchonete;D'gust Lanchonete Vila Sao Joao R. Benedito Soares da Silva (83) 98654-2468 Cabedelo PB cardapio pedido delivery;;yellow;100;anota_ai;organic;Pizzaria D'gust | Delivery em __CITY__ | Pedido online;https://pedido.anota.ai/loja/pizzaria-dgust-1;city_not_confirmed
9b42e70d-f7a8-4db1-bc19-83d935d84b55;D'gust Lanchonete;D'gust Lanchonete Vila Sao Joao R. Benedito Soares da Silva (83) 98654-2468 Cabedelo PB cardapio pedido delivery;;yellow;100;instadelivery;organic;Bom D'gusty Cardápio - Delivery de Lanches em João ...;https://instadelivery.com.br/BomDgustyJP;city_not_confirmed
9b42e70d-f7a8-4db1-bc19-83d935d84b55;D'gust Lanchonete;D'gust Lanchonete Vila Sao Joao R. Benedito Soares da Silva (83) 98654-2468 Cabedelo PB cardapio pedido delivery;;yellow;88;cardapioweb;organic;D'Gust Restaurante e Pizzaria;https://app.cardapioweb.com/dgust_restaurante_e_pizzaria;city_not_confirmed
9b42e70d-f7a8-4db1-bc19-83d935d84b55;D'gust Lanchonete;D'gust Lanchonete Vila Sao Joao R. Benedito Soares da Silva (83) 98654-2468 Cabedelo PB cardapio pedido delivery;;red;23;instagram;organic;ᴅ'ɢᴜsᴛ ʟᴀɴᴄʜᴏɴᴇᴛᴇ (@dgust0402) · Cabedelo, PB;https://instagram.com/dgust0402;brand_not_confirmed
9b42e70d-f7a8-4db1-bc19-83d935d84b55;D'gust Lanchonete;D'gust Lanchonete Vila Sao Joao R. Benedito Soares da Silva (83) 98654-2468 Cabedelo PB cardapio pedido delivery;;red;20;google;organic;D'Gust Pizza – Apps no Google Play;https://play.google.com/store/apps/details?id=com.wabiz.delivery.dgust&hl=pt_BR;map_not_direct_menu|city_not_confirmed
9b42e70d-f7a8-4db1-bc19-83d935d84b55;D'gust Lanchonete;D'gust Lanchonete Vila Sao Joao R. Benedito Soares da Silva (83) 98654-2468 Cabedelo PB cardapio pedido delivery;;red;2;instagram;organic;Sexta pede um D'Gust Pedidos até às 23:00 horas ou até ...;https://instagram.com/reel/DAKNbQkvURs;instagram_reel_not_profile|instagram_profile_not_canonicalizable|city_not_confirmed
9b42e70d-f7a8-4db1-bc19-83d935d84b55;D'gust Lanchonete;D'gust Lanchonete Vila Sao Joao R. Benedito Soares da Silva (83) 98654-2468 Cabedelo PB cardapio pedido delivery;;red;-6;hubt.com.br;organic;dgust lanchonete - Cabedelo, PB - Hubt;https://hubt.com.br/dgust-lanchonete;brand_not_confirmed
98e8a6d7-3943-47e6-8b2c-491972c7e4f1;KIOSQUE CANTINHO DA PRAÇA;KIOSQUE CANTINHO DA PRAÇA Ponta de Campina R. Golfo de Oman Cabedelo PB cardapio pedido delivery;yes;green;122;instadelivery;organic;Melhores delivery de Cabedelo;https://portal.instadelivery.com.br/cabedelo;
98e8a6d7-3943-47e6-8b2c-491972c7e4f1;KIOSQUE CANTINHO DA PRAÇA;KIOSQUE CANTINHO DA PRAÇA Ponta de Campina R. Golfo de Oman Cabedelo PB cardapio pedido delivery;;yellow;73;instagram;organic;Cantinho Da Praça (@cantinhodapraca);https://instagram.com/cantinhodapraca;city_not_confirmed
98e8a6d7-3943-47e6-8b2c-491972c7e4f1;KIOSQUE CANTINHO DA PRAÇA;KIOSQUE CANTINHO DA PRAÇA Ponta de Campina R. Golfo de Oman Cabedelo PB cardapio pedido delivery;;yellow;68;menudino;organic;Delivery de Lanchonete em Cabedelo;https://menudino.com/delivery/cabedelo-pb/lanchonete;brand_not_confirmed|name_not_confirmed
98e8a6d7-3943-47e6-8b2c-491972c7e4f1;KIOSQUE CANTINHO DA PRAÇA;KIOSQUE CANTINHO DA PRAÇA Ponta de Campina R. Golfo de Oman Cabedelo PB cardapio pedido delivery;;yellow;62;anota_ai;organic;Self-service da nany | Delivery em Cabedelo | Pedido online;https://pedido.anota.ai/loja/selfservice-da-nany;brand_not_confirmed|name_not_confirmed
98e8a6d7-3943-47e6-8b2c-491972c7e4f1;KIOSQUE CANTINHO DA PRAÇA;KIOSQUE CANTINHO DA PRAÇA Ponta de Campina R. Golfo de Oman Cabedelo PB cardapio pedido delivery;;red;-12;ze.delivery;organic;Delivery de em Cabedelo - PB;https://ze.delivery/em/cabedelo-pb;brand_not_confirmed|name_not_confirmed
98e8a6d7-3943-47e6-8b2c-491972c7e4f1;KIOSQUE CANTINHO DA PRAÇA;KIOSQUE CANTINHO DA PRAÇA Ponta de Campina R. Golfo de Oman Cabedelo PB cardapio pedido delivery;;red;-12;pedeagora.net;organic;Delivery em Cabedelo, PB;https://pedeagora.net/lista/cabedelo-pb;brand_not_confirmed|name_not_confirmed
98e8a6d7-3943-47e6-8b2c-491972c7e4f1;KIOSQUE CANTINHO DA PRAÇA;KIOSQUE CANTINHO DA PRAÇA Ponta de Campina R. Golfo de Oman Cabedelo PB cardapio pedido delivery;;red;-18;tripadvisor;organic;10 melhores restaurantes próximos ao Praia da Ponta de ...;https://tripadvisor.com.br/RestaurantsNear-g793398-d4056604-Praia_da_Ponta_de_Campina-Cabedelo_State_of_Paraiba.html;brand_not_confirmed|name_not_confirmed
98e8a6d7-3943-47e6-8b2c-491972c7e4f1;KIOSQUE CANTINHO DA PRAÇA;KIOSQUE CANTINHO DA PRAÇA Ponta de Campina R. Golfo de Oman Cabedelo PB cardapio pedido delivery;;red;-24;cabedelo.pb.gov.br;organic;Prefeitura de Cabedelo inicia entrega de quiosques ...;https://cabedelo.pb.gov.br/prefeitura-de-cabedelo-inicia-entrega-de-quiosques-padronizados-nas-orlas-de-intermares-e-ponta-de-campina;brand_not_confirmed|name_not_confirmed
c7306a7c-c69a-413e-b196-29a7847f29c7;Messe Cafeteria;Messe Cafeteria Cabedelo R. Praia do Jacaré - Intermares Cabedelo PB cardapio pedido delivery;yes;yellow;80;anota_ai;organic;NOVO ORIENTE INTERMARES | Delivery em Cabedelo;https://pedido.anota.ai/loja/novo-oriente-intermares-;brand_not_confirmed
c7306a7c-c69a-413e-b196-29a7847f29c7;Messe Cafeteria;Messe Cafeteria Cabedelo R. Praia do Jacaré - Intermares Cabedelo PB cardapio pedido delivery;;red;12;tripadvisor;organic;SAX CAFÉ, Cabedelo - Comentários de Restaurantes & ...;https://tripadvisor.com.br/Restaurant_Review-g793398-d19095375-Reviews-Sax_Cafe-Cabedelo_State_of_Paraiba.html;brand_not_confirmed
c7306a7c-c69a-413e-b196-29a7847f29c7;Messe Cafeteria;Messe Cafeteria Cabedelo R. Praia do Jacaré - Intermares Cabedelo PB cardapio pedido delivery;;red;11;instagram;organic;Cibelly Mar | Restaurante Flutuante (@cibellymarr);https://instagram.com/cibellymarr;brand_not_confirmed
c7306a7c-c69a-413e-b196-29a7847f29c7;Messe Cafeteria;Messe Cafeteria Cabedelo R. Praia do Jacaré - Intermares Cabedelo PB cardapio pedido delivery;;red;6;bacillesboulangerie.com.br;organic;Cabedelo - PB - Sobre nós - Bacilles Boulangerie LTDA;https://bacillesboulangerie.com.br/bacillesboulangerie/bacillesboulangerie/pages/sobre-nos;brand_not_confirmed
c7306a7c-c69a-413e-b196-29a7847f29c7;Messe Cafeteria;Messe Cafeteria Cabedelo R. Praia do Jacaré - Intermares Cabedelo PB cardapio pedido delivery;;red;-6;tiktok.com;organic;O Sushi Mais Famoso de Intermares: Pipa Temaki;https://tiktok.com/@hafaeuu/video/7416367588827041030;brand_not_confirmed
c7306a7c-c69a-413e-b196-29a7847f29c7;Messe Cafeteria;Messe Cafeteria Cabedelo R. Praia do Jacaré - Intermares Cabedelo PB cardapio pedido delivery;;red;-12;youtube.com;organic;We were the best coffee shop in Intermares, Cabedelo / João ...;https://youtube.com/watch?v=7DMkahQpr5Y;brand_not_confirmed
c7306a7c-c69a-413e-b196-29a7847f29c7;Messe Cafeteria;Messe Cafeteria Cabedelo R. Praia do Jacaré - Intermares Cabedelo PB cardapio pedido delivery;;red;-16;rappi.com.br;organic;Caf e com Cerveja - Intermares Preço e Cardápio delivery;https://rappi.com.br/restaurantes/900660096-caf-e-com-cerveja;brand_not_confirmed|city_not_confirmed
c7306a7c-c69a-413e-b196-29a7847f29c7;Messe Cafeteria;Messe Cafeteria Cabedelo R. Praia do Jacaré - Intermares Cabedelo PB cardapio pedido delivery;;red;-48;instagram;organic;Acaba de inaugurar em Intermares a nova unidade da Tia ...;https://instagram.com/reel/DQ6-DXpjsFN;instagram_reel_not_profile|brand_not_confirmed|instagram_profile_not_canonicalizable
4fbc3698-a161-4c24-b3ff-4ed4a22e2b41;Sorv&cia;Sorv&cia Camalaú Av. São Sebastião Cabedelo PB cardapio pedido delivery;yes;green;86;anota_ai;organic;Pizzaria 1000graus | Delivery em CABEDELO | Pedido online;https://pedido.anota.ai/loja/pizzaria-1000graus-1;brand_not_confirmed
4fbc3698-a161-4c24-b3ff-4ed4a22e2b41;Sorv&cia;Sorv&cia Camalaú Av. São Sebastião Cabedelo PB cardapio pedido delivery;;green;86;menudino;organic;Delivery de Lanchonete em Cabedelo;https://menudino.com/delivery/cabedelo-pb/lanchonete;brand_not_confirmed
4fbc3698-a161-4c24-b3ff-4ed4a22e2b41;Sorv&cia;Sorv&cia Camalaú Av. São Sebastião Cabedelo PB cardapio pedido delivery;;red;17;instagram;organic;Unidade Camalaú (@sup_saosebastiaocamalau);https://instagram.com/sup_saosebastiaocamalau;brand_not_confirmed
4fbc3698-a161-4c24-b3ff-4ed4a22e2b41;Sorv&cia;Sorv&cia Camalaú Av. São Sebastião Cabedelo PB cardapio pedido delivery;;red;6;pedeagora.net;organic;Delivery em Cabedelo, PB;https://pedeagora.net/lista/cabedelo-pb;brand_not_confirmed
4fbc3698-a161-4c24-b3ff-4ed4a22e2b41;Sorv&cia;Sorv&cia Camalaú Av. São Sebastião Cabedelo PB cardapio pedido delivery;;red;6;food.valeup.com.br;organic;Delivery em Cabedelo, PB - Vale Up Food;https://food.valeup.com.br/lista/cabedelo-pb;brand_not_confirmed
4fbc3698-a161-4c24-b3ff-4ed4a22e2b41;Sorv&cia;Sorv&cia Camalaú Av. São Sebastião Cabedelo PB cardapio pedido delivery;;red;-10;ze.delivery;organic;Delivery de em Camalau - PB;https://ze.delivery/em/camalau-pb/destilados;brand_not_confirmed|city_not_confirmed
4fbc3698-a161-4c24-b3ff-4ed4a22e2b41;Sorv&cia;Sorv&cia Camalaú Av. São Sebastião Cabedelo PB cardapio pedido delivery;;red;-16;pedizap.com.br;organic;Pedizap - Monte seu Cardápio e Receba os Pedidos via ...;https://pedizap.com.br;brand_not_confirmed|city_not_confirmed
4fbc3698-a161-4c24-b3ff-4ed4a22e2b41;Sorv&cia;Sorv&cia Camalaú Av. São Sebastião Cabedelo PB cardapio pedido delivery;;red;-16;maisdeliveryapp.com.br;organic;Mais Delivery - Seu pedido é uma ordem!;https://maisdeliveryapp.com.br/web/loja.php?id=OTUwMjc=;brand_not_confirmed|city_not_confirmed
68fc5124-13a8-4ec7-a2da-164074c0ea76;Bonna Gelateria Ponta de Campina;Bonna Gelateria Ponta de Campina Ponta de Campina Av. Oceano Atlântico Cabedelo PB cardapio pedido delivery;yes;red;38;sorveterias.ondefica.com.br;organic;BONNA GELATERIA ARTESANAL em Cabedelo - Sorveterias;https://sorveterias.ondefica.com.br/sobre/bonna-gelateria-artesanal-cabedelo-pb-12722703;
68fc5124-13a8-4ec7-a2da-164074c0ea76;Bonna Gelateria Ponta de Campina;Bonna Gelateria Ponta de Campina Ponta de Campina Av. Oceano Atlântico Cabedelo PB cardapio pedido delivery;;red;38;econodata.com.br;organic;Bonna-Gelateria Artesanal em Cabedelo, PB - 28.541.149 ...;https://econodata.com.br/consulta-empresa/28541149000369-bonna-gelateria-comercio-de-sorvetes-ltda;
68fc5124-13a8-4ec7-a2da-164074c0ea76;Bonna Gelateria Ponta de Campina;Bonna Gelateria Ponta de Campina Ponta de Campina Av. Oceano Atlântico Cabedelo PB cardapio pedido delivery;;red;28;tripadvisor;organic;Bonna Gelateria - Restaurantes: João Pessoa;https://tripadvisor.com.br/Restaurant_Review-g303428-d15843287-Reviews-Bonna_Gelateria-Joao_Pessoa_State_of_Paraiba.html;city_not_confirmed
68fc5124-13a8-4ec7-a2da-164074c0ea76;Bonna Gelateria Ponta de Campina;Bonna Gelateria Ponta de Campina Ponta de Campina Av. Oceano Atlântico Cabedelo PB cardapio pedido delivery;;red;12;instagram;organic;Bonna Gelateria (@bonnagelateria) · João Pessoa, PB;https://instagram.com/bonnagelateria;conflicting_location:joao pessoa, pb|city_not_confirmed
68fc5124-13a8-4ec7-a2da-164074c0ea76;Bonna Gelateria Ponta de Campina;Bonna Gelateria Ponta de Campina Ponta de Campina Av. Oceano Atlântico Cabedelo PB cardapio pedido delivery;;red;-2;instagram;organic;"Bonna Gelateria on Instagram: ""Nossa unidade de Ponta de ...";https://instagram.com/reel/CmHY484gicL;instagram_reel_not_profile|instagram_profile_not_canonicalizable|city_not_confirmed
68fc5124-13a8-4ec7-a2da-164074c0ea76;Bonna Gelateria Ponta de Campina;Bonna Gelateria Ponta de Campina Ponta de Campina Av. Oceano Atlântico Cabedelo PB cardapio pedido delivery;;red;-2;instagram;organic;Mais de 100 sabores na Bonna Gelateria Artesanal ...;https://instagram.com/p/C1prJJRJstb;instagram_p_not_profile|instagram_profile_not_canonicalizable|city_not_confirmed
68fc5124-13a8-4ec7-a2da-164074c0ea76;Bonna Gelateria Ponta de Campina;Bonna Gelateria Ponta de Campina Ponta de Campina Av. Oceano Atlântico Cabedelo PB cardapio pedido delivery;;red;-2;instagram;organic;"Ponta de Campina on Instagram: ""Todo dia é dia de Bonna ...";https://instagram.com/reel/DH6yJSXPK0-;instagram_reel_not_profile|instagram_profile_not_canonicalizable|city_not_confirmed
68fc5124-13a8-4ec7-a2da-164074c0ea76;Bonna Gelateria Ponta de Campina;Bonna Gelateria Ponta de Campina Ponta de Campina Av. Oceano Atlântico Cabedelo PB cardapio pedido delivery;;red;-66;instagram;organic;"Get Mall | Seu Shopping em Cabedelo on Instagram: ""No ...";https://instagram.com/reel/DCu3mWBJq9y;instagram_reel_not_profile|brand_not_confirmed|name_not_confirmed|instagram_profile_not_canonicalizable
c0081954-6410-42be-9abd-96c4300b6ec5;Cantinho Bom;Cantinho Bom Jardim Camboinha R. Santa Rita de Cássia (83) 99376-7145 Cabedelo PB cardapio pedido delivery;yes;yellow;100;anota_ai;organic;Cantinho do Açaí e Lanche | Delivery em Barra Mansa;https://pedido.anota.ai/loja/cantinho-do-aa-158;city_not_confirmed
c0081954-6410-42be-9abd-96c4300b6ec5;Cantinho Bom;Cantinho Bom Jardim Camboinha R. Santa Rita de Cássia (83) 99376-7145 Cabedelo PB cardapio pedido delivery;;yellow;100;instadelivery;organic;Cantinho da Didi | Sabor Raiz Cardápio;https://instadelivery.com.br/cantinhodadidi;city_not_confirmed
c0081954-6410-42be-9abd-96c4300b6ec5;Cantinho Bom;Cantinho Bom Jardim Camboinha R. Santa Rita de Cássia (83) 99376-7145 Cabedelo PB cardapio pedido delivery;;yellow;65;instagram;organic;Restaurante Cantinho de Casa (@cantinhodecasadelivery);https://instagram.com/cantinhodecasadelivery;city_not_confirmed
c0081954-6410-42be-9abd-96c4300b6ec5;Cantinho Bom;Cantinho Bom Jardim Camboinha R. Santa Rita de Cássia (83) 99376-7145 Cabedelo PB cardapio pedido delivery;;yellow;46;olaclick;organic;Cardápio digital - Comida Caseira da Elly;https://comidacaseiradaelly.ola.click/products;brand_not_confirmed|name_not_confirmed|city_not_confirmed
c0081954-6410-42be-9abd-96c4300b6ec5;Cantinho Bom;Cantinho Bom Jardim Camboinha R. Santa Rita de Cássia (83) 99376-7145 Cabedelo PB cardapio pedido delivery;;red;28;cantinhodnormahamburgueria.pedido.app.br;organic;Peça Online! - Cantinho D'Norma Hambúrgueria - Delivery;https://cantinhodnormahamburgueria.pedido.app.br;city_not_confirmed
c0081954-6410-42be-9abd-96c4300b6ec5;Cantinho Bom;Cantinho Bom Jardim Camboinha R. Santa Rita de Cássia (83) 99376-7145 Cabedelo PB cardapio pedido delivery;;red;20;pedir.delivery;organic;CANTINHO DE CASA DELIVERY;https://pedir.delivery/app/cantinhodecasadelivery/track?to;city_not_confirmed
c0081954-6410-42be-9abd-96c4300b6ec5;Cantinho Bom;Cantinho Bom Jardim Camboinha R. Santa Rita de Cássia (83) 99376-7145 Cabedelo PB cardapio pedido delivery;;red;16;rappi.com.br;organic;Cantinho do Tempero Bom mais próximo;https://rappi.com.br/restaurantes/delivery/525030-cantinho-do-tempero-bom;city_not_confirmed
c0081954-6410-42be-9abd-96c4300b6ec5;Cantinho Bom;Cantinho Bom Jardim Camboinha R. Santa Rita de Cássia (83) 99376-7145 Cabedelo PB cardapio pedido delivery;;red;2;instagram;organic;Acabou de sair Pães, Bolos e Roscas… No Cantinho do Bolo ...;https://instagram.com/reel/DLkaawuRf3E;instagram_reel_not_profile|instagram_profile_not_canonicalizable|city_not_confirmed
f598d9b8-6875-4bca-92c3-a7675f4775ac;Pizzaria tá no ponto;Pizzaria tá no ponto Vila Sao Joao R. Ten. Antônio Pontes (83) 99608-4407 Cabedelo PB cardapio pedido delivery;yes;green;94;anota_ai;organic;Pizzaria Ta no Ponto | Delivery em Cabedelo | Pedido online;https://pedido.anota.ai/loja/pizzaria-ta-no-ponto;brand_not_confirmed
f598d9b8-6875-4bca-92c3-a7675f4775ac;Pizzaria tá no ponto;Pizzaria tá no ponto Vila Sao Joao R. Ten. Antônio Pontes (83) 99608-4407 Cabedelo PB cardapio pedido delivery;;yellow;65;instagram;organic;Pizzaria tá no ponto (@pizzariatanoponto);https://instagram.com/pizzariatanoponto;city_not_confirmed
f598d9b8-6875-4bca-92c3-a7675f4775ac;Pizzaria tá no ponto;Pizzaria tá no ponto Vila Sao Joao R. Ten. Antônio Pontes (83) 99608-4407 Cabedelo PB cardapio pedido delivery;;yellow;64;instadelivery;organic;Melhores delivery de João Pessoa;https://portal.instadelivery.com.br/joao-pessoa;brand_not_confirmed|city_not_confirmed
f598d9b8-6875-4bca-92c3-a7675f4775ac;Pizzaria tá no ponto;Pizzaria tá no ponto Vila Sao Joao R. Ten. Antônio Pontes (83) 99608-4407 Cabedelo PB cardapio pedido delivery;;red;14;cabedelo.mylinq.com.br;organic;Pizzaria Delivery em CABEDELO PB - R. Nova Descoberta;https://cabedelo.mylinq.com.br/pizzaria-ta-no-ponto-cabedelo-telelista-2219809.htm;brand_not_confirmed
f598d9b8-6875-4bca-92c3-a7675f4775ac;Pizzaria tá no ponto;Pizzaria tá no ponto Vila Sao Joao R. Ten. Antônio Pontes (83) 99608-4407 Cabedelo PB cardapio pedido delivery;;red;-8;pizzariatanoponto.com.br;organic;Pizzaria ta no ponto - Delivery Oficial;https://pizzariatanoponto.com.br;brand_not_confirmed|city_not_confirmed
f598d9b8-6875-4bca-92c3-a7675f4775ac;Pizzaria tá no ponto;Pizzaria tá no ponto Vila Sao Joao R. Ten. Antônio Pontes (83) 99608-4407 Cabedelo PB cardapio pedido delivery;;red;-8;pigz.com.br;organic;Pizzaria Ponto 10;https://pigz.com.br/pizzariapontodez;brand_not_confirmed|city_not_confirmed
f598d9b8-6875-4bca-92c3-a7675f4775ac;Pizzaria tá no ponto;Pizzaria tá no ponto Vila Sao Joao R. Ten. Antônio Pontes (83) 99608-4407 Cabedelo PB cardapio pedido delivery;;red;-8;google;organic;Pizzaria Ponto.Com – Apps no Google Play;https://play.google.com/store/apps/details?id=com.wabiz.delivery.pontocom&hl=pt_BR;map_not_direct_menu|brand_not_confirmed|city_not_confirmed
f598d9b8-6875-4bca-92c3-a7675f4775ac;Pizzaria tá no ponto;Pizzaria tá no ponto Vila Sao Joao R. Ten. Antônio Pontes (83) 99608-4407 Cabedelo PB cardapio pedido delivery;;red;-10;pedidos.pizzanow.com.br;organic;Pizza Now - Delivery OFICIAL - Manaíra, João Pessoa - PB;https://pedidos.pizzanow.com.br/pizzanow/joaopessoa;brand_not_confirmed|city_not_confirmed
9092bbb6-9b7e-4aff-a990-7edecd6f155b;Bebel & Jó Pizzaria;Bebel & Jó Pizzaria Cabedelo Av. Ambrósio Miranda de Araújo - Renascer Cabedelo PB cardapio pedido delivery;yes;green;86;anota_ai;organic;churrascaria e pizzaria do biu | Delivery em CABEDELO;https://pedido.anota.ai/loja/pizzaria-do-biu;brand_not_confirmed
9092bbb6-9b7e-4aff-a990-7edecd6f155b;Bebel & Jó Pizzaria;Bebel & Jó Pizzaria Cabedelo Av. Ambrósio Miranda de Araújo - Renascer Cabedelo PB cardapio pedido delivery;;yellow;64;deliverydireto;organic;Pizza Now - Delivery Online;https://deliverydireto.com.br/pizzanow;brand_not_confirmed|city_not_confirmed
9092bbb6-9b7e-4aff-a990-7edecd6f155b;Bebel & Jó Pizzaria;Bebel & Jó Pizzaria Cabedelo Av. Ambrósio Miranda de Araújo - Renascer Cabedelo PB cardapio pedido delivery;;red;6;pizzariabomsaborpb.com.br;organic;Pizzaria Bom Sabor PB | Cabedelo - Jacaré;https://pizzariabomsaborpb.com.br;brand_not_confirmed
9092bbb6-9b7e-4aff-a990-7edecd6f155b;Bebel & Jó Pizzaria;Bebel & Jó Pizzaria Cabedelo Av. Ambrósio Miranda de Araújo - Renascer Cabedelo PB cardapio pedido delivery;;red;6;pedeagora.net;organic;Delivery em Cabedelo, PB;https://pedeagora.net/lista/cabedelo-pb;brand_not_confirmed
9092bbb6-9b7e-4aff-a990-7edecd6f155b;Bebel & Jó Pizzaria;Bebel & Jó Pizzaria Cabedelo Av. Ambrósio Miranda de Araújo - Renascer Cabedelo PB cardapio pedido delivery;;red;0;pizzariabomsaborcamboinha.com.br;organic;Pizzaria Bom Sabor Camboinha - Cabedelo;https://pizzariabomsaborcamboinha.com.br;brand_not_confirmed
9092bbb6-9b7e-4aff-a990-7edecd6f155b;Bebel & Jó Pizzaria;Bebel & Jó Pizzaria Cabedelo Av. Ambrósio Miranda de Araújo - Renascer Cabedelo PB cardapio pedido delivery;;red;-36;instagram;organic;A melhor pizza de Cabedelo tá passando na sua telinha ❤️ ...;https://instagram.com/reel/DXKxfcnCTQ1;instagram_reel_not_profile|brand_not_confirmed|instagram_profile_not_canonicalizable
9092bbb6-9b7e-4aff-a990-7edecd6f155b;Bebel & Jó Pizzaria;Bebel & Jó Pizzaria Cabedelo Av. Ambrósio Miranda de Araújo - Renascer Cabedelo PB cardapio pedido delivery;;red;-42;instagram;organic;"Pizza do Paulinho / Pizzaria em Cabedelo on Instagram: ""Hj é ...";https://instagram.com/reel/DAV8jPKp_wa;instagram_reel_not_profile|brand_not_confirmed|instagram_profile_not_canonicalizable
9092bbb6-9b7e-4aff-a990-7edecd6f155b;Bebel & Jó Pizzaria;Bebel & Jó Pizzaria Cabedelo Av. Ambrósio Miranda de Araújo - Renascer Cabedelo PB cardapio pedido delivery;;red;-52;instagram;organic;🚨 PIZZA NOW está com Oferta de 1 Pizza Grande com 4 ...;https://instagram.com/p/DMqe1R7psqG;instagram_p_not_profile|brand_not_confirmed|instagram_profile_not_canonicalizable|city_not_confirmed
26330241-3dbd-449f-ac54-9b789abc4a01;Self service da GG;Self service da GG Lot. Oceania VI R. Jair Cunha Cavalcanti Cabedelo PB cardapio pedido delivery;yes;green;124;anota_ai;organic;Self Service da Nany | Delivery em Cabedelo | Pedido online;https://pedido.anota.ai/loja/self-service-da-nany;
26330241-3dbd-449f-ac54-9b789abc4a01;Self service da GG;Self service da GG Lot. Oceania VI R. Jair Cunha Cavalcanti Cabedelo PB cardapio pedido delivery;;green;124;anota_ai;organic;Self-service da nany | Delivery em Cabedelo | Pedido online;https://pedido.anota.ai/loja/selfservice-da-nany;
26330241-3dbd-449f-ac54-9b789abc4a01;Self service da GG;Self service da GG Lot. Oceania VI R. Jair Cunha Cavalcanti Cabedelo PB cardapio pedido delivery;;red;-12;ze.delivery;organic;Delivery de em Cabedelo - PB;https://ze.delivery/em/cabedelo-pb;brand_not_confirmed|name_not_confirmed
26330241-3dbd-449f-ac54-9b789abc4a01;Self service da GG;Self service da GG Lot. Oceania VI R. Jair Cunha Cavalcanti Cabedelo PB cardapio pedido delivery;;red;-12;pizzariabomsaborpb.com.br;organic;Pizzaria Bom Sabor PB | Cabedelo - Jacaré;https://pizzariabomsaborpb.com.br;brand_not_confirmed|name_not_confirmed
26330241-3dbd-449f-ac54-9b789abc4a01;Self service da GG;Self service da GG Lot. Oceania VI R. Jair Cunha Cavalcanti Cabedelo PB cardapio pedido delivery;;red;-12;byfood.com.br;organic;Delivery em Cabedelo, PB;https://byfood.com.br/lista/cabedelo-pb;brand_not_confirmed|name_not_confirmed
26330241-3dbd-449f-ac54-9b789abc4a01;Self service da GG;Self service da GG Lot. Oceania VI R. Jair Cunha Cavalcanti Cabedelo PB cardapio pedido delivery;;red;-24;cabedelo.pb.gov.br;organic;Com refeições a R$ 1, Prefeitura de Cabedelo vai entregar ...;https://cabedelo.pb.gov.br/com-refeicoes-a-r-1-prefeitura-de-cabedelo-vai-entregar-1o-restaurante-popular-da-cidade;brand_not_confirmed|name_not_confirmed
26330241-3dbd-449f-ac54-9b789abc4a01;Self service da GG;Self service da GG Lot. Oceania VI R. Jair Cunha Cavalcanti Cabedelo PB cardapio pedido delivery;;red;-60;instagram;organic;View all;https://instagram.com/reel/DTnOR6nDfgn;instagram_reel_not_profile|brand_not_confirmed|name_not_confirmed|instagram_profile_not_canonicalizable
26330241-3dbd-449f-ac54-9b789abc4a01;Self service da GG;Self service da GG Lot. Oceania VI R. Jair Cunha Cavalcanti Cabedelo PB cardapio pedido delivery;;red;-66;instagram;organic;Reel by RESTAURANTES PARAÍBA | Melhor da Parahyba ...;https://instagram.com/reel/DS9-FKvAAnY;instagram_reel_not_profile|brand_not_confirmed|name_not_confirmed|instagram_profile_not_canonicalizable
743c1d75-28df-42ef-ba44-663a736f9783;Sabor da infância no pôr do sol;Sabor da infância no pôr do sol jacaré Praia do jacaré Pôr do sol do (83) 98860-4213 Cabedelo PB cardapio pedido delivery;yes;yellow;83;instagram;organic;Pôr do Sol do Jacaré (@pordosoldojacare) · Cabedelo, PB;https://instagram.com/pordosoldojacare;
743c1d75-28df-42ef-ba44-663a736f9783;Sabor da infância no pôr do sol;Sabor da infância no pôr do sol jacaré Praia do jacaré Pôr do sol do (83) 98860-4213 Cabedelo PB cardapio pedido delivery;;red;38;turismo.joaopessoa.pb.gov.br;organic;Pôr do Sol do Jacaré | Turismo João Pessoa;https://turismo.joaopessoa.pb.gov.br/o-que-fazer/pontos-turisticos/praias-e-piscinas-naturais/por-do-jacare;
743c1d75-28df-42ef-ba44-663a736f9783;Sabor da infância no pôr do sol;Sabor da infância no pôr do sol jacaré Praia do jacaré Pôr do sol do (83) 98860-4213 Cabedelo PB cardapio pedido delivery;;red;38;facebook;organic;Pôr do Sol Jacaré | Cabedelos PB;https://facebook.com/pordosoljacare/?locale=pt_BR;
743c1d75-28df-42ef-ba44-663a736f9783;Sabor da infância no pôr do sol;Sabor da infância no pôr do sol jacaré Praia do jacaré Pôr do sol do (83) 98860-4213 Cabedelo PB cardapio pedido delivery;;red;20;instagram;organic;Pôr do sol na Praia do Jacaré – Cabedelo/PB Um espetáculo ...;https://instagram.com/reel/DUQIn0xkRZU;instagram_reel_not_profile|instagram_profile_not_canonicalizable
743c1d75-28df-42ef-ba44-663a736f9783;Sabor da infância no pôr do sol;Sabor da infância no pôr do sol jacaré Praia do jacaré Pôr do sol do (83) 98860-4213 Cabedelo PB cardapio pedido delivery;;red;17;instagram;derived_instagram_handle;Instagram profile @thiagolocacoes_pb;https://instagram.com/thiagolocacoes_pb;derived_handle_brand_not_confirmed|city_not_confirmed
743c1d75-28df-42ef-ba44-663a736f9783;Sabor da infância no pôr do sol;Sabor da infância no pôr do sol jacaré Praia do jacaré Pôr do sol do (83) 98860-4213 Cabedelo PB cardapio pedido delivery;;red;16;guia.melhoresdestinos.com.br;organic;Pôr do sol na Praia do Jacaré - dicas de João Pessoa!;https://guia.melhoresdestinos.com.br/por-do-sol-na-praia-do-jacare-joao-pessoa.html;city_not_confirmed
743c1d75-28df-42ef-ba44-663a736f9783;Sabor da infância no pôr do sol;Sabor da infância no pôr do sol jacaré Praia do jacaré Pôr do sol do (83) 98860-4213 Cabedelo PB cardapio pedido delivery;;red;16;viajandocomamalarosa.com.br;organic;Pôr do sol na Praia do Jacaré;https://viajandocomamalarosa.com.br/por-do-sol-na-praia-do-jacare;city_not_confirmed
743c1d75-28df-42ef-ba44-663a736f9783;Sabor da infância no pôr do sol;Sabor da infância no pôr do sol jacaré Praia do jacaré Pôr do sol do (83) 98860-4213 Cabedelo PB cardapio pedido delivery;;red;10;instagram;organic;O pôr do sol na praia do Jacaré, às margens do rio Sanhauá ...;https://instagram.com/reel/DDj1fCSu93Q/?hl=pt;instagram_reel_not_profile|instagram_profile_not_canonicalizable|city_not_confirmed
d05af6c4-cbfa-4c6a-9d95-be4bc952d3d9;Cantinho do açaí;Cantinho do açaí Cabedelo R. Vinicius de Morais - Recanto do Poço (83) 98621-5532 Cabedelo PB cardapio pedido delivery;yes;yellow;100;anota_ai;organic;Cantinho do Açaí | Delivery em BARRA VELHA;https://app.anota.ai/cantinho-do-aa-9;city_not_confirmed
d05af6c4-cbfa-4c6a-9d95-be4bc952d3d9;Cantinho do açaí;Cantinho do açaí Cabedelo R. Vinicius de Morais - Recanto do Poço (83) 98621-5532 Cabedelo PB cardapio pedido delivery;;green;86;menudino;organic;Loja de Açaí em Cabedelo - Delivery;https://menudino.com/delivery/cabedelo-pb/loja-de-acai;brand_not_confirmed
d05af6c4-cbfa-4c6a-9d95-be4bc952d3d9;Cantinho do açaí;Cantinho do açaí Cabedelo R. Vinicius de Morais - Recanto do Poço (83) 98621-5532 Cabedelo PB cardapio pedido delivery;;green;86;instadelivery;organic;Melhores delivery de Cabedelo;https://portal.instadelivery.com.br/cabedelo;brand_not_confirmed
d05af6c4-cbfa-4c6a-9d95-be4bc952d3d9;Cantinho do açaí;Cantinho do açaí Cabedelo R. Vinicius de Morais - Recanto do Poço (83) 98621-5532 Cabedelo PB cardapio pedido delivery;;red;20;google;organic;Cantinho do Açaí – Apps no Google Play;https://play.google.com/store/apps/details?id=com.br.cantinhodoacai2&hl=pt_BR;map_not_direct_menu|city_not_confirmed
d05af6c4-cbfa-4c6a-9d95-be4bc952d3d9;Cantinho do açaí;Cantinho do açaí Cabedelo R. Vinicius de Morais - Recanto do Poço (83) 98621-5532 Cabedelo PB cardapio pedido delivery;;red;20;facebook;organic;Cantinho do Açaí Delivery;https://facebook.com/p/Cantinho-do-A%C3%A7a%C3%AD-Delivery-100051551335932/?locale=ms_MY;city_not_confirmed
d05af6c4-cbfa-4c6a-9d95-be4bc952d3d9;Cantinho do açaí;Cantinho do açaí Cabedelo R. Vinicius de Morais - Recanto do Poço (83) 98621-5532 Cabedelo PB cardapio pedido delivery;;red;20;cantinhodoacai.menuintegrado.com.br;organic;Delivery Oficial;https://cantinhodoacai.menuintegrado.com.br/orders;city_not_confirmed
d05af6c4-cbfa-4c6a-9d95-be4bc952d3d9;Cantinho do açaí;Cantinho do açaí Cabedelo R. Vinicius de Morais - Recanto do Poço (83) 98621-5532 Cabedelo PB cardapio pedido delivery;;red;17;instagram;organic;Daniel Do Açaí (@danieldoacai);https://instagram.com/danieldoacai;brand_not_confirmed
d05af6c4-cbfa-4c6a-9d95-be4bc952d3d9;Cantinho do açaí;Cantinho do açaí Cabedelo R. Vinicius de Morais - Recanto do Poço (83) 98621-5532 Cabedelo PB cardapio pedido delivery;;red;6;telepesquisa.com;organic;Melhor Açaí em Recanto Do Poco | Lojas, Delivery e Self- ...;https://telepesquisa.com/pb/empresas/l/acai/cabedelo/recanto-do-poco;brand_not_confirmed
dfb456d7-1841-474d-bb54-fd442af3e295;Burguer Hall;Burguer Hall Cabedelo R. Maurício de Alençar Cavalcante - bessa (83) 99382-3317 Cabedelo PB cardapio pedido delivery;yes;yellow;81;instagram;organic;HAMBURGUERIA ARTESANAL (@homesmashburguer);https://instagram.com/homesmashburguer;
dfb456d7-1841-474d-bb54-fd442af3e295;Burguer Hall;Burguer Hall Cabedelo R. Maurício de Alençar Cavalcante - bessa (83) 99382-3317 Cabedelo PB cardapio pedido delivery;;yellow;73;instagram;organic;Burguer Hall - Bessa📍 (@burguerhall);https://instagram.com/burguerhall;city_not_confirmed
dfb456d7-1841-474d-bb54-fd442af3e295;Burguer Hall;Burguer Hall Cabedelo R. Maurício de Alençar Cavalcante - bessa (83) 99382-3317 Cabedelo PB cardapio pedido delivery;;yellow;65;instagram;organic;Eu Quero Burguer (@euqueroburguerartesanal);https://instagram.com/euqueroburguerartesanal;city_not_confirmed
dfb456d7-1841-474d-bb54-fd442af3e295;Burguer Hall;Burguer Hall Cabedelo R. Maurício de Alençar Cavalcante - bessa (83) 99382-3317 Cabedelo PB cardapio pedido delivery;;red;18;instagram;organic;HAMBURGUERIA ARTESANAL on April 14, 2025.;https://instagram.com/p/DIcqtJasDZS;instagram_p_not_profile|instagram_profile_not_canonicalizable
dfb456d7-1841-474d-bb54-fd442af3e295;Burguer Hall;Burguer Hall Cabedelo R. Maurício de Alençar Cavalcante - bessa (83) 99382-3317 Cabedelo PB cardapio pedido delivery;;red;16;wanderboat.ai;organic;Burguer Hall - R. Maurício de Alençar Cavalcante;https://wanderboat.ai/restaurants/brazil/regi%C3%A3o-geogr%C3%A1fica-imediata-de-jo%C3%A3o-pessoa/burguer-hall/XVZzlag7SEeRJenKv_gqYg;city_not_confirmed
dfb456d7-1841-474d-bb54-fd442af3e295;Burguer Hall;Burguer Hall Cabedelo R. Maurício de Alençar Cavalcante - bessa (83) 99382-3317 Cabedelo PB cardapio pedido delivery;;red;-86;ifood;organic;iFood;https://ifood.com.br/delivery/joao-pessoa-pb/mega-burger---hamburgueria-bessa/ed31ae55-3909-4730-9e35-5015cd74d018?prato=d47d5517-1d77-46bb-bfb1-070b362fb4d8;ifood_rejected|city_not_confirmed
56b08e89-b750-4ec9-9497-21900cf3d823;Bar E Restaurante Do Nal;Bar E Restaurante Do Nal Cabedelo R. Cel. José Téles - praia miramar (83) 98706-1375 Cabedelo PB cardapio pedido delivery;yes;red;11;instagram;organic;Meninas Bar e Restaurante (@meninasbar) · Cabedelos, PB;https://instagram.com/meninasbar;brand_not_confirmed
56b08e89-b750-4ec9-9497-21900cf3d823;Bar E Restaurante Do Nal;Bar E Restaurante Do Nal Cabedelo R. Cel. José Téles - praia miramar (83) 98706-1375 Cabedelo PB cardapio pedido delivery;;red;2;direct_asset;organic;Secretaria de Turismo;https://cabedelo.pb.gov.br/wp-content/uploads/2023/07/LISTA_EMPRESAS_SELECIONADAS_EDITAL_001-1.pdf;needs_visual_or_ocr|brand_not_confirmed
56b08e89-b750-4ec9-9497-21900cf3d823;Bar E Restaurante Do Nal;Bar E Restaurante Do Nal Cabedelo R. Cel. José Téles - praia miramar (83) 98706-1375 Cabedelo PB cardapio pedido delivery;;red;-6;facebook;organic;Bar do Ivo | Cabedelos PB;https://facebook.com/p/Bar-do-Ivo-100067194944691;brand_not_confirmed
56b08e89-b750-4ec9-9497-21900cf3d823;Bar E Restaurante Do Nal;Bar E Restaurante Do Nal Cabedelo R. Cel. José Téles - praia miramar (83) 98706-1375 Cabedelo PB cardapio pedido delivery;;red;-11;instagram;organic;Restaurante Ondas (@restauranteondas);https://instagram.com/restauranteondas;brand_not_confirmed|city_not_confirmed
56b08e89-b750-4ec9-9497-21900cf3d823;Bar E Restaurante Do Nal;Bar E Restaurante Do Nal Cabedelo R. Cel. José Téles - praia miramar (83) 98706-1375 Cabedelo PB cardapio pedido delivery;;red;-42;instagram;organic;"Restaurante Ondas on Instagram: ""Ficamos localizados na ...";https://instagram.com/reel/B7yNx2Gpkxh;instagram_reel_not_profile|brand_not_confirmed|instagram_profile_not_canonicalizable
56b08e89-b750-4ec9-9497-21900cf3d823;Bar E Restaurante Do Nal;Bar E Restaurante Do Nal Cabedelo R. Cel. José Téles - praia miramar (83) 98706-1375 Cabedelo PB cardapio pedido delivery;;red;-46;instagram;organic;https://www.ifood.com.br/delivery/joao-pessoa-pb/ ...;https://instagram.com/p/DUlDuXhgByy;instagram_p_not_profile|brand_not_confirmed|instagram_profile_not_canonicalizable|city_not_confirmed
56b08e89-b750-4ec9-9497-21900cf3d823;Bar E Restaurante Do Nal;Bar E Restaurante Do Nal Cabedelo R. Cel. José Téles - praia miramar (83) 98706-1375 Cabedelo PB cardapio pedido delivery;;red;-48;instagram;organic;Marujo Bar - Ponta de Campina, Cabedelo;https://instagram.com/p/DDnup8Mt_wA;instagram_p_not_profile|brand_not_confirmed|instagram_profile_not_canonicalizable
56b08e89-b750-4ec9-9497-21900cf3d823;Bar E Restaurante Do Nal;Bar E Restaurante Do Nal Cabedelo R. Cel. José Téles - praia miramar (83) 98706-1375 Cabedelo PB cardapio pedido delivery;;red;-52;instagram;organic;"Restaurante Ondas on Instagram: ""PRAIA DE MIRAMAR ...";https://instagram.com/reel/CZo6bPRjfAY;instagram_reel_not_profile|brand_not_confirmed|instagram_profile_not_canonicalizable|city_not_confirmed
ca0f0788-f272-4859-826e-38af8e426eef;Caribe burger;Caribe burger Bessa, Cabedelo Rodovia 230 km 13 (83) 98178-9635 Cabedelo PB cardapio pedido delivery;yes;green;86;menudino;organic;Delivery de Lanchonete em Cabedelo;https://menudino.com/delivery/cabedelo-pb/lanchonete;brand_not_confirmed
ca0f0788-f272-4859-826e-38af8e426eef;Caribe burger;Caribe burger Bessa, Cabedelo Rodovia 230 km 13 (83) 98178-9635 Cabedelo PB cardapio pedido delivery;;yellow;80;anota_ai;organic;Ponto 4 Burguer, Pizzaria e Lanches;https://app.anota.ai/ponto-4-burguer-pizzaria-e-lanches;brand_not_confirmed
ca0f0788-f272-4859-826e-38af8e426eef;Caribe burger;Caribe burger Bessa, Cabedelo Rodovia 230 km 13 (83) 98178-9635 Cabedelo PB cardapio pedido delivery;;red;20;caribelanche.pedido.app.br;organic;Cardápio - Caribe Lanches - Delivery;https://caribelanche.pedido.app.br/cardapio/itens/hamburguer;city_not_confirmed
ca0f0788-f272-4859-826e-38af8e426eef;Caribe burger;Caribe burger Bessa, Cabedelo Rodovia 230 km 13 (83) 98178-9635 Cabedelo PB cardapio pedido delivery;;red;20;deliveryapp.neemo.com.br;organic;Caribes Hamburgueria - Delivery App;https://deliveryapp.neemo.com.br/delivery/10158;city_not_confirmed
ca0f0788-f272-4859-826e-38af8e426eef;Caribe burger;Caribe burger Bessa, Cabedelo Rodovia 230 km 13 (83) 98178-9635 Cabedelo PB cardapio pedido delivery;;red;17;instagram;organic;Burguerdobinho;https://instagram.com/burguerdobinho;brand_not_confirmed
ca0f0788-f272-4859-826e-38af8e426eef;Caribe burger;Caribe burger Bessa, Cabedelo Rodovia 230 km 13 (83) 98178-9635 Cabedelo PB cardapio pedido delivery;;red;6;ze.delivery;organic;Delivery de em Cabedelo - PB;https://ze.delivery/em/cabedelo-pb;brand_not_confirmed
ca0f0788-f272-4859-826e-38af8e426eef;Caribe burger;Caribe burger Bessa, Cabedelo Rodovia 230 km 13 (83) 98178-9635 Cabedelo PB cardapio pedido delivery;;red;6;facebook;organic;Big Burguer Gourmet - Delivery | Cabedelo PB;https://facebook.com/bigburguergourmetcabedelo/?locale=pt_BR;brand_not_confirmed
ca0f0788-f272-4859-826e-38af8e426eef;Caribe burger;Caribe burger Bessa, Cabedelo Rodovia 230 km 13 (83) 98178-9635 Cabedelo PB cardapio pedido delivery;;red;6;byfood.com.br;organic;Delivery em Cabedelo, PB;https://byfood.com.br/lista/cabedelo-pb;brand_not_confirmed
e20c7fe6-1563-45fc-9a60-96d75acdaa2b;Zhu Burguer;Zhu Burguer Cabedelo Rua em frente à Cardiologica, R. Antônio Dornelas Bezerra - Centro (83) 99652-4815 Cabedelo PB cardapio pedido delivery;yes;green;122;anota_ai;organic;SAMUCHE BURGUER PB | Delivery em CABEDELO;https://pedido.anota.ai/loja/samucheburguer;
e20c7fe6-1563-45fc-9a60-96d75acdaa2b;Zhu Burguer;Zhu Burguer Cabedelo Rua em frente à Cardiologica, R. Antônio Dornelas Bezerra - Centro (83) 99652-4815 Cabedelo PB cardapio pedido delivery;;yellow;71;instagram;organic;I ❤ Burguer (@iloveburguerpb);https://instagram.com/iloveburguerpb;city_not_confirmed
e20c7fe6-1563-45fc-9a60-96d75acdaa2b;Zhu Burguer;Zhu Burguer Cabedelo Rua em frente à Cardiologica, R. Antônio Dornelas Bezerra - Centro (83) 99652-4815 Cabedelo PB cardapio pedido delivery;;yellow;68;menudino;organic;Delivery de Lanchonete em Cabedelo;https://menudino.com/delivery/cabedelo-pb/lanchonete;brand_not_confirmed|name_not_confirmed
e20c7fe6-1563-45fc-9a60-96d75acdaa2b;Zhu Burguer;Zhu Burguer Cabedelo Rua em frente à Cardiologica, R. Antônio Dornelas Bezerra - Centro (83) 99652-4815 Cabedelo PB cardapio pedido delivery;;red;42;facebook;organic;Big Burguer Gourmet - Delivery | Cabedelo PB;https://facebook.com/bigburguergourmetcabedelo/?locale=pt_BR;
e20c7fe6-1563-45fc-9a60-96d75acdaa2b;Zhu Burguer;Zhu Burguer Cabedelo Rua em frente à Cardiologica, R. Antônio Dornelas Bezerra - Centro (83) 99652-4815 Cabedelo PB cardapio pedido delivery;;red;19;instagram;derived_instagram_handle;Instagram profile @seubiujp;https://instagram.com/seubiujp;derived_handle_brand_not_confirmed
e20c7fe6-1563-45fc-9a60-96d75acdaa2b;Zhu Burguer;Zhu Burguer Cabedelo Rua em frente à Cardiologica, R. Antônio Dornelas Bezerra - Centro (83) 99652-4815 Cabedelo PB cardapio pedido delivery;;red;6;instagram;organic;Hambúrguer não é tudo igual — e foi exatamente isso que eu ...;https://instagram.com/reel/DTlELitANiP;instagram_reel_not_profile|instagram_profile_not_canonicalizable
e20c7fe6-1563-45fc-9a60-96d75acdaa2b;Zhu Burguer;Zhu Burguer Cabedelo Rua em frente à Cardiologica, R. Antônio Dornelas Bezerra - Centro (83) 99652-4815 Cabedelo PB cardapio pedido delivery;;red;-12;ze.delivery;organic;Delivery de em Cabedelo - PB;https://ze.delivery/em/cabedelo-pb;brand_not_confirmed|name_not_confirmed
e20c7fe6-1563-45fc-9a60-96d75acdaa2b;Zhu Burguer;Zhu Burguer Cabedelo Rua em frente à Cardiologica, R. Antônio Dornelas Bezerra - Centro (83) 99652-4815 Cabedelo PB cardapio pedido delivery;;red;-40;homeburgerpb.com.br;organic;https://homeburgerpb.com.br/homeburger2/homeburger...;https://homeburgerpb.com.br/homeburger2/homeburgerpb?dd=menu;brand_not_confirmed|name_not_confirmed|city_not_confirmed
4990a612-f3ae-4ca1-959b-694fc7d59b9e;Pastelaria em família;Pastelaria em família Cabedelo R. São Miguel - Camalaú (83) 98608-6821 Cabedelo PB cardapio pedido delivery;yes;green;116;anota_ai;organic;Familia Petisco | Delivery em Cabedelo - Pedidos Anota aí;https://pedido.anota.ai/loja/familia-petisco-2;
4990a612-f3ae-4ca1-959b-694fc7d59b9e;Pastelaria em família;Pastelaria em família Cabedelo R. São Miguel - Camalaú (83) 98608-6821 Cabedelo PB cardapio pedido delivery;;green;86;instadelivery;organic;Melhores delivery de Cabedelo;https://portal.instadelivery.com.br/cabedelo;brand_not_confirmed
4990a612-f3ae-4ca1-959b-694fc7d59b9e;Pastelaria em família;Pastelaria em família Cabedelo R. São Miguel - Camalaú (83) 98608-6821 Cabedelo PB cardapio pedido delivery;;yellow;65;instagram;derived_instagram_handle;Instagram profile @pasteldifamilia;https://instagram.com/pasteldifamilia;city_not_confirmed
4990a612-f3ae-4ca1-959b-694fc7d59b9e;Pastelaria em família;Pastelaria em família Cabedelo R. São Miguel - Camalaú (83) 98608-6821 Cabedelo PB cardapio pedido delivery;;red;23;instagram;organic;Pastelaria Litorânea (@pastelarialitoranea);https://instagram.com/pastelarialitoranea;brand_not_confirmed
4990a612-f3ae-4ca1-959b-694fc7d59b9e;Pastelaria em família;Pastelaria em família Cabedelo R. São Miguel - Camalaú (83) 98608-6821 Cabedelo PB cardapio pedido delivery;;red;6;cabedelo.pb.gov.br;organic;Prefeitura de Cabedelo - PB | Portal Oficial da Gestão Municipal;https://cabedelo.pb.gov.br;brand_not_confirmed
4990a612-f3ae-4ca1-959b-694fc7d59b9e;Pastelaria em família;Pastelaria em família Cabedelo R. São Miguel - Camalaú (83) 98608-6821 Cabedelo PB cardapio pedido delivery;;red;6;byfood.com.br;organic;Delivery em Cabedelo, PB;https://byfood.com.br/lista/cabedelo-pb;brand_not_confirmed
4990a612-f3ae-4ca1-959b-694fc7d59b9e;Pastelaria em família;Pastelaria em família Cabedelo R. São Miguel - Camalaú (83) 98608-6821 Cabedelo PB cardapio pedido delivery;;red;2;instagram;organic;Reel by PASTÉIS DI FAMILIA,!🍴 (@pasteldifamilia__);https://instagram.com/p/DZs5UV1PrAq;instagram_p_not_profile|instagram_profile_not_canonicalizable|city_not_confirmed
4990a612-f3ae-4ca1-959b-694fc7d59b9e;Pastelaria em família;Pastelaria em família Cabedelo R. São Miguel - Camalaú (83) 98608-6821 Cabedelo PB cardapio pedido delivery;;red;0;tripadvisor;organic;Restaurantes com serviço de entrega em Cabedelo;https://tripadvisor.com.br/Restaurants-g793398-zfp19-Cabedelo_State_of_Paraiba.html;brand_not_confirmed
17c67464-7f14-4f6a-b07c-855f9c9a4593;Manguinhos Burguer;Manguinhos Burguer Vila Sao Joao R. Débora Borges Xavier (83) 99831-1272 Cabedelo PB cardapio pedido delivery;yes;green;116;anota_ai;organic;Ponto 4 Burguer, Pizzaria e Lanches;https://app.anota.ai/ponto-4-burguer-pizzaria-e-lanches;
17c67464-7f14-4f6a-b07c-855f9c9a4593;Manguinhos Burguer;Manguinhos Burguer Vila Sao Joao R. Débora Borges Xavier (83) 99831-1272 Cabedelo PB cardapio pedido delivery;;yellow;108;instadelivery;organic;Manguinhos Burguer Cardápio - Delivery de Hambúrguer ...;https://instadelivery.com.br/HamburgueriaManguinhosBurguer;city_not_confirmed
17c67464-7f14-4f6a-b07c-855f9c9a4593;Manguinhos Burguer;Manguinhos Burguer Vila Sao Joao R. Débora Borges Xavier (83) 99831-1272 Cabedelo PB cardapio pedido delivery;;yellow;75;instagram;derived_instagram_handle;Instagram profile @iloveburguerpb;https://instagram.com/iloveburguerpb;
17c67464-7f14-4f6a-b07c-855f9c9a4593;Manguinhos Burguer;Manguinhos Burguer Vila Sao Joao R. Débora Borges Xavier (83) 99831-1272 Cabedelo PB cardapio pedido delivery;;red;20;burguerdono.com.br;organic;Burguer do Nô | Procura-se chegados em Hamburguers;https://burguerdono.com.br;city_not_confirmed
17c67464-7f14-4f6a-b07c-855f9c9a4593;Manguinhos Burguer;Manguinhos Burguer Vila Sao Joao R. Débora Borges Xavier (83) 99831-1272 Cabedelo PB cardapio pedido delivery;;red;20;d1d1osburger.com.br;organic;D1d1o's Burger - Delivery;https://d1d1osburger.com.br;city_not_confirmed
17c67464-7f14-4f6a-b07c-855f9c9a4593;Manguinhos Burguer;Manguinhos Burguer Vila Sao Joao R. Débora Borges Xavier (83) 99831-1272 Cabedelo PB cardapio pedido delivery;;red;14;instagram;organic;🍔🔥 Cabedelo, chegou o Manguinhos Burguer! Dia 17 de ...;https://instagram.com/p/DVu72coDT3N;instagram_p_not_profile|instagram_profile_not_canonicalizable
17c67464-7f14-4f6a-b07c-855f9c9a4593;Manguinhos Burguer;Manguinhos Burguer Vila Sao Joao R. Débora Borges Xavier (83) 99831-1272 Cabedelo PB cardapio pedido delivery;;red;12;instagram;organic;"I Burguer on Instagram: ""Chegou fim de semana, hora de ...";https://instagram.com/reel/CwYf3Dir6mG;instagram_reel_not_profile|instagram_profile_not_canonicalizable
17c67464-7f14-4f6a-b07c-855f9c9a4593;Manguinhos Burguer;Manguinhos Burguer Vila Sao Joao R. Débora Borges Xavier (83) 99831-1272 Cabedelo PB cardapio pedido delivery;;red;8;sommeliervinhos.com.br;organic;https://www.sommeliervinhos.com.br/hamburguer?feat...;https://sommeliervinhos.com.br/hamburguer?feature=122915&grid=4&feature-13545=122988;city_not_confirmed
e744a813-7f24-4f4c-a422-d54e2c0ab2ff;Juci;Juci Intermares R. Golfo de Cadis Cabedelo PB cardapio pedido delivery;yes;yellow;80;anota_ai;organic;NOVO ORIENTE INTERMARES | Delivery em Cabedelo;https://pedido.anota.ai/loja/novo-oriente-intermares-;brand_not_confirmed
e744a813-7f24-4f4c-a422-d54e2c0ab2ff;Juci;Juci Intermares R. Golfo de Cadis Cabedelo PB cardapio pedido delivery;;red;23;instagram;organic;Praçaí Intermares (@pracaiintermares) · Cabedelo, PB;https://instagram.com/pracaiintermares;brand_not_confirmed
e744a813-7f24-4f4c-a422-d54e2c0ab2ff;Juci;Juci Intermares R. Golfo de Cadis Cabedelo PB cardapio pedido delivery;;red;6;cabedelo.pb.gov.br;organic;Galeteria D'Intermares | Prefeitura de Cabedelo;https://cabedelo.pb.gov.br/ondecomer/galeteria-dintermares;brand_not_confirmed
e744a813-7f24-4f4c-a422-d54e2c0ab2ff;Juci;Juci Intermares R. Golfo de Cadis Cabedelo PB cardapio pedido delivery;;red;6;bacillesboulangerie.com.br;organic;Cabedelo - PB - Sobre nós - Bacilles Boulangerie LTDA;https://bacillesboulangerie.com.br/bacillesboulangerie/bacillesboulangerie/pages/sobre-nos;brand_not_confirmed
e744a813-7f24-4f4c-a422-d54e2c0ab2ff;Juci;Juci Intermares R. Golfo de Cadis Cabedelo PB cardapio pedido delivery;;red;6;ze.delivery;organic;Delivery de em Cabedelo - PB;https://ze.delivery/em/cabedelo-pb;brand_not_confirmed
e744a813-7f24-4f4c-a422-d54e2c0ab2ff;Juci;Juci Intermares R. Golfo de Cadis Cabedelo PB cardapio pedido delivery;;red;6;byfood.com.br;organic;Delivery em Cabedelo, PB;https://byfood.com.br/lista/cabedelo-pb;brand_not_confirmed
e744a813-7f24-4f4c-a422-d54e2c0ab2ff;Juci;Juci Intermares R. Golfo de Cadis Cabedelo PB cardapio pedido delivery;;red;6;recantodopicuiintermares.com.br;organic;Recanto do Picuí Intermares | Cabedelo/PB;https://recantodopicuiintermares.com.br;brand_not_confirmed
e744a813-7f24-4f4c-a422-d54e2c0ab2ff;Juci;Juci Intermares R. Golfo de Cadis Cabedelo PB cardapio pedido delivery;;red;-16;rappi.com.br;organic;Caf e com Cerveja - Intermares Preço e Cardápio delivery;https://rappi.com.br/restaurantes/900660096-caf-e-com-cerveja;brand_not_confirmed|city_not_confirmed
2ef9ccde-0e20-4108-a8ac-874108b3c16b;Porto do açaí;Porto do açaí Camalaú R. Cleto Campêlo (83) 99384-2261 Cabedelo PB cardapio pedido delivery;yes;yellow;87;instagram;organic;Porto do Açaí (@portodoacai01) · Cabedelo, PB;https://instagram.com/portodoacai01;
2ef9ccde-0e20-4108-a8ac-874108b3c16b;Porto do açaí;Porto do açaí Camalaú R. Cleto Campêlo (83) 99384-2261 Cabedelo PB cardapio pedido delivery;;yellow;80;anota_ai;organic;Açai da Hill Point | Delivery em CABEDELO | Pedido online;https://pedido.anota.ai/loja/aai-da-hill-point;brand_not_confirmed
2ef9ccde-0e20-4108-a8ac-874108b3c16b;Porto do açaí;Porto do açaí Camalaú R. Cleto Campêlo (83) 99384-2261 Cabedelo PB cardapio pedido delivery;;yellow;80;instadelivery;organic;AçaíKm0 Cardápio - Delivery de Açai em Cabedelo;https://instadelivery.com.br/acaikm0;brand_not_confirmed
2ef9ccde-0e20-4108-a8ac-874108b3c16b;Porto do açaí;Porto do açaí Camalaú R. Cleto Campêlo (83) 99384-2261 Cabedelo PB cardapio pedido delivery;;yellow;72;olaclick;organic;Porto do Açaí - Informações Peça Online. Cardápio digital ...;https://porto-do-acai-2.ola.click;brand_not_confirmed|city_not_confirmed
2ef9ccde-0e20-4108-a8ac-874108b3c16b;Porto do açaí;Porto do açaí Camalaú R. Cleto Campêlo (83) 99384-2261 Cabedelo PB cardapio pedido delivery;;red;2;portodecabedelo.pb.gov.br;organic;Porto De Cabedelo: Home Oficial;https://portodecabedelo.pb.gov.br;brand_not_confirmed
2ef9ccde-0e20-4108-a8ac-874108b3c16b;Porto do açaí;Porto do açaí Camalaú R. Cleto Campêlo (83) 99384-2261 Cabedelo PB cardapio pedido delivery;;red;-16;deliveryapp.neemo.com.br;organic;Point do Açaí - Web Delivery;https://deliveryapp.neemo.com.br/delivery/2287/menu;brand_not_confirmed|city_not_confirmed
2ef9ccde-0e20-4108-a8ac-874108b3c16b;Porto do açaí;Porto do açaí Camalaú R. Cleto Campêlo (83) 99384-2261 Cabedelo PB cardapio pedido delivery;;red;-16;pedir.delivery;organic;Pedir Delivery;https://pedir.delivery/app/acai-tropical/delivery;brand_not_confirmed|city_not_confirmed
2ef9ccde-0e20-4108-a8ac-874108b3c16b;Porto do açaí;Porto do açaí Camalaú R. Cleto Campêlo (83) 99384-2261 Cabedelo PB cardapio pedido delivery;;red;-16;acaidelivery.pedidu.app;organic;Açaí Delivery;https://acaidelivery.pedidu.app;brand_not_confirmed|city_not_confirmed
b75a8384-f80f-4a6b-a230-d363cea67597;Tapioca Sabor Natural;Tapioca Sabor Natural Vila Sao Joao R. Dr. João Mata Cabedelo PB cardapio pedido delivery;yes;yellow;100;instadelivery;organic;Delivery de Crepe e tapioca em João Pessoa;https://instadelivery.com.br/tapioca083;city_not_confirmed
b75a8384-f80f-4a6b-a230-d363cea67597;Tapioca Sabor Natural;Tapioca Sabor Natural Vila Sao Joao R. Dr. João Mata Cabedelo PB cardapio pedido delivery;;yellow;68;olaclick;organic;Cardápio digital - Comida Caseira da Elly;https://comidacaseiradaelly.ola.click/products;brand_not_confirmed|name_not_confirmed
b75a8384-f80f-4a6b-a230-d363cea67597;Tapioca Sabor Natural;Tapioca Sabor Natural Vila Sao Joao R. Dr. João Mata Cabedelo PB cardapio pedido delivery;;yellow;62;anota_ai;organic;Kikão Dogs & Burguers | Delivery em CABEDELO;https://pedido.anota.ai/loja/kikao;brand_not_confirmed|name_not_confirmed
b75a8384-f80f-4a6b-a230-d363cea67597;Tapioca Sabor Natural;Tapioca Sabor Natural Vila Sao Joao R. Dr. João Mata Cabedelo PB cardapio pedido delivery;;red;36;facebook;organic;Tapioca recheada | R$0.00 | Cabedelo, Paraíba;https://facebook.com/groups/391556059230373/posts/1516066110112690;
b75a8384-f80f-4a6b-a230-d363cea67597;Tapioca Sabor Natural;Tapioca Sabor Natural Vila Sao Joao R. Dr. João Mata Cabedelo PB cardapio pedido delivery;;red;28;tapitapioca.com.br;organic;Tapí Tapioca - Tapioca artesanal e sua casa de lanches ...;https://tapitapioca.com.br;city_not_confirmed
b75a8384-f80f-4a6b-a230-d363cea67597;Tapioca Sabor Natural;Tapioca Sabor Natural Vila Sao Joao R. Dr. João Mata Cabedelo PB cardapio pedido delivery;;red;20;rappi.com.br;organic;Trembom Marmitaria - Renascer Preço e Cardápio delivery;https://rappi.com.br/restaurantes/900125548-trembom-marmitaria;city_not_confirmed
b75a8384-f80f-4a6b-a230-d363cea67597;Tapioca Sabor Natural;Tapioca Sabor Natural Vila Sao Joao R. Dr. João Mata Cabedelo PB cardapio pedido delivery;;red;10;instagram;organic;"Cantinho da Tapioca on Instagram: ""A espera acabou! O ...";https://instagram.com/reel/DG3Tw-lvTql;instagram_reel_not_profile|instagram_profile_not_canonicalizable|city_not_confirmed
b75a8384-f80f-4a6b-a230-d363cea67597;Tapioca Sabor Natural;Tapioca Sabor Natural Vila Sao Joao R. Dr. João Mata Cabedelo PB cardapio pedido delivery;;red;8;youtube.com;organic;Dizem ser A MELHOR TAPIOCA da orla de João Pessoa ...;https://youtube.com/watch?v=G9dan7bbAdQ;city_not_confirmed
e445b317-ad12-4b4f-ab07-1289037cd322;Restaurante Self Sabor;Restaurante Self Sabor Lot. Vitorino Cardoso R. Carolino Cardoso Cabedelo PB cardapio pedido delivery;yes;yellow;83;instagram;organic;Restaurante Self Sabor (@_selfsabor) · Cabedelo, PB;https://instagram.com/_selfsabor;
e445b317-ad12-4b4f-ab07-1289037cd322;Restaurante Self Sabor;Restaurante Self Sabor Lot. Vitorino Cardoso R. Carolino Cardoso Cabedelo PB cardapio pedido delivery;;yellow;77;instagram;organic;Restaurante Self Sabor (@_selfsabor) - Cabedelo;https://instagram.com/_selfsabor/reels;
e445b317-ad12-4b4f-ab07-1289037cd322;Restaurante Self Sabor;Restaurante Self Sabor Lot. Vitorino Cardoso R. Carolino Cardoso Cabedelo PB cardapio pedido delivery;;yellow;62;anota_ai;organic;churrascaria e pizzaria do biu | Delivery em CABEDELO;https://pedido.anota.ai/loja/pizzaria-do-biu;brand_not_confirmed|name_not_confirmed
e445b317-ad12-4b4f-ab07-1289037cd322;Restaurante Self Sabor;Restaurante Self Sabor Lot. Vitorino Cardoso R. Carolino Cardoso Cabedelo PB cardapio pedido delivery;;red;38;wanderboat.ai;organic;Restaurante Self Sabor - R. Carolino Cardoso, 361;https://wanderboat.ai/restaurants/brazil/regi%C3%A3o-geogr%C3%A1fica-imediata-de-jo%C3%A3o-pessoa/restaurante-self-sabor/2sDuAR4eQrurWXK86RMoXA;
e445b317-ad12-4b4f-ab07-1289037cd322;Restaurante Self Sabor;Restaurante Self Sabor Lot. Vitorino Cardoso R. Carolino Cardoso Cabedelo PB cardapio pedido delivery;;red;38;econodata.com.br;organic;Self Sabor em Cabedelo, PB - 61.798.629/0001-13;https://econodata.com.br/consulta-empresa/61798629000113-self-sabor-restaurante-ltda;
e445b317-ad12-4b4f-ab07-1289037cd322;Restaurante Self Sabor;Restaurante Self Sabor Lot. Vitorino Cardoso R. Carolino Cardoso Cabedelo PB cardapio pedido delivery;;red;38;vendaagora.com;organic;sabor da casa - self service - cabedelo - pb;https://vendaagora.com/sabordacasa;
e445b317-ad12-4b4f-ab07-1289037cd322;Restaurante Self Sabor;Restaurante Self Sabor Lot. Vitorino Cardoso R. Carolino Cardoso Cabedelo PB cardapio pedido delivery;;red;8;tripadvisor;organic;RESTAURANTE MEIO QUILO, Cabedelo - Comentários de ...;https://tripadvisor.com.br/Restaurant_Review-g793398-d7867522-Reviews-Restaurante_Meio_Quilo-Cabedelo_State_of_Paraiba.html;brand_not_confirmed
e445b317-ad12-4b4f-ab07-1289037cd322;Restaurante Self Sabor;Restaurante Self Sabor Lot. Vitorino Cardoso R. Carolino Cardoso Cabedelo PB cardapio pedido delivery;;red;-12;ze.delivery;organic;Delivery de em Cabedelo - PB;https://ze.delivery/em/cabedelo-pb;brand_not_confirmed|name_not_confirmed
fee9720d-1e25-487a-9a73-df9e407e73a6;Restaurante;Restaurante Cabedelo R. Cel. José Téles - Vila Sao Joao Cabedelo PB cardapio pedido delivery;yes;green;118;menudino;organic;Restaurantes em Cabedelo;https://menudino.com/delivery/cabedelo-pb;
fee9720d-1e25-487a-9a73-df9e407e73a6;Restaurante;Restaurante Cabedelo R. Cel. José Téles - Vila Sao Joao Cabedelo PB cardapio pedido delivery;;green;114;olaclick;organic;Cardápio digital - Comida Caseira da Elly;https://comidacaseiradaelly.ola.click/products;
fee9720d-1e25-487a-9a73-df9e407e73a6;Restaurante;Restaurante Cabedelo R. Cel. José Téles - Vila Sao Joao Cabedelo PB cardapio pedido delivery;;green;112;anota_ai;organic;Tc Restaurante e Petiscaria | Delivery em Cabedelo;https://pedido.anota.ai/loja/tc-petiscaria-e-lanches-1;
fee9720d-1e25-487a-9a73-df9e407e73a6;Restaurante;Restaurante Cabedelo R. Cel. José Téles - Vila Sao Joao Cabedelo PB cardapio pedido delivery;;red;34;byfood.com.br;organic;Delivery em Cabedelo, PB;https://byfood.com.br/lista/cabedelo-pb;
fee9720d-1e25-487a-9a73-df9e407e73a6;Restaurante;Restaurante Cabedelo R. Cel. José Téles - Vila Sao Joao Cabedelo PB cardapio pedido delivery;;red;32;tripadvisor;organic;Restaurantes com serviço de entrega em Cabedelo;https://tripadvisor.com.br/Restaurants-g793398-zfp19-Cabedelo_State_of_Paraiba.html;
fee9720d-1e25-487a-9a73-df9e407e73a6;Restaurante;Restaurante Cabedelo R. Cel. José Téles - Vila Sao Joao Cabedelo PB cardapio pedido delivery;;red;32;saketemaki.com;organic;Sakê - Restaurante Japonês em João Pessoa e Cabedelo;https://saketemaki.com;
fee9720d-1e25-487a-9a73-df9e407e73a6;Restaurante;Restaurante Cabedelo R. Cel. José Téles - Vila Sao Joao Cabedelo PB cardapio pedido delivery;;red;16;rappi.com.br;organic;Trembom Marmitaria - Renascer Preço e Cardápio delivery;https://rappi.com.br/restaurantes/900125548-trembom-marmitaria;city_not_confirmed
fee9720d-1e25-487a-9a73-df9e407e73a6;Restaurante;Restaurante Cabedelo R. Cel. José Téles - Vila Sao Joao Cabedelo PB cardapio pedido delivery;;red;8;instagram;organic;🍽️ Restaurante Casa de Taipa – Cabedelo/PB 🌵 Se você ...;https://instagram.com/reel/DPq5eqEjSjk;instagram_reel_not_profile|instagram_profile_not_canonicalizable
d03f3aca-7cdf-4227-b701-fd1a439be3c5;Piratas Burger;Piratas Burger Intermares Av. Oceano Atlântico (83) 98155-6636 Cabedelo PB cardapio pedido delivery;yes;yellow;80;anota_ai;organic;Ponto 4 Burguer, Pizzaria e Lanches;https://app.anota.ai/ponto-4-burguer-pizzaria-e-lanches;brand_not_confirmed
d03f3aca-7cdf-4227-b701-fd1a439be3c5;Piratas Burger;Piratas Burger Intermares Av. Oceano Atlântico (83) 98155-6636 Cabedelo PB cardapio pedido delivery;;red;23;instagram;organic;Big Jack Sanduicheria (@bigjack.intermares) · Cabedelo, PB;https://instagram.com/bigjack.intermares;brand_not_confirmed
d03f3aca-7cdf-4227-b701-fd1a439be3c5;Piratas Burger;Piratas Burger Intermares Av. Oceano Atlântico (83) 98155-6636 Cabedelo PB cardapio pedido delivery;;red;20;piratasartburger.com.br;organic;Grande Meier - Delivery OFICIAL - PILARES, Rio de Janeiro;https://piratasartburger.com.br/piratas-art-burger/meier;city_not_confirmed
d03f3aca-7cdf-4227-b701-fd1a439be3c5;Piratas Burger;Piratas Burger Intermares Av. Oceano Atlântico (83) 98155-6636 Cabedelo PB cardapio pedido delivery;;red;20;facebook;organic;Quer receber nosso cardápio atualizado? Clica no link da ...;https://facebook.com/piratasfoodtruckoficial/posts/quer-receber-nosso-card%C3%A1pio-atualizado-clica-no-link-da-bio-/1183583653770077;city_not_confirmed
d03f3aca-7cdf-4227-b701-fd1a439be3c5;Piratas Burger;Piratas Burger Intermares Av. Oceano Atlântico (83) 98155-6636 Cabedelo PB cardapio pedido delivery;;red;20;deliveryapp.neemo.com.br;organic;Piratas Pizza & Burger - Delivery App;https://deliveryapp.neemo.com.br/contato/2031;city_not_confirmed
d03f3aca-7cdf-4227-b701-fd1a439be3c5;Piratas Burger;Piratas Burger Intermares Av. Oceano Atlântico (83) 98155-6636 Cabedelo PB cardapio pedido delivery;;red;-10;instagram;organic;Caro e gentil marujo! Sabemos que vocês precisam de ...;https://instagram.com/reel/DUWa5uYEUbm;instagram_reel_not_profile|instagram_profile_not_canonicalizable|city_not_confirmed
d03f3aca-7cdf-4227-b701-fd1a439be3c5;Piratas Burger;Piratas Burger Intermares Av. Oceano Atlântico (83) 98155-6636 Cabedelo PB cardapio pedido delivery;;red;-16;pirataburger.pedidosite.com.br;organic;Pirata Burguer - Cardapio;https://pirataburger.pedidosite.com.br;brand_not_confirmed|city_not_confirmed
d03f3aca-7cdf-4227-b701-fd1a439be3c5;Piratas Burger;Piratas Burger Intermares Av. Oceano Atlântico (83) 98155-6636 Cabedelo PB cardapio pedido delivery;;red;-52;instagram;organic;O melhor lugar pra quem ama hambúrguer na brasa, assados ...;https://instagram.com/reel/DTJc8qDEcJr;instagram_reel_not_profile|brand_not_confirmed|instagram_profile_not_canonicalizable|city_not_confirmed
62958074-8ac2-487e-9cde-9b6c018c34dc;Empório Do Sabor;Empório Do Sabor Lot. Oceania VI R. Milton Macedo da Cruz Cabedelo PB cardapio pedido delivery;yes;yellow;108;anota_ai;organic;Empório do Sabor | Delivery em Rio Verde | Pedido online;https://pedido.anota.ai/loja/emprio-do-sabor-13;city_not_confirmed
62958074-8ac2-487e-9cde-9b6c018c34dc;Empório Do Sabor;Empório Do Sabor Lot. Oceania VI R. Milton Macedo da Cruz Cabedelo PB cardapio pedido delivery;;yellow;88;cardapioweb;organic;Empório Tem de Que;https://app.cardapioweb.com/emporio_tem_de_q;city_not_confirmed
62958074-8ac2-487e-9cde-9b6c018c34dc;Empório Do Sabor;Empório Do Sabor Lot. Oceania VI R. Milton Macedo da Cruz Cabedelo PB cardapio pedido delivery;;yellow;68;instadelivery;organic;Melhores delivery de Cabedelo;https://portal.instadelivery.com.br/cabedelo;brand_not_confirmed|name_not_confirmed
62958074-8ac2-487e-9cde-9b6c018c34dc;Empório Do Sabor;Empório Do Sabor Lot. Oceania VI R. Milton Macedo da Cruz Cabedelo PB cardapio pedido delivery;;red;28;emporio-do-sabor.menuintegrado.com.br;organic;Emporio do sabor - Delivery Oficial - Menu Integrado;https://emporio-do-sabor.menuintegrado.com.br;city_not_confirmed
62958074-8ac2-487e-9cde-9b6c018c34dc;Empório Do Sabor;Empório Do Sabor Lot. Oceania VI R. Milton Macedo da Cruz Cabedelo PB cardapio pedido delivery;;red;28;emporiodosabor.deeliv.app;organic;Cardápio | EMPÓRIO DO SABOR;https://emporiodosabor.deeliv.app;city_not_confirmed
62958074-8ac2-487e-9cde-9b6c018c34dc;Empório Do Sabor;Empório Do Sabor Lot. Oceania VI R. Milton Macedo da Cruz Cabedelo PB cardapio pedido delivery;;red;20;menu.fu.do;organic;EMPORIO DO BRASIL - Cardápio digital;https://menu.fu.do/emporiodobrasil;city_not_confirmed
62958074-8ac2-487e-9cde-9b6c018c34dc;Empório Do Sabor;Empório Do Sabor Lot. Oceania VI R. Milton Macedo da Cruz Cabedelo PB cardapio pedido delivery;;red;10;instagram;organic;"Bar on Instagram: ""Mood Empório do Sabor ativado! Aqui tem ...";https://instagram.com/reel/DY2dEjOxOVh;instagram_reel_not_profile|instagram_profile_not_canonicalizable|city_not_confirmed
62958074-8ac2-487e-9cde-9b6c018c34dc;Empório Do Sabor;Empório Do Sabor Lot. Oceania VI R. Milton Macedo da Cruz Cabedelo PB cardapio pedido delivery;;red;10;instagram;organic;Venha pegar sua porção no Empório do Sabor também ...;https://instagram.com/reel/DEm-1VMypSb;instagram_reel_not_profile|instagram_profile_not_canonicalizable|city_not_confirmed
13cacb5e-52f2-4d8c-80ed-26c53a847ea9;Esquina do galeto;Esquina do galeto Rua Rosa vieira Cabedelo PB cardapio pedido delivery;yes;green;116;anota_ai;organic;Casa do galeto | Delivery em Cabedelo | Pedido online;https://pedido.anota.ai/loja/casa-do-galeto-2;
13cacb5e-52f2-4d8c-80ed-26c53a847ea9;Esquina do galeto;Esquina do galeto Rua Rosa vieira Cabedelo PB cardapio pedido delivery;;yellow;68;menudino;organic;Delivery de Quiosque em Cabedelo;https://menudino.com/delivery/cabedelo-pb/quiosque;brand_not_confirmed|name_not_confirmed
13cacb5e-52f2-4d8c-80ed-26c53a847ea9;Esquina do galeto;Esquina do galeto Rua Rosa vieira Cabedelo PB cardapio pedido delivery;;yellow;68;instadelivery;organic;Melhores delivery de Cabedelo;https://portal.instadelivery.com.br/cabedelo;brand_not_confirmed|name_not_confirmed
13cacb5e-52f2-4d8c-80ed-26c53a847ea9;Esquina do galeto;Esquina do galeto Rua Rosa vieira Cabedelo PB cardapio pedido delivery;;yellow;65;instagram;derived_instagram_handle;Instagram profile @galetodourado_delivery;https://instagram.com/galetodourado_delivery;city_not_confirmed
13cacb5e-52f2-4d8c-80ed-26c53a847ea9;Esquina do galeto;Esquina do galeto Rua Rosa vieira Cabedelo PB cardapio pedido delivery;;red;16;instagram;organic;Galeto da Familia (@galetodafamilia) · João Pessoa, PB;https://instagram.com/galetodafamilia;conflicting_location:joao pessoa, pb|city_not_confirmed
13cacb5e-52f2-4d8c-80ed-26c53a847ea9;Esquina do galeto;Esquina do galeto Rua Rosa vieira Cabedelo PB cardapio pedido delivery;;red;2;instagram;organic;Vem pra @galetodourado_delivery além do melhor galeto vc ...;https://instagram.com/reel/DZSZZJTxvGJ;instagram_reel_not_profile|instagram_profile_not_canonicalizable|city_not_confirmed
13cacb5e-52f2-4d8c-80ed-26c53a847ea9;Esquina do galeto;Esquina do galeto Rua Rosa vieira Cabedelo PB cardapio pedido delivery;;red;-12;ze.delivery;organic;Delivery de em Cabedelo - PB;https://ze.delivery/em/cabedelo-pb;brand_not_confirmed|name_not_confirmed
13cacb5e-52f2-4d8c-80ed-26c53a847ea9;Esquina do galeto;Esquina do galeto Rua Rosa vieira Cabedelo PB cardapio pedido delivery;;red;-12;byfood.com.br;organic;Delivery em Cabedelo, PB;https://byfood.com.br/lista/cabedelo-pb;brand_not_confirmed|name_not_confirmed
637f341e-c8bb-4c2d-8ac6-1ffc96d4b2ce;Restaurante mar de amor;Restaurante mar de amor Cabedelo Av. Pôr do Sol - Portal do Poço Cabedelo PB cardapio pedido delivery;yes;green;88;anota_ai;organic;restaurante clássic mar | Delivery em Cabedelo | Pedido online;https://pedido.anota.ai/loja/restaurante-classic-mar-1;brand_not_confirmed
637f341e-c8bb-4c2d-8ac6-1ffc96d4b2ce;Restaurante mar de amor;Restaurante mar de amor Cabedelo Av. Pôr do Sol - Portal do Poço Cabedelo PB cardapio pedido delivery;;yellow;75;instagram;organic;Cibelly Mar | Restaurante Flutuante (@cibellymarr);https://instagram.com/cibellymarr;
637f341e-c8bb-4c2d-8ac6-1ffc96d4b2ce;Restaurante mar de amor;Restaurante mar de amor Cabedelo Av. Pôr do Sol - Portal do Poço Cabedelo PB cardapio pedido delivery;;yellow;68;menudino;organic;Restaurantes em Cabedelo;https://menudino.com/delivery/cabedelo-pb;brand_not_confirmed|name_not_confirmed
637f341e-c8bb-4c2d-8ac6-1ffc96d4b2ce;Restaurante mar de amor;Restaurante mar de amor Cabedelo Av. Pôr do Sol - Portal do Poço Cabedelo PB cardapio pedido delivery;;red;20;tripadvisor;organic;OS 10 MELHORES restaurantes - Cabedelo;https://tripadvisor.com.br/Restaurants-g793398-Cabedelo_State_of_Paraiba.html;brand_not_confirmed
637f341e-c8bb-4c2d-8ac6-1ffc96d4b2ce;Restaurante mar de amor;Restaurante mar de amor Cabedelo Av. Pôr do Sol - Portal do Poço Cabedelo PB cardapio pedido delivery;;red;2;facebook;organic;Cibelly Bar & Restaurante | Cabedelo PB;https://facebook.com/Cibellybar/?locale=pt_BR;brand_not_confirmed
637f341e-c8bb-4c2d-8ac6-1ffc96d4b2ce;Restaurante mar de amor;Restaurante mar de amor Cabedelo Av. Pôr do Sol - Portal do Poço Cabedelo PB cardapio pedido delivery;;red;-12;byfood.com.br;organic;Delivery em Cabedelo, PB;https://byfood.com.br/lista/cabedelo-pb;brand_not_confirmed|name_not_confirmed
637f341e-c8bb-4c2d-8ac6-1ffc96d4b2ce;Restaurante mar de amor;Restaurante mar de amor Cabedelo Av. Pôr do Sol - Portal do Poço Cabedelo PB cardapio pedido delivery;;red;-18;menui.com.br;organic;Delivery em Cabedelo: restaurantes e pedidos online;https://menui.com.br/cabedelo;brand_not_confirmed|name_not_confirmed
637f341e-c8bb-4c2d-8ac6-1ffc96d4b2ce;Restaurante mar de amor;Restaurante mar de amor Cabedelo Av. Pôr do Sol - Portal do Poço Cabedelo PB cardapio pedido delivery;;red;-28;instagram;organic;Hoje é dia de dar uma dica de almoço pra vocês. Escolhi ...;https://instagram.com/reel/DaZ8c6VhjhS;instagram_reel_not_profile|brand_not_confirmed|instagram_profile_not_canonicalizable
6e42a0fb-9793-4d47-9a12-c5c5a6df86d6;Pizzaria 1000Graus;Pizzaria 1000Graus Centro R. Duque de Caxias (83) 99329-1827 Cabedelo PB cardapio pedido delivery;yes;green;122;anota_ai;organic;Pizzaria 1000graus | Delivery em CABEDELO | Pedido online;https://pedido.anota.ai/loja/pizzaria-1000graus-1;
6e42a0fb-9793-4d47-9a12-c5c5a6df86d6;Pizzaria 1000Graus;Pizzaria 1000Graus Centro R. Duque de Caxias (83) 99329-1827 Cabedelo PB cardapio pedido delivery;;red;42;facebook;organic;Pizzaria Mil Graus | Cabedelo PB;https://facebook.com/pizzariamilgrauss/?locale=pt_BR;
6e42a0fb-9793-4d47-9a12-c5c5a6df86d6;Pizzaria 1000Graus;Pizzaria 1000Graus Centro R. Duque de Caxias (83) 99329-1827 Cabedelo PB cardapio pedido delivery;;red;8;facebook;organic;Corre que já estamos abertos e prontos para atender vocês ...;https://facebook.com/pizzariamilgrauss/videos/corre-que-j%C3%A1-estamos-abertos-e-prontos-para-atender-voc%C3%AAsfam%C3%ADlia-e-amigos-unidos/524867656951556;city_not_confirmed
6e42a0fb-9793-4d47-9a12-c5c5a6df86d6;Pizzaria 1000Graus;Pizzaria 1000Graus Centro R. Duque de Caxias (83) 99329-1827 Cabedelo PB cardapio pedido delivery;;red;2;instagram;organic;A 1000 graus já está aberta e esperando sua família !;https://instagram.com/reel/Cnp_VgROJwc;instagram_reel_not_profile|instagram_profile_not_canonicalizable|city_not_confirmed
6e42a0fb-9793-4d47-9a12-c5c5a6df86d6;Pizzaria 1000Graus;Pizzaria 1000Graus Centro R. Duque de Caxias (83) 99329-1827 Cabedelo PB cardapio pedido delivery;;red;-6;cabedelo.pb.gov.br;organic;Pizzaria e Boteco Mil Graus | Prefeitura de Cabedelo;https://cabedelo.pb.gov.br/ondecomer/pizzaria-e-boteco-mil-graus;brand_not_confirmed
6e42a0fb-9793-4d47-9a12-c5c5a6df86d6;Pizzaria 1000Graus;Pizzaria 1000Graus Centro R. Duque de Caxias (83) 99329-1827 Cabedelo PB cardapio pedido delivery;;red;-16;pizzacomdelivery.com.br;organic;Pizza.com - Delivery OFICIAL - Duque de Caxias - RJ;https://pizzacomdelivery.com.br/pizzacom2/pizzacom;brand_not_confirmed|city_not_confirmed
6e42a0fb-9793-4d47-9a12-c5c5a6df86d6;Pizzaria 1000Graus;Pizzaria 1000Graus Centro R. Duque de Caxias (83) 99329-1827 Cabedelo PB cardapio pedido delivery;;red;-16;delivery.pizzaparavoce.com.br;organic;Pizza Para Você - Delivery Online;https://delivery.pizzaparavoce.com.br/pizzaparavoce;brand_not_confirmed|city_not_confirmed
6e42a0fb-9793-4d47-9a12-c5c5a6df86d6;Pizzaria 1000Graus;Pizzaria 1000Graus Centro R. Duque de Caxias (83) 99329-1827 Cabedelo PB cardapio pedido delivery;;red;-52;instagram;organic;Pizzaria Mil Graus | Pizzaria Mil Graus 🔥🍕 Sabor e Qualidade ...;https://instagram.com/reel/Cmcy_KJJyxn;instagram_reel_not_profile|brand_not_confirmed|instagram_profile_not_canonicalizable|city_not_confirmed
b800fc7b-5bbe-44e1-b964-f96e36d4700a;Me gusta Açaí;Me gusta Açaí Cabedelo R. José Marcos de Melo Peixoto - Intermares (83) 99979-7906 Cabedelo PB cardapio pedido delivery;yes;green;86;menudino;organic;Loja de Açaí em Cabedelo - Delivery;https://menudino.com/delivery/cabedelo-pb/loja-de-acai;brand_not_confirmed
b800fc7b-5bbe-44e1-b964-f96e36d4700a;Me gusta Açaí;Me gusta Açaí Cabedelo R. José Marcos de Melo Peixoto - Intermares (83) 99979-7906 Cabedelo PB cardapio pedido delivery;;yellow;80;anota_ai;organic;Açai da Hill Point | Delivery em CABEDELO | Pedido online;https://pedido.anota.ai/loja/aai-da-hill-point;brand_not_confirmed
b800fc7b-5bbe-44e1-b964-f96e36d4700a;Me gusta Açaí;Me gusta Açaí Cabedelo R. José Marcos de Melo Peixoto - Intermares (83) 99979-7906 Cabedelo PB cardapio pedido delivery;;yellow;80;instadelivery;organic;AçaíKm0 Cardápio - Delivery de Açai em Cabedelo;https://instadelivery.com.br/acaikm0;brand_not_confirmed
b800fc7b-5bbe-44e1-b964-f96e36d4700a;Me gusta Açaí;Me gusta Açaí Cabedelo R. José Marcos de Melo Peixoto - Intermares (83) 99979-7906 Cabedelo PB cardapio pedido delivery;;yellow;52;cardapioweb;organic;Seu Açai;https://app.cardapioweb.com/seu_acai;brand_not_confirmed|city_not_confirmed
b800fc7b-5bbe-44e1-b964-f96e36d4700a;Me gusta Açaí;Me gusta Açaí Cabedelo R. José Marcos de Melo Peixoto - Intermares (83) 99979-7906 Cabedelo PB cardapio pedido delivery;;red;6;consumer.com.br;organic;Sistema para Açaiterias e Lojas de Açaí em Cabedelo;https://consumer.com.br/sistema-para-acaiterias/cabedelo/pb?srsltid=AfmBOopvJR-ggMsYr4WEnWx4AE2FmT7CPUr0ysMDCqFNgJsNbEmosLXE;brand_not_confirmed
b800fc7b-5bbe-44e1-b964-f96e36d4700a;Me gusta Açaí;Me gusta Açaí Cabedelo R. José Marcos de Melo Peixoto - Intermares (83) 99979-7906 Cabedelo PB cardapio pedido delivery;;red;-6;assai.com.br;organic;Assaí Cabedelo PB;https://assai.com.br/loja/assai-cabedelo;brand_not_confirmed
b800fc7b-5bbe-44e1-b964-f96e36d4700a;Me gusta Açaí;Me gusta Açaí Cabedelo R. José Marcos de Melo Peixoto - Intermares (83) 99979-7906 Cabedelo PB cardapio pedido delivery;;red;-6;cabedelo.pb.gov.br;organic;779341EF-5EFC-466A-9615-C320EF8C2A76;https://cabedelo.pb.gov.br/cabedelo-libera-alvara-de-construcao-do-assai-atacadista-na-cidade/779341ef-5efc-466a-9615-c320ef8c2a76;brand_not_confirmed
b800fc7b-5bbe-44e1-b964-f96e36d4700a;Me gusta Açaí;Me gusta Açaí Cabedelo R. José Marcos de Melo Peixoto - Intermares (83) 99979-7906 Cabedelo PB cardapio pedido delivery;;red;-36;instagram;organic;O melhor açaí de Cabedelo. Praçaí Intermares. Vem pra cá ...;https://instagram.com/reel/DFgYAuqS7Ko;instagram_reel_not_profile|brand_not_confirmed|instagram_profile_not_canonicalizable
667aba33-ec9a-46e2-a5a9-9730071371c3;Kioske Cantinho do Sabor;Kioske Cantinho do Sabor Cabedelo R. Cleto Campêlo - Vila Sao Joao (83) 99916-1306 Cabedelo PB cardapio pedido delivery;yes;yellow;108;anota_ai;organic;Cantinho do Sabor | Delivery em João Pessoa | Pedido online;https://pedido.anota.ai/loja/cantinho-do-sabor-149;city_not_confirmed
667aba33-ec9a-46e2-a5a9-9730071371c3;Kioske Cantinho do Sabor;Kioske Cantinho do Sabor Cabedelo R. Cleto Campêlo - Vila Sao Joao (83) 99916-1306 Cabedelo PB cardapio pedido delivery;;yellow;108;instadelivery;organic;Cantinho do Sabor self service Cardápio;https://instadelivery.com.br/cantinhodosaborselfservice;city_not_confirmed
667aba33-ec9a-46e2-a5a9-9730071371c3;Kioske Cantinho do Sabor;Kioske Cantinho do Sabor Cabedelo R. Cleto Campêlo - Vila Sao Joao (83) 99916-1306 Cabedelo PB cardapio pedido delivery;;yellow;87;instagram;organic;Kioske Cantinho Do Sabor (@kioskecantinhodosabor);https://instagram.com/kioskecantinhodosabor;
667aba33-ec9a-46e2-a5a9-9730071371c3;Kioske Cantinho do Sabor;Kioske Cantinho do Sabor Cabedelo R. Cleto Campêlo - Vila Sao Joao (83) 99916-1306 Cabedelo PB cardapio pedido delivery;;yellow;68;olaclick;organic;Cardápio digital - Comida Caseira da Elly;https://comidacaseiradaelly.ola.click/products;brand_not_confirmed|name_not_confirmed
667aba33-ec9a-46e2-a5a9-9730071371c3;Kioske Cantinho do Sabor;Kioske Cantinho do Sabor Cabedelo R. Cleto Campêlo - Vila Sao Joao (83) 99916-1306 Cabedelo PB cardapio pedido delivery;;yellow;68;menudino;organic;Delivery de Quiosque em Cabedelo;https://menudino.com/delivery/cabedelo-pb/quiosque;brand_not_confirmed|name_not_confirmed
667aba33-ec9a-46e2-a5a9-9730071371c3;Kioske Cantinho do Sabor;Kioske Cantinho do Sabor Cabedelo R. Cleto Campêlo - Vila Sao Joao (83) 99916-1306 Cabedelo PB cardapio pedido delivery;;red;28;google;organic;Cantinho do Sabor App;https://play.google.com/store/apps/details?id=br.com.appline.pedidocr.cantinhodosabor.app&hl=pt_BR;map_not_direct_menu|city_not_confirmed
667aba33-ec9a-46e2-a5a9-9730071371c3;Kioske Cantinho do Sabor;Kioske Cantinho do Sabor Cabedelo R. Cleto Campêlo - Vila Sao Joao (83) 99916-1306 Cabedelo PB cardapio pedido delivery;;red;16;rappi.com.br;organic;Cantinho do Sabor JF mais próximo;https://rappi.com.br/juiz%20de%20fora/restaurantes/delivery/438232-cantinho-do-sabor-jf;city_not_confirmed
667aba33-ec9a-46e2-a5a9-9730071371c3;Kioske Cantinho do Sabor;Kioske Cantinho do Sabor Cabedelo R. Cleto Campêlo - Vila Sao Joao (83) 99916-1306 Cabedelo PB cardapio pedido delivery;;red;10;instagram;organic;"Salgados Cantinho do Sabor on Instagram: "" SALGADOS ...";https://instagram.com/reel/DXRio-vOb-7;instagram_reel_not_profile|instagram_profile_not_canonicalizable|city_not_confirmed
a4f66e28-5f08-468c-b552-1c96d59744e2;BIG BURGUER;BIG BURGUER Cabedelo R. Duque de Caxias - Vila Sao Joao (83) 99697-1394 Cabedelo PB cardapio pedido delivery;yes;green;124;anota_ai;organic;Big Burger - Hamburgueria Artesanal | Delivery em CABEDELO;https://pedido.anota.ai/loja/big-burger-hamburgueria-artesanal;
a4f66e28-5f08-468c-b552-1c96d59744e2;BIG BURGUER;BIG BURGUER Cabedelo R. Duque de Caxias - Vila Sao Joao (83) 99697-1394 Cabedelo PB cardapio pedido delivery;;yellow;108;instadelivery;organic;Big Burguer Cardápio - Delivery de Hambúrguer em São ...;https://instadelivery.com.br/bigburguerRJ;city_not_confirmed
a4f66e28-5f08-468c-b552-1c96d59744e2;BIG BURGUER;BIG BURGUER Cabedelo R. Duque de Caxias - Vila Sao Joao (83) 99697-1394 Cabedelo PB cardapio pedido delivery;;yellow;67;instagram;organic;BIG BURGUER (@big.burguer01);https://instagram.com/big.burguer01;city_not_confirmed
a4f66e28-5f08-468c-b552-1c96d59744e2;BIG BURGUER;BIG BURGUER Cabedelo R. Duque de Caxias - Vila Sao Joao (83) 99697-1394 Cabedelo PB cardapio pedido delivery;;yellow;50;facebook;organic;Big Burguer Gourmet - Delivery | Cabedelo PB;https://facebook.com/bigburguergourmetcabedelo/?locale=pt_BR;
a4f66e28-5f08-468c-b552-1c96d59744e2;BIG BURGUER;BIG BURGUER Cabedelo R. Duque de Caxias - Vila Sao Joao (83) 99697-1394 Cabedelo PB cardapio pedido delivery;;red;38;hubt.com.br;organic;Big Lanches - Cabedelo, PB - Hubt;https://hubt.com.br/big-lanches-;
a4f66e28-5f08-468c-b552-1c96d59744e2;BIG BURGUER;BIG BURGUER Cabedelo R. Duque de Caxias - Vila Sao Joao (83) 99697-1394 Cabedelo PB cardapio pedido delivery;;red;20;instagram;organic;O melhor lugar pra quem ama hambúrguer na brasa, assados ...;https://instagram.com/reel/DTJc8qDEcJr;instagram_reel_not_profile|instagram_profile_not_canonicalizable
a4f66e28-5f08-468c-b552-1c96d59744e2;BIG BURGUER;BIG BURGUER Cabedelo R. Duque de Caxias - Vila Sao Joao (83) 99697-1394 Cabedelo PB cardapio pedido delivery;;red;16;rappi.com.br;organic;Big Burguer Lanches mais próximo;https://rappi.com.br/restaurantes/delivery/17235-big-burguer-lanches;city_not_confirmed
a4f66e28-5f08-468c-b552-1c96d59744e2;BIG BURGUER;BIG BURGUER Cabedelo R. Duque de Caxias - Vila Sao Joao (83) 99697-1394 Cabedelo PB cardapio pedido delivery;;red;-8;bigburg.pedidosite.com.br;organic;Big Burg Gourmet - Cardápio;https://bigburg.pedidosite.com.br/delivery?loja=2551;brand_not_confirmed|city_not_confirmed
a123251e-ae13-4a7a-8725-a54b3bdd2d66;VITAMINA DE AÇAÍ;VITAMINA DE AÇAÍ Cabedelo Av. Ambrósio Miranda de Araújo - Renascer Cabedelo PB cardapio pedido delivery;yes;yellow;81;instagram;organic;Vitamina de açai | 01 da city ®🥇 (@vitaminadeacai__);https://instagram.com/vitaminadeacai__;
a123251e-ae13-4a7a-8725-a54b3bdd2d66;VITAMINA DE AÇAÍ;VITAMINA DE AÇAÍ Cabedelo Av. Ambrósio Miranda de Araújo - Renascer Cabedelo PB cardapio pedido delivery;;yellow;80;anota_ai;organic;Açai da Hill Point | Delivery em CABEDELO | Pedido online;https://pedido.anota.ai/loja/aai-da-hill-point;brand_not_confirmed
a123251e-ae13-4a7a-8725-a54b3bdd2d66;VITAMINA DE AÇAÍ;VITAMINA DE AÇAÍ Cabedelo Av. Ambrósio Miranda de Araújo - Renascer Cabedelo PB cardapio pedido delivery;;yellow;80;instadelivery;organic;AçaíKm0 Cardápio - Delivery de Açai em Cabedelo;https://instadelivery.com.br/acaikm0;brand_not_confirmed
a123251e-ae13-4a7a-8725-a54b3bdd2d66;VITAMINA DE AÇAÍ;VITAMINA DE AÇAÍ Cabedelo Av. Ambrósio Miranda de Araújo - Renascer Cabedelo PB cardapio pedido delivery;;red;30;serpapi.com;local;Açaí da Cris;https://serpapi.com/search.json?device=desktop&engine=google&gl=br&google_domain=google.com.br&hl=pt-br&ludocid=9408979533740862747&q=VITAMINA+DE+A%C3%87A%C3%8D+Cabedelo+Av.+Ambr%C3%B3sio+Miranda+de+Ara%C3%BAjo+-+Renascer+Cabedelo+PB+cardapio+pedido+delivery;
a123251e-ae13-4a7a-8725-a54b3bdd2d66;VITAMINA DE AÇAÍ;VITAMINA DE AÇAÍ Cabedelo Av. Ambrósio Miranda de Araújo - Renascer Cabedelo PB cardapio pedido delivery;;red;30;serpapi.com;local;VITAMINA DE AÇAÍ;https://serpapi.com/search.json?device=desktop&engine=google&gl=br&google_domain=google.com.br&hl=pt-br&ludocid=3338736590770718873&q=VITAMINA+DE+A%C3%87A%C3%8D+Cabedelo+Av.+Ambr%C3%B3sio+Miranda+de+Ara%C3%BAjo+-+Renascer+Cabedelo+PB+cardapio+pedido+delivery;
a123251e-ae13-4a7a-8725-a54b3bdd2d66;VITAMINA DE AÇAÍ;VITAMINA DE AÇAÍ Cabedelo Av. Ambrósio Miranda de Araújo - Renascer Cabedelo PB cardapio pedido delivery;;red;17;instagram;organic;Daniel Do Açaí (@danieldoacai);https://instagram.com/danieldoacai;brand_not_confirmed
a123251e-ae13-4a7a-8725-a54b3bdd2d66;VITAMINA DE AÇAÍ;VITAMINA DE AÇAÍ Cabedelo Av. Ambrósio Miranda de Araújo - Renascer Cabedelo PB cardapio pedido delivery;;red;6;telepesquisa.com;organic;Melhor Açaí em Recanto Do Poco | Lojas, Delivery e Self- ...;https://telepesquisa.com/pb/empresas/l/acai/cabedelo/recanto-do-poco;brand_not_confirmed
a123251e-ae13-4a7a-8725-a54b3bdd2d66;VITAMINA DE AÇAÍ;VITAMINA DE AÇAÍ Cabedelo Av. Ambrósio Miranda de Araújo - Renascer Cabedelo PB cardapio pedido delivery;;red;2;instagram;organic;Vitamina de Açaí 💜🤌🏼 Aqui tudo é feito com amor e muito ...;https://instagram.com/p/DUeMsfxkl4p;instagram_p_not_profile|instagram_profile_not_canonicalizable|city_not_confirmed
4e7acf35-2f23-41de-89f6-1a98cf6e0b4b;Espetinho São Paulo;Espetinho São Paulo Planta de Lucena R. Severina Souto Batista Cabedelo PB cardapio pedido delivery;yes;red;-20;pemd.univasf.edu.br;organic;Lista de Palavras para Troca de Letras;https://pemd.univasf.edu.br/troca_letras/Lista-de-palavras2.txt;brand_not_confirmed|city_not_confirmed
4e7acf35-2f23-41de-89f6-1a98cf6e0b4b;Espetinho São Paulo;Espetinho São Paulo Planta de Lucena R. Severina Souto Batista Cabedelo PB cardapio pedido delivery;;red;-20;linguateca.pt;organic;Lista de formas deste corpo e sua frequência;https://linguateca.pt/acesso/tokens/formas.floresta.txt;brand_not_confirmed|city_not_confirmed
4e7acf35-2f23-41de-89f6-1a98cf6e0b4b;Espetinho São Paulo;Espetinho São Paulo Planta de Lucena R. Severina Souto Batista Cabedelo PB cardapio pedido delivery;;red;-20;scribd.com;organic;Gestão Diária 实际签收 (T-1) Taxa de Entrega Realizada;https://scribd.com/document/763847521/Gestao-Diaria-%E5%AE%9E%E9%99%85%E7%AD%BE%E6%94%B6-T-1-Taxa-de-Entrega-Realizada;brand_not_confirmed|city_not_confirmed
4e7acf35-2f23-41de-89f6-1a98cf6e0b4b;Espetinho São Paulo;Espetinho São Paulo Planta de Lucena R. Severina Souto Batista Cabedelo PB cardapio pedido delivery;;red;-22;direct_asset;organic;Diário Oficial 20-03-2026 Eduardo.indd;https://auniao.pb.gov.br/servicos/doe/2026/marco/diario-oficial-20-03-2026-portal.pdf;needs_visual_or_ocr|brand_not_confirmed|city_not_confirmed
4e7acf35-2f23-41de-89f6-1a98cf6e0b4b;Espetinho São Paulo;Espetinho São Paulo Planta de Lucena R. Severina Souto Batista Cabedelo PB cardapio pedido delivery;;red;-22;tiktok.com;organic;Yakisoba Original em João Pessoa: Conheça o ...;https://tiktok.com/@boralimaiseubr/video/7570337733206363400;brand_not_confirmed|city_not_confirmed
4e7acf35-2f23-41de-89f6-1a98cf6e0b4b;Espetinho São Paulo;Espetinho São Paulo Planta de Lucena R. Severina Souto Batista Cabedelo PB cardapio pedido delivery;;red;-22;direct_asset;organic;Diário da Justiça – João Pessoa-PB • DISPONIBILIZAÇÃO;https://correioforense.com.br/wp-content/uploads/2013/07/diario_23-07-2013.pdf;needs_visual_or_ocr|brand_not_confirmed|city_not_confirmed
4e7acf35-2f23-41de-89f6-1a98cf6e0b4b;Espetinho São Paulo;Espetinho São Paulo Planta de Lucena R. Severina Souto Batista Cabedelo PB cardapio pedido delivery;;red;-22;direct_asset;organic;Diário Oficial 05-12-2023 completo.indd;https://auniao.pb.gov.br/servicos/doe/2023/dezembro/diario-oficial-05-12-2023-ass.pdf;needs_visual_or_ocr|brand_not_confirmed|city_not_confirmed
4e7acf35-2f23-41de-89f6-1a98cf6e0b4b;Espetinho São Paulo;Espetinho São Paulo Planta de Lucena R. Severina Souto Batista Cabedelo PB cardapio pedido delivery;;red;-28;turismo.gov.br;organic;http://www.turismo.gov.br/dadosabertos/cadasturpj/...;http://turismo.gov.br/dadosabertos/cadasturpj/RestaurantesCafeteriaseBares201604TrimestreCadasturPJ.csv;brand_not_confirmed|city_not_confirmed
8d326630-6c57-4b8f-996f-f2a71d56c9a4;Pastelaria Arretada;Pastelaria Arretada Cabedelo R. Jair Cunha Cavalcanti - Jacaré (83) 99380-1327 Cabedelo PB cardapio pedido delivery;yes;yellow;80;anota_ai;organic;Pastel da elô | Delivery em Cabedelo | Pedido online;https://pedido.anota.ai/loja/pastel-da-elo;brand_not_confirmed
8d326630-6c57-4b8f-996f-f2a71d56c9a4;Pastelaria Arretada;Pastelaria Arretada Cabedelo R. Jair Cunha Cavalcanti - Jacaré (83) 99380-1327 Cabedelo PB cardapio pedido delivery;;yellow;71;instagram;organic;Pastelaria Arretada (@pastelaria.arretadapb);https://instagram.com/pastelaria.arretadapb;city_not_confirmed
8d326630-6c57-4b8f-996f-f2a71d56c9a4;Pastelaria Arretada;Pastelaria Arretada Cabedelo R. Jair Cunha Cavalcanti - Jacaré (83) 99380-1327 Cabedelo PB cardapio pedido delivery;;red;6;cabedelo.pb.gov.br;organic;Prefeitura de Cabedelo - PB | Portal Oficial da Gestão Municipal;https://cabedelo.pb.gov.br;brand_not_confirmed
8d326630-6c57-4b8f-996f-f2a71d56c9a4;Pastelaria Arretada;Pastelaria Arretada Cabedelo R. Jair Cunha Cavalcanti - Jacaré (83) 99380-1327 Cabedelo PB cardapio pedido delivery;;red;6;hubt.com.br;organic;TERRAÇO LANCHES - Cabedelo, PB - Hubt;https://hubt.com.br/terraco-lanches;brand_not_confirmed
8d326630-6c57-4b8f-996f-f2a71d56c9a4;Pastelaria Arretada;Pastelaria Arretada Cabedelo R. Jair Cunha Cavalcanti - Jacaré (83) 99380-1327 Cabedelo PB cardapio pedido delivery;;red;-12;cabedelo.1doc.com.br;organic;https://cabedelo.1doc.com.br/b.php?pg=wp/detalhes&...;https://cabedelo.1doc.com.br/b.php?pg=wp/detalhes&itd=8;brand_not_confirmed
8d326630-6c57-4b8f-996f-f2a71d56c9a4;Pastelaria Arretada;Pastelaria Arretada Cabedelo R. Jair Cunha Cavalcanti - Jacaré (83) 99380-1327 Cabedelo PB cardapio pedido delivery;;red;-16;facebook;organic;Arretados Pastelaria (@arretadospastelaria);https://facebook.com/arretadospastelaria/?locale=pt_BR;brand_not_confirmed|city_not_confirmed
8d326630-6c57-4b8f-996f-f2a71d56c9a4;Pastelaria Arretada;Pastelaria Arretada Cabedelo R. Jair Cunha Cavalcanti - Jacaré (83) 99380-1327 Cabedelo PB cardapio pedido delivery;;red;-42;instagram;organic;View all;https://instagram.com/reel/DTnOR6nDfgn;instagram_reel_not_profile|brand_not_confirmed|instagram_profile_not_canonicalizable
8d326630-6c57-4b8f-996f-f2a71d56c9a4;Pastelaria Arretada;Pastelaria Arretada Cabedelo R. Jair Cunha Cavalcanti - Jacaré (83) 99380-1327 Cabedelo PB cardapio pedido delivery;;red;-42;instagram;organic;"Pastel da Liberdade João Pessoa on Instagram: ""O melhor ...";https://instagram.com/reel/DD5Jy4gvTd5;instagram_reel_not_profile|brand_not_confirmed|instagram_profile_not_canonicalizable
725b6497-4be9-4426-a2c0-dd3b55ff7956;Espetinho Pé na Areia;Espetinho Pé na Areia Amazonia Park R. Gameleira (83) 98689-2722 Cabedelo PB cardapio pedido delivery;yes;green;112;anota_ai;organic;Espetinho da Praia | Delivery em CABEDELO | Pedido online;https://pedido.anota.ai/loja/espetinho-da-praia-1;
725b6497-4be9-4426-a2c0-dd3b55ff7956;Espetinho Pé na Areia;Espetinho Pé na Areia Amazonia Park R. Gameleira (83) 98689-2722 Cabedelo PB cardapio pedido delivery;;red;44;tripadvisor;organic;Espetinho da Praia - Restaurantes: Cabedelo;https://tripadvisor.com.br/Restaurant_Review-g793398-d23007866-Reviews-Espetinho_da_Praia-Cabedelo_State_of_Paraiba.html;
725b6497-4be9-4426-a2c0-dd3b55ff7956;Espetinho Pé na Areia;Espetinho Pé na Areia Amazonia Park R. Gameleira (83) 98689-2722 Cabedelo PB cardapio pedido delivery;;red;26;facebook;organic;Espetinho da praia intermares | Cabedelo PB;https://facebook.com/espetinhodapraiaoficial/?locale=pt_BR;
725b6497-4be9-4426-a2c0-dd3b55ff7956;Espetinho Pé na Areia;Espetinho Pé na Areia Amazonia Park R. Gameleira (83) 98689-2722 Cabedelo PB cardapio pedido delivery;;red;22;pede.ai;organic;Pikeno do Espetinho em Sao Bento;https://pede.ai/pb/sao-bento/pikeno-do-espetinho-10016;city_not_confirmed
725b6497-4be9-4426-a2c0-dd3b55ff7956;Espetinho Pé na Areia;Espetinho Pé na Areia Amazonia Park R. Gameleira (83) 98689-2722 Cabedelo PB cardapio pedido delivery;;red;20;instagram;organic;O melhor espetinho de cabedelo agora no conforto da sua ...;https://instagram.com/p/CL91XFbLRAc;instagram_p_not_profile|instagram_profile_not_canonicalizable
725b6497-4be9-4426-a2c0-dd3b55ff7956;Espetinho Pé na Areia;Espetinho Pé na Areia Amazonia Park R. Gameleira (83) 98689-2722 Cabedelo PB cardapio pedido delivery;;red;16;aiboo.app;organic;Espetinho da hora;https://aiboo.app/i/33976/RN/assu/espetinho-da-hora/cardapio;city_not_confirmed
725b6497-4be9-4426-a2c0-dd3b55ff7956;Espetinho Pé na Areia;Espetinho Pé na Areia Amazonia Park R. Gameleira (83) 98689-2722 Cabedelo PB cardapio pedido delivery;;red;14;instagram;organic;"ESPETINHO DA PRAIA on Instagram: ""Bateu a fome? A gente ...";https://instagram.com/reel/DDCVU5yhqIW;instagram_reel_not_profile|instagram_profile_not_canonicalizable
725b6497-4be9-4426-a2c0-dd3b55ff7956;Espetinho Pé na Areia;Espetinho Pé na Areia Amazonia Park R. Gameleira (83) 98689-2722 Cabedelo PB cardapio pedido delivery;;red;-10;instagram;organic;Espetinho com comida em Limeira, Pé na areia! ⛱️ Nada de ...;https://instagram.com/reel/DWt5J0Oiac0;instagram_reel_not_profile|instagram_profile_not_canonicalizable|city_not_confirmed
0e3f0746-de34-4715-93fc-06a1b5c10e2b;D Lay Refeições - Marmitaria;D Lay Refeições - Marmitaria Cabedelo Av. Ambrósio Miranda de Araújo - Renascer (83) 98676-2921 Cabedelo PB cardapio pedido delivery;yes;yellow;68;menudino;organic;Delivery de Lanchonete em Cabedelo;https://menudino.com/delivery/cabedelo-pb/lanchonete;brand_not_confirmed|name_not_confirmed
0e3f0746-de34-4715-93fc-06a1b5c10e2b;D Lay Refeições - Marmitaria;D Lay Refeições - Marmitaria Cabedelo Av. Ambrósio Miranda de Araújo - Renascer (83) 98676-2921 Cabedelo PB cardapio pedido delivery;;yellow;62;anota_ai;organic;Marmitex | Delivery em Cabedelo | Pedido online;https://app.anota.ai/marmitex-39?from=msa;brand_not_confirmed|name_not_confirmed
0e3f0746-de34-4715-93fc-06a1b5c10e2b;D Lay Refeições - Marmitaria;D Lay Refeições - Marmitaria Cabedelo Av. Ambrósio Miranda de Araújo - Renascer (83) 98676-2921 Cabedelo PB cardapio pedido delivery;;yellow;46;olaclick;organic;Cardápio digital - Comida Caseira da Elly;https://comidacaseiradaelly.ola.click/products;brand_not_confirmed|name_not_confirmed|city_not_confirmed
0e3f0746-de34-4715-93fc-06a1b5c10e2b;D Lay Refeições - Marmitaria;D Lay Refeições - Marmitaria Cabedelo Av. Ambrósio Miranda de Araújo - Renascer (83) 98676-2921 Cabedelo PB cardapio pedido delivery;;red;20;rappi.com.br;organic;Trembom Marmitaria - Renascer Preço e Cardápio delivery;https://rappi.com.br/restaurantes/900125548-trembom-marmitaria;city_not_confirmed
0e3f0746-de34-4715-93fc-06a1b5c10e2b;D Lay Refeições - Marmitaria;D Lay Refeições - Marmitaria Cabedelo Av. Ambrósio Miranda de Araújo - Renascer (83) 98676-2921 Cabedelo PB cardapio pedido delivery;;red;-1;instagram;organic;TAPIOCARIA DO DINHO 🔥 (@tapiocariadinho);https://instagram.com/tapiocariadinho;brand_not_confirmed|name_not_confirmed
0e3f0746-de34-4715-93fc-06a1b5c10e2b;D Lay Refeições - Marmitaria;D Lay Refeições - Marmitaria Cabedelo Av. Ambrósio Miranda de Araújo - Renascer (83) 98676-2921 Cabedelo PB cardapio pedido delivery;;red;-12;ze.delivery;organic;Delivery de em Cabedelo - PB;https://ze.delivery/em/cabedelo-pb;brand_not_confirmed|name_not_confirmed
0e3f0746-de34-4715-93fc-06a1b5c10e2b;D Lay Refeições - Marmitaria;D Lay Refeições - Marmitaria Cabedelo Av. Ambrósio Miranda de Araújo - Renascer (83) 98676-2921 Cabedelo PB cardapio pedido delivery;;red;-12;byfood.com.br;organic;Delivery em Cabedelo, PB;https://byfood.com.br/lista/cabedelo-pb;brand_not_confirmed|name_not_confirmed
0e3f0746-de34-4715-93fc-06a1b5c10e2b;D Lay Refeições - Marmitaria;D Lay Refeições - Marmitaria Cabedelo Av. Ambrósio Miranda de Araújo - Renascer (83) 98676-2921 Cabedelo PB cardapio pedido delivery;;red;-12;pbc.clubsuchef.com.br;organic;Área de Entrega;https://pbc.clubsuchef.com.br/area-de-entrega;brand_not_confirmed|name_not_confirmed
27f1b5b7-56c6-49dd-80b5-4273a1dc3761;Rainha da tapioca;Rainha da tapioca Cabedelo R. Milton Macedo da Cruz - Lot. Oceania (83) 98711-6152 Cabedelo PB cardapio pedido delivery;yes;yellow;68;instadelivery;organic;Melhores delivery de Cabedelo;https://portal.instadelivery.com.br/cabedelo;brand_not_confirmed|name_not_confirmed
27f1b5b7-56c6-49dd-80b5-4273a1dc3761;Rainha da tapioca;Rainha da tapioca Cabedelo R. Milton Macedo da Cruz - Lot. Oceania (83) 98711-6152 Cabedelo PB cardapio pedido delivery;;yellow;68;menudino;organic;Delivery de Lanchonete em Cabedelo;https://menudino.com/delivery/cabedelo-pb/lanchonete;brand_not_confirmed|name_not_confirmed
27f1b5b7-56c6-49dd-80b5-4273a1dc3761;Rainha da tapioca;Rainha da tapioca Cabedelo R. Milton Macedo da Cruz - Lot. Oceania (83) 98711-6152 Cabedelo PB cardapio pedido delivery;;yellow;62;anota_ai;organic;Super Caldo | Delivery em CABEDELO | Pedido online;https://pedido.anota.ai/loja/super-caldo;brand_not_confirmed|name_not_confirmed
27f1b5b7-56c6-49dd-80b5-4273a1dc3761;Rainha da tapioca;Rainha da tapioca Cabedelo R. Milton Macedo da Cruz - Lot. Oceania (83) 98711-6152 Cabedelo PB cardapio pedido delivery;;red;24;facebook;organic;Tapioca recheada | R$0.00 | Cabedelo, Paraíba;https://facebook.com/groups/541356382560394/posts/27232630319672971;
27f1b5b7-56c6-49dd-80b5-4273a1dc3761;Rainha da tapioca;Rainha da tapioca Cabedelo R. Milton Macedo da Cruz - Lot. Oceania (83) 98711-6152 Cabedelo PB cardapio pedido delivery;;red;-2;instagram;organic;Se a fome bateu, já sabe: cai na Rainha e aproveite as ...;https://instagram.com/reel/DPSBn0WkXfz;instagram_reel_not_profile|instagram_profile_not_canonicalizable|city_not_confirmed
27f1b5b7-56c6-49dd-80b5-4273a1dc3761;Rainha da tapioca;Rainha da tapioca Cabedelo R. Milton Macedo da Cruz - Lot. Oceania (83) 98711-6152 Cabedelo PB cardapio pedido delivery;;red;-10;instagram;organic;Tapioca boa a gente sente de longe o cheirinho, né? 🔥 ⏰ ...;https://instagram.com/reel/DQ_sP_rjpoi;instagram_reel_not_profile|instagram_profile_not_canonicalizable|city_not_confirmed
27f1b5b7-56c6-49dd-80b5-4273a1dc3761;Rainha da tapioca;Rainha da tapioca Cabedelo R. Milton Macedo da Cruz - Lot. Oceania (83) 98711-6152 Cabedelo PB cardapio pedido delivery;;red;-12;ze.delivery;organic;Delivery de em Cabedelo - PB;https://ze.delivery/em/cabedelo-pb;brand_not_confirmed|name_not_confirmed
27f1b5b7-56c6-49dd-80b5-4273a1dc3761;Rainha da tapioca;Rainha da tapioca Cabedelo R. Milton Macedo da Cruz - Lot. Oceania (83) 98711-6152 Cabedelo PB cardapio pedido delivery;;red;-24;cabedelo.pb.gov.br;organic;Receitas | Prefeitura de Cabedelo;https://cabedelo.pb.gov.br/portal-da-transparencia/receitas;brand_not_confirmed|name_not_confirmed
a62661ec-86ed-4ed2-8144-f105736312ad;food service;food service Cabedelo Muro da São Brás, R. Floresta - Camboinha (83) 99139-5546 Cabedelo PB cardapio pedido delivery;yes;green;116;anota_ai;organic;Self-service da nany | Delivery em Cabedelo | Pedido online;https://pedido.anota.ai/loja/selfservice-da-nany;
a62661ec-86ed-4ed2-8144-f105736312ad;food service;food service Cabedelo Muro da São Brás, R. Floresta - Camboinha (83) 99139-5546 Cabedelo PB cardapio pedido delivery;;yellow;68;olaclick;organic;Cardápio digital - Comida Caseira da Elly;https://comidacaseiradaelly.ola.click/products;brand_not_confirmed|name_not_confirmed
a62661ec-86ed-4ed2-8144-f105736312ad;food service;food service Cabedelo Muro da São Brás, R. Floresta - Camboinha (83) 99139-5546 Cabedelo PB cardapio pedido delivery;;red;-8;eatfood.app;organic;EatFood - Cardapio digital - pedido direto pelo WhatsApp.;https://eatfood.app;brand_not_confirmed|city_not_confirmed
a62661ec-86ed-4ed2-8144-f105736312ad;food service;food service Cabedelo Muro da São Brás, R. Floresta - Camboinha (83) 99139-5546 Cabedelo PB cardapio pedido delivery;;red;-12;ze.delivery;organic;Delivery de em Cabedelo - PB;https://ze.delivery/em/cabedelo-pb;brand_not_confirmed|name_not_confirmed
a62661ec-86ed-4ed2-8144-f105736312ad;food service;food service Cabedelo Muro da São Brás, R. Floresta - Camboinha (83) 99139-5546 Cabedelo PB cardapio pedido delivery;;red;-12;pbc.clubsuchef.com.br;organic;Área de Entrega;https://pbc.clubsuchef.com.br/area-de-entrega;brand_not_confirmed|name_not_confirmed
a62661ec-86ed-4ed2-8144-f105736312ad;food service;food service Cabedelo Muro da São Brás, R. Floresta - Camboinha (83) 99139-5546 Cabedelo PB cardapio pedido delivery;;red;-17;instagram;organic;Delivery Menu (@deliverymenu);https://instagram.com/deliverymenu;brand_not_confirmed|name_not_confirmed|city_not_confirmed
a62661ec-86ed-4ed2-8144-f105736312ad;food service;food service Cabedelo Muro da São Brás, R. Floresta - Camboinha (83) 99139-5546 Cabedelo PB cardapio pedido delivery;;red;-18;tripadvisor;organic;Restaurantes com serviço de entrega em Cabedelo;https://tripadvisor.com.br/Restaurants-g793398-zfp19-Cabedelo_State_of_Paraiba.html;brand_not_confirmed|name_not_confirmed
a62661ec-86ed-4ed2-8144-f105736312ad;food service;food service Cabedelo Muro da São Brás, R. Floresta - Camboinha (83) 99139-5546 Cabedelo PB cardapio pedido delivery;;red;-34;rappi.com.br;organic;Trembom Marmitaria - Renascer Preço e Cardápio delivery;https://rappi.com.br/restaurantes/900125548-trembom-marmitaria;brand_not_confirmed|name_not_confirmed|city_not_confirmed
352e2216-3bb5-4742-9960-374c9ca64e13;Açai;Açai Cabedelo Ponta de Campina Cabedelo PB cardapio pedido delivery;yes;green;118;menudino;organic;Loja de Açaí em Cabedelo - Delivery;https://menudino.com/delivery/cabedelo-pb/loja-de-acai;
352e2216-3bb5-4742-9960-374c9ca64e13;Açai;Açai Cabedelo Ponta de Campina Cabedelo PB cardapio pedido delivery;;green;112;anota_ai;organic;Açai da Hill Point | Delivery em CABEDELO | Pedido online;https://pedido.anota.ai/loja/aai-da-hill-point;
352e2216-3bb5-4742-9960-374c9ca64e13;Açai;Açai Cabedelo Ponta de Campina Cabedelo PB cardapio pedido delivery;;green;112;instadelivery;organic;AçaíKm0 Cardápio - Delivery de Açai em Cabedelo;https://instadelivery.com.br/acaikm0;
352e2216-3bb5-4742-9960-374c9ca64e13;Açai;Açai Cabedelo Ponta de Campina Cabedelo PB cardapio pedido delivery;;yellow;67;instagram;organic;Daniel Do Açaí (@danieldoacai);https://instagram.com/danieldoacai;
352e2216-3bb5-4742-9960-374c9ca64e13;Açai;Açai Cabedelo Ponta de Campina Cabedelo PB cardapio pedido delivery;;red;38;telepesquisa.com;organic;Melhor Açaí em Recanto Do Poco | Lojas, Delivery e Self- ...;https://telepesquisa.com/pb/empresas/l/acai/cabedelo/recanto-do-poco;
352e2216-3bb5-4742-9960-374c9ca64e13;Açai;Açai Cabedelo Ponta de Campina Cabedelo PB cardapio pedido delivery;;red;22;assai.com.br;organic;Assaí Cabedelo PB;https://assai.com.br/loja/assai-cabedelo;
352e2216-3bb5-4742-9960-374c9ca64e13;Açai;Açai Cabedelo Ponta de Campina Cabedelo PB cardapio pedido delivery;;red;-2;instagram;organic;Neste verão, aproveite tudo o que o Get Mall tem a oferecer ...;https://instagram.com/reel/DEVDWEyp5eu;instagram_reel_not_profile|instagram_profile_not_canonicalizable
352e2216-3bb5-4742-9960-374c9ca64e13;Açai;Açai Cabedelo Ponta de Campina Cabedelo PB cardapio pedido delivery;;red;-14;instagram;organic;"Pé de Fruta on Instagram: ""Com muita alegria, anunciamos ...";https://instagram.com/reel/DQg04RCjnuU;instagram_reel_not_profile|instagram_profile_not_canonicalizable|city_not_confirmed
07528f63-3aed-4cf0-b1cc-81f762be4c00;Alfa;Alfa Lot. Nazareth R. Dr. Lima Neto Cabedelo PB cardapio pedido delivery;yes;green;86;menudino;organic;Delivery de Lanchonete em Cabedelo;https://menudino.com/delivery/cabedelo-pb/lanchonete;brand_not_confirmed
07528f63-3aed-4cf0-b1cc-81f762be4c00;Alfa;Alfa Lot. Nazareth R. Dr. Lima Neto Cabedelo PB cardapio pedido delivery;;yellow;80;anota_ai;organic;Cairo (comida Egípcia ) | Delivery em CABEDELO;https://pedido.anota.ai/loja/cairo-comida-egpcia;brand_not_confirmed
07528f63-3aed-4cf0-b1cc-81f762be4c00;Alfa;Alfa Lot. Nazareth R. Dr. Lima Neto Cabedelo PB cardapio pedido delivery;;red;6;cabedelo.pb.gov.br;organic;Prefeitura de Cabedelo - PB | Portal Oficial da Gestão Municipal;https://cabedelo.pb.gov.br;brand_not_confirmed
07528f63-3aed-4cf0-b1cc-81f762be4c00;Alfa;Alfa Lot. Nazareth R. Dr. Lima Neto Cabedelo PB cardapio pedido delivery;;red;6;ze.delivery;organic;Delivery de em Cabedelo - PB;https://ze.delivery/em/cabedelo-pb;brand_not_confirmed
07528f63-3aed-4cf0-b1cc-81f762be4c00;Alfa;Alfa Lot. Nazareth R. Dr. Lima Neto Cabedelo PB cardapio pedido delivery;;red;6;byfood.com.br;organic;Delivery em Cabedelo, PB;https://byfood.com.br/lista/cabedelo-pb;brand_not_confirmed
07528f63-3aed-4cf0-b1cc-81f762be4c00;Alfa;Alfa Lot. Nazareth R. Dr. Lima Neto Cabedelo PB cardapio pedido delivery;;red;6;gigapedidos.com.br;organic;Avod Technology - Delivery em Cabedelo, PB;https://gigapedidos.com.br/lista/cabedelo-pb;brand_not_confirmed
07528f63-3aed-4cf0-b1cc-81f762be4c00;Alfa;Alfa Lot. Nazareth R. Dr. Lima Neto Cabedelo PB cardapio pedido delivery;;red;5;instagram;organic;Edvaldo Neto (@edvaldonetocabedelo);https://instagram.com/edvaldonetocabedelo;brand_not_confirmed
07528f63-3aed-4cf0-b1cc-81f762be4c00;Alfa;Alfa Lot. Nazareth R. Dr. Lima Neto Cabedelo PB cardapio pedido delivery;;red;-6;cmcabedelo.pb.gov.br;organic;Edvaldo Manoel de Lima Neto (1º Vice-presidente);https://cmcabedelo.pb.gov.br/vereador/edvaldo-neto;brand_not_confirmed
f5973934-5e9b-463c-9d2a-a7342c3041e5;CASA DA PIZZA;CASA DA PIZZA Cabedelo R. Honório Patrício dos Santos - Recanto do Poço Cabedelo PB cardapio pedido delivery;yes;green;86;anota_ai;organic;Seu Chico Salgados | Delivery em Cabedelo | Pedido online;https://pedido.anota.ai/loja/seu-chico-salgados-1;brand_not_confirmed
f5973934-5e9b-463c-9d2a-a7342c3041e5;CASA DA PIZZA;CASA DA PIZZA Cabedelo R. Honório Patrício dos Santos - Recanto do Poço Cabedelo PB cardapio pedido delivery;;yellow;64;instadelivery;organic;Forneria Brasil Express Cardápio - Delivery de Pizza em ...;https://instadelivery.com.br/FornoBrasilExpress;brand_not_confirmed|city_not_confirmed
f5973934-5e9b-463c-9d2a-a7342c3041e5;CASA DA PIZZA;CASA DA PIZZA Cabedelo R. Honório Patrício dos Santos - Recanto do Poço Cabedelo PB cardapio pedido delivery;;red;14;facebook;organic;LÁ CASA DI PIZZA | Cabedelo PB;https://facebook.com/Lacasadipizza01/?locale=pt_BR;brand_not_confirmed
f5973934-5e9b-463c-9d2a-a7342c3041e5;CASA DA PIZZA;CASA DA PIZZA Cabedelo R. Honório Patrício dos Santos - Recanto do Poço Cabedelo PB cardapio pedido delivery;;red;6;byfood.com.br;organic;Delivery em Cabedelo, PB;https://byfood.com.br/lista/cabedelo-pb;brand_not_confirmed
f5973934-5e9b-463c-9d2a-a7342c3041e5;CASA DA PIZZA;CASA DA PIZZA Cabedelo R. Honório Patrício dos Santos - Recanto do Poço Cabedelo PB cardapio pedido delivery;;red;6;pizzariabomsaborpb.com.br;organic;Pizzaria Bom Sabor PB | Cabedelo - Jacaré;https://pizzariabomsaborpb.com.br;brand_not_confirmed
f5973934-5e9b-463c-9d2a-a7342c3041e5;CASA DA PIZZA;CASA DA PIZZA Cabedelo R. Honório Patrício dos Santos - Recanto do Poço Cabedelo PB cardapio pedido delivery;;red;-6;hubt.com.br;organic;Disk Pizza - Cabedelo, PB - Hubt;https://hubt.com.br/disk-pizza-7;brand_not_confirmed
f5973934-5e9b-463c-9d2a-a7342c3041e5;CASA DA PIZZA;CASA DA PIZZA Cabedelo R. Honório Patrício dos Santos - Recanto do Poço Cabedelo PB cardapio pedido delivery;;red;-48;instagram;organic;A melhor pizza de Cabedelo tá passando na sua telinha ❤️ ...;https://instagram.com/reel/DXKxfcnCTQ1;instagram_reel_not_profile|brand_not_confirmed|instagram_profile_not_canonicalizable
f5973934-5e9b-463c-9d2a-a7342c3041e5;CASA DA PIZZA;CASA DA PIZZA Cabedelo R. Honório Patrício dos Santos - Recanto do Poço Cabedelo PB cardapio pedido delivery;;red;-64;instagram;organic;🚨 PIZZA NOW está com Oferta de 1 Pizza Grande com 4 ...;https://instagram.com/p/DMqe1R7psqG;instagram_p_not_profile|brand_not_confirmed|instagram_profile_not_canonicalizable|city_not_confirmed
57a68170-1982-436a-a5b9-02366f6a999b;Café cultural;Café cultural Cabedelo R. Augusto José Couto de Faria - Jardim Camboinha Cabedelo PB cardapio pedido delivery;yes;yellow;73;instagram;organic;Casa de Cultura DDD83 - Cabedelo ...;https://instagram.com/casadeculturaddd83_oficial;
57a68170-1982-436a-a5b9-02366f6a999b;Café cultural;Café cultural Cabedelo R. Augusto José Couto de Faria - Jardim Camboinha Cabedelo PB cardapio pedido delivery;;yellow;68;menudino;organic;Delivery de Lanchonete em Cabedelo;https://menudino.com/delivery/cabedelo-pb/lanchonete;brand_not_confirmed|name_not_confirmed
57a68170-1982-436a-a5b9-02366f6a999b;Café cultural;Café cultural Cabedelo R. Augusto José Couto de Faria - Jardim Camboinha Cabedelo PB cardapio pedido delivery;;yellow;62;anota_ai;organic;Self-service da nany | Delivery em Cabedelo | Pedido online;https://pedido.anota.ai/loja/selfservice-da-nany;brand_not_confirmed|name_not_confirmed
57a68170-1982-436a-a5b9-02366f6a999b;Café cultural;Café cultural Cabedelo R. Augusto José Couto de Faria - Jardim Camboinha Cabedelo PB cardapio pedido delivery;;red;-8;cafeculturabrasil.com;organic;Café Cultura: home;https://cafeculturabrasil.com;brand_not_confirmed|city_not_confirmed
57a68170-1982-436a-a5b9-02366f6a999b;Café cultural;Café cultural Cabedelo R. Augusto José Couto de Faria - Jardim Camboinha Cabedelo PB cardapio pedido delivery;;red;-12;ze.delivery;organic;Delivery de em Cabedelo - PB;https://ze.delivery/em/cabedelo-pb;brand_not_confirmed|name_not_confirmed
57a68170-1982-436a-a5b9-02366f6a999b;Café cultural;Café cultural Cabedelo R. Augusto José Couto de Faria - Jardim Camboinha Cabedelo PB cardapio pedido delivery;;red;-12;cabedelo.pb.gov.br;organic;Prefeitura de Cabedelo - PB | Portal Oficial da Gestão Municipal;https://cabedelo.pb.gov.br;brand_not_confirmed|name_not_confirmed
57a68170-1982-436a-a5b9-02366f6a999b;Café cultural;Café cultural Cabedelo R. Augusto José Couto de Faria - Jardim Camboinha Cabedelo PB cardapio pedido delivery;;red;-18;tripadvisor;organic;Restaurantes com serviço de entrega em Cabedelo;https://tripadvisor.com.br/Restaurants-g793398-zfp19-Cabedelo_State_of_Paraiba.html;brand_not_confirmed|name_not_confirmed
57a68170-1982-436a-a5b9-02366f6a999b;Café cultural;Café cultural Cabedelo R. Augusto José Couto de Faria - Jardim Camboinha Cabedelo PB cardapio pedido delivery;;red;-60;instagram;organic;"Pastel da Liberdade João Pessoa on Instagram: ""O melhor ...";https://instagram.com/reel/DD5Jy4gvTd5;instagram_reel_not_profile|brand_not_confirmed|name_not_confirmed|instagram_profile_not_canonicalizable
3d145fe5-ceba-49ab-9b1d-50b6c19118de;Café Cabedelo;Café Cabedelo Cabedelo R. Aurélio Guedes Cavalcante - Camboinha (83) 99859-1092 Cabedelo PB cardapio pedido delivery;yes;green;86;menudino;organic;Delivery de Lanchonete em Cabedelo;https://menudino.com/delivery/cabedelo-pb/lanchonete;brand_not_confirmed
3d145fe5-ceba-49ab-9b1d-50b6c19118de;Café Cabedelo;Café Cabedelo Cabedelo R. Aurélio Guedes Cavalcante - Camboinha (83) 99859-1092 Cabedelo PB cardapio pedido delivery;;green;86;olaclick;organic;Cardápio digital - Comida Caseira da Elly;https://comidacaseiradaelly.ola.click/products;brand_not_confirmed
3d145fe5-ceba-49ab-9b1d-50b6c19118de;Café Cabedelo;Café Cabedelo Cabedelo R. Aurélio Guedes Cavalcante - Camboinha (83) 99859-1092 Cabedelo PB cardapio pedido delivery;;yellow;80;anota_ai;organic;Tc Restaurante e Petiscaria | Delivery em Cabedelo;https://pedido.anota.ai/loja/tc-petiscaria-e-lanches-1;brand_not_confirmed
3d145fe5-ceba-49ab-9b1d-50b6c19118de;Café Cabedelo;Café Cabedelo Cabedelo R. Aurélio Guedes Cavalcante - Camboinha (83) 99859-1092 Cabedelo PB cardapio pedido delivery;;red;6;ze.delivery;organic;Delivery de em Cabedelo - PB;https://ze.delivery/em/cabedelo-pb;brand_not_confirmed
3d145fe5-ceba-49ab-9b1d-50b6c19118de;Café Cabedelo;Café Cabedelo Cabedelo R. Aurélio Guedes Cavalcante - Camboinha (83) 99859-1092 Cabedelo PB cardapio pedido delivery;;red;6;dualfood.com.br;organic;Delivery em Cabedelo, PB;https://dualfood.com.br/lista/cabedelo-pb;brand_not_confirmed
3d145fe5-ceba-49ab-9b1d-50b6c19118de;Café Cabedelo;Café Cabedelo Cabedelo R. Aurélio Guedes Cavalcante - Camboinha (83) 99859-1092 Cabedelo PB cardapio pedido delivery;;red;6;cabedelo.pb.gov.br;organic;Prefeitura de Cabedelo - PB | Portal Oficial da Gestão Municipal;https://cabedelo.pb.gov.br;brand_not_confirmed
3d145fe5-ceba-49ab-9b1d-50b6c19118de;Café Cabedelo;Café Cabedelo Cabedelo R. Aurélio Guedes Cavalcante - Camboinha (83) 99859-1092 Cabedelo PB cardapio pedido delivery;;red;0;tripadvisor;organic;Restaurantes com serviço de entrega em Cabedelo;https://tripadvisor.com.br/Restaurants-g793398-zfp19-Cabedelo_State_of_Paraiba.html;brand_not_confirmed
3d145fe5-ceba-49ab-9b1d-50b6c19118de;Café Cabedelo;Café Cabedelo Cabedelo R. Aurélio Guedes Cavalcante - Camboinha (83) 99859-1092 Cabedelo PB cardapio pedido delivery;;red;-16;rappi.com.br;organic;Caf e com Cerveja - Intermares Preço e Cardápio delivery;https://rappi.com.br/restaurantes/900660096-caf-e-com-cerveja;brand_not_confirmed|city_not_confirmed
78bc8cab-4471-43ea-b776-619a6778caaa;Churrascaria Do Gaúcho;Churrascaria Do Gaúcho Cabedelo Ponta de Matos Cabedelo PB cardapio pedido delivery;yes;green;86;menudino;organic;Delivery de Lanchonete em Cabedelo;https://menudino.com/delivery/cabedelo-pb/lanchonete;brand_not_confirmed
78bc8cab-4471-43ea-b776-619a6778caaa;Churrascaria Do Gaúcho;Churrascaria Do Gaúcho Cabedelo Ponta de Matos Cabedelo PB cardapio pedido delivery;;green;86;instadelivery;organic;Melhores delivery de Cabedelo;https://portal.instadelivery.com.br/cabedelo;brand_not_confirmed
78bc8cab-4471-43ea-b776-619a6778caaa;Churrascaria Do Gaúcho;Churrascaria Do Gaúcho Cabedelo Ponta de Matos Cabedelo PB cardapio pedido delivery;;yellow;80;anota_ai;organic;Rosa Lanches | Delivery em Cabedelo | Pedido online;https://pedido.anota.ai/loja/rosalanches;brand_not_confirmed
78bc8cab-4471-43ea-b776-619a6778caaa;Churrascaria Do Gaúcho;Churrascaria Do Gaúcho Cabedelo Ponta de Matos Cabedelo PB cardapio pedido delivery;;yellow;65;instagram;derived_instagram_handle;Instagram profile @marmitariadogaucho;https://instagram.com/marmitariadogaucho;city_not_confirmed
78bc8cab-4471-43ea-b776-619a6778caaa;Churrascaria Do Gaúcho;Churrascaria Do Gaúcho Cabedelo Ponta de Matos Cabedelo PB cardapio pedido delivery;;red;30;empresas.serasaexperian.com.br;organic;CHURRASCARIA DO GAUCHO COMERCIO LTDA - ME;https://empresas.serasaexperian.com.br/consulta-gratis/CHURRASCARIA-DO-GAUCHO-COMERCIO-LTDA-51786338000151;
78bc8cab-4471-43ea-b776-619a6778caaa;Churrascaria Do Gaúcho;Churrascaria Do Gaúcho Cabedelo Ponta de Matos Cabedelo PB cardapio pedido delivery;;red;30;serpapi.com;local;Churrascaria Do Gaúcho;https://serpapi.com/search.json?device=desktop&engine=google&gl=br&google_domain=google.com.br&hl=pt-br&ludocid=1429672147792416515&q=Churrascaria+Do+Ga%C3%BAcho+Cabedelo+Ponta+de+Matos+Cabedelo+PB+cardapio+pedido+delivery;
78bc8cab-4471-43ea-b776-619a6778caaa;Churrascaria Do Gaúcho;Churrascaria Do Gaúcho Cabedelo Ponta de Matos Cabedelo PB cardapio pedido delivery;;red;2;instagram;organic;"Marmitaria do Gaúcho on Instagram: ""Vem almoçar!! Estamos ...";https://instagram.com/reel/DIbkwxQOMwA;instagram_reel_not_profile|instagram_profile_not_canonicalizable|city_not_confirmed
78bc8cab-4471-43ea-b776-619a6778caaa;Churrascaria Do Gaúcho;Churrascaria Do Gaúcho Cabedelo Ponta de Matos Cabedelo PB cardapio pedido delivery;;red;0;tripadvisor;organic;Restaurantes com serviço de entrega em Cabedelo;https://tripadvisor.com.br/Restaurants-g793398-zfp19-Cabedelo_State_of_Paraiba.html;brand_not_confirmed
6e248922-94fd-4138-86a0-92c7a04fcfff;cabe 1one açaí;cabe 1one açaí Lj 01 - Centro Praça Venâncio Neiva (83) 98229-2123 Cabedelo PB cardapio pedido delivery;yes;green;88;instadelivery;organic;AçaíKm0 Cardápio - Delivery de Açai em Cabedelo;https://instadelivery.com.br/acaikm0;brand_not_confirmed
6e248922-94fd-4138-86a0-92c7a04fcfff;cabe 1one açaí;cabe 1one açaí Lj 01 - Centro Praça Venâncio Neiva (83) 98229-2123 Cabedelo PB cardapio pedido delivery;;red;38;wanderboat.ai;organic;cabe 1one açaí - Praça Venâncio Neiva, 11 - loja 01;https://wanderboat.ai/restaurants/brazil/regi%C3%A3o-geogr%C3%A1fica-imediata-de-jo%C3%A3o-pessoa/cabe-1one-a%C3%A7a%C3%AD/jH3SO5uoTLqeiYXwyMUvUw;
6e248922-94fd-4138-86a0-92c7a04fcfff;cabe 1one açaí;cabe 1one açaí Lj 01 - Centro Praça Venâncio Neiva (83) 98229-2123 Cabedelo PB cardapio pedido delivery;;red;34;cardapioweb;organic;Acai Dos B;https://app.cardapioweb.com/acai_dos_b;brand_not_confirmed|name_not_confirmed|city_not_confirmed
6e248922-94fd-4138-86a0-92c7a04fcfff;cabe 1one açaí;cabe 1one açaí Lj 01 - Centro Praça Venâncio Neiva (83) 98229-2123 Cabedelo PB cardapio pedido delivery;;red;2;facebook;organic;Açaí Pix | Cabedelo PB;https://facebook.com/acaipix/?locale=pt_PT;brand_not_confirmed
6e248922-94fd-4138-86a0-92c7a04fcfff;cabe 1one açaí;cabe 1one açaí Lj 01 - Centro Praça Venâncio Neiva (83) 98229-2123 Cabedelo PB cardapio pedido delivery;;red;-34;google;organic;Açaí Bem Bolado – Apps no Google Play;https://play.google.com/store/apps/details?id=br.com.alfalabs.acaibembolado&hl=pt_BR;map_not_direct_menu|brand_not_confirmed|name_not_confirmed|city_not_confirmed
6e248922-94fd-4138-86a0-92c7a04fcfff;cabe 1one açaí;cabe 1one açaí Lj 01 - Centro Praça Venâncio Neiva (83) 98229-2123 Cabedelo PB cardapio pedido delivery;;red;-46;nossoacai.com.br;organic;Nosso Açaí;https://nossoacai.com.br;brand_not_confirmed|name_not_confirmed|city_not_confirmed
6e248922-94fd-4138-86a0-92c7a04fcfff;cabe 1one açaí;cabe 1one açaí Lj 01 - Centro Praça Venâncio Neiva (83) 98229-2123 Cabedelo PB cardapio pedido delivery;;red;-70;instagram;organic;Peça o seu açaí agora, no @acai_abencoado_oficial;https://instagram.com/p/DUVkVLUjviN;instagram_p_not_profile|brand_not_confirmed|name_not_confirmed|instagram_profile_not_canonicalizable|city_not_confirmed
6e248922-94fd-4138-86a0-92c7a04fcfff;cabe 1one açaí;cabe 1one açaí Lj 01 - Centro Praça Venâncio Neiva (83) 98229-2123 Cabedelo PB cardapio pedido delivery;;red;-70;instagram;organic;2 Açaí de 500ml por apenas R$34,90 delivery bairro da paz ...;https://instagram.com/reel/DZgAyHORCTg;instagram_reel_not_profile|brand_not_confirmed|name_not_confirmed|instagram_profile_not_canonicalizable|city_not_confirmed
942e480f-7b67-4aae-9967-e795bdf7502d;Therê Açaí e Sorvete;Therê Açaí e Sorvete Centro R. Duque de Caxias (83) 99332-8972 Cabedelo PB cardapio pedido delivery;yes;yellow;100;olaclick;organic;Delivery Refeições e Açaí - Cardápio digital;https://delivery-refeicoes.ola.click/products;city_not_confirmed
942e480f-7b67-4aae-9967-e795bdf7502d;Therê Açaí e Sorvete;Therê Açaí e Sorvete Centro R. Duque de Caxias (83) 99332-8972 Cabedelo PB cardapio pedido delivery;;yellow;68;menudino;organic;Loja de Açaí em Cabedelo - Delivery;https://menudino.com/delivery/cabedelo-pb/loja-de-acai;brand_not_confirmed|name_not_confirmed
942e480f-7b67-4aae-9967-e795bdf7502d;Therê Açaí e Sorvete;Therê Açaí e Sorvete Centro R. Duque de Caxias (83) 99332-8972 Cabedelo PB cardapio pedido delivery;;yellow;62;anota_ai;organic;Açai da Hill Point | Delivery em CABEDELO | Pedido online;https://pedido.anota.ai/loja/aai-da-hill-point;brand_not_confirmed|name_not_confirmed
942e480f-7b67-4aae-9967-e795bdf7502d;Therê Açaí e Sorvete;Therê Açaí e Sorvete Centro R. Duque de Caxias (83) 99332-8972 Cabedelo PB cardapio pedido delivery;;yellow;46;instadelivery;organic;Delivery de Açai em João Pessoa;https://instadelivery.com.br/acaiteriasoalegria;brand_not_confirmed|name_not_confirmed|city_not_confirmed
942e480f-7b67-4aae-9967-e795bdf7502d;Therê Açaí e Sorvete;Therê Açaí e Sorvete Centro R. Duque de Caxias (83) 99332-8972 Cabedelo PB cardapio pedido delivery;;red;-1;instagram;organic;Daniel Do Açaí (@danieldoacai);https://instagram.com/danieldoacai;brand_not_confirmed|name_not_confirmed
942e480f-7b67-4aae-9967-e795bdf7502d;Therê Açaí e Sorvete;Therê Açaí e Sorvete Centro R. Duque de Caxias (83) 99332-8972 Cabedelo PB cardapio pedido delivery;;red;-10;instagram;organic;NOVA AÇAITERIA EM JOÃO PESSOA QUE TEM ATÉ AÇAÍ ...;https://instagram.com/reel/C56rjFcJahZ;instagram_reel_not_profile|instagram_profile_not_canonicalizable|city_not_confirmed
942e480f-7b67-4aae-9967-e795bdf7502d;Therê Açaí e Sorvete;Therê Açaí e Sorvete Centro R. Duque de Caxias (83) 99332-8972 Cabedelo PB cardapio pedido delivery;;red;-34;mariaacai.com.br;organic;Maria Açaí: Início;https://mariaacai.com.br;brand_not_confirmed|name_not_confirmed|city_not_confirmed
942e480f-7b67-4aae-9967-e795bdf7502d;Therê Açaí e Sorvete;Therê Açaí e Sorvete Centro R. Duque de Caxias (83) 99332-8972 Cabedelo PB cardapio pedido delivery;;red;-70;ifood;organic;Noz Açaí e Sorvetes | CABEDELO;https://ifood.com.br/delivery/cabedelo-pb/noz-acai-e-sorvetes-renascer/860bfc4c-d726-424f-8bd0-a3f59255a8d4?prato=70b33e7e-cc4a-43aa-a0b3-075c292776c8;ifood_rejected
4a19815d-0292-4285-bf3a-25df89ef2bf6;Queens do Açaí;Queens do Açaí Camalaú R. Cleto Campêlo (83) 99308-5560 Cabedelo PB cardapio pedido delivery;yes;yellow;81;instagram;organic;Queens do Açaí (@queensdoacai) - Cabedelo;https://instagram.com/queensdoacai;
4a19815d-0292-4285-bf3a-25df89ef2bf6;Queens do Açaí;Queens do Açaí Camalaú R. Cleto Campêlo (83) 99308-5560 Cabedelo PB cardapio pedido delivery;;yellow;80;instadelivery;organic;AçaíKm0 Cardápio - Delivery de Açai em Cabedelo;https://instadelivery.com.br/acaikm0;brand_not_confirmed
4a19815d-0292-4285-bf3a-25df89ef2bf6;Queens do Açaí;Queens do Açaí Camalaú R. Cleto Campêlo (83) 99308-5560 Cabedelo PB cardapio pedido delivery;;yellow;80;anota_ai;organic;Açai da Hill Point | Delivery em CABEDELO | Pedido online;https://pedido.anota.ai/loja/aai-da-hill-point;brand_not_confirmed
4a19815d-0292-4285-bf3a-25df89ef2bf6;Queens do Açaí;Queens do Açaí Camalaú R. Cleto Campêlo (83) 99308-5560 Cabedelo PB cardapio pedido delivery;;red;6;consumer.com.br;organic;Sistema para Açaiterias e Lojas de Açaí em Cabedelo;https://consumer.com.br/sistema-para-acaiterias/cabedelo/pb?srsltid=AfmBOopgczqxTllF4BL1TMYDnvhHl_1XRiCK-4sQyHGnyiPOZAPgIm7_;brand_not_confirmed
4a19815d-0292-4285-bf3a-25df89ef2bf6;Queens do Açaí;Queens do Açaí Camalaú R. Cleto Campêlo (83) 99308-5560 Cabedelo PB cardapio pedido delivery;;red;-16;casadoacai.alfalabs.com.br;organic;Casa do Açaí - Pedido online;https://casadoacai.alfalabs.com.br;brand_not_confirmed|city_not_confirmed
4a19815d-0292-4285-bf3a-25df89ef2bf6;Queens do Açaí;Queens do Açaí Camalaú R. Cleto Campêlo (83) 99308-5560 Cabedelo PB cardapio pedido delivery;;red;-16;pedir.delivery;organic;Pedir Delivery;https://pedir.delivery/app/acai-tropical/delivery;brand_not_confirmed|city_not_confirmed
4a19815d-0292-4285-bf3a-25df89ef2bf6;Queens do Açaí;Queens do Açaí Camalaú R. Cleto Campêlo (83) 99308-5560 Cabedelo PB cardapio pedido delivery;;red;-16;deliveryapp.neemo.com.br;organic;Tribo Do Açaí - Delivery App;https://deliveryapp.neemo.com.br/contato/4138;brand_not_confirmed|city_not_confirmed
4a19815d-0292-4285-bf3a-25df89ef2bf6;Queens do Açaí;Queens do Açaí Camalaú R. Cleto Campêlo (83) 99308-5560 Cabedelo PB cardapio pedido delivery;;red;-16;cardapio.datacaixa.com.br;organic;ACAI JOW | Cardápio Digital - Peça Agora!;https://cardapio.datacaixa.com.br/loja=5928;brand_not_confirmed|city_not_confirmed
e4463ab8-c32d-4e3e-aa0c-b93e2a9f7015;Triniity Burguer;Triniity Burguer Centro Vila dos Estivadores Cabedelo PB cardapio pedido delivery;yes;green;116;anota_ai;organic;Big Burger - Hamburgueria Artesanal | Delivery em CABEDELO;https://pedido.anota.ai/loja/big-burger-hamburgueria-artesanal;
e4463ab8-c32d-4e3e-aa0c-b93e2a9f7015;Triniity Burguer;Triniity Burguer Centro Vila dos Estivadores Cabedelo PB cardapio pedido delivery;;red;43;instagram;organic;T R I N I T Y B U R G E R 🔺 (@trinity.burger);https://instagram.com/trinity.burger;city_not_confirmed
e4463ab8-c32d-4e3e-aa0c-b93e2a9f7015;Triniity Burguer;Triniity Burguer Centro Vila dos Estivadores Cabedelo PB cardapio pedido delivery;;red;20;ttburger.com.br;organic;T.T. Burger | O melhor hamburguer do mundo;https://ttburger.com.br;city_not_confirmed
e4463ab8-c32d-4e3e-aa0c-b93e2a9f7015;Triniity Burguer;Triniity Burguer Centro Vila dos Estivadores Cabedelo PB cardapio pedido delivery;;red;2;instagram;organic;É oficial! Ele chegou! . Trinity Burger, hambúrguer do mês de ...;https://instagram.com/reel/DPR2XYujghd/?hl=th;instagram_reel_not_profile|instagram_profile_not_canonicalizable|city_not_confirmed
e4463ab8-c32d-4e3e-aa0c-b93e2a9f7015;Triniity Burguer;Triniity Burguer Centro Vila dos Estivadores Cabedelo PB cardapio pedido delivery;;red;-10;instagram;organic;Se liga nesse vídeo Aqui na Trinity Burger o negócio é sério ...;https://instagram.com/reel/DMp6mF9Rh8c;instagram_reel_not_profile|instagram_profile_not_canonicalizable|city_not_confirmed
e4463ab8-c32d-4e3e-aa0c-b93e2a9f7015;Triniity Burguer;Triniity Burguer Centro Vila dos Estivadores Cabedelo PB cardapio pedido delivery;;red;-28;homeburgerpb.com.br;organic;Home Burger - Delivery OFICIAL - Manaíra, João Pessoa - PB;https://homeburgerpb.com.br;brand_not_confirmed|name_not_confirmed|city_not_confirmed
e4463ab8-c32d-4e3e-aa0c-b93e2a9f7015;Triniity Burguer;Triniity Burguer Centro Vila dos Estivadores Cabedelo PB cardapio pedido delivery;;red;-35;facebook;organic;Trinity Burger | São Paulo SP;https://facebook.com/TrinityBurgerr/?locale=pt_BR;conflicting_location:sao paulo sp|city_not_confirmed
e4463ab8-c32d-4e3e-aa0c-b93e2a9f7015;Triniity Burguer;Triniity Burguer Centro Vila dos Estivadores Cabedelo PB cardapio pedido delivery;;red;-82;instagram;organic;Nossa casinha está tão linda e aconchegante, vem nós visitar;https://instagram.com/reel/CKMh_5wlSb9;instagram_reel_not_profile|brand_not_confirmed|name_not_confirmed|instagram_profile_not_canonicalizable|city_not_confirmed
90afab4e-44eb-4068-8c16-09dc29a585c8;Rua São Miguel 159;Rua São Miguel 159 Camalaú R. São Miguel Cabedelo PB cardapio pedido delivery;yes;yellow;68;menudino;organic;Delivery de Lanchonete em Cabedelo;https://menudino.com/delivery/cabedelo-pb/lanchonete;brand_not_confirmed|name_not_confirmed
90afab4e-44eb-4068-8c16-09dc29a585c8;Rua São Miguel 159;Rua São Miguel 159 Camalaú R. São Miguel Cabedelo PB cardapio pedido delivery;;yellow;62;anota_ai;organic;Pizzaria 1000graus | Delivery em CABEDELO | Pedido online;https://pedido.anota.ai/loja/pizzaria-1000graus-1;brand_not_confirmed|name_not_confirmed
90afab4e-44eb-4068-8c16-09dc29a585c8;Rua São Miguel 159;Rua São Miguel 159 Camalaú R. São Miguel Cabedelo PB cardapio pedido delivery;;red;20;deliveryapp.neemo.com.br;organic;Web Delivery - Padaria São Miguel - Cidade Verde;https://deliveryapp.neemo.com.br/contato/11980;city_not_confirmed
90afab4e-44eb-4068-8c16-09dc29a585c8;Rua São Miguel 159;Rua São Miguel 159 Camalaú R. São Miguel Cabedelo PB cardapio pedido delivery;;red;8;tridelivery.com.br;organic;Di Fiori em São Miguel do Oeste SC;https://tridelivery.com.br/difiori;city_not_confirmed
90afab4e-44eb-4068-8c16-09dc29a585c8;Rua São Miguel 159;Rua São Miguel 159 Camalaú R. São Miguel Cabedelo PB cardapio pedido delivery;;red;-12;ze.delivery;organic;Delivery de em Cabedelo - PB;https://ze.delivery/em/cabedelo-pb;brand_not_confirmed|name_not_confirmed
90afab4e-44eb-4068-8c16-09dc29a585c8;Rua São Miguel 159;Rua São Miguel 159 Camalaú R. São Miguel Cabedelo PB cardapio pedido delivery;;red;-12;food.valeup.com.br;organic;Delivery em Cabedelo, PB - Vale Up Food;https://food.valeup.com.br/lista/cabedelo-pb;brand_not_confirmed|name_not_confirmed
90afab4e-44eb-4068-8c16-09dc29a585c8;Rua São Miguel 159;Rua São Miguel 159 Camalaú R. São Miguel Cabedelo PB cardapio pedido delivery;;red;-34;pedizap.com.br;organic;Pedizap - Monte seu Cardápio e Receba os Pedidos via ...;https://pedizap.com.br;brand_not_confirmed|name_not_confirmed|city_not_confirmed
90afab4e-44eb-4068-8c16-09dc29a585c8;Rua São Miguel 159;Rua São Miguel 159 Camalaú R. São Miguel Cabedelo PB cardapio pedido delivery;;red;-34;maisdeliveryapp.com.br;organic;Mais Delivery | Seu pedido é uma ordem;https://maisdeliveryapp.com.br;brand_not_confirmed|name_not_confirmed|city_not_confirmed
a9c18317-7315-45ac-b488-831923c9fd56;Deu Pizza Cabedelo;Deu Pizza Cabedelo Vila Sao Joao Praça Getúlio Vargas (83) 99339-5381 Cabedelo PB cardapio pedido delivery;yes;green;86;anota_ai;organic;Pizzaria 1000graus | Delivery em CABEDELO | Pedido online;https://pedido.anota.ai/loja/pizzaria-1000graus-1;brand_not_confirmed
a9c18317-7315-45ac-b488-831923c9fd56;Deu Pizza Cabedelo;Deu Pizza Cabedelo Vila Sao Joao Praça Getúlio Vargas (83) 99339-5381 Cabedelo PB cardapio pedido delivery;;red;6;cabedelo.pb.gov.br;organic;Pizzaria e Boteco Mil Graus | Prefeitura de Cabedelo;https://cabedelo.pb.gov.br/ondecomer/pizzaria-e-boteco-mil-graus;brand_not_confirmed
a9c18317-7315-45ac-b488-831923c9fd56;Deu Pizza Cabedelo;Deu Pizza Cabedelo Vila Sao Joao Praça Getúlio Vargas (83) 99339-5381 Cabedelo PB cardapio pedido delivery;;red;-8;deuempizza.com.br;organic;Deu em Pizza e Hamburgueria | Delivery em João pessoa ...;https://deuempizza.com.br;brand_not_confirmed|city_not_confirmed
a9c18317-7315-45ac-b488-831923c9fd56;Deu Pizza Cabedelo;Deu Pizza Cabedelo Vila Sao Joao Praça Getúlio Vargas (83) 99339-5381 Cabedelo PB cardapio pedido delivery;;red;-14;tiktok.com;organic;Descubra o Novo Rodízio da Deu em Pizza em João Pessoa;https://tiktok.com/@deuempizza_jp/video/7656076141517884679;brand_not_confirmed|city_not_confirmed
a9c18317-7315-45ac-b488-831923c9fd56;Deu Pizza Cabedelo;Deu Pizza Cabedelo Vila Sao Joao Praça Getúlio Vargas (83) 99339-5381 Cabedelo PB cardapio pedido delivery;;red;-16;google;organic;DUE PIZZA – Apps no Google Play;https://play.google.com/store/apps/details?id=com.wabiz.delivery.duepizza&hl=pt_BR;map_not_direct_menu|brand_not_confirmed|city_not_confirmed
a9c18317-7315-45ac-b488-831923c9fd56;Deu Pizza Cabedelo;Deu Pizza Cabedelo Vila Sao Joao Praça Getúlio Vargas (83) 99339-5381 Cabedelo PB cardapio pedido delivery;;red;-40;instagram;organic;De Quinta a Domingo, DEU PIZZA CABEDELO Um lugar ...;https://instagram.com/reel/DWmyM2_D4hP;instagram_reel_not_profile|brand_not_confirmed|instagram_profile_not_canonicalizable
a9c18317-7315-45ac-b488-831923c9fd56;Deu Pizza Cabedelo;Deu Pizza Cabedelo Vila Sao Joao Praça Getúlio Vargas (83) 99339-5381 Cabedelo PB cardapio pedido delivery;;red;-40;instagram;organic;🚨 NOVIDADES NA DEU PIZZA CABEDELO! 🚨 Vocês ...;https://instagram.com/p/DZd-EnDlp9t;instagram_p_not_profile|brand_not_confirmed|instagram_profile_not_canonicalizable
a9c18317-7315-45ac-b488-831923c9fd56;Deu Pizza Cabedelo;Deu Pizza Cabedelo Vila Sao Joao Praça Getúlio Vargas (83) 99339-5381 Cabedelo PB cardapio pedido delivery;;red;-44;instagram;organic;NOVIDADE NA DEU PIZZA! 🚨 Agora ficou ainda mais fácil ...;https://instagram.com/p/DVy2Owrjh5V;instagram_p_not_profile|brand_not_confirmed|instagram_profile_not_canonicalizable|city_not_confirmed
8322d0f6-8e08-4de7-a73f-d71c57f0291d;Ilovepizzapb;Ilovepizzapb Cabedelo R. Duque de Caxias - Centro (83) 99631-6245 Cabedelo PB cardapio pedido delivery;yes;green;86;instadelivery;organic;Melhores delivery de Cabedelo;https://portal.instadelivery.com.br/cabedelo;brand_not_confirmed
8322d0f6-8e08-4de7-a73f-d71c57f0291d;Ilovepizzapb;Ilovepizzapb Cabedelo R. Duque de Caxias - Centro (83) 99631-6245 Cabedelo PB cardapio pedido delivery;;yellow;80;anota_ai;organic;Center Pizza Cabedelo | Delivery em Cabedelo | Pedido online;https://pedido.anota.ai/loja/bom-de-garfo-delivery-4;brand_not_confirmed
8322d0f6-8e08-4de7-a73f-d71c57f0291d;Ilovepizzapb;Ilovepizzapb Cabedelo R. Duque de Caxias - Centro (83) 99631-6245 Cabedelo PB cardapio pedido delivery;;yellow;75;instagram;organic;I ❤️ Pizza (@ilovepizzapb);https://instagram.com/ilovepizzapb;
8322d0f6-8e08-4de7-a73f-d71c57f0291d;Ilovepizzapb;Ilovepizzapb Cabedelo R. Duque de Caxias - Centro (83) 99631-6245 Cabedelo PB cardapio pedido delivery;;red;24;instagram;organic;A melhor pizza de Cabedelo tá passando na sua telinha ❤️ ...;https://instagram.com/reel/DXKxfcnCTQ1;instagram_reel_not_profile|instagram_profile_not_canonicalizable
8322d0f6-8e08-4de7-a73f-d71c57f0291d;Ilovepizzapb;Ilovepizzapb Cabedelo R. Duque de Caxias - Centro (83) 99631-6245 Cabedelo PB cardapio pedido delivery;;red;6;conectafood.com.br;organic;Delivery em Cabedelo, PB;https://conectafood.com.br/lista/cabedelo-pb;brand_not_confirmed
8322d0f6-8e08-4de7-a73f-d71c57f0291d;Ilovepizzapb;Ilovepizzapb Cabedelo R. Duque de Caxias - Centro (83) 99631-6245 Cabedelo PB cardapio pedido delivery;;red;6;pizzariabomsaborpb.com.br;organic;Pizzaria Bom Sabor PB | Cabedelo - Jacaré;https://pizzariabomsaborpb.com.br;brand_not_confirmed
8322d0f6-8e08-4de7-a73f-d71c57f0291d;Ilovepizzapb;Ilovepizzapb Cabedelo R. Duque de Caxias - Centro (83) 99631-6245 Cabedelo PB cardapio pedido delivery;;red;-48;instagram;organic;Domingo é dia oficial de pizza e de reunir a galera, vem ...;https://instagram.com/p/DX5ER_Ulm1B;instagram_p_not_profile|brand_not_confirmed|instagram_profile_not_canonicalizable
8322d0f6-8e08-4de7-a73f-d71c57f0291d;Ilovepizzapb;Ilovepizzapb Cabedelo R. Duque de Caxias - Centro (83) 99631-6245 Cabedelo PB cardapio pedido delivery;;red;-48;instagram;organic;na i love além de sabor, priorizamos também a qualidade ...;https://instagram.com/p/DXz87hEGo_K;instagram_p_not_profile|brand_not_confirmed|instagram_profile_not_canonicalizable
8fb49605-7614-4c27-9a31-406de6240e2d;Espetinho da Praça;Espetinho da Praça Cabedelo Renascer III, R. Raul Seixas - Lot. Joao Paulo (83) 98847-1337 Cabedelo PB cardapio pedido delivery;yes;yellow;80;anota_ai;organic;Espetinho da Praia | Delivery em Cabedelo | Pedido online;https://pedido.anota.ai/loja/espetinho-da-praia-3;brand_not_confirmed
8fb49605-7614-4c27-9a31-406de6240e2d;Espetinho da Praça;Espetinho da Praça Cabedelo Renascer III, R. Raul Seixas - Lot. Joao Paulo (83) 98847-1337 Cabedelo PB cardapio pedido delivery;;red;6;ze.delivery;organic;Delivery de em Cabedelo - PB;https://ze.delivery/em/cabedelo-pb;brand_not_confirmed
8fb49605-7614-4c27-9a31-406de6240e2d;Espetinho da Praça;Espetinho da Praça Cabedelo Renascer III, R. Raul Seixas - Lot. Joao Paulo (83) 98847-1337 Cabedelo PB cardapio pedido delivery;;red;0;tripadvisor;organic;Espetinho da Praia - Restaurantes: Cabedelo;https://tripadvisor.com.br/Restaurant_Review-g793398-d23007866-Reviews-Espetinho_da_Praia-Cabedelo_State_of_Paraiba.html;brand_not_confirmed
8fb49605-7614-4c27-9a31-406de6240e2d;Espetinho da Praça;Espetinho da Praça Cabedelo Renascer III, R. Raul Seixas - Lot. Joao Paulo (83) 98847-1337 Cabedelo PB cardapio pedido delivery;;red;-6;vendaagora.com;organic;RESTAURANTE SABOREAR - SELF SERVICE Cabedelo PB;https://vendaagora.com/restaurantesaborear;brand_not_confirmed
8fb49605-7614-4c27-9a31-406de6240e2d;Espetinho da Praça;Espetinho da Praça Cabedelo Renascer III, R. Raul Seixas - Lot. Joao Paulo (83) 98847-1337 Cabedelo PB cardapio pedido delivery;;red;-8;espetinho-da-praca.menuintegrado.com.br;organic;Espetinho da Praça - Delivery Oficial - Menu Integrado;https://espetinho-da-praca.menuintegrado.com.br;brand_not_confirmed|city_not_confirmed
8fb49605-7614-4c27-9a31-406de6240e2d;Espetinho da Praça;Espetinho da Praça Cabedelo Renascer III, R. Raul Seixas - Lot. Joao Paulo (83) 98847-1337 Cabedelo PB cardapio pedido delivery;;red;-16;rappi.com.br;organic;Trembom Marmitaria - Renascer Preço e Cardápio delivery;https://rappi.com.br/restaurantes/900125548-trembom-marmitaria;brand_not_confirmed|city_not_confirmed
8fb49605-7614-4c27-9a31-406de6240e2d;Espetinho da Praça;Espetinho da Praça Cabedelo Renascer III, R. Raul Seixas - Lot. Joao Paulo (83) 98847-1337 Cabedelo PB cardapio pedido delivery;;red;-36;instagram;organic;"ESPETINHO DA PRAIA on Instagram: ""Bateu a fome? A gente ...";https://instagram.com/reel/DDCVU5yhqIW;instagram_reel_not_profile|brand_not_confirmed|instagram_profile_not_canonicalizable
8fb49605-7614-4c27-9a31-406de6240e2d;Espetinho da Praça;Espetinho da Praça Cabedelo Renascer III, R. Raul Seixas - Lot. Joao Paulo (83) 98847-1337 Cabedelo PB cardapio pedido delivery;;red;-52;instagram;organic;Hespetos – O Espetinho da João Paulo desde 2015! Aqui, o ...;https://instagram.com/reel/DSD7wBKiTJU;instagram_reel_not_profile|brand_not_confirmed|instagram_profile_not_canonicalizable|city_not_confirmed
b70edc4d-f352-4cc1-9680-4f5d6cd5c773;gat mal ponta de campina;gat mal ponta de campina Cabedelo Av. Oceano Atlântico - Intermares Cabedelo PB cardapio pedido delivery;yes;yellow;69;instagram;organic;Get Mall | Seu Shopping em Cabedelo (@getmall.oficial);https://instagram.com/getmall.oficial;
b70edc4d-f352-4cc1-9680-4f5d6cd5c773;gat mal ponta de campina;gat mal ponta de campina Cabedelo Av. Oceano Atlântico - Intermares Cabedelo PB cardapio pedido delivery;;yellow;68;instadelivery;organic;Melhores delivery de Cabedelo;https://portal.instadelivery.com.br/cabedelo;brand_not_confirmed|name_not_confirmed
b70edc4d-f352-4cc1-9680-4f5d6cd5c773;gat mal ponta de campina;gat mal ponta de campina Cabedelo Av. Oceano Atlântico - Intermares Cabedelo PB cardapio pedido delivery;;yellow;68;menudino;organic;Delivery de Lanchonete em Cabedelo;https://menudino.com/delivery/cabedelo-pb/lanchonete;brand_not_confirmed|name_not_confirmed
b70edc4d-f352-4cc1-9680-4f5d6cd5c773;gat mal ponta de campina;gat mal ponta de campina Cabedelo Av. Oceano Atlântico - Intermares Cabedelo PB cardapio pedido delivery;;yellow;62;anota_ai;organic;Pointh chic | Delivery em Cabedelo | Pedido online;https://pedido.anota.ai/loja/pointh-chic;brand_not_confirmed|name_not_confirmed
b70edc4d-f352-4cc1-9680-4f5d6cd5c773;gat mal ponta de campina;gat mal ponta de campina Cabedelo Av. Oceano Atlântico - Intermares Cabedelo PB cardapio pedido delivery;;yellow;62;anota_ai;organic;Draguinha Lanches | Delivery em CABEDELO;https://pedido.anota.ai/loja/draguinha-lanches-1?referer=gbp_anota;brand_not_confirmed|name_not_confirmed
b70edc4d-f352-4cc1-9680-4f5d6cd5c773;gat mal ponta de campina;gat mal ponta de campina Cabedelo Av. Oceano Atlântico - Intermares Cabedelo PB cardapio pedido delivery;;red;-4;moovitapp.com;organic;Como chegar até Get Mall em Cabedelo de ônibus ou trem?;https://moovitapp.com/index/pt-br/transporte_p%C3%BAblico-Get_Mall-Joao_Pessoa-site_262163722-1622;brand_not_confirmed
b70edc4d-f352-4cc1-9680-4f5d6cd5c773;gat mal ponta de campina;gat mal ponta de campina Cabedelo Av. Oceano Atlântico - Intermares Cabedelo PB cardapio pedido delivery;;red;-12;byfood.com.br;organic;Delivery em Cabedelo, PB;https://byfood.com.br/lista/cabedelo-pb;brand_not_confirmed|name_not_confirmed
b70edc4d-f352-4cc1-9680-4f5d6cd5c773;gat mal ponta de campina;gat mal ponta de campina Cabedelo Av. Oceano Atlântico - Intermares Cabedelo PB cardapio pedido delivery;;red;-12;ze.delivery;organic;Delivery de em Cabedelo - PB;https://ze.delivery/em/cabedelo-pb;brand_not_confirmed|name_not_confirmed
a108a394-1cb3-478b-a857-2d6770d853c4;Rodizio de caldo do carioca;Rodizio de caldo do carioca Renascer Rod. Br Duzentos e Trinta Cabedelo PB cardapio pedido delivery;yes;yellow;62;anota_ai;organic;Tc Restaurante e Petiscaria | Delivery em Cabedelo;https://pedido.anota.ai/loja/tc-petiscaria-e-lanches-1;brand_not_confirmed|name_not_confirmed
a108a394-1cb3-478b-a857-2d6770d853c4;Rodizio de caldo do carioca;Rodizio de caldo do carioca Renascer Rod. Br Duzentos e Trinta Cabedelo PB cardapio pedido delivery;;red;28;campograndenews.com.br;organic;Frio abre temporada de caldos com delivery, rodízios e ...;https://campograndenews.com.br/lado-b/sabor/frio-abre-temporada-de-caldos-com-delivery-rodizios-e-novidades-no-menu;city_not_confirmed
a108a394-1cb3-478b-a857-2d6770d853c4;Rodizio de caldo do carioca;Rodizio de caldo do carioca Renascer Rod. Br Duzentos e Trinta Cabedelo PB cardapio pedido delivery;;red;16;facebook;organic;Tá rolando rodízio de sopas e caldos, vem pro Cachambeer ...;https://facebook.com/cachambeer/videos/t%C3%A1-rolando-rod%C3%ADzio-de-sopas-e-caldos-vem-pro-cachambeers%C3%A3o-6-op%C3%A7%C3%B5es-pra-voc%C3%AA-esc/749219372875274;city_not_confirmed
a108a394-1cb3-478b-a857-2d6770d853c4;Rodizio de caldo do carioca;Rodizio de caldo do carioca Renascer Rod. Br Duzentos e Trinta Cabedelo PB cardapio pedido delivery;;red;-2;instagram;organic;O rodízio de caldos está no valor de 39,90 reais por pessoa ...;https://instagram.com/reel/DYNz9hTuyLC;instagram_reel_not_profile|instagram_profile_not_canonicalizable|city_not_confirmed
a108a394-1cb3-478b-a857-2d6770d853c4;Rodizio de caldo do carioca;Rodizio de caldo do carioca Renascer Rod. Br Duzentos e Trinta Cabedelo PB cardapio pedido delivery;;red;-12;ze.delivery;organic;Delivery de em Cabedelo - PB;https://ze.delivery/em/cabedelo-pb;brand_not_confirmed|name_not_confirmed
a108a394-1cb3-478b-a857-2d6770d853c4;Rodizio de caldo do carioca;Rodizio de caldo do carioca Renascer Rod. Br Duzentos e Trinta Cabedelo PB cardapio pedido delivery;;red;-34;rappi.com.br;organic;Trembom Marmitaria - Renascer Preço e Cardápio delivery;https://rappi.com.br/restaurantes/900125548-trembom-marmitaria;brand_not_confirmed|name_not_confirmed|city_not_confirmed
a108a394-1cb3-478b-a857-2d6770d853c4;Rodizio de caldo do carioca;Rodizio de caldo do carioca Renascer Rod. Br Duzentos e Trinta Cabedelo PB cardapio pedido delivery;;red;-34;pedizap.com.br;organic;Pedizap - Monte seu Cardápio e Receba os Pedidos via ...;https://pedizap.com.br;brand_not_confirmed|name_not_confirmed|city_not_confirmed
a108a394-1cb3-478b-a857-2d6770d853c4;Rodizio de caldo do carioca;Rodizio de caldo do carioca Renascer Rod. Br Duzentos e Trinta Cabedelo PB cardapio pedido delivery;;red;-44;instagram;organic;DELIVERY DE SOPA / CALDOS / REFEIÇÕES 🍽️ Conheça ...;https://instagram.com/reel/C_G41ucyuXc;instagram_reel_not_profile|brand_not_confirmed|instagram_profile_not_canonicalizable|city_not_confirmed
65ebdb63-241a-4831-8015-09a936d25b61;Obra Fest Verão;Obra Fest Verão Cabedelo Av. Oceano Atlântico - Intermares Cabedelo PB cardapio pedido delivery;yes;yellow;67;instagram;organic;Fest Verão Paraíba (@festverao_pb);https://instagram.com/festverao_pb;city_not_confirmed
65ebdb63-241a-4831-8015-09a936d25b61;Obra Fest Verão;Obra Fest Verão Cabedelo Av. Oceano Atlântico - Intermares Cabedelo PB cardapio pedido delivery;;yellow;46;serpapi.com;local;Arena Fest Verão Paraíba;https://serpapi.com/search.json?device=desktop&engine=google&gl=br&google_domain=google.com.br&hl=pt-br&ludocid=5339219500770250456&q=Obra+Fest+Ver%C3%A3o+Cabedelo+Av.+Oceano+Atl%C3%A2ntico+-+Intermares+Cabedelo+PB+cardapio+pedido+delivery;
65ebdb63-241a-4831-8015-09a936d25b61;Obra Fest Verão;Obra Fest Verão Cabedelo Av. Oceano Atlântico - Intermares Cabedelo PB cardapio pedido delivery;;yellow;46;serpapi.com;local;Obra Fest Verão;https://serpapi.com/search.json?device=desktop&engine=google&gl=br&google_domain=google.com.br&hl=pt-br&ludocid=15950821483124805054&q=Obra+Fest+Ver%C3%A3o+Cabedelo+Av.+Oceano+Atl%C3%A2ntico+-+Intermares+Cabedelo+PB+cardapio+pedido+delivery;
65ebdb63-241a-4831-8015-09a936d25b61;Obra Fest Verão;Obra Fest Verão Cabedelo Av. Oceano Atlântico - Intermares Cabedelo PB cardapio pedido delivery;;red;38;g1.globo.com;organic;"Programação do Fest Verão Paraíba 2026 é divulgada; confira";https://g1.globo.com/pb/paraiba/musica/noticia/2025/10/16/programacao-do-fest-verao-paraiba-2026-e-divulgada.ghtml;
65ebdb63-241a-4831-8015-09a936d25b61;Obra Fest Verão;Obra Fest Verão Cabedelo Av. Oceano Atlântico - Intermares Cabedelo PB cardapio pedido delivery;;red;32;jornaldaparaiba.com.br;organic;Fest Verão em Cabedelo;https://jornaldaparaiba.com.br/guia-qualaboa/agenda/fest-verao-em-cabedelo;
65ebdb63-241a-4831-8015-09a936d25b61;Obra Fest Verão;Obra Fest Verão Cabedelo Av. Oceano Atlântico - Intermares Cabedelo PB cardapio pedido delivery;;red;20;instagram;organic;Fest Verão Paraíba | O maior festival de verão do Brasil está ...;https://instagram.com/reel/DACL-IrRvOt;instagram_reel_not_profile|instagram_profile_not_canonicalizable
65ebdb63-241a-4831-8015-09a936d25b61;Obra Fest Verão;Obra Fest Verão Cabedelo Av. Oceano Atlântico - Intermares Cabedelo PB cardapio pedido delivery;;red;20;instagram;organic;Fest Verão Paraíba | ⏳ Faltam 30 dias. Trinta dias para viver o ...;https://instagram.com/reel/DR2wGKFEcU7;instagram_reel_not_profile|instagram_profile_not_canonicalizable
65ebdb63-241a-4831-8015-09a936d25b61;Obra Fest Verão;Obra Fest Verão Cabedelo Av. Oceano Atlântico - Intermares Cabedelo PB cardapio pedido delivery;;red;16;portalcorreio.com.br;organic;Fest Verão Paraíba celebra tradição com axé, forró e ...;https://portalcorreio.com.br/fest-verao-paraiba-celebra-tradicao-com-axe-forro-e-pagode-neste-sabado-17;city_not_confirmed
1d3e88fe-546d-4e89-a3e5-0ab54670cfea;Cafeteria Deus Seja Louvado;Cafeteria Deus Seja Louvado Cabedelo R. São José - Renascer (83) 98618-3414 Cabedelo PB cardapio pedido delivery;yes;yellow;68;menudino;organic;Delivery de Lanchonete em Cabedelo;https://menudino.com/delivery/cabedelo-pb/lanchonete;brand_not_confirmed|name_not_confirmed
1d3e88fe-546d-4e89-a3e5-0ab54670cfea;Cafeteria Deus Seja Louvado;Cafeteria Deus Seja Louvado Cabedelo R. São José - Renascer (83) 98618-3414 Cabedelo PB cardapio pedido delivery;;yellow;62;anota_ai;organic;Tc Restaurante e Petiscaria | Delivery em Cabedelo;https://pedido.anota.ai/loja/tc-petiscaria-e-lanches-1;brand_not_confirmed|name_not_confirmed
1d3e88fe-546d-4e89-a3e5-0ab54670cfea;Cafeteria Deus Seja Louvado;Cafeteria Deus Seja Louvado Cabedelo R. São José - Renascer (83) 98618-3414 Cabedelo PB cardapio pedido delivery;;red;-12;ze.delivery;organic;Delivery de em Cabedelo - PB;https://ze.delivery/em/cabedelo-pb;brand_not_confirmed|name_not_confirmed
1d3e88fe-546d-4e89-a3e5-0ab54670cfea;Cafeteria Deus Seja Louvado;Cafeteria Deus Seja Louvado Cabedelo R. São José - Renascer (83) 98618-3414 Cabedelo PB cardapio pedido delivery;;red;-12;food.valeup.com.br;organic;Delivery em Cabedelo, PB - Vale Up Food;https://food.valeup.com.br/lista/cabedelo-pb;brand_not_confirmed|name_not_confirmed
1d3e88fe-546d-4e89-a3e5-0ab54670cfea;Cafeteria Deus Seja Louvado;Cafeteria Deus Seja Louvado Cabedelo R. São José - Renascer (83) 98618-3414 Cabedelo PB cardapio pedido delivery;;red;-18;tripadvisor;organic;Restaurantes com serviço de entrega em Cabedelo;https://tripadvisor.com.br/Restaurants-g793398-zfp19-Cabedelo_State_of_Paraiba.html;brand_not_confirmed|name_not_confirmed
1d3e88fe-546d-4e89-a3e5-0ab54670cfea;Cafeteria Deus Seja Louvado;Cafeteria Deus Seja Louvado Cabedelo R. São José - Renascer (83) 98618-3414 Cabedelo PB cardapio pedido delivery;;red;-24;vendaagora.com;organic;RESTAURANTES;https://vendaagora.com/segmento/restaurantes/80;brand_not_confirmed|name_not_confirmed
1d3e88fe-546d-4e89-a3e5-0ab54670cfea;Cafeteria Deus Seja Louvado;Cafeteria Deus Seja Louvado Cabedelo R. São José - Renascer (83) 98618-3414 Cabedelo PB cardapio pedido delivery;;red;-34;rappi.com.br;organic;Trembom Marmitaria - Renascer Preço e Cardápio delivery;https://rappi.com.br/restaurantes/900125548-trembom-marmitaria;brand_not_confirmed|name_not_confirmed|city_not_confirmed
1d3e88fe-546d-4e89-a3e5-0ab54670cfea;Cafeteria Deus Seja Louvado;Cafeteria Deus Seja Louvado Cabedelo R. São José - Renascer (83) 98618-3414 Cabedelo PB cardapio pedido delivery;;red;-34;pedizap.com.br;organic;Pedizap - Monte seu Cardápio e Receba os Pedidos via ...;https://pedizap.com.br;brand_not_confirmed|name_not_confirmed|city_not_confirmed