restaurant_id;name;category;neighborhood;address;phone;normalized_phone;whatsapp_url;instagram;rating;reviews_count;menu_status;reason;suggested_message
a95db76d-30a1-4ccc-b3a4-6204cb9f08b3;CO.FFEE BISTRÔ E CAFETERIA;;Catolé;Av. Dr. Elpídio de Almeida;(83) 99186-1440;5583991861440;https://wa.me/5583991861440;;4.4;1131;unknown;no_instagram_with_google_phone;"Olá, tudo bem? Estou cadastrando restaurantes de Campina Grande no FilterFood e queria incluir o CO.FFEE BISTRÔ E CAFETERIA. Você poderia me enviar o cardápio atualizado por foto, PDF ou link? Se tiver opções/adicionais como sabores, bordas, molhos, acompanhamentos e combos, pode enviar também por favor?"
367f74f7-e38b-40e5-b00e-8d31131f1e06;Banana Beer;Bar·;Prata;R. Rodrigues Alves;(83) 3341-3029;558333413029;https://wa.me/558333413029;;4.3;718;unknown;no_instagram_with_google_phone;"Olá, tudo bem? Estou cadastrando restaurantes de Campina Grande no FilterFood e queria incluir o Banana Beer. Você poderia me enviar o cardápio atualizado por foto, PDF ou link? Se tiver opções/adicionais como sabores, bordas, molhos, acompanhamentos e combos, pode enviar também por favor?"
4bd8b7b6-3cb8-46da-947f-faa2c50b5455;Restaurante Outback Steakhouse;Restaurante·;Lj 1009 - 1 PISO - Catolé;Av. Pref. Severino Bezerra Cabral;(83) 3330-0670;558333300670;https://wa.me/558333300670;;4.9;703;unknown;no_instagram_with_google_phone;"Olá, tudo bem? Estou cadastrando restaurantes de Campina Grande no FilterFood e queria incluir o Restaurante Outback Steakhouse. Você poderia me enviar o cardápio atualizado por foto, PDF ou link? Se tiver opções/adicionais como sabores, bordas, molhos, acompanhamentos e combos, pode enviar também por favor?"
b5759814-ff91-4ca0-90b2-8621bb87654f;Restaurante Sabor Nordestino;Restaurante·;Campina Grande;R. das Juremas - Malvinas;(83) 99362-4228;5583993624228;https://wa.me/5583993624228;;4.4;652;unknown;no_instagram_with_google_phone;"Olá, tudo bem? Estou cadastrando restaurantes de Campina Grande no FilterFood e queria incluir o Restaurante Sabor Nordestino. Você poderia me enviar o cardápio atualizado por foto, PDF ou link? Se tiver opções/adicionais como sabores, bordas, molhos, acompanhamentos e combos, pode enviar também por favor?"
2d43a189-3bc1-4d5a-9a33-d36ca007d879;Fat Guys - Campina Grande;Hamburgueria·;Santo Antônio;R. Giló Guedes;(83) 3201-9897;558332019897;https://wa.me/558332019897;;4.9;625;unknown;no_instagram_with_google_phone;"Olá, tudo bem? Estou cadastrando restaurantes de Campina Grande no FilterFood e queria incluir o Fat Guys - Campina Grande. Você poderia me enviar o cardápio atualizado por foto, PDF ou link? Se tiver opções/adicionais como sabores, bordas, molhos, acompanhamentos e combos, pode enviar também por favor?"
3f4a285a-9363-4f3c-a6da-0ee547df7c85;BarRil;Bar·;Estacao Velha;Av. Jorn. Assis Chateaubriand;(83) 98860-7804;5583988607804;https://wa.me/5583988607804;;4.6;606;unknown;no_instagram_with_google_phone;"Olá, tudo bem? Estou cadastrando restaurantes de Campina Grande no FilterFood e queria incluir o BarRil. Você poderia me enviar o cardápio atualizado por foto, PDF ou link? Se tiver opções/adicionais como sabores, bordas, molhos, acompanhamentos e combos, pode enviar também por favor?"
07f489f0-88a8-4688-9c26-3acc55c63f74;China Recife Restaurante;Restaurante asiático·;Alto Branco;BR-104;(83) 99866-7910;5583998667910;https://wa.me/5583998667910;;4.4;508;unknown;no_instagram_with_google_phone;"Olá, tudo bem? Estou cadastrando restaurantes de Campina Grande no FilterFood e queria incluir o China Recife Restaurante. Você poderia me enviar o cardápio atualizado por foto, PDF ou link? Se tiver opções/adicionais como sabores, bordas, molhos, acompanhamentos e combos, pode enviar também por favor?"
95bcd6f4-f48a-45b8-8760-f7d3c6a13ba6;O Bodão Bar E Restaurante;Restaurante brasileiro·;Cruzeiro;Rua: Advogado - R. Otávio Amorim;(83) 98755-1802;5583987551802;https://wa.me/5583987551802;;4.3;507;unknown;no_instagram_with_google_phone;"Olá, tudo bem? Estou cadastrando restaurantes de Campina Grande no FilterFood e queria incluir o O Bodão Bar E Restaurante. Você poderia me enviar o cardápio atualizado por foto, PDF ou link? Se tiver opções/adicionais como sabores, bordas, molhos, acompanhamentos e combos, pode enviar também por favor?"
6dd9120c-1d37-4b63-82ed-e56a836f00f6;Campina SeaFood - A Casa do Caranguejo;Bar·;Cruzeiro;R. Francisco Ernesto do Rêgo;(83) 3065-2311;558330652311;https://wa.me/558330652311;;4.3;478;unknown;no_instagram_with_google_phone;"Olá, tudo bem? Estou cadastrando restaurantes de Campina Grande no FilterFood e queria incluir o Campina SeaFood - A Casa do Caranguejo. Você poderia me enviar o cardápio atualizado por foto, PDF ou link? Se tiver opções/adicionais como sabores, bordas, molhos, acompanhamentos e combos, pode enviar também por favor?"
5225c34d-7e74-497b-9812-eb8c40f0b7e8;Pizzaria e Esfiharia Paulistana (Delivery);Pizzaria;Malvinas;Em frente ao Colégio Walfredo Siqueira Luna - Av. Francisco Lopes de Almeida;(83) 98618-9876;5583986189876;https://wa.me/5583986189876;;4.7;460;unknown;no_instagram_with_google_phone;"Olá, tudo bem? Estou cadastrando restaurantes de Campina Grande no FilterFood e queria incluir o Pizzaria e Esfiharia Paulistana (Delivery). Você poderia me enviar o cardápio atualizado por foto, PDF ou link? Se tiver opções/adicionais como sabores, bordas, molhos, acompanhamentos e combos, pode enviar também por favor?"
f819055d-464a-4f54-a026-aaf72f9c1e94;SucAçaí;Lanchonete·;Catolé;R. Otacílio Nepomuceno;(83) 3099-3388;558330993388;https://wa.me/558330993388;;4.4;443;unknown;no_instagram_with_google_phone;"Olá, tudo bem? Estou cadastrando restaurantes de Campina Grande no FilterFood e queria incluir o SucAçaí. Você poderia me enviar o cardápio atualizado por foto, PDF ou link? Se tiver opções/adicionais como sabores, bordas, molhos, acompanhamentos e combos, pode enviar também por favor?"
86aff4f2-7747-4f42-b421-14db8ef1edf2;Varandas Grill;Restaurante·;Três Irmãs;BR-230;(83) 99152-7039;5583991527039;https://wa.me/5583991527039;;4.4;278;unknown;no_instagram_with_google_phone;"Olá, tudo bem? Estou cadastrando restaurantes de Campina Grande no FilterFood e queria incluir o Varandas Grill. Você poderia me enviar o cardápio atualizado por foto, PDF ou link? Se tiver opções/adicionais como sabores, bordas, molhos, acompanhamentos e combos, pode enviar também por favor?"
000eeebd-b8ed-4f5b-ae51-17ede5b930c3;O Skinão;Restaurante·;Centro;R. Quebra Quilos;(83) 3341-4504;558333414504;https://wa.me/558333414504;;4.1;270;unknown;no_instagram_with_google_phone;"Olá, tudo bem? Estou cadastrando restaurantes de Campina Grande no FilterFood e queria incluir o O Skinão. Você poderia me enviar o cardápio atualizado por foto, PDF ou link? Se tiver opções/adicionais como sabores, bordas, molhos, acompanhamentos e combos, pode enviar também por favor?"
aafcf36a-77d9-4513-90af-9dadb6ffab3a;A Casa do Pamonheiro;Lanchonete;Pres. Medici;R. Sen. João Cavalcante Arruda;(83) 98875-8520;5583988758520;https://wa.me/5583988758520;;4.4;246;unknown;no_instagram_with_google_phone;"Olá, tudo bem? Estou cadastrando restaurantes de Campina Grande no FilterFood e queria incluir o A Casa do Pamonheiro. Você poderia me enviar o cardápio atualizado por foto, PDF ou link? Se tiver opções/adicionais como sabores, bordas, molhos, acompanhamentos e combos, pode enviar também por favor?"
1dbabc55-2788-497c-a2d8-e9df1fd719c4;Comida Caseira;Restaurante;Centro;R. Pres. Epitácio Pessoa;(83) 99871-1512;5583998711512;https://wa.me/5583998711512;;4.4;245;unknown;no_instagram_with_google_phone;"Olá, tudo bem? Estou cadastrando restaurantes de Campina Grande no FilterFood e queria incluir o Comida Caseira. Você poderia me enviar o cardápio atualizado por foto, PDF ou link? Se tiver opções/adicionais como sabores, bordas, molhos, acompanhamentos e combos, pode enviar também por favor?"
df3504ac-000d-4907-a616-66c0cac09692;churrascaria milenio;Churrascaria·;PB;Av Dep Raimundo asfora;(83) 3335-5334;558333355334;https://wa.me/558333355334;;3.8;237;unknown;no_instagram_with_google_phone;"Olá, tudo bem? Estou cadastrando restaurantes de Campina Grande no FilterFood e queria incluir o churrascaria milenio. Você poderia me enviar o cardápio atualizado por foto, PDF ou link? Se tiver opções/adicionais como sabores, bordas, molhos, acompanhamentos e combos, pode enviar também por favor?"
19143652-e7ba-437e-8ded-1035b3a951b9;Pousada e Restaurante São Jorge;Incluído: estacionamento;Sandra Cavalcante;R. Profa. Eutécia Vital Ribeiro;(83) 3337-2092;558333372092;https://wa.me/558333372092;;3;181;unknown;no_instagram_with_google_phone;"Olá, tudo bem? Estou cadastrando restaurantes de Campina Grande no FilterFood e queria incluir o Pousada e Restaurante São Jorge. Você poderia me enviar o cardápio atualizado por foto, PDF ou link? Se tiver opções/adicionais como sabores, bordas, molhos, acompanhamentos e combos, pode enviar também por favor?"
15328e69-59a8-4b77-8c08-4d7f3b2de6ab;açaí;;Velame;R. João Fco. dos Santos;(83) 99140-5309;5583991405309;https://wa.me/5583991405309;;4.5;164;unknown;no_instagram_with_google_phone;"Olá, tudo bem? Estou cadastrando restaurantes de Campina Grande no FilterFood e queria incluir o açaí. Você poderia me enviar o cardápio atualizado por foto, PDF ou link? Se tiver opções/adicionais como sabores, bordas, molhos, acompanhamentos e combos, pode enviar também por favor?"
66efb477-eaa9-4e15-899a-fffcf4969a1f;Abrigo José Pinheiro;Lanchonete·;José Pinheiro;R. campos Sales;(83) 98801-3376;5583988013376;https://wa.me/5583988013376;;4.3;150;unknown;no_instagram_with_google_phone;"Olá, tudo bem? Estou cadastrando restaurantes de Campina Grande no FilterFood e queria incluir o Abrigo José Pinheiro. Você poderia me enviar o cardápio atualizado por foto, PDF ou link? Se tiver opções/adicionais como sabores, bordas, molhos, acompanhamentos e combos, pode enviar também por favor?"
0ffc8657-9483-45ed-8426-a500d889143c;York Pizzaria e Lanchonete;Restaurante;;R. Sen. João Cavalcante Arruda - Pres. Medici;(83) 2148-9808;558321489808;https://wa.me/558321489808;;4.5;149;unknown;no_instagram_with_google_phone;"Olá, tudo bem? Estou cadastrando restaurantes de Campina Grande no FilterFood e queria incluir o York Pizzaria e Lanchonete. Você poderia me enviar o cardápio atualizado por foto, PDF ou link? Se tiver opções/adicionais como sabores, bordas, molhos, acompanhamentos e combos, pode enviar também por favor?"
a9cdc172-9115-4482-a148-2ac39db5ec89;A Barraca;Restaurante;Tambor;Av. João Wallig;(83) 99364-2142;5583993642142;https://wa.me/5583993642142;;4.6;140;unknown;no_instagram_with_google_phone;"Olá, tudo bem? Estou cadastrando restaurantes de Campina Grande no FilterFood e queria incluir o A Barraca. Você poderia me enviar o cardápio atualizado por foto, PDF ou link? Se tiver opções/adicionais como sabores, bordas, molhos, acompanhamentos e combos, pode enviar também por favor?"
770a3171-3439-4104-ab8c-c16b7f7c1327;Pastel Vip;Pastelaria brasileira;Centro;R. Vig. Calixto - Catolé;(83) 98615-0828;5583986150828;https://wa.me/5583986150828;;5;123;unknown;no_instagram_with_google_phone;"Olá, tudo bem? Estou cadastrando restaurantes de Campina Grande no FilterFood e queria incluir o Pastel Vip. Você poderia me enviar o cardápio atualizado por foto, PDF ou link? Se tiver opções/adicionais como sabores, bordas, molhos, acompanhamentos e combos, pode enviar também por favor?"
8bf2d4d8-16aa-4bb7-88ad-de1ee7b43c18;RESTAURANTE DOM SABOR;Restaurante self-service·;Liberdade;R. Odon Bezerra;(83) 99679-6060;5583996796060;https://wa.me/5583996796060;;4.6;122;unknown;no_instagram_with_google_phone;"Olá, tudo bem? Estou cadastrando restaurantes de Campina Grande no FilterFood e queria incluir o RESTAURANTE DOM SABOR. Você poderia me enviar o cardápio atualizado por foto, PDF ou link? Se tiver opções/adicionais como sabores, bordas, molhos, acompanhamentos e combos, pode enviar também por favor?"
4ca1a875-ebea-48c6-9b1f-a73756671d21;Megabite - Hamburgueria & Açaíteria;Hamburgueria;Jardim Paulistano;R. Isaac Catão;(83) 98868-1132;5583988681132;https://wa.me/5583988681132;;4.3;109;unknown;no_instagram_with_google_phone;"Olá, tudo bem? Estou cadastrando restaurantes de Campina Grande no FilterFood e queria incluir o Megabite - Hamburgueria & Açaíteria. Você poderia me enviar o cardápio atualizado por foto, PDF ou link? Se tiver opções/adicionais como sabores, bordas, molhos, acompanhamentos e combos, pode enviar também por favor?"
f2c697a4-f18f-413f-95d1-546e11430fcf;Oto Sushi Bar;Restaurante japonês·;Liberdade;R. Odon Bezerra;(83) 99661-8340;5583996618340;https://wa.me/5583996618340;;4.3;107;unknown;no_instagram_with_google_phone;"Olá, tudo bem? Estou cadastrando restaurantes de Campina Grande no FilterFood e queria incluir o Oto Sushi Bar. Você poderia me enviar o cardápio atualizado por foto, PDF ou link? Se tiver opções/adicionais como sabores, bordas, molhos, acompanhamentos e combos, pode enviar também por favor?"
69adf67f-65fa-450a-8579-e1e4bda1c646;Chalé Do Galeto;Restaurante de frango·;Serrotão;R. das Juremas;(83) 98793-9054;5583987939054;https://wa.me/5583987939054;;4;100;unknown;no_instagram_with_google_phone;"Olá, tudo bem? Estou cadastrando restaurantes de Campina Grande no FilterFood e queria incluir o Chalé Do Galeto. Você poderia me enviar o cardápio atualizado por foto, PDF ou link? Se tiver opções/adicionais como sabores, bordas, molhos, acompanhamentos e combos, pode enviar também por favor?"
b723af38-eb6f-476f-9b68-e4510f5f3608;Restaurante Casa do Caminhoneiro;Restaurante·;R. Santa Terezinha;Rodovia BR-230 Km 146;(83) 98193-1806;5583981931806;https://wa.me/5583981931806;;4.6;100;unknown;no_instagram_with_google_phone;"Olá, tudo bem? Estou cadastrando restaurantes de Campina Grande no FilterFood e queria incluir o Restaurante Casa do Caminhoneiro. Você poderia me enviar o cardápio atualizado por foto, PDF ou link? Se tiver opções/adicionais como sabores, bordas, molhos, acompanhamentos e combos, pode enviar também por favor?"
964db246-6486-4df0-8211-b44b93e52428;Delícia Pizza Delivery;Pizzaria;Conceição;Tv. Francisco Afonso de Albuquerque;(83) 99942-8191;5583999428191;https://wa.me/5583999428191;;4.7;95;unknown;no_instagram_with_google_phone;"Olá, tudo bem? Estou cadastrando restaurantes de Campina Grande no FilterFood e queria incluir o Delícia Pizza Delivery. Você poderia me enviar o cardápio atualizado por foto, PDF ou link? Se tiver opções/adicionais como sabores, bordas, molhos, acompanhamentos e combos, pode enviar também por favor?"
c4e11fb5-9be9-41d3-99bf-ed464a3e6fd3;Bar Do Biriba;Bar;Liberdade;R. João Martins Guimarães;(83) 98852-3769;5583988523769;https://wa.me/5583988523769;;4.7;94;unknown;no_instagram_with_google_phone;"Olá, tudo bem? Estou cadastrando restaurantes de Campina Grande no FilterFood e queria incluir o Bar Do Biriba. Você poderia me enviar o cardápio atualizado por foto, PDF ou link? Se tiver opções/adicionais como sabores, bordas, molhos, acompanhamentos e combos, pode enviar também por favor?"
0a914486-12b1-45ad-92e8-21d95b425141;A Toca - Bar e Petiscaria;Bar e Grill;Centro;R. Raimundo Alves da Silva;(83) 99371-1625;5583993711625;https://wa.me/5583993711625;;4.7;91;unknown;no_instagram_with_google_phone;"Olá, tudo bem? Estou cadastrando restaurantes de Campina Grande no FilterFood e queria incluir o A Toca - Bar e Petiscaria. Você poderia me enviar o cardápio atualizado por foto, PDF ou link? Se tiver opções/adicionais como sabores, bordas, molhos, acompanhamentos e combos, pode enviar também por favor?"
fe28d8af-8dc2-4355-818c-d51322c0a3f2;Cafeteria Campina Grande – Tia Fatite Unidade Sta Clara;Cafeteria·;617;"Clínica Santa Clara, Térreo - R. Duque de Caxias";(83) 2148-4213;558321484213;https://wa.me/558321484213;;4.7;90;unknown;no_instagram_with_google_phone;"Olá, tudo bem? Estou cadastrando restaurantes de Campina Grande no FilterFood e queria incluir o Cafeteria Campina Grande – Tia Fatite Unidade Sta Clara. Você poderia me enviar o cardápio atualizado por foto, PDF ou link? Se tiver opções/adicionais como sabores, bordas, molhos, acompanhamentos e combos, pode enviar também por favor?"
ff4f481d-b331-46d1-b205-b50bd05196c5;Restaurante e Pizzaria Cumaru;Restaurante·;Malvinas;R. Lídia Batista Marquês;(83) 98887-6454;5583988876454;https://wa.me/5583988876454;;4.8;80;unknown;no_instagram_with_google_phone;"Olá, tudo bem? Estou cadastrando restaurantes de Campina Grande no FilterFood e queria incluir o Restaurante e Pizzaria Cumaru. Você poderia me enviar o cardápio atualizado por foto, PDF ou link? Se tiver opções/adicionais como sabores, bordas, molhos, acompanhamentos e combos, pode enviar também por favor?"
220327a2-606d-4ec0-9243-81768a2a9f88;Point do Espetinho;Churrascaria;São José;R. José do Patrocínio;(83) 99613-5443;5583996135443;https://wa.me/5583996135443;;4.6;77;unknown;no_instagram_with_google_phone;"Olá, tudo bem? Estou cadastrando restaurantes de Campina Grande no FilterFood e queria incluir o Point do Espetinho. Você poderia me enviar o cardápio atualizado por foto, PDF ou link? Se tiver opções/adicionais como sabores, bordas, molhos, acompanhamentos e combos, pode enviar também por favor?"
9d43dcd3-af09-427c-8331-7c03d92e4f4f;Toinho Bar;Bar;;R. João Clementino dos Santos - Malvinas;(83) 98665-5327;5583986655327;https://wa.me/5583986655327;;4.8;76;unknown;no_instagram_with_google_phone;"Olá, tudo bem? Estou cadastrando restaurantes de Campina Grande no FilterFood e queria incluir o Toinho Bar. Você poderia me enviar o cardápio atualizado por foto, PDF ou link? Se tiver opções/adicionais como sabores, bordas, molhos, acompanhamentos e combos, pode enviar também por favor?"
7e5bf60d-9d2a-4055-a02a-da0ecad2f7b3;Bar da Moela;Bares;José Pinheiro;R. Fernandes Viêira;(83) 3099-1482;558330991482;https://wa.me/558330991482;;4.4;76;unknown;no_instagram_with_google_phone;"Olá, tudo bem? Estou cadastrando restaurantes de Campina Grande no FilterFood e queria incluir o Bar da Moela. Você poderia me enviar o cardápio atualizado por foto, PDF ou link? Se tiver opções/adicionais como sabores, bordas, molhos, acompanhamentos e combos, pode enviar também por favor?"
8ca6e099-ab40-4ee7-ac03-463abbf3fbd6;Salgados da Luana;Lanchonete;Nova Brasília;R. Chile;(83) 98768-4906;5583987684906;https://wa.me/5583987684906;;5;74;unknown;no_instagram_with_google_phone;"Olá, tudo bem? Estou cadastrando restaurantes de Campina Grande no FilterFood e queria incluir o Salgados da Luana. Você poderia me enviar o cardápio atualizado por foto, PDF ou link? Se tiver opções/adicionais como sabores, bordas, molhos, acompanhamentos e combos, pode enviar também por favor?"
467e1477-998a-43e8-bb3e-7d90c009db47;Pedo da Carne de Sol;Restaurante;;R. dos Xique-Xique - Malvinas;(83) 99994-4619;5583999944619;https://wa.me/5583999944619;;4.5;70;unknown;no_instagram_with_google_phone;"Olá, tudo bem? Estou cadastrando restaurantes de Campina Grande no FilterFood e queria incluir o Pedo da Carne de Sol. Você poderia me enviar o cardápio atualizado por foto, PDF ou link? Se tiver opções/adicionais como sabores, bordas, molhos, acompanhamentos e combos, pode enviar também por favor?"
847f1d23-d67f-4b0f-8bea-9435df4538df;Bonnamassa Pizzaria;Pizzaria;Liberdade;R. Rio Grande do Sul;(81) 2148-9843;558121489843;https://wa.me/558121489843;;3.8;69;unknown;no_instagram_with_google_phone;"Olá, tudo bem? Estou cadastrando restaurantes de Campina Grande no FilterFood e queria incluir o Bonnamassa Pizzaria. Você poderia me enviar o cardápio atualizado por foto, PDF ou link? Se tiver opções/adicionais como sabores, bordas, molhos, acompanhamentos e combos, pode enviar também por favor?"
e1a77a80-b1d5-490b-846f-2cf5597ffd7e;Nossa Sopa;Restaurante;;BR-104 - Ligeiro;(83) 98845-0079;5583988450079;https://wa.me/5583988450079;;4.6;69;unknown;no_instagram_with_google_phone;"Olá, tudo bem? Estou cadastrando restaurantes de Campina Grande no FilterFood e queria incluir o Nossa Sopa. Você poderia me enviar o cardápio atualizado por foto, PDF ou link? Se tiver opções/adicionais como sabores, bordas, molhos, acompanhamentos e combos, pode enviar também por favor?"
c03b6d8d-515b-4c73-ae60-430aa1e04170;Baiba Petiscaria;Bar;Catolé;R. José Montano Leite;(83) 98610-4000;5583986104000;https://wa.me/5583986104000;;4.4;68;unknown;no_instagram_with_google_phone;"Olá, tudo bem? Estou cadastrando restaurantes de Campina Grande no FilterFood e queria incluir o Baiba Petiscaria. Você poderia me enviar o cardápio atualizado por foto, PDF ou link? Se tiver opções/adicionais como sabores, bordas, molhos, acompanhamentos e combos, pode enviar também por favor?"
ca248c31-8248-424c-b7d1-a97c5158a785;Quiosque Old Lake;Bar·;José Pinheiro;R. João Florentino de Carvalho;(83) 98704-9258;5583987049258;https://wa.me/5583987049258;;4.3;66;unknown;no_instagram_with_google_phone;"Olá, tudo bem? Estou cadastrando restaurantes de Campina Grande no FilterFood e queria incluir o Quiosque Old Lake. Você poderia me enviar o cardápio atualizado por foto, PDF ou link? Se tiver opções/adicionais como sabores, bordas, molhos, acompanhamentos e combos, pode enviar também por favor?"
ea3ba41f-9884-435b-babb-ef8e6b61822c;Pastelaria Sulavit;Pastelaria brasileira;Centro;R. Cardoso Viêira;(83) 3321-6391;558333216391;https://wa.me/558333216391;;4.3;65;unknown;no_instagram_with_google_phone;"Olá, tudo bem? Estou cadastrando restaurantes de Campina Grande no FilterFood e queria incluir o Pastelaria Sulavit. Você poderia me enviar o cardápio atualizado por foto, PDF ou link? Se tiver opções/adicionais como sabores, bordas, molhos, acompanhamentos e combos, pode enviar também por favor?"
b1477bd0-d430-45c9-8cbb-cefda52a3dd6;URQUINHA BAR E RESTAURANTE;Restaurante·;Alto Branco;Av. Manoel Tavares;(83) 3201-7705;558332017705;https://wa.me/558332017705;;4.3;65;unknown;no_instagram_with_google_phone;"Olá, tudo bem? Estou cadastrando restaurantes de Campina Grande no FilterFood e queria incluir o URQUINHA BAR E RESTAURANTE. Você poderia me enviar o cardápio atualizado por foto, PDF ou link? Se tiver opções/adicionais como sabores, bordas, molhos, acompanhamentos e combos, pode enviar também por favor?"
135b2078-ec38-4c29-8aa6-a5886bee229d;Banfu;Restaurante;Centro;R. Pres. Epitácio Pessoa;(83) 3077-5543;558330775543;https://wa.me/558330775543;;4.1;63;unknown;no_instagram_with_google_phone;"Olá, tudo bem? Estou cadastrando restaurantes de Campina Grande no FilterFood e queria incluir o Banfu. Você poderia me enviar o cardápio atualizado por foto, PDF ou link? Se tiver opções/adicionais como sabores, bordas, molhos, acompanhamentos e combos, pode enviar também por favor?"
5f549870-fd57-4b69-8377-f79672502325;Sônia Marmitaria;Restaurante self-service·;Malvinas;R. Maria da Guia Muniz Albuquerque;(83) 99652-4596;5583996524596;https://wa.me/5583996524596;;4.6;62;unknown;no_instagram_with_google_phone;"Olá, tudo bem? Estou cadastrando restaurantes de Campina Grande no FilterFood e queria incluir o Sônia Marmitaria. Você poderia me enviar o cardápio atualizado por foto, PDF ou link? Se tiver opções/adicionais como sabores, bordas, molhos, acompanhamentos e combos, pode enviar também por favor?"
3000da6f-8241-4820-af5e-865a9c575920;Mr'selaht Açaíteria;Loja de açaí;Liberdade;R. Riachuelo;(83) 99394-3375;5583993943375;https://wa.me/5583993943375;;4.9;61;unknown;no_instagram_with_google_phone;"Olá, tudo bem? Estou cadastrando restaurantes de Campina Grande no FilterFood e queria incluir o Mr'selaht Açaíteria. Você poderia me enviar o cardápio atualizado por foto, PDF ou link? Se tiver opções/adicionais como sabores, bordas, molhos, acompanhamentos e combos, pode enviar também por favor?"
540052d9-0e02-40c1-9641-41f067e2c37b;Galego do Coco;Lanchonete;Catolé;R. Vig. Calixto;(83) 98776-2824;5583987762824;https://wa.me/5583987762824;;4.7;59;unknown;no_instagram_with_google_phone;"Olá, tudo bem? Estou cadastrando restaurantes de Campina Grande no FilterFood e queria incluir o Galego do Coco. Você poderia me enviar o cardápio atualizado por foto, PDF ou link? Se tiver opções/adicionais como sabores, bordas, molhos, acompanhamentos e combos, pode enviar também por favor?"
b05ac627-f9bd-433a-ba57-c6cf180b1b1c;Casa de Salgados;Lanchonete;Catolé;R. Vig. Calixto;(83) 98642-1561;5583986421561;https://wa.me/5583986421561;;4.4;59;unknown;no_instagram_with_google_phone;"Olá, tudo bem? Estou cadastrando restaurantes de Campina Grande no FilterFood e queria incluir o Casa de Salgados. Você poderia me enviar o cardápio atualizado por foto, PDF ou link? Se tiver opções/adicionais como sabores, bordas, molhos, acompanhamentos e combos, pode enviar também por favor?"
0286b754-94f8-4209-9352-34ce094dabc7;Eslladoce;Confeitaria;Santa Rosa;R. Equador;(83) 99813-7806;5583998137806;https://wa.me/5583998137806;;4.9;57;unknown;no_instagram_with_google_phone;"Olá, tudo bem? Estou cadastrando restaurantes de Campina Grande no FilterFood e queria incluir o Eslladoce. Você poderia me enviar o cardápio atualizado por foto, PDF ou link? Se tiver opções/adicionais como sabores, bordas, molhos, acompanhamentos e combos, pode enviar também por favor?"
422e8d2d-34cb-4f89-bb0c-463311240abb;X - Refeições Restaurante;Restaurante·;Centro;Av. Jorn. Assis Chateaubriand;(83) 98871-3740;5583988713740;https://wa.me/5583988713740;;4.1;57;unknown;no_instagram_with_google_phone;"Olá, tudo bem? Estou cadastrando restaurantes de Campina Grande no FilterFood e queria incluir o X - Refeições Restaurante. Você poderia me enviar o cardápio atualizado por foto, PDF ou link? Se tiver opções/adicionais como sabores, bordas, molhos, acompanhamentos e combos, pode enviar também por favor?"
6d4bffbc-f096-45c0-bb8e-9af080b0d675;Bebidas&cia;Restaurante;Serrotão;R. Maria da Guia Muniz Albuquerque;(83) 99328-2542;5583993282542;https://wa.me/5583993282542;;4.8;54;unknown;no_instagram_with_google_phone;"Olá, tudo bem? Estou cadastrando restaurantes de Campina Grande no FilterFood e queria incluir o Bebidas&cia. Você poderia me enviar o cardápio atualizado por foto, PDF ou link? Se tiver opções/adicionais como sabores, bordas, molhos, acompanhamentos e combos, pode enviar também por favor?"
498ccca0-b143-41de-aa82-85a18b03f07f;Bar do Netinho;Bar;Cruzeiro;Av. Pres. Juscelino Kubitschek;(83) 3335-1369;558333351369;https://wa.me/558333351369;;4.4;53;unknown;no_instagram_with_google_phone;"Olá, tudo bem? Estou cadastrando restaurantes de Campina Grande no FilterFood e queria incluir o Bar do Netinho. Você poderia me enviar o cardápio atualizado por foto, PDF ou link? Se tiver opções/adicionais como sabores, bordas, molhos, acompanhamentos e combos, pode enviar também por favor?"
0938daa5-f356-4eae-b871-87f4cd1ea1ce;Sabores do Jardim;Restaurante;Malvinas;R. Jabuticabeiras;(83) 98740-4677;5583987404677;https://wa.me/5583987404677;;4.7;52;unknown;no_instagram_with_google_phone;"Olá, tudo bem? Estou cadastrando restaurantes de Campina Grande no FilterFood e queria incluir o Sabores do Jardim. Você poderia me enviar o cardápio atualizado por foto, PDF ou link? Se tiver opções/adicionais como sabores, bordas, molhos, acompanhamentos e combos, pode enviar também por favor?"
dbf8ec6c-7977-4f01-b342-9a746d29a5ee;Cida Pastelaria;Pastelaria brasileira;Centro;R. São Malaquias - Serrotão;(83) 98624-1586;5583986241586;https://wa.me/5583986241586;;4.6;50;unknown;no_instagram_with_google_phone;"Olá, tudo bem? Estou cadastrando restaurantes de Campina Grande no FilterFood e queria incluir o Cida Pastelaria. Você poderia me enviar o cardápio atualizado por foto, PDF ou link? Se tiver opções/adicionais como sabores, bordas, molhos, acompanhamentos e combos, pode enviar também por favor?"
7c12806d-8068-4da8-b772-926dd4dad4a3;Pastel Gourmet;Pastelaria brasileira·;Cruzeiro;R. Manoel Adolfo da Costa;(83) 98745-6589;5583987456589;https://wa.me/5583987456589;;3.3;50;unknown;no_instagram_with_google_phone;"Olá, tudo bem? Estou cadastrando restaurantes de Campina Grande no FilterFood e queria incluir o Pastel Gourmet. Você poderia me enviar o cardápio atualizado por foto, PDF ou link? Se tiver opções/adicionais como sabores, bordas, molhos, acompanhamentos e combos, pode enviar também por favor?"
b4d9fc8d-c0e6-4d2d-a17a-d1004b9e18bc;Candy Brownie;Doceria;Loja 01 - Estacao Velha;Centro Jurídico Ronaldo Cunha Lima - R. Vice-Prefeito Antonio de C. Souza;(83) 99985-5177;5583999855177;https://wa.me/5583999855177;;4.5;50;unknown;no_instagram_with_google_phone;"Olá, tudo bem? Estou cadastrando restaurantes de Campina Grande no FilterFood e queria incluir o Candy Brownie. Você poderia me enviar o cardápio atualizado por foto, PDF ou link? Se tiver opções/adicionais como sabores, bordas, molhos, acompanhamentos e combos, pode enviar também por favor?"
4dd8032b-b353-4c07-995e-71a19c887531;Salgados campina grande;"Dk salgados5,0(3)Lanchonete";Centro;R. Damasco - Santa Rosa;(83) 98899-4426;5583988994426;https://wa.me/5583988994426;;5;50;unknown;no_instagram_with_google_phone;"Olá, tudo bem? Estou cadastrando restaurantes de Campina Grande no FilterFood e queria incluir o Salgados campina grande. Você poderia me enviar o cardápio atualizado por foto, PDF ou link? Se tiver opções/adicionais como sabores, bordas, molhos, acompanhamentos e combos, pode enviar também por favor?"
26e7dde6-2a3b-4b5c-b93a-0be1b9fc6e2d;Rei dos Salagdos loja 3;Pendente validação;Centro;Praça da Bandeira;(83) 99699-4327;5583996994327;https://wa.me/5583996994327;;5;50;unknown;no_instagram_with_google_phone;"Olá, tudo bem? Estou cadastrando restaurantes de Campina Grande no FilterFood e queria incluir o Rei dos Salagdos loja 3. Você poderia me enviar o cardápio atualizado por foto, PDF ou link? Se tiver opções/adicionais como sabores, bordas, molhos, acompanhamentos e combos, pode enviar também por favor?"
4089cf8d-fc53-4267-a9b6-0602a39255d5;Salgados Maranata;Pendente validação;Castelo Branco;Av. Mal. Floriano Peixoto;(83) 98698-0250;5583986980250;https://wa.me/5583986980250;;5;50;unknown;no_instagram_with_google_phone;"Olá, tudo bem? Estou cadastrando restaurantes de Campina Grande no FilterFood e queria incluir o Salgados Maranata. Você poderia me enviar o cardápio atualizado por foto, PDF ou link? Se tiver opções/adicionais como sabores, bordas, molhos, acompanhamentos e combos, pode enviar também por favor?"
9ed40d62-55f8-4c92-889c-1b75fdea5dc6;Bar e restaurante do José;Restaurante;;Unnamed Road;(83) 98760-5498;5583987605498;https://wa.me/5583987605498;;4.9;49;unknown;no_instagram_with_google_phone;"Olá, tudo bem? Estou cadastrando restaurantes de Campina Grande no FilterFood e queria incluir o Bar e restaurante do José. Você poderia me enviar o cardápio atualizado por foto, PDF ou link? Se tiver opções/adicionais como sabores, bordas, molhos, acompanhamentos e combos, pode enviar também por favor?"
9950db9c-a020-47b8-8287-b989015a1e45;Bar do Manel;Bar;Centenário;Av. Prof. Almeida Barreto;(83) 99908-1189;5583999081189;https://wa.me/5583999081189;;4.5;48;unknown;no_instagram_with_google_phone;"Olá, tudo bem? Estou cadastrando restaurantes de Campina Grande no FilterFood e queria incluir o Bar do Manel. Você poderia me enviar o cardápio atualizado por foto, PDF ou link? Se tiver opções/adicionais como sabores, bordas, molhos, acompanhamentos e combos, pode enviar também por favor?"
05435ff1-31b5-435c-8150-a454e5720f97;Lanchonete Central;Lanchonete;Centro;R. Índios Cariris;(83) 98610-5602;5583986105602;https://wa.me/5583986105602;;4.6;48;unknown;no_instagram_with_google_phone;"Olá, tudo bem? Estou cadastrando restaurantes de Campina Grande no FilterFood e queria incluir o Lanchonete Central. Você poderia me enviar o cardápio atualizado por foto, PDF ou link? Se tiver opções/adicionais como sabores, bordas, molhos, acompanhamentos e combos, pode enviar também por favor?"
04c6ee81-804f-4709-bdb8-9ad3e1dcd94b;Lanchonete do Gordinho;Lanchonete;Bela Vista;R. Cel. José Vicente;(83) 3201-2278;558332012278;https://wa.me/558332012278;;4.5;48;unknown;no_instagram_with_google_phone;"Olá, tudo bem? Estou cadastrando restaurantes de Campina Grande no FilterFood e queria incluir o Lanchonete do Gordinho. Você poderia me enviar o cardápio atualizado por foto, PDF ou link? Se tiver opções/adicionais como sabores, bordas, molhos, acompanhamentos e combos, pode enviar também por favor?"
a3507495-5e41-4ff3-9698-e3d1dd2f6767;Portal Do Açaí;Lanchonete·;;R. Sebastião Marques - Três Irmãs;(83) 98882-9347;5583988829347;https://wa.me/5583988829347;;4.5;47;unknown;no_instagram_with_google_phone;"Olá, tudo bem? Estou cadastrando restaurantes de Campina Grande no FilterFood e queria incluir o Portal Do Açaí. Você poderia me enviar o cardápio atualizado por foto, PDF ou link? Se tiver opções/adicionais como sabores, bordas, molhos, acompanhamentos e combos, pode enviar também por favor?"
8ab63f56-89e3-4fae-9f5b-b07bd4526ff0;Dicasa cozinha regional.;Restaurante·;Centro;R. Vigolvino Vanderlei;(83) 3321-8913;558333218913;https://wa.me/558333218913;;4.8;47;unknown;no_instagram_with_google_phone;"Olá, tudo bem? Estou cadastrando restaurantes de Campina Grande no FilterFood e queria incluir o Dicasa cozinha regional.. Você poderia me enviar o cardápio atualizado por foto, PDF ou link? Se tiver opções/adicionais como sabores, bordas, molhos, acompanhamentos e combos, pode enviar também por favor?"
7d7d5660-b577-46f4-a4bb-35801689cd8b;Jaminho Spetos;Bar;Jardim Quarenta;Av. José Martins de Andrade;(83) 98868-8705;5583988688705;https://wa.me/5583988688705;;4.7;46;unknown;no_instagram_with_google_phone;"Olá, tudo bem? Estou cadastrando restaurantes de Campina Grande no FilterFood e queria incluir o Jaminho Spetos. Você poderia me enviar o cardápio atualizado por foto, PDF ou link? Se tiver opções/adicionais como sabores, bordas, molhos, acompanhamentos e combos, pode enviar também por favor?"
6f1ba54d-fdc2-4049-a390-d0109c1f715e;LANCHONETE RP LANCHES;Lanchonete;;Av. Jose Hamilton Alves - Distrito Industrial;(83) 98880-9768;5583988809768;https://wa.me/5583988809768;;5;46;unknown;no_instagram_with_google_phone;"Olá, tudo bem? Estou cadastrando restaurantes de Campina Grande no FilterFood e queria incluir o LANCHONETE RP LANCHES. Você poderia me enviar o cardápio atualizado por foto, PDF ou link? Se tiver opções/adicionais como sabores, bordas, molhos, acompanhamentos e combos, pode enviar também por favor?"
f30402bb-f31a-4cef-8d9f-b615e79a289c;Sam'burguer hamburgueria e Steak House;Hamburgueria·;Itararé;R. Severino Fernandes de Oliveira;(83) 99943-2727;5583999432727;https://wa.me/5583999432727;;4.3;44;unknown;no_instagram_with_google_phone;"Olá, tudo bem? Estou cadastrando restaurantes de Campina Grande no FilterFood e queria incluir o Sam'burguer hamburgueria e Steak House. Você poderia me enviar o cardápio atualizado por foto, PDF ou link? Se tiver opções/adicionais como sabores, bordas, molhos, acompanhamentos e combos, pode enviar também por favor?"
c8ee54c2-6410-4793-ae5c-cde0e75d3a85;Recanto do Prato;Restaurante·;Alto Branco;R. Apolônio Amorim;(83) 98798-0047;5583987980047;https://wa.me/5583987980047;;4.7;42;unknown;no_instagram_with_google_phone;"Olá, tudo bem? Estou cadastrando restaurantes de Campina Grande no FilterFood e queria incluir o Recanto do Prato. Você poderia me enviar o cardápio atualizado por foto, PDF ou link? Se tiver opções/adicionais como sabores, bordas, molhos, acompanhamentos e combos, pode enviar também por favor?"
3d6cea62-53ce-4d22-8c89-4c9b84c21d4c;FaBrigadeiro - Doces em Campina Grande;Doceria;José Pinheiro;R. Dep. Ascendino Moura;(83) 98660-9617;5583986609617;https://wa.me/5583986609617;;5;41;unknown;no_instagram_with_google_phone;"Olá, tudo bem? Estou cadastrando restaurantes de Campina Grande no FilterFood e queria incluir o FaBrigadeiro - Doces em Campina Grande. Você poderia me enviar o cardápio atualizado por foto, PDF ou link? Se tiver opções/adicionais como sabores, bordas, molhos, acompanhamentos e combos, pode enviar também por favor?"
1ef3206f-9365-45dd-874a-8ef05cc07e3a;Fatimas Bar;Bar;Centro;R. Vila Nova da Rainha;(83) 3322-3303;558333223303;https://wa.me/558333223303;;4.6;41;unknown;no_instagram_with_google_phone;"Olá, tudo bem? Estou cadastrando restaurantes de Campina Grande no FilterFood e queria incluir o Fatimas Bar. Você poderia me enviar o cardápio atualizado por foto, PDF ou link? Se tiver opções/adicionais como sabores, bordas, molhos, acompanhamentos e combos, pode enviar também por favor?"
66490898-0270-4ba0-a902-bfc443f4771b;Cacau Show -Chocolates;Loja de chocolates;Liberdade;Av. Jorn. Assis Chateaubriand;(83) 99671-4102;5583996714102;https://wa.me/5583996714102;;5;41;unknown;no_instagram_with_google_phone;"Olá, tudo bem? Estou cadastrando restaurantes de Campina Grande no FilterFood e queria incluir o Cacau Show -Chocolates. Você poderia me enviar o cardápio atualizado por foto, PDF ou link? Se tiver opções/adicionais como sabores, bordas, molhos, acompanhamentos e combos, pode enviar também por favor?"
51361b67-ec59-4154-a11d-a9abd91b42d1;Açaí Gold PB;Lanchonete·;Catolé de Zé Ferreira;R. Cantor Evaldo Braga;(83) 98615-3308;5583986153308;https://wa.me/5583986153308;;4.5;40;unknown;no_instagram_with_google_phone;"Olá, tudo bem? Estou cadastrando restaurantes de Campina Grande no FilterFood e queria incluir o Açaí Gold PB. Você poderia me enviar o cardápio atualizado por foto, PDF ou link? Se tiver opções/adicionais como sabores, bordas, molhos, acompanhamentos e combos, pode enviar também por favor?"
b0ab6a99-5838-442b-912c-518968271189;Mr. Coffee - Cafeteria;Cafeteria·;Lj 36/01A - Centro;Shopping Cirne Center - R. Afonso Campos;(83) 3322-7776;558333227776;https://wa.me/558333227776;;4.8;39;unknown;no_instagram_with_google_phone;"Olá, tudo bem? Estou cadastrando restaurantes de Campina Grande no FilterFood e queria incluir o Mr. Coffee - Cafeteria. Você poderia me enviar o cardápio atualizado por foto, PDF ou link? Se tiver opções/adicionais como sabores, bordas, molhos, acompanhamentos e combos, pode enviar também por favor?"
b85bb82c-8747-42d4-bbb7-b4f42017bc46;Delivery Lanchess;Lanchonete;Santa Rosa;R. da Fé;(83) 98647-4282;5583986474282;https://wa.me/5583986474282;;4.7;38;unknown;no_instagram_with_google_phone;"Olá, tudo bem? Estou cadastrando restaurantes de Campina Grande no FilterFood e queria incluir o Delivery Lanchess. Você poderia me enviar o cardápio atualizado por foto, PDF ou link? Se tiver opções/adicionais como sabores, bordas, molhos, acompanhamentos e combos, pode enviar também por favor?"
343ddba4-37f0-4866-81e5-0a1b09b19b27;Clube da bolsa;Bar de blues;R. Paulino Raposo;350;(83) 98631-0019;5583986310019;https://wa.me/5583986310019;;4.3;37;unknown;no_instagram_with_google_phone;"Olá, tudo bem? Estou cadastrando restaurantes de Campina Grande no FilterFood e queria incluir o Clube da bolsa. Você poderia me enviar o cardápio atualizado por foto, PDF ou link? Se tiver opções/adicionais como sabores, bordas, molhos, acompanhamentos e combos, pode enviar também por favor?"
41fef324-a9ef-4739-9b60-dd45050fbb3b;Marcelo da Picanha Refeições;Restaurante self-service;Centro;R. Cavalcante Belo;(83) 3088-4861;558330884861;https://wa.me/558330884861;;4.4;36;unknown;no_instagram_with_google_phone;"Olá, tudo bem? Estou cadastrando restaurantes de Campina Grande no FilterFood e queria incluir o Marcelo da Picanha Refeições. Você poderia me enviar o cardápio atualizado por foto, PDF ou link? Se tiver opções/adicionais como sabores, bordas, molhos, acompanhamentos e combos, pode enviar também por favor?"
b9110046-47f3-494c-9e89-515a2fc8ce1c;Bar Encontro Dos Amigos do Sousa;Bar;Três Irmãs;R. Maceió;(83) 98600-0887;5583986000887;https://wa.me/5583986000887;;4.5;33;unknown;no_instagram_with_google_phone;"Olá, tudo bem? Estou cadastrando restaurantes de Campina Grande no FilterFood e queria incluir o Bar Encontro Dos Amigos do Sousa. Você poderia me enviar o cardápio atualizado por foto, PDF ou link? Se tiver opções/adicionais como sabores, bordas, molhos, acompanhamentos e combos, pode enviar também por favor?"
632de4e2-1bbf-4322-8093-2ce7d265fade;Picapau Chopbar;Bar;Malvinas;R. Jamila Abraão Jorge;(83) 98668-7087;5583986687087;https://wa.me/5583986687087;;4.4;32;unknown;no_instagram_with_google_phone;"Olá, tudo bem? Estou cadastrando restaurantes de Campina Grande no FilterFood e queria incluir o Picapau Chopbar. Você poderia me enviar o cardápio atualizado por foto, PDF ou link? Se tiver opções/adicionais como sabores, bordas, molhos, acompanhamentos e combos, pode enviar também por favor?"
d5a55ebc-764a-4ce0-b34e-a9f1b840e103;Restaurante Cantinho D'Casa;Restaurante;;Av. Mal. Floriano Peixoto - Malvinas;(83) 2148-5834;558321485834;https://wa.me/558321485834;;4.7;32;unknown;no_instagram_with_google_phone;"Olá, tudo bem? Estou cadastrando restaurantes de Campina Grande no FilterFood e queria incluir o Restaurante Cantinho D'Casa. Você poderia me enviar o cardápio atualizado por foto, PDF ou link? Se tiver opções/adicionais como sabores, bordas, molhos, acompanhamentos e combos, pode enviar também por favor?"
87133077-674a-4767-b678-da7135bb8a70;Bom salgados;Diner;Santa Rosa;R. do Sol;(83) 98708-7744;5583987087744;https://wa.me/5583987087744;;4.8;32;unknown;no_instagram_with_google_phone;"Olá, tudo bem? Estou cadastrando restaurantes de Campina Grande no FilterFood e queria incluir o Bom salgados. Você poderia me enviar o cardápio atualizado por foto, PDF ou link? Se tiver opções/adicionais como sabores, bordas, molhos, acompanhamentos e combos, pode enviar também por favor?"
d9ca4147-700f-4bd8-a6ee-e2d5bcb0f3ac;Restaurante Avenida;Restaurante;Centro;Av. Pres. Getúlio Vargas;(83) 99864-3319;5583998643319;https://wa.me/5583998643319;;4.2;30;unknown;no_instagram_with_google_phone;"Olá, tudo bem? Estou cadastrando restaurantes de Campina Grande no FilterFood e queria incluir o Restaurante Avenida. Você poderia me enviar o cardápio atualizado por foto, PDF ou link? Se tiver opções/adicionais como sabores, bordas, molhos, acompanhamentos e combos, pode enviar também por favor?"
3581d07b-4a50-4a24-951e-90a4d9443f6b;Bar do Régis;Bar;Pres. Medici;R. Monsenhor José Coutinho;(83) 98838-1501;5583988381501;https://wa.me/5583988381501;;4.5;29;unknown;no_instagram_with_google_phone;"Olá, tudo bem? Estou cadastrando restaurantes de Campina Grande no FilterFood e queria incluir o Bar do Régis. Você poderia me enviar o cardápio atualizado por foto, PDF ou link? Se tiver opções/adicionais como sabores, bordas, molhos, acompanhamentos e combos, pode enviar também por favor?"
50b7e0dc-2ed1-4ea3-b1aa-9d279697f6af;Ramalho Lanches;Lanchonete;Estacao Velha;Av. Jorn. Assis Chateaubriand;(83) 99125-4219;5583991254219;https://wa.me/5583991254219;;4.3;29;unknown;no_instagram_with_google_phone;"Olá, tudo bem? Estou cadastrando restaurantes de Campina Grande no FilterFood e queria incluir o Ramalho Lanches. Você poderia me enviar o cardápio atualizado por foto, PDF ou link? Se tiver opções/adicionais como sabores, bordas, molhos, acompanhamentos e combos, pode enviar também por favor?"
42ed7307-eba7-4e1e-a963-7d2544dc5fe3;Recanto Espeto Bar;Bar·;Vila Cabral;R. José Henrique de Melo;(83) 99142-9755;5583991429755;https://wa.me/5583991429755;;4.8;29;unknown;no_instagram_with_google_phone;"Olá, tudo bem? Estou cadastrando restaurantes de Campina Grande no FilterFood e queria incluir o Recanto Espeto Bar. Você poderia me enviar o cardápio atualizado por foto, PDF ou link? Se tiver opções/adicionais como sabores, bordas, molhos, acompanhamentos e combos, pode enviar também por favor?"
6201e8e4-acfa-4cf3-9a8a-0008fde9c7ae;Splash Burger Hamburgueria e Snack Bar;Hamburgueria;Velame;R. Juary Costa Júnior;(83) 98602-3435;5583986023435;https://wa.me/5583986023435;;4.2;29;unknown;no_instagram_with_google_phone;"Olá, tudo bem? Estou cadastrando restaurantes de Campina Grande no FilterFood e queria incluir o Splash Burger Hamburgueria e Snack Bar. Você poderia me enviar o cardápio atualizado por foto, PDF ou link? Se tiver opções/adicionais como sabores, bordas, molhos, acompanhamentos e combos, pode enviar também por favor?"
56f74bfb-b0fe-4cd3-8e2c-37b42e996fff;Garapa Coquetelaria;Serviço de bar;Jardim Quarenta;Av. Pres. Juscelino Kubitschek;(83) 98618-1352;5583986181352;https://wa.me/5583986181352;;5;27;unknown;no_instagram_with_google_phone;"Olá, tudo bem? Estou cadastrando restaurantes de Campina Grande no FilterFood e queria incluir o Garapa Coquetelaria. Você poderia me enviar o cardápio atualizado por foto, PDF ou link? Se tiver opções/adicionais como sabores, bordas, molhos, acompanhamentos e combos, pode enviar também por favor?"
4f133e8a-e277-4ba4-be32-ad6339e6bfcd;Cantinho da Nina;Lanchonete;Sandra Cavalcante;R. Sebastião Viêira da Silva;(83) 98886-3363;5583988863363;https://wa.me/5583988863363;;5;25;unknown;no_instagram_with_google_phone;"Olá, tudo bem? Estou cadastrando restaurantes de Campina Grande no FilterFood e queria incluir o Cantinho da Nina. Você poderia me enviar o cardápio atualizado por foto, PDF ou link? Se tiver opções/adicionais como sabores, bordas, molhos, acompanhamentos e combos, pode enviar também por favor?"
86969982-4573-4731-92ae-914908a3edf5;EDILU LANCHES;Diner;Nova Brasília;R. Dr. Ado Sobrinho;(83) 99912-1943;5583999121943;https://wa.me/5583999121943;;4.4;25;unknown;no_instagram_with_google_phone;"Olá, tudo bem? Estou cadastrando restaurantes de Campina Grande no FilterFood e queria incluir o EDILU LANCHES. Você poderia me enviar o cardápio atualizado por foto, PDF ou link? Se tiver opções/adicionais como sabores, bordas, molhos, acompanhamentos e combos, pode enviar também por favor?"
8804965a-0001-4b92-92a6-253e1206764a;Cantinho do Crepe;Restaurante·;Catolé;Av. Pref. Severino Bezerra Cabral;(83) 99931-5954;5583999315954;https://wa.me/5583999315954;;4.5;24;unknown;no_instagram_with_google_phone;"Olá, tudo bem? Estou cadastrando restaurantes de Campina Grande no FilterFood e queria incluir o Cantinho do Crepe. Você poderia me enviar o cardápio atualizado por foto, PDF ou link? Se tiver opções/adicionais como sabores, bordas, molhos, acompanhamentos e combos, pode enviar também por favor?"
f9fb2c89-51dd-4e16-9a02-1ca46c214372;Condessa Salgados Loja 03;Restaurante;Liberdade;R. Odon Bezerra;(83) 98231-1822;5583982311822;https://wa.me/5583982311822;;3.8;24;unknown;no_instagram_with_google_phone;"Olá, tudo bem? Estou cadastrando restaurantes de Campina Grande no FilterFood e queria incluir o Condessa Salgados Loja 03. Você poderia me enviar o cardápio atualizado por foto, PDF ou link? Se tiver opções/adicionais como sabores, bordas, molhos, acompanhamentos e combos, pode enviar também por favor?"
7803fdcc-4960-41a9-b2d0-e7d4d616c84c;Cozinha Da Maria;Restaurante;;Rua Projetada XXXIII - Três Irmãs;(83) 98624-8537;5583986248537;https://wa.me/5583986248537;;4.6;24;unknown;no_instagram_with_google_phone;"Olá, tudo bem? Estou cadastrando restaurantes de Campina Grande no FilterFood e queria incluir o Cozinha Da Maria. Você poderia me enviar o cardápio atualizado por foto, PDF ou link? Se tiver opções/adicionais como sabores, bordas, molhos, acompanhamentos e combos, pode enviar também por favor?"
05132ade-3dcc-480b-83cd-3c264af181d0;D'Cher Delicious Açaí;Lanchonete;Malvinas;R. das Umburanas;(83) 98767-9617;5583987679617;https://wa.me/5583987679617;;4.3;24;unknown;no_instagram_with_google_phone;"Olá, tudo bem? Estou cadastrando restaurantes de Campina Grande no FilterFood e queria incluir o D'Cher Delicious Açaí. Você poderia me enviar o cardápio atualizado por foto, PDF ou link? Se tiver opções/adicionais como sabores, bordas, molhos, acompanhamentos e combos, pode enviar também por favor?"
b9cd5290-5c4a-4b15-a26e-01ba9c55c127;Drica churros;Lanchonete;Galante;R. Des. Miguel Levino de Oliveira Ramos;(81) 99681-8496;5581996818496;https://wa.me/5581996818496;;4.8;24;unknown;no_instagram_with_google_phone;"Olá, tudo bem? Estou cadastrando restaurantes de Campina Grande no FilterFood e queria incluir o Drica churros. Você poderia me enviar o cardápio atualizado por foto, PDF ou link? Se tiver opções/adicionais como sabores, bordas, molhos, acompanhamentos e combos, pode enviar também por favor?"
b0924a48-27ce-43ad-b382-8a5b7be01e4f;Lanchonete Elelion;Lanchonete;Santo Antônio;R. Santo Antônio;(83) 98750-8239;5583987508239;https://wa.me/5583987508239;;4.1;24;unknown;no_instagram_with_google_phone;"Olá, tudo bem? Estou cadastrando restaurantes de Campina Grande no FilterFood e queria incluir o Lanchonete Elelion. Você poderia me enviar o cardápio atualizado por foto, PDF ou link? Se tiver opções/adicionais como sabores, bordas, molhos, acompanhamentos e combos, pode enviar também por favor?"
fbc61efc-aee0-497e-98c9-f28692854ca5;Chiquinha Pães e Salgados;Lanchonete;Santa Cruz;R. Pedro Siqueira Luna;(83) 3331-1499;558333311499;https://wa.me/558333311499;;4.5;23;unknown;no_instagram_with_google_phone;"Olá, tudo bem? Estou cadastrando restaurantes de Campina Grande no FilterFood e queria incluir o Chiquinha Pães e Salgados. Você poderia me enviar o cardápio atualizado por foto, PDF ou link? Se tiver opções/adicionais como sabores, bordas, molhos, acompanhamentos e combos, pode enviar também por favor?"
41358877-4be3-4423-95d2-ddf3d7e0997a;Restaurante gold lanche;Cama e café;;Av. Mal. Floriano Peixoto - Malvinas;(83) 98844-1810;5583988441810;https://wa.me/5583988441810;;4.4;23;unknown;no_instagram_with_google_phone;"Olá, tudo bem? Estou cadastrando restaurantes de Campina Grande no FilterFood e queria incluir o Restaurante gold lanche. Você poderia me enviar o cardápio atualizado por foto, PDF ou link? Se tiver opções/adicionais como sabores, bordas, molhos, acompanhamentos e combos, pode enviar também por favor?"
9af0ecff-0432-4cbd-841c-0f305317b0c8;Big Lanche;Lanchonete;Alto Branco;R. Apolônio Amorim;(83) 98804-5466;5583988045466;https://wa.me/5583988045466;;4;23;unknown;no_instagram_with_google_phone;"Olá, tudo bem? Estou cadastrando restaurantes de Campina Grande no FilterFood e queria incluir o Big Lanche. Você poderia me enviar o cardápio atualizado por foto, PDF ou link? Se tiver opções/adicionais como sabores, bordas, molhos, acompanhamentos e combos, pode enviar também por favor?"
dfef1083-f720-4b95-8195-31f31b5d0542;DaQuinta Pizzaria;Pizzaria;Catolé;Av. Dr. Elpídio de Almeida;(83) 99635-6321;5583996356321;https://wa.me/5583996356321;;4.9;22;unknown;no_instagram_with_google_phone;"Olá, tudo bem? Estou cadastrando restaurantes de Campina Grande no FilterFood e queria incluir o DaQuinta Pizzaria. Você poderia me enviar o cardápio atualizado por foto, PDF ou link? Se tiver opções/adicionais como sabores, bordas, molhos, acompanhamentos e combos, pode enviar também por favor?"
68a7c89b-2f5e-45d7-8a47-05a5d08fab8f;Paraiso do Açai - Sorveteria e Açaiteria;Loja de açaí·;139C - Malvinas;R. Jamila Abraão Jorge;(83) 98677-9845;5583986779845;https://wa.me/5583986779845;;5;22;unknown;no_instagram_with_google_phone;"Olá, tudo bem? Estou cadastrando restaurantes de Campina Grande no FilterFood e queria incluir o Paraiso do Açai - Sorveteria e Açaiteria. Você poderia me enviar o cardápio atualizado por foto, PDF ou link? Se tiver opções/adicionais como sabores, bordas, molhos, acompanhamentos e combos, pode enviar também por favor?"
271cd007-569d-4455-bacd-8e10791a14c8;Upa Bar;Bar de cervejas·;Bodocongó;R. Aprígio Veloso;(83) 98719-6109;5583987196109;https://wa.me/5583987196109;;4.7;22;unknown;no_instagram_with_google_phone;"Olá, tudo bem? Estou cadastrando restaurantes de Campina Grande no FilterFood e queria incluir o Upa Bar. Você poderia me enviar o cardápio atualizado por foto, PDF ou link? Se tiver opções/adicionais como sabores, bordas, molhos, acompanhamentos e combos, pode enviar também por favor?"
42ce4ad7-aae4-487d-9585-c640d5af1091;Clube Vava Espetos;Piscina·;Serrotão;R. Ulisses Guimarães;(83) 99859-1858;5583998591858;https://wa.me/5583998591858;;4.9;22;unknown;no_instagram_with_google_phone;"Olá, tudo bem? Estou cadastrando restaurantes de Campina Grande no FilterFood e queria incluir o Clube Vava Espetos. Você poderia me enviar o cardápio atualizado por foto, PDF ou link? Se tiver opções/adicionais como sabores, bordas, molhos, acompanhamentos e combos, pode enviar também por favor?"
9fadb129-7842-442e-9960-bc2e26d1c0b0;Disk Bombons;Doceria;Centro;R. Dr. Antônio Sá;(83) 3321-6121;558333216121;https://wa.me/558333216121;;4.5;22;unknown;no_instagram_with_google_phone;"Olá, tudo bem? Estou cadastrando restaurantes de Campina Grande no FilterFood e queria incluir o Disk Bombons. Você poderia me enviar o cardápio atualizado por foto, PDF ou link? Se tiver opções/adicionais como sabores, bordas, molhos, acompanhamentos e combos, pode enviar também por favor?"
b3d922b9-42ee-474d-9187-768fce8512c7;lanchonete e açaiteria do jhon;Lanchonete;Malvinas;Av. Mal. Floriano Peixoto;(83) 98738-9545;5583987389545;https://wa.me/5583987389545;;4.6;21;unknown;no_instagram_with_google_phone;"Olá, tudo bem? Estou cadastrando restaurantes de Campina Grande no FilterFood e queria incluir o lanchonete e açaiteria do jhon. Você poderia me enviar o cardápio atualizado por foto, PDF ou link? Se tiver opções/adicionais como sabores, bordas, molhos, acompanhamentos e combos, pode enviar também por favor?"
ac848a1d-42d4-4c7b-a750-04e5cedc79a3;Na Calçada;Restaurante familiar;Malvinas;R. Severino Marquês De Oliveira;(83) 99681-4893;5583996814893;https://wa.me/5583996814893;;5;21;unknown;no_instagram_with_google_phone;"Olá, tudo bem? Estou cadastrando restaurantes de Campina Grande no FilterFood e queria incluir o Na Calçada. Você poderia me enviar o cardápio atualizado por foto, PDF ou link? Se tiver opções/adicionais como sabores, bordas, molhos, acompanhamentos e combos, pode enviar também por favor?"
322f0d44-796c-4d4f-9fa6-92baa356058f;O Point do Lanche;Pastelaria brasileira;Serrotão;R. Maria da Guia Muniz Albuquerque;(83) 99165-1484;5583991651484;https://wa.me/5583991651484;;4.7;21;unknown;no_instagram_with_google_phone;"Olá, tudo bem? Estou cadastrando restaurantes de Campina Grande no FilterFood e queria incluir o O Point do Lanche. Você poderia me enviar o cardápio atualizado por foto, PDF ou link? Se tiver opções/adicionais como sabores, bordas, molhos, acompanhamentos e combos, pode enviar também por favor?"
d9656b64-302b-4b91-a38d-da875431fa5d;SEU FERREIRA - Caldos & Canas;Bar;São José;R. José do Patrocínio;(83) 98772-1437;5583987721437;https://wa.me/5583987721437;;4.8;21;unknown;no_instagram_with_google_phone;"Olá, tudo bem? Estou cadastrando restaurantes de Campina Grande no FilterFood e queria incluir o SEU FERREIRA - Caldos & Canas. Você poderia me enviar o cardápio atualizado por foto, PDF ou link? Se tiver opções/adicionais como sabores, bordas, molhos, acompanhamentos e combos, pode enviar também por favor?"
d0adef17-4a87-4fd3-bd9c-cd12acdbb179;Wgconstruçoes;Lanchonete;;R. Probo Câmara - Palmeira;(83) 99305-3367;5583993053367;https://wa.me/5583993053367;;5;20;unknown;no_instagram_with_google_phone;"Olá, tudo bem? Estou cadastrando restaurantes de Campina Grande no FilterFood e queria incluir o Wgconstruçoes. Você poderia me enviar o cardápio atualizado por foto, PDF ou link? Se tiver opções/adicionais como sabores, bordas, molhos, acompanhamentos e combos, pode enviar também por favor?"
33ea71b2-b50a-44f2-b203-760d60a753c5;Bar do João GL;Bar;;Unnamed Road Sítio Várzea do Arroz;(83) 98904-7247;5583989047247;https://wa.me/5583989047247;;4.2;20;unknown;no_instagram_with_google_phone;"Olá, tudo bem? Estou cadastrando restaurantes de Campina Grande no FilterFood e queria incluir o Bar do João GL. Você poderia me enviar o cardápio atualizado por foto, PDF ou link? Se tiver opções/adicionais como sabores, bordas, molhos, acompanhamentos e combos, pode enviar também por favor?"
5cdcbe6d-0e8d-497f-9cba-9a2fc27c2013;Delícias da Pam;Doceria;Malvinas;R. Maria Barbosa de Albuquerque;(83) 99869-4524;5583998694524;https://wa.me/5583998694524;;4.3;20;unknown;no_instagram_with_google_phone;"Olá, tudo bem? Estou cadastrando restaurantes de Campina Grande no FilterFood e queria incluir o Delícias da Pam. Você poderia me enviar o cardápio atualizado por foto, PDF ou link? Se tiver opções/adicionais como sabores, bordas, molhos, acompanhamentos e combos, pode enviar também por favor?"
69a2e000-b8a1-4410-9d4f-8b1b7e872703;Imperial espetos;Bar;Velame;R. Escritor Euclides da Cunha;(83) 98601-5316;5583986015316;https://wa.me/5583986015316;;4.9;20;unknown;no_instagram_with_google_phone;"Olá, tudo bem? Estou cadastrando restaurantes de Campina Grande no FilterFood e queria incluir o Imperial espetos. Você poderia me enviar o cardápio atualizado por foto, PDF ou link? Se tiver opções/adicionais como sabores, bordas, molhos, acompanhamentos e combos, pode enviar também por favor?"
a2e04a6c-b7ca-4ec3-8428-6505354ebcab;Fast food cg;Restaurante fast-food;Palmeira;R. Prof. Balbino;(83) 99625-0146;5583996250146;https://wa.me/5583996250146;;2.9;20;unknown;no_instagram_with_google_phone;"Olá, tudo bem? Estou cadastrando restaurantes de Campina Grande no FilterFood e queria incluir o Fast food cg. Você poderia me enviar o cardápio atualizado por foto, PDF ou link? Se tiver opções/adicionais como sabores, bordas, molhos, acompanhamentos e combos, pode enviar também por favor?"
4d44cc6f-f2a7-4a90-887a-cb581869111d;restaurante china Yaki mil;Restaurante;Cruzeiro;R. Emília Brandão Silva;(83) 99653-3653;5583996533653;https://wa.me/5583996533653;;5;20;unknown;no_instagram_with_google_phone;"Olá, tudo bem? Estou cadastrando restaurantes de Campina Grande no FilterFood e queria incluir o restaurante china Yaki mil. Você poderia me enviar o cardápio atualizado por foto, PDF ou link? Se tiver opções/adicionais como sabores, bordas, molhos, acompanhamentos e combos, pode enviar também por favor?"
20c448b5-8e6c-4120-86cb-0bffd46a6253;Minni Mania;Hamburgueria;Portal Sul d’Oeste;R. Maria José Bezerra de Carvalho;(83) 98805-8065;5583988058065;https://wa.me/5583988058065;;3.8;19;unknown;no_instagram_with_google_phone;"Olá, tudo bem? Estou cadastrando restaurantes de Campina Grande no FilterFood e queria incluir o Minni Mania. Você poderia me enviar o cardápio atualizado por foto, PDF ou link? Se tiver opções/adicionais como sabores, bordas, molhos, acompanhamentos e combos, pode enviar também por favor?"
92fb3c73-518d-4d5a-bc69-2928250f6298;Pamonha e Canjica Adelic&a;Café;Cruzeiro;R. Geovani Gióia;(83) 99694-4348;5583996944348;https://wa.me/5583996944348;;4.4;19;unknown;no_instagram_with_google_phone;"Olá, tudo bem? Estou cadastrando restaurantes de Campina Grande no FilterFood e queria incluir o Pamonha e Canjica Adelic&a. Você poderia me enviar o cardápio atualizado por foto, PDF ou link? Se tiver opções/adicionais como sabores, bordas, molhos, acompanhamentos e combos, pode enviar também por favor?"
976ea7e3-6eea-48c2-bea7-1075759121f2;Sorveteria da Socorro;Sorveteria;Malvinas;R. Severino Marquês De Oliveira;(83) 3333-6852;558333336852;https://wa.me/558333336852;;4.9;19;unknown;no_instagram_with_google_phone;"Olá, tudo bem? Estou cadastrando restaurantes de Campina Grande no FilterFood e queria incluir o Sorveteria da Socorro. Você poderia me enviar o cardápio atualizado por foto, PDF ou link? Se tiver opções/adicionais como sabores, bordas, molhos, acompanhamentos e combos, pode enviar também por favor?"
e7211a0e-56fc-4279-9406-d3a9f7d61522;.....;Hamburgueria;São José;R. Padre Aristídes Lôbo;(83) 99412-8395;5583994128395;https://wa.me/5583994128395;;4.5;19;unknown;no_instagram_with_google_phone;"Olá, tudo bem? Estou cadastrando restaurantes de Campina Grande no FilterFood e queria incluir o ...... Você poderia me enviar o cardápio atualizado por foto, PDF ou link? Se tiver opções/adicionais como sabores, bordas, molhos, acompanhamentos e combos, pode enviar também por favor?"
2446fc58-04bb-42e5-88c5-8aafd5372a95;Bar da brejeira;Bar;Bodocongó;R. Marinaldo V. Batista Filho;(83) 98668-4449;5583986684449;https://wa.me/5583986684449;;4.9;18;unknown;no_instagram_with_google_phone;"Olá, tudo bem? Estou cadastrando restaurantes de Campina Grande no FilterFood e queria incluir o Bar da brejeira. Você poderia me enviar o cardápio atualizado por foto, PDF ou link? Se tiver opções/adicionais como sabores, bordas, molhos, acompanhamentos e combos, pode enviar também por favor?"
36e71f9b-6a3a-4191-a4e3-6b26ebb5b902;Cantinho da vovó eu e você;Restaurante;Malvinas;R. José Gomes Filho;(83) 98777-5075;5583987775075;https://wa.me/5583987775075;;4.9;18;unknown;no_instagram_with_google_phone;"Olá, tudo bem? Estou cadastrando restaurantes de Campina Grande no FilterFood e queria incluir o Cantinho da vovó eu e você. Você poderia me enviar o cardápio atualizado por foto, PDF ou link? Se tiver opções/adicionais como sabores, bordas, molhos, acompanhamentos e combos, pode enviar também por favor?"
1748d207-67f2-48c5-bf56-1b383bb11734;Abusados Bar Prime;Bar;Conceição;R. Frei Martinho;(83) 98684-6422;5583986846422;https://wa.me/5583986846422;;4.3;18;unknown;no_instagram_with_google_phone;"Olá, tudo bem? Estou cadastrando restaurantes de Campina Grande no FilterFood e queria incluir o Abusados Bar Prime. Você poderia me enviar o cardápio atualizado por foto, PDF ou link? Se tiver opções/adicionais como sabores, bordas, molhos, acompanhamentos e combos, pode enviar também por favor?"
c6635dc0-dab1-4539-85b3-4b9c3a9748f9;Caldeirão do Janio;Bar;Malvinas;R. João Rufino Ribeiro;(83) 98883-4565;5583988834565;https://wa.me/5583988834565;;4.6;17;unknown;no_instagram_with_google_phone;"Olá, tudo bem? Estou cadastrando restaurantes de Campina Grande no FilterFood e queria incluir o Caldeirão do Janio. Você poderia me enviar o cardápio atualizado por foto, PDF ou link? Se tiver opções/adicionais como sabores, bordas, molhos, acompanhamentos e combos, pode enviar também por favor?"
24c7af27-6f54-433f-8c88-ad16c7c295f4;Ei Burguer;Hamburgueria;Três Irmãs;R. Otávio Batista Cabral;(83) 99338-1358;5583993381358;https://wa.me/5583993381358;;4.6;17;unknown;no_instagram_with_google_phone;"Olá, tudo bem? Estou cadastrando restaurantes de Campina Grande no FilterFood e queria incluir o Ei Burguer. Você poderia me enviar o cardápio atualizado por foto, PDF ou link? Se tiver opções/adicionais como sabores, bordas, molhos, acompanhamentos e combos, pode enviar também por favor?"
694a9506-ab5b-41af-a03d-c1b1293dea15;Granja Ki Frango;Pastelaria brasileira;Serrotão;R. José Wilton Gomes de Figueiredo;(83) 3334-1859;558333341859;https://wa.me/558333341859;;4.5;17;unknown;no_instagram_with_google_phone;"Olá, tudo bem? Estou cadastrando restaurantes de Campina Grande no FilterFood e queria incluir o Granja Ki Frango. Você poderia me enviar o cardápio atualizado por foto, PDF ou link? Se tiver opções/adicionais como sabores, bordas, molhos, acompanhamentos e combos, pode enviar também por favor?"
174d6e78-73be-4934-be66-6ba1029fac43;Restaurante Casa do Sabor;Restaurante;Galante;PB-100;(83) 98659-6782;5583986596782;https://wa.me/5583986596782;;4.8;17;unknown;no_instagram_with_google_phone;"Olá, tudo bem? Estou cadastrando restaurantes de Campina Grande no FilterFood e queria incluir o Restaurante Casa do Sabor. Você poderia me enviar o cardápio atualizado por foto, PDF ou link? Se tiver opções/adicionais como sabores, bordas, molhos, acompanhamentos e combos, pode enviar também por favor?"
9c902bdf-dbb5-48f8-bd1b-1d4ef926fadb;Sorveplus Sorveteria;Sorveteria·;Centro;R. Peregrino de Carvalho;(83) 3341-6882;558333416882;https://wa.me/558333416882;;3.9;17;unknown;no_instagram_with_google_phone;"Olá, tudo bem? Estou cadastrando restaurantes de Campina Grande no FilterFood e queria incluir o Sorveplus Sorveteria. Você poderia me enviar o cardápio atualizado por foto, PDF ou link? Se tiver opções/adicionais como sabores, bordas, molhos, acompanhamentos e combos, pode enviar também por favor?"
9e5e8fc8-5247-4048-aad4-18403fcecf42;Café CCAA;Lanchonete;Centro;R. Treze de Maio;(83) 3322-7899;558333227899;https://wa.me/558333227899;;3.8;17;unknown;no_instagram_with_google_phone;"Olá, tudo bem? Estou cadastrando restaurantes de Campina Grande no FilterFood e queria incluir o Café CCAA. Você poderia me enviar o cardápio atualizado por foto, PDF ou link? Se tiver opções/adicionais como sabores, bordas, molhos, acompanhamentos e combos, pode enviar também por favor?"
6d27960b-8ec7-468a-b193-fe3d4522e784;AÇAITU'S SORVETERIA;Lanchonete;;DE ALMEIDA - R. Vicente Gomes Almeida - Ramadinha;(83) 98848-1307;5583988481307;https://wa.me/5583988481307;;4.9;16;unknown;no_instagram_with_google_phone;"Olá, tudo bem? Estou cadastrando restaurantes de Campina Grande no FilterFood e queria incluir o AÇAITU'S SORVETERIA. Você poderia me enviar o cardápio atualizado por foto, PDF ou link? Se tiver opções/adicionais como sabores, bordas, molhos, acompanhamentos e combos, pode enviar também por favor?"
4d76e886-725a-428e-807c-a33f0af45c55;Bar Do Bigode;Bar;;São José da Mata;(31) 3468-9682;553134689682;https://wa.me/553134689682;;4.4;16;unknown;no_instagram_with_google_phone;"Olá, tudo bem? Estou cadastrando restaurantes de Campina Grande no FilterFood e queria incluir o Bar Do Bigode. Você poderia me enviar o cardápio atualizado por foto, PDF ou link? Se tiver opções/adicionais como sabores, bordas, molhos, acompanhamentos e combos, pode enviar também por favor?"
f6abe4fd-d4c5-4b2a-86d9-c910dc90cd4f;Lanche Expresso;Loja;Palmeira;R. Manoel Leite Cavalcante;(83) 3322-5596;558333225596;https://wa.me/558333225596;;4.8;16;unknown;no_instagram_with_google_phone;"Olá, tudo bem? Estou cadastrando restaurantes de Campina Grande no FilterFood e queria incluir o Lanche Expresso. Você poderia me enviar o cardápio atualizado por foto, PDF ou link? Se tiver opções/adicionais como sabores, bordas, molhos, acompanhamentos e combos, pode enviar também por favor?"
4351726d-d772-48d3-9a58-16100d6bed92;ZAP DOG (Luiz Salvatory);Café;Liberdade;R. Aprígio Nepomuceno;(83) 98717-9791;5583987179791;https://wa.me/5583987179791;;4.8;16;unknown;no_instagram_with_google_phone;"Olá, tudo bem? Estou cadastrando restaurantes de Campina Grande no FilterFood e queria incluir o ZAP DOG (Luiz Salvatory). Você poderia me enviar o cardápio atualizado por foto, PDF ou link? Se tiver opções/adicionais como sabores, bordas, molhos, acompanhamentos e combos, pode enviar também por favor?"
e4a98d96-79a3-4897-9dd0-817d9a5707fb;Bonna Pizza;Pizzaria;Cruzeiro;R. Augusto Borborema;(83) 98822-1991;5583988221991;https://wa.me/5583988221991;;4.8;15;unknown;no_instagram_with_google_phone;"Olá, tudo bem? Estou cadastrando restaurantes de Campina Grande no FilterFood e queria incluir o Bonna Pizza. Você poderia me enviar o cardápio atualizado por foto, PDF ou link? Se tiver opções/adicionais como sabores, bordas, molhos, acompanhamentos e combos, pode enviar também por favor?"
bd7b905a-83f2-4edd-9fa3-e27af0c3508d;Brothers Burger;Hamburgueria;José Pinheiro;R. Pedro da Costa Agra;(83) 99830-1829;5583998301829;https://wa.me/5583998301829;;4.9;15;unknown;no_instagram_with_google_phone;"Olá, tudo bem? Estou cadastrando restaurantes de Campina Grande no FilterFood e queria incluir o Brothers Burger. Você poderia me enviar o cardápio atualizado por foto, PDF ou link? Se tiver opções/adicionais como sabores, bordas, molhos, acompanhamentos e combos, pode enviar também por favor?"
681743ca-9853-4db7-9842-de4f4e9dca98;Cantinho da Márcia Rua Henrique dias 244 Conceição;Bar;Conceição;R. Henrique Dias;(83) 98878-1395;5583988781395;https://wa.me/5583988781395;;4.9;15;unknown;no_instagram_with_google_phone;"Olá, tudo bem? Estou cadastrando restaurantes de Campina Grande no FilterFood e queria incluir o Cantinho da Márcia Rua Henrique dias 244 Conceição. Você poderia me enviar o cardápio atualizado por foto, PDF ou link? Se tiver opções/adicionais como sabores, bordas, molhos, acompanhamentos e combos, pode enviar também por favor?"
dbe85d5e-6a3c-4616-ac5b-0f9322918b6c;Rei da Pamonha;Restaurante;Bodocongó;R. Freira Francisca Gusmão;(83) 3333-5059;558333335059;https://wa.me/558333335059;;4.8;14;unknown;no_instagram_with_google_phone;"Olá, tudo bem? Estou cadastrando restaurantes de Campina Grande no FilterFood e queria incluir o Rei da Pamonha. Você poderia me enviar o cardápio atualizado por foto, PDF ou link? Se tiver opções/adicionais como sabores, bordas, molhos, acompanhamentos e combos, pode enviar também por favor?"
19d501ef-1f77-4ceb-a9b8-0c759db6e40a;Bar Do Gilson;Bar;Malvinas;R. Armando Amorim Pereira;(83) 98710-4796;5583987104796;https://wa.me/5583987104796;;4;14;unknown;no_instagram_with_google_phone;"Olá, tudo bem? Estou cadastrando restaurantes de Campina Grande no FilterFood e queria incluir o Bar Do Gilson. Você poderia me enviar o cardápio atualizado por foto, PDF ou link? Se tiver opções/adicionais como sabores, bordas, molhos, acompanhamentos e combos, pode enviar também por favor?"
a2857778-a418-485d-b466-35a1f67e534e;Condessa Salgados Loja 01;Lanchonete;Centro;R. Barão do Abiaí;(83) 98742-7849;5583987427849;https://wa.me/5583987427849;;4.4;14;unknown;no_instagram_with_google_phone;"Olá, tudo bem? Estou cadastrando restaurantes de Campina Grande no FilterFood e queria incluir o Condessa Salgados Loja 01. Você poderia me enviar o cardápio atualizado por foto, PDF ou link? Se tiver opções/adicionais como sabores, bordas, molhos, acompanhamentos e combos, pode enviar também por favor?"
9a71b451-c81e-483d-a6b1-6030ad7006f0;Bolinha espetos;Bar;;R. Raul Pereira dos Santos - Jardim Verdejante;(83) 98662-3716;5583986623716;https://wa.me/5583986623716;;4.5;13;unknown;no_instagram_with_google_phone;"Olá, tudo bem? Estou cadastrando restaurantes de Campina Grande no FilterFood e queria incluir o Bolinha espetos. Você poderia me enviar o cardápio atualizado por foto, PDF ou link? Se tiver opções/adicionais como sabores, bordas, molhos, acompanhamentos e combos, pode enviar também por favor?"
81bb8217-cb85-4e59-b713-9b44af53b54d;Dona Quentinha CG;Restaurante;;R. Horácio Almeida - Cruzeiro;(83) 98625-6389;5583986256389;https://wa.me/5583986256389;;4.2;13;unknown;no_instagram_with_google_phone;"Olá, tudo bem? Estou cadastrando restaurantes de Campina Grande no FilterFood e queria incluir o Dona Quentinha CG. Você poderia me enviar o cardápio atualizado por foto, PDF ou link? Se tiver opções/adicionais como sabores, bordas, molhos, acompanhamentos e combos, pode enviar também por favor?"
c28c55c6-e433-41d8-8abb-bba15aad9964;EVS Andrea E Zeomax;Lanchonete·;Jardim Tavares;R. Vig. Virgínio;(83) 99971-8725;5583999718725;https://wa.me/5583999718725;;4.5;13;unknown;no_instagram_with_google_phone;"Olá, tudo bem? Estou cadastrando restaurantes de Campina Grande no FilterFood e queria incluir o EVS Andrea E Zeomax. Você poderia me enviar o cardápio atualizado por foto, PDF ou link? Se tiver opções/adicionais como sabores, bordas, molhos, acompanhamentos e combos, pode enviar também por favor?"
4265919a-9c52-4f77-ba27-10ed08f3534b;Portal Do Açaí;Lanchonete;;R. Maria José Bezerra de Carvalho - Três Irmãs;(83) 98882-9347;5583988829347;https://wa.me/5583988829347;;4.6;13;unknown;no_instagram_with_google_phone;"Olá, tudo bem? Estou cadastrando restaurantes de Campina Grande no FilterFood e queria incluir o Portal Do Açaí. Você poderia me enviar o cardápio atualizado por foto, PDF ou link? Se tiver opções/adicionais como sabores, bordas, molhos, acompanhamentos e combos, pode enviar também por favor?"
198029c7-7ac5-45ea-b29d-c084867c95da;Pastelão do 10;Pendente validação;Centro;Av. Mal. Floriano Peixoto;(83) 98838-3825;5583988383825;https://wa.me/5583988383825;;5;13;unknown;no_instagram_with_google_phone;"Olá, tudo bem? Estou cadastrando restaurantes de Campina Grande no FilterFood e queria incluir o Pastelão do 10. Você poderia me enviar o cardápio atualizado por foto, PDF ou link? Se tiver opções/adicionais como sabores, bordas, molhos, acompanhamentos e combos, pode enviar também por favor?"
97da3b70-a690-4f2e-99da-d5c01e425c4a;Bar do Lampião;Bar;;"R. Antônio Matias Figueiredo - Vila Cabral, Campina Grande - PB";(83) 99823-0249;5583998230249;https://wa.me/5583998230249;;5;13;unknown;no_instagram_with_google_phone;"Olá, tudo bem? Estou cadastrando restaurantes de Campina Grande no FilterFood e queria incluir o Bar do Lampião. Você poderia me enviar o cardápio atualizado por foto, PDF ou link? Se tiver opções/adicionais como sabores, bordas, molhos, acompanhamentos e combos, pode enviar também por favor?"
f4fead88-b422-4359-91ef-ca06d76dd08f;Sushimi;Restaurante de sushi·;Av. Pref. Severino Bezerra Cabral;Partage;(83) 3337-6060;558333376060;https://wa.me/558333376060;;3.8;13;unknown;no_instagram_with_google_phone;"Olá, tudo bem? Estou cadastrando restaurantes de Campina Grande no FilterFood e queria incluir o Sushimi. Você poderia me enviar o cardápio atualizado por foto, PDF ou link? Se tiver opções/adicionais como sabores, bordas, molhos, acompanhamentos e combos, pode enviar também por favor?"
16148df3-6c46-4e1e-b26f-296cc6833c97;É Donuts!;Restaurante;Santa Cruz;R. Henrique Sáles Monteiro;(83) 99985-4465;5583999854465;https://wa.me/5583999854465;;4.9;13;unknown;no_instagram_with_google_phone;"Olá, tudo bem? Estou cadastrando restaurantes de Campina Grande no FilterFood e queria incluir o É Donuts!. Você poderia me enviar o cardápio atualizado por foto, PDF ou link? Se tiver opções/adicionais como sabores, bordas, molhos, acompanhamentos e combos, pode enviar também por favor?"
7db1bd14-c1d0-4d86-8e9d-4678d12f9765;WB coffee comércio e serviços alimentícios Ltda;Cafeteria;Estacao Velha;R. Cazuza Barreto;(83) 99335-4495;5583993354495;https://wa.me/5583993354495;;4.9;13;unknown;no_instagram_with_google_phone;"Olá, tudo bem? Estou cadastrando restaurantes de Campina Grande no FilterFood e queria incluir o WB coffee comércio e serviços alimentícios Ltda. Você poderia me enviar o cardápio atualizado por foto, PDF ou link? Se tiver opções/adicionais como sabores, bordas, molhos, acompanhamentos e combos, pode enviar também por favor?"
708d896b-2508-49b2-9f8d-c4029377cb25;Remidos Restaurante e Lanchonete;Restaurante brasileiro;Centro;R. João da Mata;(83) 3322-5403;558333225403;https://wa.me/558333225403;;5;12;unknown;no_instagram_with_google_phone;"Olá, tudo bem? Estou cadastrando restaurantes de Campina Grande no FilterFood e queria incluir o Remidos Restaurante e Lanchonete. Você poderia me enviar o cardápio atualizado por foto, PDF ou link? Se tiver opções/adicionais como sabores, bordas, molhos, acompanhamentos e combos, pode enviar também por favor?"
ebe2ce3a-47a1-4cbc-b8fe-5052f6aea75a;CookPizza;Pizzaria;Catolé;R. Humberto Batista Lima;(83) 98778-6737;5583987786737;https://wa.me/5583987786737;;4.2;12;unknown;no_instagram_with_google_phone;"Olá, tudo bem? Estou cadastrando restaurantes de Campina Grande no FilterFood e queria incluir o CookPizza. Você poderia me enviar o cardápio atualizado por foto, PDF ou link? Se tiver opções/adicionais como sabores, bordas, molhos, acompanhamentos e combos, pode enviar também por favor?"
dd79d3e2-827d-4aaf-a87b-84128091b05d;Côco Verde Engarrafada;Lanchonete;Box 03 - Bodocongó;Av. Joaquim Caroca;(83) 98873-8337;5583988738337;https://wa.me/5583988738337;;4.8;12;unknown;no_instagram_with_google_phone;"Olá, tudo bem? Estou cadastrando restaurantes de Campina Grande no FilterFood e queria incluir o Côco Verde Engarrafada. Você poderia me enviar o cardápio atualizado por foto, PDF ou link? Se tiver opções/adicionais como sabores, bordas, molhos, acompanhamentos e combos, pode enviar também por favor?"
2efd40b4-9012-4ad7-a8cf-0590bd0a4430;Barraca da Gorete;Restaurante;Três Irmãs;R. Manaus;(83) 2154-8183;558321548183;https://wa.me/558321548183;;4.4;12;unknown;no_instagram_with_google_phone;"Olá, tudo bem? Estou cadastrando restaurantes de Campina Grande no FilterFood e queria incluir o Barraca da Gorete. Você poderia me enviar o cardápio atualizado por foto, PDF ou link? Se tiver opções/adicionais como sabores, bordas, molhos, acompanhamentos e combos, pode enviar também por favor?"
2527130e-f5a6-4dbd-93e4-0e109096e785;Caffeteria Essêncial;Cafeteria·;1°Andar - Prata;R. Nilo Peçanha;(83) 2102-2323;558321022323;https://wa.me/558321022323;;4.3;12;unknown;no_instagram_with_google_phone;"Olá, tudo bem? Estou cadastrando restaurantes de Campina Grande no FilterFood e queria incluir o Caffeteria Essêncial. Você poderia me enviar o cardápio atualizado por foto, PDF ou link? Se tiver opções/adicionais como sabores, bordas, molhos, acompanhamentos e combos, pode enviar também por favor?"
b3c4c8c4-b2d6-4213-8ec5-f155707e8a03;Pastelaria e Sorveteria Chiquititas;Lanchonete;Araxá;Av. Duzentos e Vinte e Seis;(83) 98874-2459;5583988742459;https://wa.me/5583988742459;;4.5;12;unknown;no_instagram_with_google_phone;"Olá, tudo bem? Estou cadastrando restaurantes de Campina Grande no FilterFood e queria incluir o Pastelaria e Sorveteria Chiquititas. Você poderia me enviar o cardápio atualizado por foto, PDF ou link? Se tiver opções/adicionais como sabores, bordas, molhos, acompanhamentos e combos, pode enviar também por favor?"
276078d1-e34c-44ad-a260-ce326e51457d;Virgulino Tap Room;Cervejaria;Alto Branco;Av. Manoel Tavares;(83) 98705-8525;5583987058525;https://wa.me/5583987058525;;4.5;12;unknown;no_instagram_with_google_phone;"Olá, tudo bem? Estou cadastrando restaurantes de Campina Grande no FilterFood e queria incluir o Virgulino Tap Room. Você poderia me enviar o cardápio atualizado por foto, PDF ou link? Se tiver opções/adicionais como sabores, bordas, molhos, acompanhamentos e combos, pode enviar também por favor?"
88974215-a872-415f-8bb8-cdc5b5b65fd9;Frango da Casa;Restaurante;São José;R. Dom Pedro I;(83) 3341-2852;558333412852;https://wa.me/558333412852;;4.6;11;unknown;no_instagram_with_google_phone;"Olá, tudo bem? Estou cadastrando restaurantes de Campina Grande no FilterFood e queria incluir o Frango da Casa. Você poderia me enviar o cardápio atualizado por foto, PDF ou link? Se tiver opções/adicionais como sabores, bordas, molhos, acompanhamentos e combos, pode enviar também por favor?"
bc15ebd7-b7d5-4391-8066-c3277ec64e51;Essential Saúde e Estética;Lounge bar;Três Irmãs;R. José Nogueira Pereira;(83) 99404-8516;5583994048516;https://wa.me/5583994048516;;5;11;unknown;no_instagram_with_google_phone;"Olá, tudo bem? Estou cadastrando restaurantes de Campina Grande no FilterFood e queria incluir o Essential Saúde e Estética. Você poderia me enviar o cardápio atualizado por foto, PDF ou link? Se tiver opções/adicionais como sabores, bordas, molhos, acompanhamentos e combos, pode enviar também por favor?"
be96cede-5813-4b6f-9e26-22e5c737ff5e;Ponto mix 2;Bar;Bodocongó;R. Damião José Rodrigues;(83) 98845-6462;5583988456462;https://wa.me/5583988456462;;4.4;11;unknown;no_instagram_with_google_phone;"Olá, tudo bem? Estou cadastrando restaurantes de Campina Grande no FilterFood e queria incluir o Ponto mix 2. Você poderia me enviar o cardápio atualizado por foto, PDF ou link? Se tiver opções/adicionais como sabores, bordas, molhos, acompanhamentos e combos, pode enviar também por favor?"
5985aae7-9098-4743-95ba-5c61c447c883;Center Lanches;Lanchonete;Centenário;Av. Mal. Floriano Peixoto;(83) 98650-9936;5583986509936;https://wa.me/5583986509936;;4.6;11;unknown;no_instagram_with_google_phone;"Olá, tudo bem? Estou cadastrando restaurantes de Campina Grande no FilterFood e queria incluir o Center Lanches. Você poderia me enviar o cardápio atualizado por foto, PDF ou link? Se tiver opções/adicionais como sabores, bordas, molhos, acompanhamentos e combos, pode enviar também por favor?"
13e780cb-6814-44bd-8972-c067386e196c;DR. AÇAÍ GOURMET 03 - Atacado & Varejo - Centenário;Restaurante·;Loja 03 - Centenário;Av. Mal. Floriano Peixoto;(83) 98120-2850;5583981202850;https://wa.me/5583981202850;;3.9;11;unknown;no_instagram_with_google_phone;"Olá, tudo bem? Estou cadastrando restaurantes de Campina Grande no FilterFood e queria incluir o DR. AÇAÍ GOURMET 03 - Atacado & Varejo - Centenário. Você poderia me enviar o cardápio atualizado por foto, PDF ou link? Se tiver opções/adicionais como sabores, bordas, molhos, acompanhamentos e combos, pode enviar também por favor?"
d0fb1e9b-ae71-4d64-bd23-1f007ee96d68;Seu Zé Burger;Hamburgueria;Três Irmãs;R. Pôrto Alegre;(83) 99655-3780;5583996553780;https://wa.me/5583996553780;;5;11;unknown;no_instagram_with_google_phone;"Olá, tudo bem? Estou cadastrando restaurantes de Campina Grande no FilterFood e queria incluir o Seu Zé Burger. Você poderia me enviar o cardápio atualizado por foto, PDF ou link? Se tiver opções/adicionais como sabores, bordas, molhos, acompanhamentos e combos, pode enviar também por favor?"
d72bea46-e7fa-4405-8fd3-f05af406901c;Tiago Lanches;Lanchonete;Nova Brasília;Rua José Aranha;(83) 98756-4235;5583987564235;https://wa.me/5583987564235;;4.7;11;unknown;no_instagram_with_google_phone;"Olá, tudo bem? Estou cadastrando restaurantes de Campina Grande no FilterFood e queria incluir o Tiago Lanches. Você poderia me enviar o cardápio atualizado por foto, PDF ou link? Se tiver opções/adicionais como sabores, bordas, molhos, acompanhamentos e combos, pode enviar também por favor?"
40d41cd7-d544-4711-a656-0af8fb188351;Espaço VIP dos Amigos;Bar;Pedregal;R. São G. Francisco;(83) 98609-6113;5583986096113;https://wa.me/5583986096113;;4.3;10;unknown;no_instagram_with_google_phone;"Olá, tudo bem? Estou cadastrando restaurantes de Campina Grande no FilterFood e queria incluir o Espaço VIP dos Amigos. Você poderia me enviar o cardápio atualizado por foto, PDF ou link? Se tiver opções/adicionais como sabores, bordas, molhos, acompanhamentos e combos, pode enviar também por favor?"
f4a33245-57df-4ea0-808c-6e9c3457cedc;Geras frutas;Lanchonete;Monte Castelo;R. Santo Antônio;(83) 98758-0705;5583987580705;https://wa.me/5583987580705;;3.5;10;unknown;no_instagram_with_google_phone;"Olá, tudo bem? Estou cadastrando restaurantes de Campina Grande no FilterFood e queria incluir o Geras frutas. Você poderia me enviar o cardápio atualizado por foto, PDF ou link? Se tiver opções/adicionais como sabores, bordas, molhos, acompanhamentos e combos, pode enviar também por favor?"
a91b372e-43e0-4582-ac3d-027b1f7d1b00;PARE Sorveteira e Açaiteria;Sorveteria especializada em sundaes·;Lj 02 - Cruzeiro;Av. Pres. Juscelino Kubitschek;(83) 98626-3646;5583986263646;https://wa.me/5583986263646;;4.7;10;unknown;no_instagram_with_google_phone;"Olá, tudo bem? Estou cadastrando restaurantes de Campina Grande no FilterFood e queria incluir o PARE Sorveteira e Açaiteria. Você poderia me enviar o cardápio atualizado por foto, PDF ou link? Se tiver opções/adicionais como sabores, bordas, molhos, acompanhamentos e combos, pode enviar também por favor?"
9cf79248-8c1b-4bff-88fd-c50c3152df5b;São Sebastião;Churrascaria;Lj 12 / 13 - Alto Branco;R. Dr. Vasconcelos;(83) 98615-6849;5583986156849;https://wa.me/5583986156849;;4.3;10;unknown;no_instagram_with_google_phone;"Olá, tudo bem? Estou cadastrando restaurantes de Campina Grande no FilterFood e queria incluir o São Sebastião. Você poderia me enviar o cardápio atualizado por foto, PDF ou link? Se tiver opções/adicionais como sabores, bordas, molhos, acompanhamentos e combos, pode enviar também por favor?"
17340fb2-8abc-4744-959d-ac4693582337;Quintal de Casa 580;Bar·;Liberdade;R. Espírito Sto;(81) 98844-5213;5581988445213;https://wa.me/5581988445213;;4.7;10;unknown;no_instagram_with_google_phone;"Olá, tudo bem? Estou cadastrando restaurantes de Campina Grande no FilterFood e queria incluir o Quintal de Casa 580. Você poderia me enviar o cardápio atualizado por foto, PDF ou link? Se tiver opções/adicionais como sabores, bordas, molhos, acompanhamentos e combos, pode enviar também por favor?"
0727ba10-a782-4927-8aad-effba5f8014d;Tempero de Casa indicaLocal;Restaurante;Três Irmãs;R. Severino Felipe de Souza;(83) 98851-7046;5583988517046;https://wa.me/5583988517046;;5;10;unknown;no_instagram_with_google_phone;"Olá, tudo bem? Estou cadastrando restaurantes de Campina Grande no FilterFood e queria incluir o Tempero de Casa indicaLocal. Você poderia me enviar o cardápio atualizado por foto, PDF ou link? Se tiver opções/adicionais como sabores, bordas, molhos, acompanhamentos e combos, pode enviar também por favor?"
04b4ca3e-08ae-4fa3-a5d5-a452989567d5;Casa do Pastel;Restaurante;Liberdade;R. Odon Bezerra;(83) 98758-1186;5583987581186;https://wa.me/5583987581186;;5;10;unknown;no_instagram_with_google_phone;"Olá, tudo bem? Estou cadastrando restaurantes de Campina Grande no FilterFood e queria incluir o Casa do Pastel. Você poderia me enviar o cardápio atualizado por foto, PDF ou link? Se tiver opções/adicionais como sabores, bordas, molhos, acompanhamentos e combos, pode enviar também por favor?"
8d6df697-4df8-4773-9750-d7f0ff733af3;Delícias da Monasi;Lanchonete;Santa Cruz;Av. Almirante Barroso;(83) 99613-9235;5583996139235;https://wa.me/5583996139235;;5;10;unknown;no_instagram_with_google_phone;"Olá, tudo bem? Estou cadastrando restaurantes de Campina Grande no FilterFood e queria incluir o Delícias da Monasi. Você poderia me enviar o cardápio atualizado por foto, PDF ou link? Se tiver opções/adicionais como sabores, bordas, molhos, acompanhamentos e combos, pode enviar também por favor?"
9b8bd75e-ef85-4155-9cef-9b2f91879d0d;Sabor Caseiro;Lanchonete;Centro;R. Cardoso Viêira;(83) 98841-3741;5583988413741;https://wa.me/5583988413741;;3.9;10;unknown;no_instagram_with_google_phone;"Olá, tudo bem? Estou cadastrando restaurantes de Campina Grande no FilterFood e queria incluir o Sabor Caseiro. Você poderia me enviar o cardápio atualizado por foto, PDF ou link? Se tiver opções/adicionais como sabores, bordas, molhos, acompanhamentos e combos, pode enviar também por favor?"
5b8693fa-cb38-4580-bb3a-28ba17061034;Churasquinho Caminho De Casa;Bar;Serrotão;R. Edgar Barbosa Costa;(83) 98818-6426;5583988186426;https://wa.me/5583988186426;;4.7;10;unknown;no_instagram_with_google_phone;"Olá, tudo bem? Estou cadastrando restaurantes de Campina Grande no FilterFood e queria incluir o Churasquinho Caminho De Casa. Você poderia me enviar o cardápio atualizado por foto, PDF ou link? Se tiver opções/adicionais como sabores, bordas, molhos, acompanhamentos e combos, pode enviar também por favor?"
11d6b068-7ca6-4c7c-a518-51262030ba50;Point da Codorna e Espetos;Bar;Três Irmãs;R. Maria Ezir Gomes de Souza;(83) 98756-2395;5583987562395;https://wa.me/5583987562395;;4.6;9;unknown;no_instagram_with_google_phone;"Olá, tudo bem? Estou cadastrando restaurantes de Campina Grande no FilterFood e queria incluir o Point da Codorna e Espetos. Você poderia me enviar o cardápio atualizado por foto, PDF ou link? Se tiver opções/adicionais como sabores, bordas, molhos, acompanhamentos e combos, pode enviar também por favor?"
36dec424-0c43-43a5-b591-b283fd43af4c;Kigalletu's;Restaurante;Centro;Av. Mal. Floriano Peixoto;(83) 3322-5828;558333225828;https://wa.me/558333225828;;4.7;9;unknown;no_instagram_with_google_phone;"Olá, tudo bem? Estou cadastrando restaurantes de Campina Grande no FilterFood e queria incluir o Kigalletu's. Você poderia me enviar o cardápio atualizado por foto, PDF ou link? Se tiver opções/adicionais como sabores, bordas, molhos, acompanhamentos e combos, pode enviar também por favor?"
514d7a50-64ce-4782-9b51-d3790b8aa879;Açaí do Devid;Sorveteria;;Jardim Paulistano;(83) 98748-7559;5583987487559;https://wa.me/5583987487559;;4.9;9;unknown;no_instagram_with_google_phone;"Olá, tudo bem? Estou cadastrando restaurantes de Campina Grande no FilterFood e queria incluir o Açaí do Devid. Você poderia me enviar o cardápio atualizado por foto, PDF ou link? Se tiver opções/adicionais como sabores, bordas, molhos, acompanhamentos e combos, pode enviar também por favor?"
0f03ea44-512d-4773-b767-c6048c253998;"Caldinhoqlevanta,Bar e Restaurante";Bar;Santo Antônio;R. Sindolfo Montenegro;(83) 98738-0719;5583987380719;https://wa.me/5583987380719;;2.8;9;unknown;no_instagram_with_google_phone;"Olá, tudo bem? Estou cadastrando restaurantes de Campina Grande no FilterFood e queria incluir o Caldinhoqlevanta,Bar e Restaurante. Você poderia me enviar o cardápio atualizado por foto, PDF ou link? Se tiver opções/adicionais como sabores, bordas, molhos, acompanhamentos e combos, pode enviar também por favor?"
123410b7-5222-4ac2-b3b0-84b47958cdbd;Salgados do Gui;Lanchonete;Cruzeiro;Av. Pres. Juscelino Kubitschek;(83) 99890-2114;5583998902114;https://wa.me/5583998902114;;5;9;unknown;no_instagram_with_google_phone;"Olá, tudo bem? Estou cadastrando restaurantes de Campina Grande no FilterFood e queria incluir o Salgados do Gui. Você poderia me enviar o cardápio atualizado por foto, PDF ou link? Se tiver opções/adicionais como sabores, bordas, molhos, acompanhamentos e combos, pode enviar também por favor?"
06ea89c4-7e32-4edb-802e-2f02566d826a;Bom Tempero Quentinhas e Almoços;Restaurante;;R. Arthur Freire de Figueredo - Acácio Figueiredo;(83) 98758-6262;5583987586262;https://wa.me/5583987586262;;4.1;9;unknown;no_instagram_with_google_phone;"Olá, tudo bem? Estou cadastrando restaurantes de Campina Grande no FilterFood e queria incluir o Bom Tempero Quentinhas e Almoços. Você poderia me enviar o cardápio atualizado por foto, PDF ou link? Se tiver opções/adicionais como sabores, bordas, molhos, acompanhamentos e combos, pode enviar também por favor?"
fef00c37-4d74-46d0-ab92-5d9fda589f1c;KPOINT;Cachorro-quente;Campina Grande;Olga de Azevedo de Oliveira - Nova Brasília;(83) 92142-5885;5583921425885;https://wa.me/5583921425885;;4.9;9;unknown;no_instagram_with_google_phone;"Olá, tudo bem? Estou cadastrando restaurantes de Campina Grande no FilterFood e queria incluir o KPOINT. Você poderia me enviar o cardápio atualizado por foto, PDF ou link? Se tiver opções/adicionais como sabores, bordas, molhos, acompanhamentos e combos, pode enviar também por favor?"
7741846b-a452-4fb3-9ab9-3b70e41fc83f;UniLanches;Lanchonete;Sandra Cavalcante;R. Denise Alves de Medeiros;(83) 99982-8356;5583999828356;https://wa.me/5583999828356;;5;9;unknown;no_instagram_with_google_phone;"Olá, tudo bem? Estou cadastrando restaurantes de Campina Grande no FilterFood e queria incluir o UniLanches. Você poderia me enviar o cardápio atualizado por foto, PDF ou link? Se tiver opções/adicionais como sabores, bordas, molhos, acompanhamentos e combos, pode enviar também por favor?"
1a26bc07-d9b9-42ff-8c9b-13281ad4cdab;Cristina frango assado;Restaurante de comida para viagem;Três Irmãs;R. Otávio Batista Cabral;(83) 98730-4552;5583987304552;https://wa.me/5583987304552;;4.7;9;unknown;no_instagram_with_google_phone;"Olá, tudo bem? Estou cadastrando restaurantes de Campina Grande no FilterFood e queria incluir o Cristina frango assado. Você poderia me enviar o cardápio atualizado por foto, PDF ou link? Se tiver opções/adicionais como sabores, bordas, molhos, acompanhamentos e combos, pode enviar também por favor?"
b5ab137c-c2fe-4c44-acb3-d8bfe59311cd;Point Spettus Espetinho em Campina Grande;Restaurante de carne;Bela Vista;R. Silva Barbosa;(83) 99960-6099;5583999606099;https://wa.me/5583999606099;;4.2;9;unknown;no_instagram_with_google_phone;"Olá, tudo bem? Estou cadastrando restaurantes de Campina Grande no FilterFood e queria incluir o Point Spettus Espetinho em Campina Grande. Você poderia me enviar o cardápio atualizado por foto, PDF ou link? Se tiver opções/adicionais como sabores, bordas, molhos, acompanhamentos e combos, pode enviar também por favor?"
d4b02f2d-a710-4e7d-aac3-883fde12706c;Loketa açaí;Restaurante·;José Pinheiro;Rua Amaro Coutinho;(83) 98867-2565;5583988672565;https://wa.me/5583988672565;;4.4;9;unknown;no_instagram_with_google_phone;"Olá, tudo bem? Estou cadastrando restaurantes de Campina Grande no FilterFood e queria incluir o Loketa açaí. Você poderia me enviar o cardápio atualizado por foto, PDF ou link? Se tiver opções/adicionais como sabores, bordas, molhos, acompanhamentos e combos, pode enviar também por favor?"
0ad1588f-6866-4c44-8467-f7d5ffc3b1fd;Marmitaria Sabor da Casa;Banco de alimentos;Galante;R. Ver. Lindaci Medeiros Nápoles;(83) 99857-7044;5583998577044;https://wa.me/5583998577044;;5;9;unknown;no_instagram_with_google_phone;"Olá, tudo bem? Estou cadastrando restaurantes de Campina Grande no FilterFood e queria incluir o Marmitaria Sabor da Casa. Você poderia me enviar o cardápio atualizado por foto, PDF ou link? Se tiver opções/adicionais como sabores, bordas, molhos, acompanhamentos e combos, pode enviar também por favor?"
98592560-ce83-4c79-a2c3-13218303366b;Cafe da manha e Bar Do Gilberto(Galego);Bar;Centro;R. Cristóvão Colombo;(83) 98873-1815;5583988731815;https://wa.me/5583988731815;;4.2;9;unknown;no_instagram_with_google_phone;"Olá, tudo bem? Estou cadastrando restaurantes de Campina Grande no FilterFood e queria incluir o Cafe da manha e Bar Do Gilberto(Galego). Você poderia me enviar o cardápio atualizado por foto, PDF ou link? Se tiver opções/adicionais como sabores, bordas, molhos, acompanhamentos e combos, pode enviar também por favor?"
a6ce1b94-2a43-418f-bab9-ae6fd82f0a21;Marmitaria e Lanchonete da Vilma;Restaurante;Centenário;R. Manoel Sáles;(83) 98765-7543;5583987657543;https://wa.me/5583987657543;;4.7;9;unknown;no_instagram_with_google_phone;"Olá, tudo bem? Estou cadastrando restaurantes de Campina Grande no FilterFood e queria incluir o Marmitaria e Lanchonete da Vilma. Você poderia me enviar o cardápio atualizado por foto, PDF ou link? Se tiver opções/adicionais como sabores, bordas, molhos, acompanhamentos e combos, pode enviar também por favor?"
4c4546ae-6a44-45f2-b783-8a0f5de6b883;José Sebastião da Silva 30;Bar;Jardim Quarenta;R. José Sebastião da Silva;(83) 99887-0528;5583998870528;https://wa.me/5583998870528;;4.1;8;unknown;no_instagram_with_google_phone;"Olá, tudo bem? Estou cadastrando restaurantes de Campina Grande no FilterFood e queria incluir o José Sebastião da Silva 30. Você poderia me enviar o cardápio atualizado por foto, PDF ou link? Se tiver opções/adicionais como sabores, bordas, molhos, acompanhamentos e combos, pode enviar também por favor?"
06dfadd2-01cc-4b7e-936e-3b4447f78e0f;E de casa marmitaria;Restaurante;;R. Santa Terezinha - Bodocongó;(83) 99658-6773;5583996586773;https://wa.me/5583996586773;;5;8;unknown;no_instagram_with_google_phone;"Olá, tudo bem? Estou cadastrando restaurantes de Campina Grande no FilterFood e queria incluir o E de casa marmitaria. Você poderia me enviar o cardápio atualizado por foto, PDF ou link? Se tiver opções/adicionais como sabores, bordas, molhos, acompanhamentos e combos, pode enviar também por favor?"
855624bc-5a86-4ff8-9dc3-9380964f815d;Espetinho dos amigos;Bar;;R. Dr. José Carlos Ramos Tejo - Galante;(83) 98890-3088;5583988903088;https://wa.me/5583988903088;;5;8;unknown;no_instagram_with_google_phone;"Olá, tudo bem? Estou cadastrando restaurantes de Campina Grande no FilterFood e queria incluir o Espetinho dos amigos. Você poderia me enviar o cardápio atualizado por foto, PDF ou link? Se tiver opções/adicionais como sabores, bordas, molhos, acompanhamentos e combos, pode enviar também por favor?"
63639e4a-1274-4335-b05e-8f2311ea8c9a;LANCHONETE POPULAR;Lanchonete;;R. João Sérgio de Almeida - Campina Grande;(83) 98871-6310;5583988716310;https://wa.me/5583988716310;;4.5;8;unknown;no_instagram_with_google_phone;"Olá, tudo bem? Estou cadastrando restaurantes de Campina Grande no FilterFood e queria incluir o LANCHONETE POPULAR. Você poderia me enviar o cardápio atualizado por foto, PDF ou link? Se tiver opções/adicionais como sabores, bordas, molhos, acompanhamentos e combos, pode enviar também por favor?"
dca415cb-b9a1-421f-b8f7-7abce763dfe2;Tira gosto 21;Petiscaria;Malvinas;R. das Juremas;(83) 98767-9083;5583987679083;https://wa.me/5583987679083;;5;8;unknown;no_instagram_with_google_phone;"Olá, tudo bem? Estou cadastrando restaurantes de Campina Grande no FilterFood e queria incluir o Tira gosto 21. Você poderia me enviar o cardápio atualizado por foto, PDF ou link? Se tiver opções/adicionais como sabores, bordas, molhos, acompanhamentos e combos, pode enviar também por favor?"
3cbfc442-f30c-4309-b717-f86936f9663d;Raullah Cookies;Espresso bar;Lj 1 - Catolé;R. João Quirino;(83) 98134-0630;5583981340630;https://wa.me/5583981340630;;4.9;8;unknown;no_instagram_with_google_phone;"Olá, tudo bem? Estou cadastrando restaurantes de Campina Grande no FilterFood e queria incluir o Raullah Cookies. Você poderia me enviar o cardápio atualizado por foto, PDF ou link? Se tiver opções/adicionais como sabores, bordas, molhos, acompanhamentos e combos, pode enviar também por favor?"
95c9947a-8492-4bbd-b714-fdfc1d095c69;Terraço das Nações Bar & Restaurante;Bar;Nações;Av. das Nações;(83) 99962-2864;5583999622864;https://wa.me/5583999622864;;4.6;8;unknown;no_instagram_with_google_phone;"Olá, tudo bem? Estou cadastrando restaurantes de Campina Grande no FilterFood e queria incluir o Terraço das Nações Bar & Restaurante. Você poderia me enviar o cardápio atualizado por foto, PDF ou link? Se tiver opções/adicionais como sabores, bordas, molhos, acompanhamentos e combos, pode enviar também por favor?"
14eb7a43-b75d-4217-8861-101f386d4248;Terraço das Nações Bar & Restaurante;Bar;Nações;Av. das Nações;(83) 99962-2864;5583999622864;https://wa.me/5583999622864;;4.6;8;unknown;no_instagram_with_google_phone;"Olá, tudo bem? Estou cadastrando restaurantes de Campina Grande no FilterFood e queria incluir o Terraço das Nações Bar & Restaurante. Você poderia me enviar o cardápio atualizado por foto, PDF ou link? Se tiver opções/adicionais como sabores, bordas, molhos, acompanhamentos e combos, pode enviar também por favor?"
dd4e7900-2b5b-46cb-ba59-c24d236152fc;E de casa marmitaria;Restaurante;Bodocongó;R. Santa Terezinha;(83) 99658-6773;5583996586773;https://wa.me/5583996586773;;5;8;unknown;no_instagram_with_google_phone;"Olá, tudo bem? Estou cadastrando restaurantes de Campina Grande no FilterFood e queria incluir o E de casa marmitaria. Você poderia me enviar o cardápio atualizado por foto, PDF ou link? Se tiver opções/adicionais como sabores, bordas, molhos, acompanhamentos e combos, pode enviar também por favor?"
18555903-2a01-4069-9f53-bf61cb125003;Netto's Burger Now Food;Restaurante fast-food;;R. Caicó - Malvinas;(83) 99161-3976;5583991613976;https://wa.me/5583991613976;;3.9;7;unknown;no_instagram_with_google_phone;"Olá, tudo bem? Estou cadastrando restaurantes de Campina Grande no FilterFood e queria incluir o Netto's Burger Now Food. Você poderia me enviar o cardápio atualizado por foto, PDF ou link? Se tiver opções/adicionais como sabores, bordas, molhos, acompanhamentos e combos, pode enviar também por favor?"
2629c579-bb78-4a21-be21-7a7ba69bf393;Soparia e casa do sertão;Restaurante·;Acácio Figueiredo;R. Três Irmãs;(83) 99648-9035;5583996489035;https://wa.me/5583996489035;;5;7;unknown;no_instagram_with_google_phone;"Olá, tudo bem? Estou cadastrando restaurantes de Campina Grande no FilterFood e queria incluir o Soparia e casa do sertão. Você poderia me enviar o cardápio atualizado por foto, PDF ou link? Se tiver opções/adicionais como sabores, bordas, molhos, acompanhamentos e combos, pode enviar também por favor?"
69614e11-56d2-4ea5-b4fc-9088fab18abb;D'Bethovers;Bar;Santa Cruz;Rua Severino Alves de Albuquerque;(83) 3335-7302;558333357302;https://wa.me/558333357302;;4.9;7;unknown;no_instagram_with_google_phone;"Olá, tudo bem? Estou cadastrando restaurantes de Campina Grande no FilterFood e queria incluir o D'Bethovers. Você poderia me enviar o cardápio atualizado por foto, PDF ou link? Se tiver opções/adicionais como sabores, bordas, molhos, acompanhamentos e combos, pode enviar também por favor?"
e4393585-ea95-4e0d-a568-e723badb30dc;lanchonete e soveteria mia;Lanchonete;;R. do Sol - Quarenta;(83) 98823-1591;5583988231591;https://wa.me/5583988231591;;4.6;7;unknown;no_instagram_with_google_phone;"Olá, tudo bem? Estou cadastrando restaurantes de Campina Grande no FilterFood e queria incluir o lanchonete e soveteria mia. Você poderia me enviar o cardápio atualizado por foto, PDF ou link? Se tiver opções/adicionais como sabores, bordas, molhos, acompanhamentos e combos, pode enviar também por favor?"
226eb4e3-9fd7-4150-a433-42c1e7ef2bf5;Prato Cheio Restaurante;Restaurante;Liberdade;R. Gilberto Pereira;(83) 3342-5063;558333425063;https://wa.me/558333425063;;4.1;7;unknown;no_instagram_with_google_phone;"Olá, tudo bem? Estou cadastrando restaurantes de Campina Grande no FilterFood e queria incluir o Prato Cheio Restaurante. Você poderia me enviar o cardápio atualizado por foto, PDF ou link? Se tiver opções/adicionais como sabores, bordas, molhos, acompanhamentos e combos, pode enviar também por favor?"
e37d98e7-8d20-4af0-97df-10215b88a400;Restaurante Sabor Bom;Restaurante;Bodocongó;R. Francisco Melquíades;(83) 98840-4159;5583988404159;https://wa.me/5583988404159;;4.6;7;unknown;no_instagram_with_google_phone;"Olá, tudo bem? Estou cadastrando restaurantes de Campina Grande no FilterFood e queria incluir o Restaurante Sabor Bom. Você poderia me enviar o cardápio atualizado por foto, PDF ou link? Se tiver opções/adicionais como sabores, bordas, molhos, acompanhamentos e combos, pode enviar também por favor?"
9415784d-3f59-4735-891a-f00a4ed1e8a7;Três em 1 Refeições;Restaurante;;R. Dom Pedro II - Prata;(83) 98746-3818;5583987463818;https://wa.me/5583987463818;;4.9;7;unknown;no_instagram_with_google_phone;"Olá, tudo bem? Estou cadastrando restaurantes de Campina Grande no FilterFood e queria incluir o Três em 1 Refeições. Você poderia me enviar o cardápio atualizado por foto, PDF ou link? Se tiver opções/adicionais como sabores, bordas, molhos, acompanhamentos e combos, pode enviar também por favor?"
082fe0a5-8c01-4373-ac9c-19593ae90041;JULIO DELIVERY;Delivery de Pizza;Catolé;R. José Soares de Santana;(83) 98668-2916;5583986682916;https://wa.me/5583986682916;;4.7;7;unknown;no_instagram_with_google_phone;"Olá, tudo bem? Estou cadastrando restaurantes de Campina Grande no FilterFood e queria incluir o JULIO DELIVERY. Você poderia me enviar o cardápio atualizado por foto, PDF ou link? Se tiver opções/adicionais como sabores, bordas, molhos, acompanhamentos e combos, pode enviar também por favor?"
1a786ab8-9dc9-40c8-a38d-bec57bf06ace;Tempero de Casa Marmitaria;Restaurante;Pres. Medici;R. Sinhá Alves;(83) 99983-0136;5583999830136;https://wa.me/5583999830136;;4.3;7;unknown;no_instagram_with_google_phone;"Olá, tudo bem? Estou cadastrando restaurantes de Campina Grande no FilterFood e queria incluir o Tempero de Casa Marmitaria. Você poderia me enviar o cardápio atualizado por foto, PDF ou link? Se tiver opções/adicionais como sabores, bordas, molhos, acompanhamentos e combos, pode enviar também por favor?"
5d7baa28-033b-4338-afa1-b5a54b1249ad;Sabor do Brasil;Pizzaria;Jardim Tavares;R. Arquilino de Souza Guimarães;(83) 98209-5234;5583982095234;https://wa.me/5583982095234;;4.4;7;unknown;no_instagram_with_google_phone;"Olá, tudo bem? Estou cadastrando restaurantes de Campina Grande no FilterFood e queria incluir o Sabor do Brasil. Você poderia me enviar o cardápio atualizado por foto, PDF ou link? Se tiver opções/adicionais como sabores, bordas, molhos, acompanhamentos e combos, pode enviar também por favor?"
65a1ba15-1e95-4cf6-a6af-3e52e523f70b;Restaurante Ideal;Restaurante;Conceição;R. Vigolvino Vanderlei;(83) 3341-5306;558333415306;https://wa.me/558333415306;;4.1;7;unknown;no_instagram_with_google_phone;"Olá, tudo bem? Estou cadastrando restaurantes de Campina Grande no FilterFood e queria incluir o Restaurante Ideal. Você poderia me enviar o cardápio atualizado por foto, PDF ou link? Se tiver opções/adicionais como sabores, bordas, molhos, acompanhamentos e combos, pode enviar também por favor?"
77d037d7-1c4c-4b8e-9968-71b841464660;Estacão 151 Hamburgueria Artesanal;Hamburgueria;Catolé;R. Aprígio Ferreira Leite;(83) 98784-1151;5583987841151;https://wa.me/5583987841151;;4.8;6;unknown;no_instagram_with_google_phone;"Olá, tudo bem? Estou cadastrando restaurantes de Campina Grande no FilterFood e queria incluir o Estacão 151 Hamburgueria Artesanal. Você poderia me enviar o cardápio atualizado por foto, PDF ou link? Se tiver opções/adicionais como sabores, bordas, molhos, acompanhamentos e combos, pode enviar também por favor?"
aebb0636-4b25-4644-8e1a-d676565d7401;Heros Burguer CG;Hamburgueria;Jardim Tavares;Av. Manoel Tavares;(83) 98710-7818;5583987107818;https://wa.me/5583987107818;;4.8;6;unknown;no_instagram_with_google_phone;"Olá, tudo bem? Estou cadastrando restaurantes de Campina Grande no FilterFood e queria incluir o Heros Burguer CG. Você poderia me enviar o cardápio atualizado por foto, PDF ou link? Se tiver opções/adicionais como sabores, bordas, molhos, acompanhamentos e combos, pode enviar também por favor?"
5849dd2b-b1fe-4272-9408-f97ca7a8032b;Bar e lanchonete dos mecânicos;Bar;Jardim Paulistano;R. Laurindo Pereira;(83) 99307-5846;5583993075846;https://wa.me/5583993075846;;5;6;unknown;no_instagram_with_google_phone;"Olá, tudo bem? Estou cadastrando restaurantes de Campina Grande no FilterFood e queria incluir o Bar e lanchonete dos mecânicos. Você poderia me enviar o cardápio atualizado por foto, PDF ou link? Se tiver opções/adicionais como sabores, bordas, molhos, acompanhamentos e combos, pode enviar também por favor?"
190ce8c0-0179-407d-bf63-d1b35f9bea57;Lanchonete & Pizzaria Universitária;Restaurante;;Universitário;(83) 98139-9595;5583981399595;https://wa.me/5583981399595;;4.2;6;unknown;no_instagram_with_google_phone;"Olá, tudo bem? Estou cadastrando restaurantes de Campina Grande no FilterFood e queria incluir o Lanchonete & Pizzaria Universitária. Você poderia me enviar o cardápio atualizado por foto, PDF ou link? Se tiver opções/adicionais como sabores, bordas, molhos, acompanhamentos e combos, pode enviar também por favor?"
51eae900-80e2-484f-9a65-78fe6d05149e;Restaurante Socorro Oliveira;Restaurante;Av. Prof. Almeida Barreto - São José;Vila do artesão;(83) 98833-5301;5583988335301;https://wa.me/5583988335301;;5;6;unknown;no_instagram_with_google_phone;"Olá, tudo bem? Estou cadastrando restaurantes de Campina Grande no FilterFood e queria incluir o Restaurante Socorro Oliveira. Você poderia me enviar o cardápio atualizado por foto, PDF ou link? Se tiver opções/adicionais como sabores, bordas, molhos, acompanhamentos e combos, pode enviar também por favor?"
f0b6ff28-460e-4e03-94ee-60f8f41995c1;LAJU Luderia;Lan House e Cyber café;Pres. Medici;R. Raul Farias;8393635420;558393635420;https://wa.me/558393635420;;5;6;unknown;no_instagram_with_google_phone;"Olá, tudo bem? Estou cadastrando restaurantes de Campina Grande no FilterFood e queria incluir o LAJU Luderia. Você poderia me enviar o cardápio atualizado por foto, PDF ou link? Se tiver opções/adicionais como sabores, bordas, molhos, acompanhamentos e combos, pode enviar também por favor?"
e051e1b4-ff13-4e9b-836e-29cdc19d1213;Sabor Unico Marmitas E Quentinhas;Restaurante;Alto Branco;R. Apolônio Amorim;(83) 99384-4832;5583993844832;https://wa.me/5583993844832;;5;6;unknown;no_instagram_with_google_phone;"Olá, tudo bem? Estou cadastrando restaurantes de Campina Grande no FilterFood e queria incluir o Sabor Unico Marmitas E Quentinhas. Você poderia me enviar o cardápio atualizado por foto, PDF ou link? Se tiver opções/adicionais como sabores, bordas, molhos, acompanhamentos e combos, pode enviar também por favor?"
18c4bebf-46bc-44eb-9fe0-779f3d031f1c;Lanchonete do Sam;Lanchonete;Dinamérica;Av. Mal. Floriano Peixoto;(83) 98643-6584;5583986436584;https://wa.me/5583986436584;;5;6;unknown;no_instagram_with_google_phone;"Olá, tudo bem? Estou cadastrando restaurantes de Campina Grande no FilterFood e queria incluir o Lanchonete do Sam. Você poderia me enviar o cardápio atualizado por foto, PDF ou link? Se tiver opções/adicionais como sabores, bordas, molhos, acompanhamentos e combos, pode enviar também por favor?"
2da533aa-101c-4ed1-a142-4171f16ccdd4;Cerveja Bar;Bar;Cruzeiro;R. Jesuíno Alves de Corrêia;(83) 98794-8993;5583987948993;https://wa.me/5583987948993;;4;6;unknown;no_instagram_with_google_phone;"Olá, tudo bem? Estou cadastrando restaurantes de Campina Grande no FilterFood e queria incluir o Cerveja Bar. Você poderia me enviar o cardápio atualizado por foto, PDF ou link? Se tiver opções/adicionais como sabores, bordas, molhos, acompanhamentos e combos, pode enviar também por favor?"
8777b569-9e6c-40bb-ab71-0cad9432adf7;Sweet Açai Express;Lanchonete;Santa Rosa;R. Bolívia;(83) 99128-4523;5583991284523;https://wa.me/5583991284523;;4.8;6;unknown;no_instagram_with_google_phone;"Olá, tudo bem? Estou cadastrando restaurantes de Campina Grande no FilterFood e queria incluir o Sweet Açai Express. Você poderia me enviar o cardápio atualizado por foto, PDF ou link? Se tiver opções/adicionais como sabores, bordas, molhos, acompanhamentos e combos, pode enviar também por favor?"
1b4dc877-3b0e-438d-a1da-58c6f17c4d20;Tanque Lanches;Hamburgueria;;R. Irmã Zuleide Porto - Três Irmãs;(83) 98848-0504;5583988480504;https://wa.me/5583988480504;;3.8;6;unknown;no_instagram_with_google_phone;"Olá, tudo bem? Estou cadastrando restaurantes de Campina Grande no FilterFood e queria incluir o Tanque Lanches. Você poderia me enviar o cardápio atualizado por foto, PDF ou link? Se tiver opções/adicionais como sabores, bordas, molhos, acompanhamentos e combos, pode enviar também por favor?"
00b858aa-9e2a-405f-8558-6b97becbf8a2;Hamburgueria S.A. - Hamburgueria Artesanal;Hamburgueria;;R. Estácio Tavares Wanderley - Estacao Velha;(83) 99188-4252;5583991884252;https://wa.me/5583991884252;;4.7;6;unknown;no_instagram_with_google_phone;"Olá, tudo bem? Estou cadastrando restaurantes de Campina Grande no FilterFood e queria incluir o Hamburgueria S.A. - Hamburgueria Artesanal. Você poderia me enviar o cardápio atualizado por foto, PDF ou link? Se tiver opções/adicionais como sabores, bordas, molhos, acompanhamentos e combos, pode enviar também por favor?"
20192d9a-d3a2-42d9-99b5-34478d0ab286;Casa De Walber Eduardo;Café;Malvinas;R. Maria Barbosa de Albuquerque;(83) 99632-5874;5583996325874;https://wa.me/5583996325874;;5;6;unknown;no_instagram_with_google_phone;"Olá, tudo bem? Estou cadastrando restaurantes de Campina Grande no FilterFood e queria incluir o Casa De Walber Eduardo. Você poderia me enviar o cardápio atualizado por foto, PDF ou link? Se tiver opções/adicionais como sabores, bordas, molhos, acompanhamentos e combos, pode enviar também por favor?"
dd2c559d-3cfe-4ad0-8f8f-2ee39b6f221f;Forno Nobre;Fabricante;Jardim Quarenta;Av. Almirante Barroso;(83) 3335-3114;558333353114;https://wa.me/558333353114;;2.8;6;unknown;no_instagram_with_google_phone;"Olá, tudo bem? Estou cadastrando restaurantes de Campina Grande no FilterFood e queria incluir o Forno Nobre. Você poderia me enviar o cardápio atualizado por foto, PDF ou link? Se tiver opções/adicionais como sabores, bordas, molhos, acompanhamentos e combos, pode enviar também por favor?"
0896543d-5753-48c1-9c51-bc47d097a972;Açaizeiro eu sou;Diner;R. Malaquias da Silva Amorim Neto - Colinas do Sol;Malaquias;(83) 98795-0203;5583987950203;https://wa.me/5583987950203;;5;6;unknown;no_instagram_with_google_phone;"Olá, tudo bem? Estou cadastrando restaurantes de Campina Grande no FilterFood e queria incluir o Açaizeiro eu sou. Você poderia me enviar o cardápio atualizado por foto, PDF ou link? Se tiver opções/adicionais como sabores, bordas, molhos, acompanhamentos e combos, pode enviar também por favor?"
2a5f468e-b0f8-48b2-ac57-656850df00d1;La Pizza;Delivery de Pizza;Nova Brasília;R. Dr. Manoel Duarte Dantas;(83) 3063-4578;558330634578;https://wa.me/558330634578;;4.2;6;unknown;no_instagram_with_google_phone;"Olá, tudo bem? Estou cadastrando restaurantes de Campina Grande no FilterFood e queria incluir o La Pizza. Você poderia me enviar o cardápio atualizado por foto, PDF ou link? Se tiver opções/adicionais como sabores, bordas, molhos, acompanhamentos e combos, pode enviar também por favor?"
0c739e4b-b046-4591-8cea-47e765e96912;Chico self service;Restaurante self-service;Alto Branco;R. Dr. Vasconcelos;(83) 99886-8081;5583998868081;https://wa.me/5583998868081;;4.3;6;unknown;no_instagram_with_google_phone;"Olá, tudo bem? Estou cadastrando restaurantes de Campina Grande no FilterFood e queria incluir o Chico self service. Você poderia me enviar o cardápio atualizado por foto, PDF ou link? Se tiver opções/adicionais como sabores, bordas, molhos, acompanhamentos e combos, pode enviar também por favor?"
6bc97ccc-86c7-4fd8-a655-17ba028cdbfa;Quentinhas do chef;Restaurante;;R. Crato - Malvinas;(83) 98819-4066;5583988194066;https://wa.me/5583988194066;;4.2;5;unknown;no_instagram_with_google_phone;"Olá, tudo bem? Estou cadastrando restaurantes de Campina Grande no FilterFood e queria incluir o Quentinhas do chef. Você poderia me enviar o cardápio atualizado por foto, PDF ou link? Se tiver opções/adicionais como sabores, bordas, molhos, acompanhamentos e combos, pode enviar também por favor?"
8a54d41c-5f23-419d-a7db-3c21b7520ccc;Kantinho lanches;Lanchonete;Cruzeiro;R. Otávio Amorim;8399487335;558399487335;https://wa.me/558399487335;;4.4;5;unknown;no_instagram_with_google_phone;"Olá, tudo bem? Estou cadastrando restaurantes de Campina Grande no FilterFood e queria incluir o Kantinho lanches. Você poderia me enviar o cardápio atualizado por foto, PDF ou link? Se tiver opções/adicionais como sabores, bordas, molhos, acompanhamentos e combos, pode enviar também por favor?"
c096cba4-2815-4c50-bdfb-017cbe60686f;Marmitaria Sabor De Mãe;Restaurante;Malvinas;R. dos Cardeiros;(83) 99117-2020;5583991172020;https://wa.me/5583991172020;;4.2;5;unknown;no_instagram_with_google_phone;"Olá, tudo bem? Estou cadastrando restaurantes de Campina Grande no FilterFood e queria incluir o Marmitaria Sabor De Mãe. Você poderia me enviar o cardápio atualizado por foto, PDF ou link? Se tiver opções/adicionais como sabores, bordas, molhos, acompanhamentos e combos, pode enviar também por favor?"
bc7e79fc-29bb-48a7-b9c7-5ae0bd1532af;Glaçaí Sorvetes;Sorveteria;Serrotão;R. Maria da Guia Muniz Albuquerque;(83) 98790-8690;5583987908690;https://wa.me/5583987908690;;3.4;5;unknown;no_instagram_with_google_phone;"Olá, tudo bem? Estou cadastrando restaurantes de Campina Grande no FilterFood e queria incluir o Glaçaí Sorvetes. Você poderia me enviar o cardápio atualizado por foto, PDF ou link? Se tiver opções/adicionais como sabores, bordas, molhos, acompanhamentos e combos, pode enviar também por favor?"
6efbc50f-759f-45e8-a54e-b95ef8881d87;Nina lanches;Lanchonete;Catolé;R. Arius;(83) 98828-4072;5583988284072;https://wa.me/5583988284072;;4.6;5;unknown;no_instagram_with_google_phone;"Olá, tudo bem? Estou cadastrando restaurantes de Campina Grande no FilterFood e queria incluir o Nina lanches. Você poderia me enviar o cardápio atualizado por foto, PDF ou link? Se tiver opções/adicionais como sabores, bordas, molhos, acompanhamentos e combos, pode enviar também por favor?"
a9a1dd5d-2dd8-4a3b-8a53-2bb3ae223cec;Sorvetes e Lanches Provisão;Sorveteria;Santa Rosa;Av. José Martins de Andrade;(83) 98720-6914;5583987206914;https://wa.me/5583987206914;;4;5;unknown;no_instagram_with_google_phone;"Olá, tudo bem? Estou cadastrando restaurantes de Campina Grande no FilterFood e queria incluir o Sorvetes e Lanches Provisão. Você poderia me enviar o cardápio atualizado por foto, PDF ou link? Se tiver opções/adicionais como sabores, bordas, molhos, acompanhamentos e combos, pode enviar também por favor?"
9177976f-a058-459b-bd23-839a3bd24936;BKY Bistrô Delivery;Restaurante;Monte Castelo;R. Chile;(83) 97400-9955;5583974009955;https://wa.me/5583974009955;;4;5;unknown;no_instagram_with_google_phone;"Olá, tudo bem? Estou cadastrando restaurantes de Campina Grande no FilterFood e queria incluir o BKY Bistrô Delivery. Você poderia me enviar o cardápio atualizado por foto, PDF ou link? Se tiver opções/adicionais como sabores, bordas, molhos, acompanhamentos e combos, pode enviar também por favor?"
a7aeb098-6125-4331-8a0f-5861ad65ef5e;Doces e Variedades da Val;Fornecedor de produtos alimentícios;Malvinas;R. Maria da Guia Freitas Alves;(83) 99408-6336;5583994086336;https://wa.me/5583994086336;;5;5;unknown;no_instagram_with_google_phone;"Olá, tudo bem? Estou cadastrando restaurantes de Campina Grande no FilterFood e queria incluir o Doces e Variedades da Val. Você poderia me enviar o cardápio atualizado por foto, PDF ou link? Se tiver opções/adicionais como sabores, bordas, molhos, acompanhamentos e combos, pode enviar também por favor?"
a8d12e69-0616-406e-aa0f-7a656ee95aa8;Embrasa Burger & Pizzaria;Pizza para levar;Pres. Medici;R. Dr. Francisco Brasileiro;(83) 98810-4583;5583988104583;https://wa.me/5583988104583;;5;5;unknown;no_instagram_with_google_phone;"Olá, tudo bem? Estou cadastrando restaurantes de Campina Grande no FilterFood e queria incluir o Embrasa Burger & Pizzaria. Você poderia me enviar o cardápio atualizado por foto, PDF ou link? Se tiver opções/adicionais como sabores, bordas, molhos, acompanhamentos e combos, pode enviar também por favor?"
36a0e955-f6a9-466d-8131-f1bde5fb638a;Tops Coxinhas;Restaurante de comida para viagem;Bodocongó;R. Rubens Dutra Segundo;(83) 98606-0694;5583986060694;https://wa.me/5583986060694;;5;5;unknown;no_instagram_with_google_phone;"Olá, tudo bem? Estou cadastrando restaurantes de Campina Grande no FilterFood e queria incluir o Tops Coxinhas. Você poderia me enviar o cardápio atualizado por foto, PDF ou link? Se tiver opções/adicionais como sabores, bordas, molhos, acompanhamentos e combos, pode enviar também por favor?"
7707835e-8845-4cdf-9d83-7afeab371859;Cacau Show - Chocolates;Loja de chocolates;Nova Brasília;R. Leontina Tavares de Macedo;(83) 99352-7881;5583993527881;https://wa.me/5583993527881;;5;5;unknown;no_instagram_with_google_phone;"Olá, tudo bem? Estou cadastrando restaurantes de Campina Grande no FilterFood e queria incluir o Cacau Show - Chocolates. Você poderia me enviar o cardápio atualizado por foto, PDF ou link? Se tiver opções/adicionais como sabores, bordas, molhos, acompanhamentos e combos, pode enviar também por favor?"
182ac930-267b-4ca9-b380-a9862f17ee92;Cantinho da família;Hamburgueria;Monte Castelo;R. Antonio Solano Almeida Lyra;(83) 98766-6287;5583987666287;https://wa.me/5583987666287;;4.4;5;unknown;no_instagram_with_google_phone;"Olá, tudo bem? Estou cadastrando restaurantes de Campina Grande no FilterFood e queria incluir o Cantinho da família. Você poderia me enviar o cardápio atualizado por foto, PDF ou link? Se tiver opções/adicionais como sabores, bordas, molhos, acompanhamentos e combos, pode enviar também por favor?"
e6c760a2-d730-4bb9-87f7-9abc73519567;Quentinhas da ZF;Restaurante familiar;Bodocongó;R. José do precipício;(83) 99823-6794;5583998236794;https://wa.me/5583998236794;;4.2;5;unknown;no_instagram_with_google_phone;"Olá, tudo bem? Estou cadastrando restaurantes de Campina Grande no FilterFood e queria incluir o Quentinhas da ZF. Você poderia me enviar o cardápio atualizado por foto, PDF ou link? Se tiver opções/adicionais como sabores, bordas, molhos, acompanhamentos e combos, pode enviar também por favor?"
b6dbacc0-ee9f-496a-8de0-42cac5fad3e3;Restaurante Puro Tempero;Restaurante self-service;Jardim Continental;R. Quinze de Novembro;(83) 98722-4726;5583987224726;https://wa.me/5583987224726;;5;5;unknown;no_instagram_with_google_phone;"Olá, tudo bem? Estou cadastrando restaurantes de Campina Grande no FilterFood e queria incluir o Restaurante Puro Tempero. Você poderia me enviar o cardápio atualizado por foto, PDF ou link? Se tiver opções/adicionais como sabores, bordas, molhos, acompanhamentos e combos, pode enviar também por favor?"
07ba339a-5bb8-42f7-922c-2a936df23def;Tapiocaria e restaurante bom apetite;Restaurante;Centro;R. Augusto Severo;(83) 99803-8118;5583998038118;https://wa.me/5583998038118;;5;5;unknown;no_instagram_with_google_phone;"Olá, tudo bem? Estou cadastrando restaurantes de Campina Grande no FilterFood e queria incluir o Tapiocaria e restaurante bom apetite. Você poderia me enviar o cardápio atualizado por foto, PDF ou link? Se tiver opções/adicionais como sabores, bordas, molhos, acompanhamentos e combos, pode enviar também por favor?"
8f1702a3-012a-4d15-9450-924ba9122648;Açaí Top Do Heitor;Sorveteria;Jeremias;R. São Lucas;(83) 98777-5790;5583987775790;https://wa.me/5583987775790;;5;5;unknown;no_instagram_with_google_phone;"Olá, tudo bem? Estou cadastrando restaurantes de Campina Grande no FilterFood e queria incluir o Açaí Top Do Heitor. Você poderia me enviar o cardápio atualizado por foto, PDF ou link? Se tiver opções/adicionais como sabores, bordas, molhos, acompanhamentos e combos, pode enviar também por favor?"
fc082caa-2d15-41c4-8d0d-fb0f5f30a331;Mirante do Caju;Restaurante;;Cuités;(83) 99352-0267;5583993520267;https://wa.me/5583993520267;;5;5;unknown;no_instagram_with_google_phone;"Olá, tudo bem? Estou cadastrando restaurantes de Campina Grande no FilterFood e queria incluir o Mirante do Caju. Você poderia me enviar o cardápio atualizado por foto, PDF ou link? Se tiver opções/adicionais como sabores, bordas, molhos, acompanhamentos e combos, pode enviar também por favor?"
46ef0181-0786-411b-8ea2-b809fb4bd547;Cantina do Ro;Restaurante;Ramadinha;R. Manoel Adélino de Melo;(83) 99890-6161;5583998906161;https://wa.me/5583998906161;;4.2;5;unknown;no_instagram_with_google_phone;"Olá, tudo bem? Estou cadastrando restaurantes de Campina Grande no FilterFood e queria incluir o Cantina do Ro. Você poderia me enviar o cardápio atualizado por foto, PDF ou link? Se tiver opções/adicionais como sabores, bordas, molhos, acompanhamentos e combos, pode enviar também por favor?"
240f9425-d17d-4a2b-8e52-fc0994a04b34;Brasileirissimo;Restaurante self-service;Liberdade;Av. Jorn. Assis Chateaubriand;(83) 3331-8551;558333318551;https://wa.me/558333318551;;3.4;5;unknown;no_instagram_with_google_phone;"Olá, tudo bem? Estou cadastrando restaurantes de Campina Grande no FilterFood e queria incluir o Brasileirissimo. Você poderia me enviar o cardápio atualizado por foto, PDF ou link? Se tiver opções/adicionais como sabores, bordas, molhos, acompanhamentos e combos, pode enviar também por favor?"
62ece402-5443-4fa9-9fef-5fd5636986d8;Vespeiro;Lanchonete;Santa Cruz;Av. Almirante Barroso;(83) 98109-8309;5583981098309;https://wa.me/5583981098309;;5;5;unknown;no_instagram_with_google_phone;"Olá, tudo bem? Estou cadastrando restaurantes de Campina Grande no FilterFood e queria incluir o Vespeiro. Você poderia me enviar o cardápio atualizado por foto, PDF ou link? Se tiver opções/adicionais como sabores, bordas, molhos, acompanhamentos e combos, pode enviar também por favor?"
3aa34a30-eb2a-401d-b2e4-33c4a76d348f;Bonna Pizza;Pizzaria;Distrito Industrial;Av. Uberaba;(83) 98822-1991;5583988221991;https://wa.me/5583988221991;;4.6;5;unknown;no_instagram_with_google_phone;"Olá, tudo bem? Estou cadastrando restaurantes de Campina Grande no FilterFood e queria incluir o Bonna Pizza. Você poderia me enviar o cardápio atualizado por foto, PDF ou link? Se tiver opções/adicionais como sabores, bordas, molhos, acompanhamentos e combos, pode enviar também por favor?"
267cd8f3-1334-4cbc-b4a7-6bc22a209ea0;Oxente Express Tapiocaria;Lanchonete;R. Janúncio Ferreira;980;(83) 3341-3111;558333413111;https://wa.me/558333413111;;3.8;5;unknown;no_instagram_with_google_phone;"Olá, tudo bem? Estou cadastrando restaurantes de Campina Grande no FilterFood e queria incluir o Oxente Express Tapiocaria. Você poderia me enviar o cardápio atualizado por foto, PDF ou link? Se tiver opções/adicionais como sabores, bordas, molhos, acompanhamentos e combos, pode enviar também por favor?"
7f810f53-1822-41ef-b71b-69404cd38928;WASH BAR;Bar;Galante;Rua Antonio Alves Pimentel N: 559B;(83) 98649-6328;5583986496328;https://wa.me/5583986496328;;4.8;5;unknown;no_instagram_with_google_phone;"Olá, tudo bem? Estou cadastrando restaurantes de Campina Grande no FilterFood e queria incluir o WASH BAR. Você poderia me enviar o cardápio atualizado por foto, PDF ou link? Se tiver opções/adicionais como sabores, bordas, molhos, acompanhamentos e combos, pode enviar também por favor?"
dcb1e322-be94-49be-be6d-128a27d2613d;DEUSES BURGUER;Restaurante;Monte Santo;Rua Tabelião Nereu Pereira dos Santos;(83) 98731-9931;5583987319931;https://wa.me/5583987319931;;5;4;unknown;no_instagram_with_google_phone;"Olá, tudo bem? Estou cadastrando restaurantes de Campina Grande no FilterFood e queria incluir o DEUSES BURGUER. Você poderia me enviar o cardápio atualizado por foto, PDF ou link? Se tiver opções/adicionais como sabores, bordas, molhos, acompanhamentos e combos, pode enviar também por favor?"
ec24a919-4d32-4d13-ae60-e159b1350e8c;Sabor na chapa;Lanchonete;Malvinas;R. Florípedes Coutinho;(83) 98671-1285;5583986711285;https://wa.me/5583986711285;;4.8;4;unknown;no_instagram_with_google_phone;"Olá, tudo bem? Estou cadastrando restaurantes de Campina Grande no FilterFood e queria incluir o Sabor na chapa. Você poderia me enviar o cardápio atualizado por foto, PDF ou link? Se tiver opções/adicionais como sabores, bordas, molhos, acompanhamentos e combos, pode enviar também por favor?"
f3082d73-9f33-48ad-a8a1-dea60f4ab3f5;Restaurante Bar Melodia;Restaurante;Palmeira;R. Quinze de Novembro;(83) 98619-3126;5583986193126;https://wa.me/5583986193126;;5;4;unknown;no_instagram_with_google_phone;"Olá, tudo bem? Estou cadastrando restaurantes de Campina Grande no FilterFood e queria incluir o Restaurante Bar Melodia. Você poderia me enviar o cardápio atualizado por foto, PDF ou link? Se tiver opções/adicionais como sabores, bordas, molhos, acompanhamentos e combos, pode enviar também por favor?"
9b7283fe-8afb-440b-bf1b-f42a77837026;GORDUBAS;Hamburgueria;Malvinas;R. Poe. Manoel Camilo dos Santos;(83) 99150-6916;5583991506916;https://wa.me/5583991506916;;5;4;unknown;no_instagram_with_google_phone;"Olá, tudo bem? Estou cadastrando restaurantes de Campina Grande no FilterFood e queria incluir o GORDUBAS. Você poderia me enviar o cardápio atualizado por foto, PDF ou link? Se tiver opções/adicionais como sabores, bordas, molhos, acompanhamentos e combos, pode enviar também por favor?"
49e93ef3-9a3a-4121-a304-fd77ab350e78;Degusty Lanches;Restaurante;Pres. Medici;R. Sen. João Cavalcante Arruda;(83) 3055-3475;558330553475;https://wa.me/558330553475;;4.3;4;unknown;no_instagram_with_google_phone;"Olá, tudo bem? Estou cadastrando restaurantes de Campina Grande no FilterFood e queria incluir o Degusty Lanches. Você poderia me enviar o cardápio atualizado por foto, PDF ou link? Se tiver opções/adicionais como sabores, bordas, molhos, acompanhamentos e combos, pode enviar também por favor?"
b16bf882-2a33-4f7f-9eaf-677960009909;Lanchonete tradicional da lu;Lanchonete;Liberdade;R. Alagoas;(83) 98812-2057;5583988122057;https://wa.me/5583988122057;;4.8;4;unknown;no_instagram_with_google_phone;"Olá, tudo bem? Estou cadastrando restaurantes de Campina Grande no FilterFood e queria incluir o Lanchonete tradicional da lu. Você poderia me enviar o cardápio atualizado por foto, PDF ou link? Se tiver opções/adicionais como sabores, bordas, molhos, acompanhamentos e combos, pode enviar também por favor?"
f4c33b25-0e27-4a33-9395-f6e373d37c53;New Burguer Prince;Hamburgueria;Liberdade;Av. Jorn. Assis Chateaubriand;(83) 98687-8417;5583986878417;https://wa.me/5583986878417;;4.8;4;unknown;no_instagram_with_google_phone;"Olá, tudo bem? Estou cadastrando restaurantes de Campina Grande no FilterFood e queria incluir o New Burguer Prince. Você poderia me enviar o cardápio atualizado por foto, PDF ou link? Se tiver opções/adicionais como sabores, bordas, molhos, acompanhamentos e combos, pode enviar também por favor?"
6a663da7-ee16-42e5-9cb0-9e0a41006844;"Panela Roots - Marmitas, Hambúrguers Veg's, Tapioca e muito mais";Restaurante;Bela Vista;R. Montevidéu;(83) 99839-0866;5583998390866;https://wa.me/5583998390866;;5;4;unknown;no_instagram_with_google_phone;"Olá, tudo bem? Estou cadastrando restaurantes de Campina Grande no FilterFood e queria incluir o Panela Roots - Marmitas, Hambúrguers Veg's, Tapioca e muito mais. Você poderia me enviar o cardápio atualizado por foto, PDF ou link? Se tiver opções/adicionais como sabores, bordas, molhos, acompanhamentos e combos, pode enviar também por favor?"
303dbb21-0905-468d-bb5c-898bde35ffac;Ninha das Quentinhas;Restaurante;Serrotão;R. Joacir Rocha de Oliveira;(83) 99334-6334;5583993346334;https://wa.me/5583993346334;;4.5;4;unknown;no_instagram_with_google_phone;"Olá, tudo bem? Estou cadastrando restaurantes de Campina Grande no FilterFood e queria incluir o Ninha das Quentinhas. Você poderia me enviar o cardápio atualizado por foto, PDF ou link? Se tiver opções/adicionais como sabores, bordas, molhos, acompanhamentos e combos, pode enviar também por favor?"
4e57ee0c-474d-4495-8d27-5c51586110e6;Bar encontro dos amigos;Bar;;R. Suênia Pereira Neves - Dinamérica;(83) 98655-7515;5583986557515;https://wa.me/5583986557515;;4.3;4;unknown;no_instagram_with_google_phone;"Olá, tudo bem? Estou cadastrando restaurantes de Campina Grande no FilterFood e queria incluir o Bar encontro dos amigos. Você poderia me enviar o cardápio atualizado por foto, PDF ou link? Se tiver opções/adicionais como sabores, bordas, molhos, acompanhamentos e combos, pode enviar também por favor?"
a9455f49-cf33-4595-9ce8-5ba2214d78cf;Papel Lanches;Lanchonete;;R. Yara Cordeiro Rocha - Cruzeiro;(83) 98689-3334;5583986893334;https://wa.me/5583986893334;;5;4;unknown;no_instagram_with_google_phone;"Olá, tudo bem? Estou cadastrando restaurantes de Campina Grande no FilterFood e queria incluir o Papel Lanches. Você poderia me enviar o cardápio atualizado por foto, PDF ou link? Se tiver opções/adicionais como sabores, bordas, molhos, acompanhamentos e combos, pode enviar também por favor?"
1ab0ce0b-9aba-4d10-b780-9b8a1129cc61;LEKEL LANCHES;Lanchonete;Cruzeiro;R. Maria da Conceição Cunha;(83) 98615-0404;5583986150404;https://wa.me/5583986150404;;4;4;unknown;no_instagram_with_google_phone;"Olá, tudo bem? Estou cadastrando restaurantes de Campina Grande no FilterFood e queria incluir o LEKEL LANCHES. Você poderia me enviar o cardápio atualizado por foto, PDF ou link? Se tiver opções/adicionais como sabores, bordas, molhos, acompanhamentos e combos, pode enviar também por favor?"
924e034b-3cf4-414e-bf12-4d53ea74fd24;Meu Cantinho;Lanchonete;Cruzeiro;Av. Pres. Juscelino Kubitschek;(83) 98627-5016;5583986275016;https://wa.me/5583986275016;;4;4;unknown;no_instagram_with_google_phone;"Olá, tudo bem? Estou cadastrando restaurantes de Campina Grande no FilterFood e queria incluir o Meu Cantinho. Você poderia me enviar o cardápio atualizado por foto, PDF ou link? Se tiver opções/adicionais como sabores, bordas, molhos, acompanhamentos e combos, pode enviar também por favor?"
20855e2f-86de-4811-8d3d-e90edee221cb;PPzim Bar;Bar;São José;R. Dr. João Moura;(83) 98720-7633;5583987207633;https://wa.me/5583987207633;;4.8;4;unknown;no_instagram_with_google_phone;"Olá, tudo bem? Estou cadastrando restaurantes de Campina Grande no FilterFood e queria incluir o PPzim Bar. Você poderia me enviar o cardápio atualizado por foto, PDF ou link? Se tiver opções/adicionais como sabores, bordas, molhos, acompanhamentos e combos, pode enviar também por favor?"
48e535bf-fffb-4432-9a58-58367c87ae7c;Almoço Dimas;Restaurante;Bodocongó;R. Aprígio Veloso;(83) 98608-9098;5583986089098;https://wa.me/5583986089098;;5;4;unknown;no_instagram_with_google_phone;"Olá, tudo bem? Estou cadastrando restaurantes de Campina Grande no FilterFood e queria incluir o Almoço Dimas. Você poderia me enviar o cardápio atualizado por foto, PDF ou link? Se tiver opções/adicionais como sabores, bordas, molhos, acompanhamentos e combos, pode enviar também por favor?"
f438b06d-db95-459b-aca7-e3b5ffa88465;Brasas Do Quarenta;Churrascaria;Quarenta;R. Santa Rita;(83) 99803-2612;5583998032612;https://wa.me/5583998032612;;5;4;unknown;no_instagram_with_google_phone;"Olá, tudo bem? Estou cadastrando restaurantes de Campina Grande no FilterFood e queria incluir o Brasas Do Quarenta. Você poderia me enviar o cardápio atualizado por foto, PDF ou link? Se tiver opções/adicionais como sabores, bordas, molhos, acompanhamentos e combos, pode enviar também por favor?"
cde1c831-8ab0-4e25-a6b3-16041fc51d77;Brasas Do Quarenta;Churrascaria;Quarenta;R. Santa Rita;(83) 99803-2612;5583998032612;https://wa.me/5583998032612;;5;4;unknown;no_instagram_with_google_phone;"Olá, tudo bem? Estou cadastrando restaurantes de Campina Grande no FilterFood e queria incluir o Brasas Do Quarenta. Você poderia me enviar o cardápio atualizado por foto, PDF ou link? Se tiver opções/adicionais como sabores, bordas, molhos, acompanhamentos e combos, pode enviar também por favor?"
0629a14a-76a1-42b5-9e4a-dd15ccbbb897;Jg lanches;Lanchonete;;R. Everton Cavalcanti de Farias - Três Irmãs;(83) 98716-0534;5583987160534;https://wa.me/5583987160534;;3;4;unknown;no_instagram_with_google_phone;"Olá, tudo bem? Estou cadastrando restaurantes de Campina Grande no FilterFood e queria incluir o Jg lanches. Você poderia me enviar o cardápio atualizado por foto, PDF ou link? Se tiver opções/adicionais como sabores, bordas, molhos, acompanhamentos e combos, pode enviar também por favor?"
44d46ce7-3175-448d-8b39-9ef61e013ceb;L&k salgados e doces;Confeitaria;;R. dos Avelozes - Malvinas;(83) 98669-8916;5583986698916;https://wa.me/5583986698916;;4.5;4;unknown;no_instagram_with_google_phone;"Olá, tudo bem? Estou cadastrando restaurantes de Campina Grande no FilterFood e queria incluir o L&k salgados e doces. Você poderia me enviar o cardápio atualizado por foto, PDF ou link? Se tiver opções/adicionais como sabores, bordas, molhos, acompanhamentos e combos, pode enviar também por favor?"
8fc043d0-3ee1-4497-8b6c-47c75aa0996a;Lanchonete Tia Lu;Lanchonete;;Universitário;(83) 98824-3721;5583988243721;https://wa.me/5583988243721;;5;4;unknown;no_instagram_with_google_phone;"Olá, tudo bem? Estou cadastrando restaurantes de Campina Grande no FilterFood e queria incluir o Lanchonete Tia Lu. Você poderia me enviar o cardápio atualizado por foto, PDF ou link? Se tiver opções/adicionais como sabores, bordas, molhos, acompanhamentos e combos, pode enviar também por favor?"
f54c0154-7268-4afb-a3d3-856eb8ab84bd;Pizzaria Midia Milia;Pizzaria;Conceição;R. Capital Manoel do O Palmeira;(83) 3055-0999;558330550999;https://wa.me/558330550999;;4.5;4;unknown;no_instagram_with_google_phone;"Olá, tudo bem? Estou cadastrando restaurantes de Campina Grande no FilterFood e queria incluir o Pizzaria Midia Milia. Você poderia me enviar o cardápio atualizado por foto, PDF ou link? Se tiver opções/adicionais como sabores, bordas, molhos, acompanhamentos e combos, pode enviar também por favor?"
9f577211-465b-4cb3-863a-576009075f24;Açaiteros;Loja de açaí;Ramadinha I;R. José Soares de Oliveira;(83) 98845-3441;5583988453441;https://wa.me/5583988453441;;5;4;unknown;no_instagram_with_google_phone;"Olá, tudo bem? Estou cadastrando restaurantes de Campina Grande no FilterFood e queria incluir o Açaiteros. Você poderia me enviar o cardápio atualizado por foto, PDF ou link? Se tiver opções/adicionais como sabores, bordas, molhos, acompanhamentos e combos, pode enviar também por favor?"
060b6e95-59d8-4cd8-b8c8-ea0f7e73d71b;Finno Lanche;Delivery de Pizza;Jardim Quarenta;Av. José Martins de Andrade;(83) 99628-3910;5583996283910;https://wa.me/5583996283910;;5;4;unknown;no_instagram_with_google_phone;"Olá, tudo bem? Estou cadastrando restaurantes de Campina Grande no FilterFood e queria incluir o Finno Lanche. Você poderia me enviar o cardápio atualizado por foto, PDF ou link? Se tiver opções/adicionais como sabores, bordas, molhos, acompanhamentos e combos, pode enviar também por favor?"
06fdc259-e12f-44ec-9cca-f2c72c1b64f0;AL LANCHE;Lanchonete;Serrotão;R. José da Guia Ferreira;(83) 98793-4557;5583987934557;https://wa.me/5583987934557;;5;4;unknown;no_instagram_with_google_phone;"Olá, tudo bem? Estou cadastrando restaurantes de Campina Grande no FilterFood e queria incluir o AL LANCHE. Você poderia me enviar o cardápio atualizado por foto, PDF ou link? Se tiver opções/adicionais como sabores, bordas, molhos, acompanhamentos e combos, pode enviar também por favor?"
5b8f83f4-d9bc-435c-b993-c52c3e993d84;Jota's Refeições e Pizzaria Delivery;Restaurante;Cuités;R. Paris;(83) 98738-9934;5583987389934;https://wa.me/5583987389934;;5;4;unknown;no_instagram_with_google_phone;"Olá, tudo bem? Estou cadastrando restaurantes de Campina Grande no FilterFood e queria incluir o Jota's Refeições e Pizzaria Delivery. Você poderia me enviar o cardápio atualizado por foto, PDF ou link? Se tiver opções/adicionais como sabores, bordas, molhos, acompanhamentos e combos, pode enviar também por favor?"
321fb70c-f119-41cc-9708-dc22685e7268;Marmitaria Frango Rei;Restaurante português;Centro;R. Paulo de Frontin;(83) 98863-8945;5583988638945;https://wa.me/5583988638945;;4.5;4;unknown;no_instagram_with_google_phone;"Olá, tudo bem? Estou cadastrando restaurantes de Campina Grande no FilterFood e queria incluir o Marmitaria Frango Rei. Você poderia me enviar o cardápio atualizado por foto, PDF ou link? Se tiver opções/adicionais como sabores, bordas, molhos, acompanhamentos e combos, pode enviar também por favor?"
e3772a96-776a-4a61-9db2-7a3b8f6739eb;Nilda Bar;Bar;Velame;R. Geraldo Ribeiro Dias;(83) 98857-5249;5583988575249;https://wa.me/5583988575249;;5;4;unknown;no_instagram_with_google_phone;"Olá, tudo bem? Estou cadastrando restaurantes de Campina Grande no FilterFood e queria incluir o Nilda Bar. Você poderia me enviar o cardápio atualizado por foto, PDF ou link? Se tiver opções/adicionais como sabores, bordas, molhos, acompanhamentos e combos, pode enviar também por favor?"
3eecf229-0eee-467b-9e07-a4a05af79b12;Boteco Pitaqueiros;Bar;;R. Euride de Farias C. de Melo - Santa Rosa;(83) 2148-6992;558321486992;https://wa.me/558321486992;;3.7;3;unknown;no_instagram_with_google_phone;"Olá, tudo bem? Estou cadastrando restaurantes de Campina Grande no FilterFood e queria incluir o Boteco Pitaqueiros. Você poderia me enviar o cardápio atualizado por foto, PDF ou link? Se tiver opções/adicionais como sabores, bordas, molhos, acompanhamentos e combos, pode enviar também por favor?"
0e17bbcf-b9ad-4303-a734-08e102c67756;Fino Lanches;Lanchonete;;R. das Umburanas - Malvinas;(83) 99375-6390;5583993756390;https://wa.me/5583993756390;;5;3;unknown;no_instagram_with_google_phone;"Olá, tudo bem? Estou cadastrando restaurantes de Campina Grande no FilterFood e queria incluir o Fino Lanches. Você poderia me enviar o cardápio atualizado por foto, PDF ou link? Se tiver opções/adicionais como sabores, bordas, molhos, acompanhamentos e combos, pode enviar também por favor?"
f5f609d2-7153-44d6-a7cb-d10fc8dd45e9;"Cozinha do Bom ao Melhor | Marmitas Fit, Caseiras e Feijoada em Campina Grande PB";Fornecedor de almoços prontos;Liberdade;R. Santa Catarina;(83) 99836-3486;5583998363486;https://wa.me/5583998363486;;5;3;unknown;no_instagram_with_google_phone;"Olá, tudo bem? Estou cadastrando restaurantes de Campina Grande no FilterFood e queria incluir o Cozinha do Bom ao Melhor | Marmitas Fit, Caseiras e Feijoada em Campina Grande PB. Você poderia me enviar o cardápio atualizado por foto, PDF ou link? Se tiver opções/adicionais como sabores, bordas, molhos, acompanhamentos e combos, pode enviar também por favor?"
3847de5e-0aef-44d6-ba9c-2eee98daf478;Divina Cozinha CG;Lanchonete;Santo Antônio;R. Silva Jardim;(83) 98663-9850;5583986639850;https://wa.me/5583986639850;;5;3;unknown;no_instagram_with_google_phone;"Olá, tudo bem? Estou cadastrando restaurantes de Campina Grande no FilterFood e queria incluir o Divina Cozinha CG. Você poderia me enviar o cardápio atualizado por foto, PDF ou link? Se tiver opções/adicionais como sabores, bordas, molhos, acompanhamentos e combos, pode enviar também por favor?"
506f7ab3-6441-44cf-ba5e-1affa34c58e7;Espaço Nordestino ki - Pão;Cafeteria;Alto Branco;R. Rever Augusto Santiago;(83) 98611-3332;5583986113332;https://wa.me/5583986113332;;5;3;unknown;no_instagram_with_google_phone;"Olá, tudo bem? Estou cadastrando restaurantes de Campina Grande no FilterFood e queria incluir o Espaço Nordestino ki - Pão. Você poderia me enviar o cardápio atualizado por foto, PDF ou link? Se tiver opções/adicionais como sabores, bordas, molhos, acompanhamentos e combos, pode enviar também por favor?"
a864cecc-fa1c-4333-8d47-fa4c81bedf9d;Feijoada Paulista Restaurante;Restaurante brasileiro·;Três Irmãs;R. Três Irmãs;(11) 91338-1515;5511913381515;https://wa.me/5511913381515;;5;3;unknown;no_instagram_with_google_phone;"Olá, tudo bem? Estou cadastrando restaurantes de Campina Grande no FilterFood e queria incluir o Feijoada Paulista Restaurante. Você poderia me enviar o cardápio atualizado por foto, PDF ou link? Se tiver opções/adicionais como sabores, bordas, molhos, acompanhamentos e combos, pode enviar também por favor?"
7c67ede9-ecce-42e7-9d7e-79bce0429166;Marmitas E Quentinhas;Restaurante;Santa Rosa;R. João H. de Albuquerque;(83) 99153-6438;5583991536438;https://wa.me/5583991536438;;4.3;3;unknown;no_instagram_with_google_phone;"Olá, tudo bem? Estou cadastrando restaurantes de Campina Grande no FilterFood e queria incluir o Marmitas E Quentinhas. Você poderia me enviar o cardápio atualizado por foto, PDF ou link? Se tiver opções/adicionais como sabores, bordas, molhos, acompanhamentos e combos, pode enviar também por favor?"
eef03ecd-9997-41c2-a348-bff53cf08f8b;Dona Marmita Cg;Restaurante;Malvinas;R. Olindina Pereira dos Santos;(83) 99932-6344;5583999326344;https://wa.me/5583999326344;;5;3;unknown;no_instagram_with_google_phone;"Olá, tudo bem? Estou cadastrando restaurantes de Campina Grande no FilterFood e queria incluir o Dona Marmita Cg. Você poderia me enviar o cardápio atualizado por foto, PDF ou link? Se tiver opções/adicionais como sabores, bordas, molhos, acompanhamentos e combos, pode enviar também por favor?"
e4a90ef1-02e5-4c29-a61b-46f85d9f5554;Espeto Do Federal;Bar;;R. Maria José Bezerra de Carvalho - Três Irmãs;(83) 98668-3346;5583986683346;https://wa.me/5583986683346;;5;3;unknown;no_instagram_with_google_phone;"Olá, tudo bem? Estou cadastrando restaurantes de Campina Grande no FilterFood e queria incluir o Espeto Do Federal. Você poderia me enviar o cardápio atualizado por foto, PDF ou link? Se tiver opções/adicionais como sabores, bordas, molhos, acompanhamentos e combos, pode enviar também por favor?"
a09cd9b7-01a7-47b1-957d-125095c5cfaf;Sandra Marmitaria;Restaurante;São José;R. Siqueira Campos;(83) 98753-1769;5583987531769;https://wa.me/5583987531769;;5;3;unknown;no_instagram_with_google_phone;"Olá, tudo bem? Estou cadastrando restaurantes de Campina Grande no FilterFood e queria incluir o Sandra Marmitaria. Você poderia me enviar o cardápio atualizado por foto, PDF ou link? Se tiver opções/adicionais como sabores, bordas, molhos, acompanhamentos e combos, pode enviar também por favor?"
2cd8c1d2-63e4-4a2d-a385-78e0c8216de1;pastello83cg;Pastelaria brasileira;Catolé;R. João Quirino;(83) 98227-8030;5583982278030;https://wa.me/5583982278030;;3.7;3;unknown;no_instagram_with_google_phone;"Olá, tudo bem? Estou cadastrando restaurantes de Campina Grande no FilterFood e queria incluir o pastello83cg. Você poderia me enviar o cardápio atualizado por foto, PDF ou link? Se tiver opções/adicionais como sabores, bordas, molhos, acompanhamentos e combos, pode enviar também por favor?"
fb6be5d0-e29e-4b36-b746-7add7969384e;Nildo Doceria;Doceria;Santa Cruz;R. Ricardo Cavalcante Albuquerque;(83) 98815-1618;5583988151618;https://wa.me/5583988151618;;5;3;unknown;no_instagram_with_google_phone;"Olá, tudo bem? Estou cadastrando restaurantes de Campina Grande no FilterFood e queria incluir o Nildo Doceria. Você poderia me enviar o cardápio atualizado por foto, PDF ou link? Se tiver opções/adicionais como sabores, bordas, molhos, acompanhamentos e combos, pode enviar também por favor?"
821cdf6b-2492-4080-a7ed-8079fcb60e11;Chaminé Grill - Petiscaria;Bares·;Catolé;R. Ver. José Targino;(83) 3201-7347;558332017347;https://wa.me/558332017347;;5;3;unknown;no_instagram_with_google_phone;"Olá, tudo bem? Estou cadastrando restaurantes de Campina Grande no FilterFood e queria incluir o Chaminé Grill - Petiscaria. Você poderia me enviar o cardápio atualizado por foto, PDF ou link? Se tiver opções/adicionais como sabores, bordas, molhos, acompanhamentos e combos, pode enviar também por favor?"
2e161dcf-18bf-4be1-b123-06aa116bdf0c;Cozinha outset;Restaurante especializado em cuscuz;Malvinas;R. Renata do Nascimento Cruz;(83) 99814-9887;5583998149887;https://wa.me/5583998149887;;5;3;unknown;no_instagram_with_google_phone;"Olá, tudo bem? Estou cadastrando restaurantes de Campina Grande no FilterFood e queria incluir o Cozinha outset. Você poderia me enviar o cardápio atualizado por foto, PDF ou link? Se tiver opções/adicionais como sabores, bordas, molhos, acompanhamentos e combos, pode enviar também por favor?"
b5a84756-4ead-477f-bfa5-2d903c0e26eb;Fernando Refeições;Lanchonete;;Cuités;(83) 98760-4742;5583987604742;https://wa.me/5583987604742;;4.7;3;unknown;no_instagram_with_google_phone;"Olá, tudo bem? Estou cadastrando restaurantes de Campina Grande no FilterFood e queria incluir o Fernando Refeições. Você poderia me enviar o cardápio atualizado por foto, PDF ou link? Se tiver opções/adicionais como sabores, bordas, molhos, acompanhamentos e combos, pode enviar também por favor?"
f3228011-db9e-4d0e-a0c6-b9fcb7698783;Original Burguer;Hamburgueria;Universitário;R. Antônio Joaquim Pequeno;(83) 98612-0173;5583986120173;https://wa.me/5583986120173;;4.7;3;unknown;no_instagram_with_google_phone;"Olá, tudo bem? Estou cadastrando restaurantes de Campina Grande no FilterFood e queria incluir o Original Burguer. Você poderia me enviar o cardápio atualizado por foto, PDF ou link? Se tiver opções/adicionais como sabores, bordas, molhos, acompanhamentos e combos, pode enviar também por favor?"
5c04e2da-1f36-43d1-b768-c11f0e40245d;Bodega do Nalbert;Bar;Dinamérica;R. Décio Pedrosa de Vasconcelos;(83) 98841-7721;5583988417721;https://wa.me/5583988417721;;5;3;unknown;no_instagram_with_google_phone;"Olá, tudo bem? Estou cadastrando restaurantes de Campina Grande no FilterFood e queria incluir o Bodega do Nalbert. Você poderia me enviar o cardápio atualizado por foto, PDF ou link? Se tiver opções/adicionais como sabores, bordas, molhos, acompanhamentos e combos, pode enviar também por favor?"
49f0cdba-d0d5-42af-b350-41f265c52ab5;Restaurante chale do galeto;Restaurante;Cruzeiro;Av. Pres. Juscelino Kubitschek;(83) 99835-9103;5583998359103;https://wa.me/5583998359103;;4.7;3;unknown;no_instagram_with_google_phone;"Olá, tudo bem? Estou cadastrando restaurantes de Campina Grande no FilterFood e queria incluir o Restaurante chale do galeto. Você poderia me enviar o cardápio atualizado por foto, PDF ou link? Se tiver opções/adicionais como sabores, bordas, molhos, acompanhamentos e combos, pode enviar também por favor?"
720ef952-5fc7-4830-9f64-b86260cd6198;Girassol Cozinha Afetiva;Cafeteria·;;R. Aprígio Nepomuceno - Cruzeiro;(83) 98613-5592;5583986135592;https://wa.me/5583986135592;;5;3;unknown;no_instagram_with_google_phone;"Olá, tudo bem? Estou cadastrando restaurantes de Campina Grande no FilterFood e queria incluir o Girassol Cozinha Afetiva. Você poderia me enviar o cardápio atualizado por foto, PDF ou link? Se tiver opções/adicionais como sabores, bordas, molhos, acompanhamentos e combos, pode enviar também por favor?"
cc8091a9-f190-4a66-a25b-976a88a00d7c;Doces de Vick;Restaurante familiar·;;R. Francisco Antonio Nascimento - Monte Castelo;(83) 98617-3930;5583986173930;https://wa.me/5583986173930;;4;3;unknown;no_instagram_with_google_phone;"Olá, tudo bem? Estou cadastrando restaurantes de Campina Grande no FilterFood e queria incluir o Doces de Vick. Você poderia me enviar o cardápio atualizado por foto, PDF ou link? Se tiver opções/adicionais como sabores, bordas, molhos, acompanhamentos e combos, pode enviar também por favor?"
bd1c7908-b926-447a-96b9-f890b9eadc9b;Sabor D´Casa Delivery;Restaurante;Jardim Quarenta;R. Pres. Costa e Silva;(83) 3065-1274;558330651274;https://wa.me/558330651274;;5;3;unknown;no_instagram_with_google_phone;"Olá, tudo bem? Estou cadastrando restaurantes de Campina Grande no FilterFood e queria incluir o Sabor D´Casa Delivery. Você poderia me enviar o cardápio atualizado por foto, PDF ou link? Se tiver opções/adicionais como sabores, bordas, molhos, acompanhamentos e combos, pode enviar também por favor?"
208ad200-9dc8-43ef-8567-e6ebd3f0aa50;Mastorpizza;Pizzaria;;BR-230;(83) 98620-4137;5583986204137;https://wa.me/5583986204137;;3.3;3;unknown;no_instagram_with_google_phone;"Olá, tudo bem? Estou cadastrando restaurantes de Campina Grande no FilterFood e queria incluir o Mastorpizza. Você poderia me enviar o cardápio atualizado por foto, PDF ou link? Se tiver opções/adicionais como sabores, bordas, molhos, acompanhamentos e combos, pode enviar também por favor?"
55acea00-abe7-495b-8220-d95f0dd5ec30;Espaço da gil;Café;Distrito Industrial;Rua Rosa Farias Dantas;(83) 99801-4884;5583998014884;https://wa.me/5583998014884;;5;3;unknown;no_instagram_with_google_phone;"Olá, tudo bem? Estou cadastrando restaurantes de Campina Grande no FilterFood e queria incluir o Espaço da gil. Você poderia me enviar o cardápio atualizado por foto, PDF ou link? Se tiver opções/adicionais como sabores, bordas, molhos, acompanhamentos e combos, pode enviar também por favor?"
0f777aad-4dd3-4244-a794-ad550bb65fcc;CAMPIZZA;Delivery de Pizza;Campina Grande;R. Quinze de Novembro - Palmeira;(83) 98714-7518;5583987147518;https://wa.me/5583987147518;;5;3;unknown;no_instagram_with_google_phone;"Olá, tudo bem? Estou cadastrando restaurantes de Campina Grande no FilterFood e queria incluir o CAMPIZZA. Você poderia me enviar o cardápio atualizado por foto, PDF ou link? Se tiver opções/adicionais como sabores, bordas, molhos, acompanhamentos e combos, pode enviar também por favor?"
15a0e0c7-8c66-4f9d-b826-5b9842fb8567;Bubby Dog Gourmet Hot Dog;Restaurante;Jardim Tavares;Av. Manoel Tavares;(83) 99961-6948;5583999616948;https://wa.me/5583999616948;;5;3;unknown;no_instagram_with_google_phone;"Olá, tudo bem? Estou cadastrando restaurantes de Campina Grande no FilterFood e queria incluir o Bubby Dog Gourmet Hot Dog. Você poderia me enviar o cardápio atualizado por foto, PDF ou link? Se tiver opções/adicionais como sabores, bordas, molhos, acompanhamentos e combos, pode enviar também por favor?"
04591961-4b21-4398-a83d-5f5580be5c36;Tatá Lanches;Restaurante;Jeremias;R. Fernando Pereira;(83) 98848-0391;5583988480391;https://wa.me/5583988480391;;5;3;unknown;no_instagram_with_google_phone;"Olá, tudo bem? Estou cadastrando restaurantes de Campina Grande no FilterFood e queria incluir o Tatá Lanches. Você poderia me enviar o cardápio atualizado por foto, PDF ou link? Se tiver opções/adicionais como sabores, bordas, molhos, acompanhamentos e combos, pode enviar também por favor?"
41e18b8d-3468-49ab-a82d-fa4de0e31450;Açaí 360 CG;Sorveteria;Vila Cabral;R. Ranulfo Gomes de Araújo;(83) 98726-2490;5583987262490;https://wa.me/5583987262490;;5;3;unknown;no_instagram_with_google_phone;"Olá, tudo bem? Estou cadastrando restaurantes de Campina Grande no FilterFood e queria incluir o Açaí 360 CG. Você poderia me enviar o cardápio atualizado por foto, PDF ou link? Se tiver opções/adicionais como sabores, bordas, molhos, acompanhamentos e combos, pode enviar também por favor?"
9a0b9c4f-4d1e-462b-839b-6f7dc0b5a990;Pizzari Delivery;Pizzaria;;R. Antônio Pereira de Almeida;(83) 98665-4222;5583986654222;https://wa.me/5583986654222;;5;3;unknown;no_instagram_with_google_phone;"Olá, tudo bem? Estou cadastrando restaurantes de Campina Grande no FilterFood e queria incluir o Pizzari Delivery. Você poderia me enviar o cardápio atualizado por foto, PDF ou link? Se tiver opções/adicionais como sabores, bordas, molhos, acompanhamentos e combos, pode enviar também por favor?"
d83d1958-4fe8-4dce-b024-d8cc8912501b;AVALANCHES LANCHONETE;Hamburgueria;Galante;R. Tibério Graco Pereira de Sá;(83) 98805-4302;5583988054302;https://wa.me/5583988054302;;5;3;unknown;no_instagram_with_google_phone;"Olá, tudo bem? Estou cadastrando restaurantes de Campina Grande no FilterFood e queria incluir o AVALANCHES LANCHONETE. Você poderia me enviar o cardápio atualizado por foto, PDF ou link? Se tiver opções/adicionais como sabores, bordas, molhos, acompanhamentos e combos, pode enviar também por favor?"
970cb3b4-4a4c-4616-98d7-5261d0b3bd37;Delivery do Bruce;Lanchonete;Galante;R. Padeiro Antônio Alves de Melo;(83) 98853-6781;5583988536781;https://wa.me/5583988536781;;5;3;unknown;no_instagram_with_google_phone;"Olá, tudo bem? Estou cadastrando restaurantes de Campina Grande no FilterFood e queria incluir o Delivery do Bruce. Você poderia me enviar o cardápio atualizado por foto, PDF ou link? Se tiver opções/adicionais como sabores, bordas, molhos, acompanhamentos e combos, pode enviar também por favor?"
bc58d461-2f12-4c71-8356-e0e08bfec27a;Dona Lu Marmitaria;Restaurante;Prata;R. Nilo Peçanha;(83) 99900-8370;5583999008370;https://wa.me/5583999008370;;5;3;unknown;no_instagram_with_google_phone;"Olá, tudo bem? Estou cadastrando restaurantes de Campina Grande no FilterFood e queria incluir o Dona Lu Marmitaria. Você poderia me enviar o cardápio atualizado por foto, PDF ou link? Se tiver opções/adicionais como sabores, bordas, molhos, acompanhamentos e combos, pode enviar também por favor?"
4fff560a-4a08-4eaf-8eb9-f3941f3dd243;A laGeovanna;Lanchonete;;R. Severino Benício Vitorino - Malvinas;(83) 98720-8077;5583987208077;https://wa.me/5583987208077;;3;2;unknown;no_instagram_with_google_phone;"Olá, tudo bem? Estou cadastrando restaurantes de Campina Grande no FilterFood e queria incluir o A laGeovanna. Você poderia me enviar o cardápio atualizado por foto, PDF ou link? Se tiver opções/adicionais como sabores, bordas, molhos, acompanhamentos e combos, pode enviar também por favor?"
be5f0272-2629-46e1-b20f-538bdb09b8db;Açaí Pop;Sorveteria;Sandra Cavalcante;R. Denise Alves de Medeiros;(83) 99688-4324;5583996884324;https://wa.me/5583996884324;;5;2;unknown;no_instagram_with_google_phone;"Olá, tudo bem? Estou cadastrando restaurantes de Campina Grande no FilterFood e queria incluir o Açaí Pop. Você poderia me enviar o cardápio atualizado por foto, PDF ou link? Se tiver opções/adicionais como sabores, bordas, molhos, acompanhamentos e combos, pode enviar também por favor?"
77631c29-1065-48e8-8d43-96e31361ebc2;Assados gallu. Frango na brasa;Restaurante;;Três Irmãs;(83) 98778-4037;5583987784037;https://wa.me/5583987784037;;5;2;unknown;no_instagram_with_google_phone;"Olá, tudo bem? Estou cadastrando restaurantes de Campina Grande no FilterFood e queria incluir o Assados gallu. Frango na brasa. Você poderia me enviar o cardápio atualizado por foto, PDF ou link? Se tiver opções/adicionais como sabores, bordas, molhos, acompanhamentos e combos, pode enviar também por favor?"
608a8c2b-294b-4d90-876d-c62dbd399241;Babi Burguer;Hamburgueria;Sandra Cavalcante;R. Luiz Sodré Filho;(83) 98880-7728;5583988807728;https://wa.me/5583988807728;;5;2;unknown;no_instagram_with_google_phone;"Olá, tudo bem? Estou cadastrando restaurantes de Campina Grande no FilterFood e queria incluir o Babi Burguer. Você poderia me enviar o cardápio atualizado por foto, PDF ou link? Se tiver opções/adicionais como sabores, bordas, molhos, acompanhamentos e combos, pode enviar também por favor?"
410bd144-683e-48bc-bd5b-ddb968f85bc3;Batata do Carioca;Sanduicheria;Liberdade;R. Santa Catarina;(21) 96711-3397;5521967113397;https://wa.me/5521967113397;;4;2;unknown;no_instagram_with_google_phone;"Olá, tudo bem? Estou cadastrando restaurantes de Campina Grande no FilterFood e queria incluir o Batata do Carioca. Você poderia me enviar o cardápio atualizado por foto, PDF ou link? Se tiver opções/adicionais como sabores, bordas, molhos, acompanhamentos e combos, pode enviar também por favor?"
336715fe-8643-4ec7-98b7-b30a2a716b19;Deguste Salgados;Lanchonete;Monte Castelo;Rua Mamede Moisés Raia;(83) 98734-0760;5583987340760;https://wa.me/5583987340760;;5;2;unknown;no_instagram_with_google_phone;"Olá, tudo bem? Estou cadastrando restaurantes de Campina Grande no FilterFood e queria incluir o Deguste Salgados. Você poderia me enviar o cardápio atualizado por foto, PDF ou link? Se tiver opções/adicionais como sabores, bordas, molhos, acompanhamentos e combos, pode enviar também por favor?"
77a42aa1-29b3-4ec5-a3f7-b70084882416;Gabs food;Lanchonete;;R. Rad. Martin Lutero de Lima Nunes - Malvinas;(83) 98715-1568;5583987151568;https://wa.me/5583987151568;;5;2;unknown;no_instagram_with_google_phone;"Olá, tudo bem? Estou cadastrando restaurantes de Campina Grande no FilterFood e queria incluir o Gabs food. Você poderia me enviar o cardápio atualizado por foto, PDF ou link? Se tiver opções/adicionais como sabores, bordas, molhos, acompanhamentos e combos, pode enviar também por favor?"
6ea8af73-97b4-4224-82a1-cf45634c4819;Jedilson Lanches;Restaurante;Sandra Cavalcante;R. Profa. Eutécia Vital Ribeiro;(83) 98735-2168;5583987352168;https://wa.me/5583987352168;;4.5;2;unknown;no_instagram_with_google_phone;"Olá, tudo bem? Estou cadastrando restaurantes de Campina Grande no FilterFood e queria incluir o Jedilson Lanches. Você poderia me enviar o cardápio atualizado por foto, PDF ou link? Se tiver opções/adicionais como sabores, bordas, molhos, acompanhamentos e combos, pode enviar também por favor?"
309fed52-b02d-46ee-9a36-269a8e4a7761;O point do lanche;Pastelaria brasileira;Universitário;R. Domitila Cabral de Castro;(83) 98629-4428;5583986294428;https://wa.me/5583986294428;;5;2;unknown;no_instagram_with_google_phone;"Olá, tudo bem? Estou cadastrando restaurantes de Campina Grande no FilterFood e queria incluir o O point do lanche. Você poderia me enviar o cardápio atualizado por foto, PDF ou link? Se tiver opções/adicionais como sabores, bordas, molhos, acompanhamentos e combos, pode enviar também por favor?"
a7461b3b-500f-411e-9b46-3dd4092b8b5f;Doceria Joyce Silva;Doceria;Santa Cruz;R. Albino Peixoto;(83) 99960-0514;5583999600514;https://wa.me/5583999600514;;4.5;2;unknown;no_instagram_with_google_phone;"Olá, tudo bem? Estou cadastrando restaurantes de Campina Grande no FilterFood e queria incluir o Doceria Joyce Silva. Você poderia me enviar o cardápio atualizado por foto, PDF ou link? Se tiver opções/adicionais como sabores, bordas, molhos, acompanhamentos e combos, pode enviar também por favor?"
fcc156be-786f-4e0b-bf24-c0140f8982df;Espetinho do Allison;Bar e Grill;;"Rodoviária velha, Praça Lauritzen - Centro";(83) 98228-9155;5583982289155;https://wa.me/5583982289155;;3;2;unknown;no_instagram_with_google_phone;"Olá, tudo bem? Estou cadastrando restaurantes de Campina Grande no FilterFood e queria incluir o Espetinho do Allison. Você poderia me enviar o cardápio atualizado por foto, PDF ou link? Se tiver opções/adicionais como sabores, bordas, molhos, acompanhamentos e combos, pode enviar também por favor?"
a0b5eab8-c8c4-4504-a3f6-e4862e273ed3;Tata Marmitas e Quentinhas;Restaurante;Campina Grande;R. Augusto dos Anjos - José Pinheiro;(83) 99696-5963;5583996965963;https://wa.me/5583996965963;;2.5;2;unknown;no_instagram_with_google_phone;"Olá, tudo bem? Estou cadastrando restaurantes de Campina Grande no FilterFood e queria incluir o Tata Marmitas e Quentinhas. Você poderia me enviar o cardápio atualizado por foto, PDF ou link? Se tiver opções/adicionais como sabores, bordas, molhos, acompanhamentos e combos, pode enviar também por favor?"
3017c67f-8164-4c8e-94c4-71f05f258328;Ki Frango;Delivery especializado em pratos de frango;Prata;R. da Independência;(83) 98614-3196;5583986143196;https://wa.me/5583986143196;;5;2;unknown;no_instagram_with_google_phone;"Olá, tudo bem? Estou cadastrando restaurantes de Campina Grande no FilterFood e queria incluir o Ki Frango. Você poderia me enviar o cardápio atualizado por foto, PDF ou link? Se tiver opções/adicionais como sabores, bordas, molhos, acompanhamentos e combos, pode enviar também por favor?"
3573b0d1-c923-4913-98c0-665d411a4d9c;Restaurante Barão do Camarão;Restaurante de frutos do mar;Lj A - Catolé;R. João Quirino;(83) 98710-7931;5583987107931;https://wa.me/5583987107931;;2.5;2;unknown;no_instagram_with_google_phone;"Olá, tudo bem? Estou cadastrando restaurantes de Campina Grande no FilterFood e queria incluir o Restaurante Barão do Camarão. Você poderia me enviar o cardápio atualizado por foto, PDF ou link? Se tiver opções/adicionais como sabores, bordas, molhos, acompanhamentos e combos, pode enviar também por favor?"
86a75022-3dab-4954-a9a3-663e51664a9a;Elis Soparia;Restaurante;Santa Rosa;R. do Sol;(83) 98638-5520;5583986385520;https://wa.me/5583986385520;;5;2;unknown;no_instagram_with_google_phone;"Olá, tudo bem? Estou cadastrando restaurantes de Campina Grande no FilterFood e queria incluir o Elis Soparia. Você poderia me enviar o cardápio atualizado por foto, PDF ou link? Se tiver opções/adicionais como sabores, bordas, molhos, acompanhamentos e combos, pode enviar também por favor?"
ab78595a-f227-4626-96e8-d30c22874bff;J A lanches;Lanchonete;;"R. Três Irmãs, Rua - Três Irmãs";(83) 98729-6588;5583987296588;https://wa.me/5583987296588;;3.5;2;unknown;no_instagram_with_google_phone;"Olá, tudo bem? Estou cadastrando restaurantes de Campina Grande no FilterFood e queria incluir o J A lanches. Você poderia me enviar o cardápio atualizado por foto, PDF ou link? Se tiver opções/adicionais como sabores, bordas, molhos, acompanhamentos e combos, pode enviar também por favor?"
e8bea295-123c-485d-8ae4-c26eb4b80dbd;Sabor Caseiro;Restaurante;Bodocongó;R. Antônio Viêira da Rocha;(83) 2148-6549;558321486549;https://wa.me/558321486549;;4;2;unknown;no_instagram_with_google_phone;"Olá, tudo bem? Estou cadastrando restaurantes de Campina Grande no FilterFood e queria incluir o Sabor Caseiro. Você poderia me enviar o cardápio atualizado por foto, PDF ou link? Se tiver opções/adicionais como sabores, bordas, molhos, acompanhamentos e combos, pode enviar também por favor?"
533193cf-97ee-4261-9ed2-767d962abbdf;Oca;Lanchonete;;Av. Francisco Lopes de Almeida - Rocha Cavalcante;(83) 99600-6043;5583996006043;https://wa.me/5583996006043;;5;2;unknown;no_instagram_with_google_phone;"Olá, tudo bem? Estou cadastrando restaurantes de Campina Grande no FilterFood e queria incluir o Oca. Você poderia me enviar o cardápio atualizado por foto, PDF ou link? Se tiver opções/adicionais como sabores, bordas, molhos, acompanhamentos e combos, pode enviar também por favor?"
a7870011-0c6f-4057-b957-c140e0688cd1;Tia Jô Lanches;Hamburgueria;Jardim Verdejante;Av. Francisco Lopes de Almeida;(83) 99949-1927;5583999491927;https://wa.me/5583999491927;;4.5;2;unknown;no_instagram_with_google_phone;"Olá, tudo bem? Estou cadastrando restaurantes de Campina Grande no FilterFood e queria incluir o Tia Jô Lanches. Você poderia me enviar o cardápio atualizado por foto, PDF ou link? Se tiver opções/adicionais como sabores, bordas, molhos, acompanhamentos e combos, pode enviar também por favor?"
e6d990cb-fe42-4491-9689-753a3b9aca64;A Toca;Bares;Três Irmãs;R. Pôrto Alegre;(83) 96684-4796;5583966844796;https://wa.me/5583966844796;;5;2;unknown;no_instagram_with_google_phone;"Olá, tudo bem? Estou cadastrando restaurantes de Campina Grande no FilterFood e queria incluir o A Toca. Você poderia me enviar o cardápio atualizado por foto, PDF ou link? Se tiver opções/adicionais como sabores, bordas, molhos, acompanhamentos e combos, pode enviar também por favor?"
f9ff90fd-09c8-4546-9a1e-490d16db1183;Parada Certa Spettus;Bar;;Maria Carolina Pereira Zili 264 - Três Irmãs;(83) 98897-0685;5583988970685;https://wa.me/5583988970685;;3;2;unknown;no_instagram_with_google_phone;"Olá, tudo bem? Estou cadastrando restaurantes de Campina Grande no FilterFood e queria incluir o Parada Certa Spettus. Você poderia me enviar o cardápio atualizado por foto, PDF ou link? Se tiver opções/adicionais como sabores, bordas, molhos, acompanhamentos e combos, pode enviar também por favor?"
82b9a0ed-8342-4b46-bafa-06185005cd38;Sport's Bar e Petiscaria;Bar com música ao vivo;Liberdade;R. Rio de Janeiro;(83) 99191-9730;5583991919730;https://wa.me/5583991919730;;3;2;unknown;no_instagram_with_google_phone;"Olá, tudo bem? Estou cadastrando restaurantes de Campina Grande no FilterFood e queria incluir o Sport's Bar e Petiscaria. Você poderia me enviar o cardápio atualizado por foto, PDF ou link? Se tiver opções/adicionais como sabores, bordas, molhos, acompanhamentos e combos, pode enviar também por favor?"
ef9424c5-f52d-4489-9682-0f64dc18097f;Neide Lanches;Lanchonete;Bodocongó;R. Florípedes Coutinho;(83) 98847-9434;5583988479434;https://wa.me/5583988479434;;5;2;unknown;no_instagram_with_google_phone;"Olá, tudo bem? Estou cadastrando restaurantes de Campina Grande no FilterFood e queria incluir o Neide Lanches. Você poderia me enviar o cardápio atualizado por foto, PDF ou link? Se tiver opções/adicionais como sabores, bordas, molhos, acompanhamentos e combos, pode enviar também por favor?"
46ddad1a-e012-457e-8a05-351122c995ed;O seri cascudo;Lanchonete;;Ferinha de bodocongó - R. João Sérgio de Almeida - Bodocongó;(83) 98610-7193;5583986107193;https://wa.me/5583986107193;;3;2;unknown;no_instagram_with_google_phone;"Olá, tudo bem? Estou cadastrando restaurantes de Campina Grande no FilterFood e queria incluir o O seri cascudo. Você poderia me enviar o cardápio atualizado por foto, PDF ou link? Se tiver opções/adicionais como sabores, bordas, molhos, acompanhamentos e combos, pode enviar também por favor?"
4af25387-eea4-4d16-b3ca-fe6a2e97853c;Bosque Grill & Pizza;Pizzaria;São José da Mata;Sítio bosque;(83) 99316-3820;5583993163820;https://wa.me/5583993163820;;5;2;unknown;no_instagram_with_google_phone;"Olá, tudo bem? Estou cadastrando restaurantes de Campina Grande no FilterFood e queria incluir o Bosque Grill & Pizza. Você poderia me enviar o cardápio atualizado por foto, PDF ou link? Se tiver opções/adicionais como sabores, bordas, molhos, acompanhamentos e combos, pode enviar também por favor?"
914d18cb-f996-488b-a6c3-205a4d577579;Açaí Express CG;Loja de açaí;Dinamérica;R. Wilson Cesar de Souza;(83) 98773-8084;5583987738084;https://wa.me/5583987738084;;5;2;unknown;no_instagram_with_google_phone;"Olá, tudo bem? Estou cadastrando restaurantes de Campina Grande no FilterFood e queria incluir o Açaí Express CG. Você poderia me enviar o cardápio atualizado por foto, PDF ou link? Se tiver opções/adicionais como sabores, bordas, molhos, acompanhamentos e combos, pode enviar também por favor?"
4aa7efd2-e2f8-44bb-a334-4764626b2359;Elite Salgados;Restaurante;Monte Castelo;Rua Mamede Moisés Raia;(83) 98722-1921;5583987221921;https://wa.me/5583987221921;;4.5;2;unknown;no_instagram_with_google_phone;"Olá, tudo bem? Estou cadastrando restaurantes de Campina Grande no FilterFood e queria incluir o Elite Salgados. Você poderia me enviar o cardápio atualizado por foto, PDF ou link? Se tiver opções/adicionais como sabores, bordas, molhos, acompanhamentos e combos, pode enviar também por favor?"
a45b7877-b901-4c17-8750-d609e07671a0;R.R LANCHES;Delivery;Três Irmãs;R. José Hildon Boaventura;(83) 98164-8664;5583981648664;https://wa.me/5583981648664;;5;2;unknown;no_instagram_with_google_phone;"Olá, tudo bem? Estou cadastrando restaurantes de Campina Grande no FilterFood e queria incluir o R.R LANCHES. Você poderia me enviar o cardápio atualizado por foto, PDF ou link? Se tiver opções/adicionais como sabores, bordas, molhos, acompanhamentos e combos, pode enviar também por favor?"
d8ad2f79-5a35-4532-b987-0778c400555b;Drika's Burger;Hamburgueria;Três Irmãs;R. Lindalva Torres da Silva;(83) 99338-1694;5583993381694;https://wa.me/5583993381694;;5;2;unknown;no_instagram_with_google_phone;"Olá, tudo bem? Estou cadastrando restaurantes de Campina Grande no FilterFood e queria incluir o Drika's Burger. Você poderia me enviar o cardápio atualizado por foto, PDF ou link? Se tiver opções/adicionais como sabores, bordas, molhos, acompanhamentos e combos, pode enviar também por favor?"
d17474f2-e702-479a-a244-32cff251cdc5;Mine Food;Hamburgueria;;R. Antônia Nunes Patriota - Três Irmãs;(83) 99924-9460;5583999249460;https://wa.me/5583999249460;;5;2;unknown;no_instagram_with_google_phone;"Olá, tudo bem? Estou cadastrando restaurantes de Campina Grande no FilterFood e queria incluir o Mine Food. Você poderia me enviar o cardápio atualizado por foto, PDF ou link? Se tiver opções/adicionais como sabores, bordas, molhos, acompanhamentos e combos, pode enviar também por favor?"
61ffc4f0-1afc-434a-afce-61b3a7ef7d2d;Pintinho Lanches;Lanchonete;Palmeira;R. João Suassuna;(83) 98884-6177;5583988846177;https://wa.me/5583988846177;;3.5;2;unknown;no_instagram_with_google_phone;"Olá, tudo bem? Estou cadastrando restaurantes de Campina Grande no FilterFood e queria incluir o Pintinho Lanches. Você poderia me enviar o cardápio atualizado por foto, PDF ou link? Se tiver opções/adicionais como sabores, bordas, molhos, acompanhamentos e combos, pode enviar também por favor?"
b40c37c4-92ee-45cc-9150-60cb653af2bb;Terraço's food;Lanchonete;Serrotão;R. Francisco de Assis Avelino de Figueiredo;(83) 98715-7985;5583987157985;https://wa.me/5583987157985;;5;2;unknown;no_instagram_with_google_phone;"Olá, tudo bem? Estou cadastrando restaurantes de Campina Grande no FilterFood e queria incluir o Terraço's food. Você poderia me enviar o cardápio atualizado por foto, PDF ou link? Se tiver opções/adicionais como sabores, bordas, molhos, acompanhamentos e combos, pode enviar também por favor?"
8acb42ee-4f4f-4aeb-b3fb-90b02481bd4b;Açaí da May;Sorveteria;Três Irmãs;R. Maria José Bezerra de Carvalho;(83) 98149-2813;5583981492813;https://wa.me/5583981492813;;5;2;unknown;no_instagram_with_google_phone;"Olá, tudo bem? Estou cadastrando restaurantes de Campina Grande no FilterFood e queria incluir o Açaí da May. Você poderia me enviar o cardápio atualizado por foto, PDF ou link? Se tiver opções/adicionais como sabores, bordas, molhos, acompanhamentos e combos, pode enviar também por favor?"
033abd08-1044-4236-b98e-d2a55c4c3696;Chinataki;Restaurante de culinária japonesa com influência ocidental;Serrotão;R. Fernando Cabral;(83) 98775-1440;5583987751440;https://wa.me/5583987751440;;5;2;unknown;no_instagram_with_google_phone;"Olá, tudo bem? Estou cadastrando restaurantes de Campina Grande no FilterFood e queria incluir o Chinataki. Você poderia me enviar o cardápio atualizado por foto, PDF ou link? Se tiver opções/adicionais como sabores, bordas, molhos, acompanhamentos e combos, pode enviar também por favor?"
39b3fb22-3364-40ef-a787-48b2af0a45a1;Espetinho e lanches da Mônica;Bar e Grill;Santa Cruz;R. Jorn. Walter Mendonça;(83) 99187-3760;5583991873760;https://wa.me/5583991873760;;5;2;unknown;no_instagram_with_google_phone;"Olá, tudo bem? Estou cadastrando restaurantes de Campina Grande no FilterFood e queria incluir o Espetinho e lanches da Mônica. Você poderia me enviar o cardápio atualizado por foto, PDF ou link? Se tiver opções/adicionais como sabores, bordas, molhos, acompanhamentos e combos, pode enviar também por favor?"
9725756a-20ae-4078-825d-497333ab7290;Rizza Pizza;Delivery de Pizza;Centro;R. Treze de Maio;(83) 98665-8837;5583986658837;https://wa.me/5583986658837;;3;2;unknown;no_instagram_with_google_phone;"Olá, tudo bem? Estou cadastrando restaurantes de Campina Grande no FilterFood e queria incluir o Rizza Pizza. Você poderia me enviar o cardápio atualizado por foto, PDF ou link? Se tiver opções/adicionais como sabores, bordas, molhos, acompanhamentos e combos, pode enviar também por favor?"
14991bfa-11f6-4d77-bfbc-02ae0a384ffd;J.A Lanches;Delicatessen;Monte Santo;Rua Tomaz Santa Rosa;(83) 99987-0771;5583999870771;https://wa.me/5583999870771;;5;2;unknown;no_instagram_with_google_phone;"Olá, tudo bem? Estou cadastrando restaurantes de Campina Grande no FilterFood e queria incluir o J.A Lanches. Você poderia me enviar o cardápio atualizado por foto, PDF ou link? Se tiver opções/adicionais como sabores, bordas, molhos, acompanhamentos e combos, pode enviar também por favor?"
de75a964-f42e-447e-9af5-79d66b3aefa5;Sra Açaí sorveteria;Sorveteria;Rua Isabel Alexandre bernardino S/N quadra G1 lote 07 - Nova Brasília;Glória 1;(83) 98686-9659;5583986869659;https://wa.me/5583986869659;;5;2;unknown;no_instagram_with_google_phone;"Olá, tudo bem? Estou cadastrando restaurantes de Campina Grande no FilterFood e queria incluir o Sra Açaí sorveteria. Você poderia me enviar o cardápio atualizado por foto, PDF ou link? Se tiver opções/adicionais como sabores, bordas, molhos, acompanhamentos e combos, pode enviar também por favor?"
1d1c228d-2fed-4eae-af60-530f27b4ecdb;Bela Batata Lanches;Lanchonete;Centenário;R. Cap. Domingos Cariris;(83) 98739-3539;5583987393539;https://wa.me/5583987393539;;5;2;unknown;no_instagram_with_google_phone;"Olá, tudo bem? Estou cadastrando restaurantes de Campina Grande no FilterFood e queria incluir o Bela Batata Lanches. Você poderia me enviar o cardápio atualizado por foto, PDF ou link? Se tiver opções/adicionais como sabores, bordas, molhos, acompanhamentos e combos, pode enviar também por favor?"
0880270a-c7af-4d34-b23a-233755727b8d;MFaçai;Sorveteria;Centenário;R. Delmiro Gouvêia;(83) 99391-2677;5583993912677;https://wa.me/5583993912677;;4;2;unknown;no_instagram_with_google_phone;"Olá, tudo bem? Estou cadastrando restaurantes de Campina Grande no FilterFood e queria incluir o MFaçai. Você poderia me enviar o cardápio atualizado por foto, PDF ou link? Se tiver opções/adicionais como sabores, bordas, molhos, acompanhamentos e combos, pode enviar também por favor?"
8f0f64cb-47a7-4a12-9362-ca7e483b5424;Marmita do chefe;Restaurante;Estacao Velha;R. João Maria de Souza Ribeiro;(83) 98159-4575;5583981594575;https://wa.me/5583981594575;;5;2;unknown;no_instagram_with_google_phone;"Olá, tudo bem? Estou cadastrando restaurantes de Campina Grande no FilterFood e queria incluir o Marmita do chefe. Você poderia me enviar o cardápio atualizado por foto, PDF ou link? Se tiver opções/adicionais como sabores, bordas, molhos, acompanhamentos e combos, pode enviar também por favor?"
800812e9-25dc-41b4-ae48-ae91675e81d2;Mana Açaí & Lanches;Pizzaria;Galante;P7CC+PF;(83) 99404-9762;5583994049762;https://wa.me/5583994049762;;5;2;unknown;no_instagram_with_google_phone;"Olá, tudo bem? Estou cadastrando restaurantes de Campina Grande no FilterFood e queria incluir o Mana Açaí & Lanches. Você poderia me enviar o cardápio atualizado por foto, PDF ou link? Se tiver opções/adicionais como sabores, bordas, molhos, acompanhamentos e combos, pode enviar também por favor?"
4cbfcba3-6de4-4976-a954-1e134c9a9ae4;Point do Caldo de Cana e Lanches;Lanchonete;São José da Mata;R. Benício Fernandes;(83) 98197-4141;5583981974141;https://wa.me/5583981974141;;5;2;unknown;no_instagram_with_google_phone;"Olá, tudo bem? Estou cadastrando restaurantes de Campina Grande no FilterFood e queria incluir o Point do Caldo de Cana e Lanches. Você poderia me enviar o cardápio atualizado por foto, PDF ou link? Se tiver opções/adicionais como sabores, bordas, molhos, acompanhamentos e combos, pode enviar também por favor?"
29f03fe5-03c9-402f-b0c2-85ea0fd75b81;Casa do Açaí;;Centro;R. Miguel Couto;(83) 98884-5256;5583988845256;https://wa.me/5583988845256;;5;2;unknown;no_instagram_with_google_phone;"Olá, tudo bem? Estou cadastrando restaurantes de Campina Grande no FilterFood e queria incluir o Casa do Açaí. Você poderia me enviar o cardápio atualizado por foto, PDF ou link? Se tiver opções/adicionais como sabores, bordas, molhos, acompanhamentos e combos, pode enviar também por favor?"
7af54ac0-3fc2-4010-95e9-cc2aa3c20216;Na Tasquita Cafeteria;Cafeteria;Box 04 - Dinamérica;Av. Mal. Floriano Peixoto;(83) 99963-6077;5583999636077;https://wa.me/5583999636077;;5;2;unknown;no_instagram_with_google_phone;"Olá, tudo bem? Estou cadastrando restaurantes de Campina Grande no FilterFood e queria incluir o Na Tasquita Cafeteria. Você poderia me enviar o cardápio atualizado por foto, PDF ou link? Se tiver opções/adicionais como sabores, bordas, molhos, acompanhamentos e combos, pode enviar também por favor?"
389ef0d0-6a4c-4ba3-8d52-b7f27dac20d5;Tiúba Spettus;Bar;;R. Gregório Lourenço Bezerra - Rocha Cavalcante;(83) 98163-3021;5583981633021;https://wa.me/5583981633021;;5;1;unknown;no_instagram_with_google_phone;"Olá, tudo bem? Estou cadastrando restaurantes de Campina Grande no FilterFood e queria incluir o Tiúba Spettus. Você poderia me enviar o cardápio atualizado por foto, PDF ou link? Se tiver opções/adicionais como sabores, bordas, molhos, acompanhamentos e combos, pode enviar também por favor?"
f8cb937a-c33f-4e58-8b0a-8cd44595fa39;JOHNSON'S BURGER;Hamburgueria;;R. Inácia Vitorino de Araújo - Malvinas;(83) 99861-5803;5583998615803;https://wa.me/5583998615803;;5;1;unknown;no_instagram_with_google_phone;"Olá, tudo bem? Estou cadastrando restaurantes de Campina Grande no FilterFood e queria incluir o JOHNSON'S BURGER. Você poderia me enviar o cardápio atualizado por foto, PDF ou link? Se tiver opções/adicionais como sabores, bordas, molhos, acompanhamentos e combos, pode enviar também por favor?"
9c5759d9-e0a2-41f9-bd38-7142cfcabba1;MixBurgerCG;Hamburgueria;;R. Baltazar Rodrigues dos Anjos - Malvinas;(83) 98675-5784;5583986755784;https://wa.me/5583986755784;;5;1;unknown;no_instagram_with_google_phone;"Olá, tudo bem? Estou cadastrando restaurantes de Campina Grande no FilterFood e queria incluir o MixBurgerCG. Você poderia me enviar o cardápio atualizado por foto, PDF ou link? Se tiver opções/adicionais como sabores, bordas, molhos, acompanhamentos e combos, pode enviar também por favor?"
e8b689a1-5207-430f-8611-c9ab7fed42b3;Açaíterapia;Lanchonete;Alto Branco;Rua Professora Luiza de Castro lago;(83) 99322-0901;5583993220901;https://wa.me/5583993220901;;5;1;unknown;no_instagram_with_google_phone;"Olá, tudo bem? Estou cadastrando restaurantes de Campina Grande no FilterFood e queria incluir o Açaíterapia. Você poderia me enviar o cardápio atualizado por foto, PDF ou link? Se tiver opções/adicionais como sabores, bordas, molhos, acompanhamentos e combos, pode enviar também por favor?"
8b72ab84-003c-44c9-a538-715ab21b57ae;Addams Burguer House;Lanchonete;;R. Antônio Quirino de Melo - Três Irmãs;(83) 98137-6570;5583981376570;https://wa.me/5583981376570;;5;1;unknown;no_instagram_with_google_phone;"Olá, tudo bem? Estou cadastrando restaurantes de Campina Grande no FilterFood e queria incluir o Addams Burguer House. Você poderia me enviar o cardápio atualizado por foto, PDF ou link? Se tiver opções/adicionais como sabores, bordas, molhos, acompanhamentos e combos, pode enviar também por favor?"
f1ae9b20-b2c9-42fc-ace8-5359c38ad3b1;Bom Sabor Lanchonete e Marmitaria;Restaurante;;Av. Min. Alcides Carneiro - Monte Santo;(83) 98804-0606;5583988040606;https://wa.me/5583988040606;;5;1;unknown;no_instagram_with_google_phone;"Olá, tudo bem? Estou cadastrando restaurantes de Campina Grande no FilterFood e queria incluir o Bom Sabor Lanchonete e Marmitaria. Você poderia me enviar o cardápio atualizado por foto, PDF ou link? Se tiver opções/adicionais como sabores, bordas, molhos, acompanhamentos e combos, pode enviar também por favor?"
dd4e5263-8d18-471c-86b0-02ae9a3598bc;Carla's Delights;Restaurante de comida para viagem;Bodocongó;R. Marinaldo V. Batista Filho;(83) 98605-3863;5583986053863;https://wa.me/5583986053863;;5;1;unknown;no_instagram_with_google_phone;"Olá, tudo bem? Estou cadastrando restaurantes de Campina Grande no FilterFood e queria incluir o Carla's Delights. Você poderia me enviar o cardápio atualizado por foto, PDF ou link? Se tiver opções/adicionais como sabores, bordas, molhos, acompanhamentos e combos, pode enviar também por favor?"
b2783cd0-eace-4ccc-af92-f160a42b07f5;Caseiro da Hora;Restaurante fast-food;Alto Branco;R. Maestro Honório;(83) 98880-6310;5583988806310;https://wa.me/5583988806310;;1;1;unknown;no_instagram_with_google_phone;"Olá, tudo bem? Estou cadastrando restaurantes de Campina Grande no FilterFood e queria incluir o Caseiro da Hora. Você poderia me enviar o cardápio atualizado por foto, PDF ou link? Se tiver opções/adicionais como sabores, bordas, molhos, acompanhamentos e combos, pode enviar também por favor?"
357a9155-c4e7-4c3e-b234-79758263e61f;Christian Açaí;Sorveteria;1 Andar - Centenário;Av. Prof. Almeida Barreto;(83) 98818-3896;5583988183896;https://wa.me/5583988183896;;1;1;unknown;no_instagram_with_google_phone;"Olá, tudo bem? Estou cadastrando restaurantes de Campina Grande no FilterFood e queria incluir o Christian Açaí. Você poderia me enviar o cardápio atualizado por foto, PDF ou link? Se tiver opções/adicionais como sabores, bordas, molhos, acompanhamentos e combos, pode enviar também por favor?"
1822f8b8-9ede-4172-b4ee-a628ae16c713;Cozinha da Maria;Cafeteria;Pres. Medici;R. Sen. João Cavalcante Arruda;(83) 99383-0045;5583993830045;https://wa.me/5583993830045;;1;1;unknown;no_instagram_with_google_phone;"Olá, tudo bem? Estou cadastrando restaurantes de Campina Grande no FilterFood e queria incluir o Cozinha da Maria. Você poderia me enviar o cardápio atualizado por foto, PDF ou link? Se tiver opções/adicionais como sabores, bordas, molhos, acompanhamentos e combos, pode enviar também por favor?"
609e41ff-30bf-4d2c-adc9-02e53b8ad294;Divino's Lanches;Lanchonete;Distrito Industrial;Av. João Wallig;(83) 98190-4529;5583981904529;https://wa.me/5583981904529;;5;1;unknown;no_instagram_with_google_phone;"Olá, tudo bem? Estou cadastrando restaurantes de Campina Grande no FilterFood e queria incluir o Divino's Lanches. Você poderia me enviar o cardápio atualizado por foto, PDF ou link? Se tiver opções/adicionais como sabores, bordas, molhos, acompanhamentos e combos, pode enviar também por favor?"
473f0159-3eed-4513-9b37-41b5c6d1343d;Doce e Cia;Confeitaria;Catolé;R. Tab. Severino Lucas de Lacerda;(83) 98769-1722;5583987691722;https://wa.me/5583987691722;;5;1;unknown;no_instagram_with_google_phone;"Olá, tudo bem? Estou cadastrando restaurantes de Campina Grande no FilterFood e queria incluir o Doce e Cia. Você poderia me enviar o cardápio atualizado por foto, PDF ou link? Se tiver opções/adicionais como sabores, bordas, molhos, acompanhamentos e combos, pode enviar também por favor?"
b455da91-161f-4311-8a1a-57b0751b772a;Doçuras da Fêh;Cafeteria;Malvinas;R. Valdair Pequeno de Melo;(83) 98719-4865;5583987194865;https://wa.me/5583987194865;;4;1;unknown;no_instagram_with_google_phone;"Olá, tudo bem? Estou cadastrando restaurantes de Campina Grande no FilterFood e queria incluir o Doçuras da Fêh. Você poderia me enviar o cardápio atualizado por foto, PDF ou link? Se tiver opções/adicionais como sabores, bordas, molhos, acompanhamentos e combos, pode enviar também por favor?"
d1ae34e3-44c4-4495-9d38-cc71c3276aaf;Galeteria e Petiscaria Seu Jorge;Bar;;R. Maria da Guia Muniz Albuquerque - Serrotão;(83) 98682-4284;5583986824284;https://wa.me/5583986824284;;5;1;unknown;no_instagram_with_google_phone;"Olá, tudo bem? Estou cadastrando restaurantes de Campina Grande no FilterFood e queria incluir o Galeteria e Petiscaria Seu Jorge. Você poderia me enviar o cardápio atualizado por foto, PDF ou link? Se tiver opções/adicionais como sabores, bordas, molhos, acompanhamentos e combos, pode enviar também por favor?"
cbb9341e-acee-43ba-9147-be8bbd244f9e;Burguer House cg;Hamburgueria·;Catolé;R. João Quirino;(83) 98793-0335;5583987930335;https://wa.me/5583987930335;;5;1;unknown;no_instagram_with_google_phone;"Olá, tudo bem? Estou cadastrando restaurantes de Campina Grande no FilterFood e queria incluir o Burguer House cg. Você poderia me enviar o cardápio atualizado por foto, PDF ou link? Se tiver opções/adicionais como sabores, bordas, molhos, acompanhamentos e combos, pode enviar também por favor?"
3d518f28-74a5-4a1e-8669-5d60d825d9e6;Favoritto Pastel;Pastelaria brasileira·;Jardim Quarenta;Av. Almirante Barroso;(83) 99915-3838;5583999153838;https://wa.me/5583999153838;;5;1;unknown;no_instagram_with_google_phone;"Olá, tudo bem? Estou cadastrando restaurantes de Campina Grande no FilterFood e queria incluir o Favoritto Pastel. Você poderia me enviar o cardápio atualizado por foto, PDF ou link? Se tiver opções/adicionais como sabores, bordas, molhos, acompanhamentos e combos, pode enviar também por favor?"
c4ce3bbe-8f32-4a45-bb78-91726cc7fb12;Lanchonete Sabor do Sertão;Lanchonete;Prata;Av. Pres. Getúlio Vargas;(83) 98881-3631;5583988813631;https://wa.me/5583988813631;;5;1;unknown;no_instagram_with_google_phone;"Olá, tudo bem? Estou cadastrando restaurantes de Campina Grande no FilterFood e queria incluir o Lanchonete Sabor do Sertão. Você poderia me enviar o cardápio atualizado por foto, PDF ou link? Se tiver opções/adicionais como sabores, bordas, molhos, acompanhamentos e combos, pode enviar também por favor?"
b36c5c39-e3ce-43e3-b568-b944a8988a41;Lita's Bar;Bar;;R. João Pequeno - Catolé;(83) 98766-9203;5583987669203;https://wa.me/5583987669203;;5;1;unknown;no_instagram_with_google_phone;"Olá, tudo bem? Estou cadastrando restaurantes de Campina Grande no FilterFood e queria incluir o Lita's Bar. Você poderia me enviar o cardápio atualizado por foto, PDF ou link? Se tiver opções/adicionais como sabores, bordas, molhos, acompanhamentos e combos, pode enviar também por favor?"
99190a00-f74b-4201-8a3c-0882586d11d2;No point do açaí;Lanchonete;Centro;R. Cardoso Viêira;(83) 99386-1196;5583993861196;https://wa.me/5583993861196;;5;1;unknown;no_instagram_with_google_phone;"Olá, tudo bem? Estou cadastrando restaurantes de Campina Grande no FilterFood e queria incluir o No point do açaí. Você poderia me enviar o cardápio atualizado por foto, PDF ou link? Se tiver opções/adicionais como sabores, bordas, molhos, acompanhamentos e combos, pode enviar também por favor?"
018c44c6-03d8-4199-b357-b57a47995097;Pastel do Voinho;Pastelaria brasileira;;ss;(83) 98210-1822;5583982101822;https://wa.me/5583982101822;;5;1;unknown;no_instagram_with_google_phone;"Olá, tudo bem? Estou cadastrando restaurantes de Campina Grande no FilterFood e queria incluir o Pastel do Voinho. Você poderia me enviar o cardápio atualizado por foto, PDF ou link? Se tiver opções/adicionais como sabores, bordas, molhos, acompanhamentos e combos, pode enviar também por favor?"
ec4fec9c-cfe7-4035-a73a-262be4ea959c;Sabores da terra;Sorveteria;Serrotão;R. Maria da Guia Muniz Albuquerque;(83) 98603-8151;5583986038151;https://wa.me/5583986038151;;5;1;unknown;no_instagram_with_google_phone;"Olá, tudo bem? Estou cadastrando restaurantes de Campina Grande no FilterFood e queria incluir o Sabores da terra. Você poderia me enviar o cardápio atualizado por foto, PDF ou link? Se tiver opções/adicionais como sabores, bordas, molhos, acompanhamentos e combos, pode enviar também por favor?"
f9b979ed-7e9d-4d0f-81ab-328cba690187;Seu Valdo food;Hamburgueria·;Malvinas;R. Sebastião Martins Oliveira;(83) 99373-0457;5583993730457;https://wa.me/5583993730457;;4;1;unknown;no_instagram_with_google_phone;"Olá, tudo bem? Estou cadastrando restaurantes de Campina Grande no FilterFood e queria incluir o Seu Valdo food. Você poderia me enviar o cardápio atualizado por foto, PDF ou link? Se tiver opções/adicionais como sabores, bordas, molhos, acompanhamentos e combos, pode enviar também por favor?"
a22af5f5-23c1-4720-9c47-016632d0cc58;Great Açai;Loja de açaí;;Residencial nenzinha cunha lima - Santa Rosa;(83) 98612-0376;5583986120376;https://wa.me/5583986120376;;4;1;unknown;no_instagram_with_google_phone;"Olá, tudo bem? Estou cadastrando restaurantes de Campina Grande no FilterFood e queria incluir o Great Açai. Você poderia me enviar o cardápio atualizado por foto, PDF ou link? Se tiver opções/adicionais como sabores, bordas, molhos, acompanhamentos e combos, pode enviar também por favor?"
64e3305c-1b02-48c7-8ce1-09e10d13c7b4;pizzaria forno a lenha;Pizzaria;;R. João Amorim Guedes - Acácio Figueiredo;(83) 98617-3214;5583986173214;https://wa.me/5583986173214;;5;1;unknown;no_instagram_with_google_phone;"Olá, tudo bem? Estou cadastrando restaurantes de Campina Grande no FilterFood e queria incluir o pizzaria forno a lenha. Você poderia me enviar o cardápio atualizado por foto, PDF ou link? Se tiver opções/adicionais como sabores, bordas, molhos, acompanhamentos e combos, pode enviar também por favor?"
e51e02c0-d0d2-4d56-b48f-e389ec784fba;Butecu's bar e petiscaria;Bar;Quarenta;Av. Almirante Barroso;(83) 99642-3282;5583996423282;https://wa.me/5583996423282;;5;1;unknown;no_instagram_with_google_phone;"Olá, tudo bem? Estou cadastrando restaurantes de Campina Grande no FilterFood e queria incluir o Butecu's bar e petiscaria. Você poderia me enviar o cardápio atualizado por foto, PDF ou link? Se tiver opções/adicionais como sabores, bordas, molhos, acompanhamentos e combos, pode enviar também por favor?"
760f8ad8-2089-4673-997c-451ddc118662;Junior Elias Marmitaria Self-Service;Restaurante;Cruzeiro;R. Jose Pequeno;(83) 98834-0874;5583988340874;https://wa.me/5583988340874;;5;1;unknown;no_instagram_with_google_phone;"Olá, tudo bem? Estou cadastrando restaurantes de Campina Grande no FilterFood e queria incluir o Junior Elias Marmitaria Self-Service. Você poderia me enviar o cardápio atualizado por foto, PDF ou link? Se tiver opções/adicionais como sabores, bordas, molhos, acompanhamentos e combos, pode enviar também por favor?"
2f21041e-bb85-432b-b02f-cc94719bc0a4;Açai da Galega;Sorveteria;;R. Jabuticabeiras - Malvinas;(83) 98898-0955;5583988980955;https://wa.me/5583988980955;;5;1;unknown;no_instagram_with_google_phone;"Olá, tudo bem? Estou cadastrando restaurantes de Campina Grande no FilterFood e queria incluir o Açai da Galega. Você poderia me enviar o cardápio atualizado por foto, PDF ou link? Se tiver opções/adicionais como sabores, bordas, molhos, acompanhamentos e combos, pode enviar também por favor?"
4081e08c-b98a-4279-9c16-2168472459ea;Hamburgueria91cg;Lanchonete;Bodocongó;R. Manoel Gonçalves Melo;(83) 98711-0145;5583987110145;https://wa.me/5583987110145;;5;1;unknown;no_instagram_with_google_phone;"Olá, tudo bem? Estou cadastrando restaurantes de Campina Grande no FilterFood e queria incluir o Hamburgueria91cg. Você poderia me enviar o cardápio atualizado por foto, PDF ou link? Se tiver opções/adicionais como sabores, bordas, molhos, acompanhamentos e combos, pode enviar também por favor?"
3b88393c-f8e8-4efd-b130-2cd438ae295a;gburgercg;Hamburgueria;;R. José Henrique de Melo - Vila Cabral;(83) 98128-5535;5583981285535;https://wa.me/5583981285535;;5;1;unknown;no_instagram_with_google_phone;"Olá, tudo bem? Estou cadastrando restaurantes de Campina Grande no FilterFood e queria incluir o gburgercg. Você poderia me enviar o cardápio atualizado por foto, PDF ou link? Se tiver opções/adicionais como sabores, bordas, molhos, acompanhamentos e combos, pode enviar também por favor?"
04f557c7-53e5-4bfd-8f25-e2c83bc01d05;Liz Açaiteria;Sorveteria;Serrotão;R. Luzinalda Edite de Araújo Leite;(83) 98624-7700;5583986247700;https://wa.me/5583986247700;;5;1;unknown;no_instagram_with_google_phone;"Olá, tudo bem? Estou cadastrando restaurantes de Campina Grande no FilterFood e queria incluir o Liz Açaiteria. Você poderia me enviar o cardápio atualizado por foto, PDF ou link? Se tiver opções/adicionais como sabores, bordas, molhos, acompanhamentos e combos, pode enviar também por favor?"
1db1af4a-d414-4692-b980-d55a016fa6bf;YPIRANGA BAR;Bar;Prata;R. Dom Pedro II;(83) 99301-1061;5583993011061;https://wa.me/5583993011061;;5;1;unknown;no_instagram_with_google_phone;"Olá, tudo bem? Estou cadastrando restaurantes de Campina Grande no FilterFood e queria incluir o YPIRANGA BAR. Você poderia me enviar o cardápio atualizado por foto, PDF ou link? Se tiver opções/adicionais como sabores, bordas, molhos, acompanhamentos e combos, pode enviar também por favor?"
e2ccce68-81c5-4f29-9350-18a306de79dc;Meu pastel CG;Lanchonete;Pedregal;R. São Vicente;(83) 98654-1193;5583986541193;https://wa.me/5583986541193;;4;1;unknown;no_instagram_with_google_phone;"Olá, tudo bem? Estou cadastrando restaurantes de Campina Grande no FilterFood e queria incluir o Meu pastel CG. Você poderia me enviar o cardápio atualizado por foto, PDF ou link? Se tiver opções/adicionais como sabores, bordas, molhos, acompanhamentos e combos, pode enviar também por favor?"
bee3f2b8-47f7-4d99-bbfc-eef8ba87122a;Ricardo Burguer;Hamburgueria;Velame;R. Paulo Gomes Perico;(83) 99859-3345;5583998593345;https://wa.me/5583998593345;;5;1;unknown;no_instagram_with_google_phone;"Olá, tudo bem? Estou cadastrando restaurantes de Campina Grande no FilterFood e queria incluir o Ricardo Burguer. Você poderia me enviar o cardápio atualizado por foto, PDF ou link? Se tiver opções/adicionais como sabores, bordas, molhos, acompanhamentos e combos, pode enviar também por favor?"
c2a673a8-1e10-4d69-9a49-01dd90a555ae;Breakfast Restaurante;Restaurante·;Pres. Medici;R. Grisbert de Oliveira Gonzaga;(83) 99675-8702;5583996758702;https://wa.me/5583996758702;;5;1;unknown;no_instagram_with_google_phone;"Olá, tudo bem? Estou cadastrando restaurantes de Campina Grande no FilterFood e queria incluir o Breakfast Restaurante. Você poderia me enviar o cardápio atualizado por foto, PDF ou link? Se tiver opções/adicionais como sabores, bordas, molhos, acompanhamentos e combos, pode enviar também por favor?"
b89fdd72-a609-4187-ae07-6f8055961798;F&T Comedoria Gourmet;Restaurante;Pres. Medici;R. Subtenente João Alves de Almeida;(83) 98194-1762;5583981941762;https://wa.me/5583981941762;;5;1;unknown;no_instagram_with_google_phone;"Olá, tudo bem? Estou cadastrando restaurantes de Campina Grande no FilterFood e queria incluir o F&T Comedoria Gourmet. Você poderia me enviar o cardápio atualizado por foto, PDF ou link? Se tiver opções/adicionais como sabores, bordas, molhos, acompanhamentos e combos, pode enviar também por favor?"
99a28742-fea0-4d2d-a71c-670a86c15fd4;Dolce Gourmet;Confeitaria;Liberdade;R. Severino Pímentel;(83) 99830-3325;5583998303325;https://wa.me/5583998303325;;5;1;unknown;no_instagram_with_google_phone;"Olá, tudo bem? Estou cadastrando restaurantes de Campina Grande no FilterFood e queria incluir o Dolce Gourmet. Você poderia me enviar o cardápio atualizado por foto, PDF ou link? Se tiver opções/adicionais como sabores, bordas, molhos, acompanhamentos e combos, pode enviar também por favor?"
087e5579-afed-44b5-ae93-e6181cf59831;Porções Delivery CG;Delivery de Pizza;Bodocongó;R. Rita Pereira de Araújo;(83) 99659-9809;5583996599809;https://wa.me/5583996599809;;1;1;unknown;no_instagram_with_google_phone;"Olá, tudo bem? Estou cadastrando restaurantes de Campina Grande no FilterFood e queria incluir o Porções Delivery CG. Você poderia me enviar o cardápio atualizado por foto, PDF ou link? Se tiver opções/adicionais como sabores, bordas, molhos, acompanhamentos e combos, pode enviar também por favor?"
b7835ee8-7ee4-44d6-83e5-f51cff8e870a;Bella's Pizza;Delivery de Pizza;Jardim Quarenta;R. Ana Almeida de Castro;(83) 99952-3189;5583999523189;https://wa.me/5583999523189;;5;1;unknown;no_instagram_with_google_phone;"Olá, tudo bem? Estou cadastrando restaurantes de Campina Grande no FilterFood e queria incluir o Bella's Pizza. Você poderia me enviar o cardápio atualizado por foto, PDF ou link? Se tiver opções/adicionais como sabores, bordas, molhos, acompanhamentos e combos, pode enviar também por favor?"
863df93c-4dac-483f-b003-3064e0b7ad0f;Açai di casa 07 Delivery;Sorveteria;José Pinheiro;R. Manoel Dias Lima;(83) 98642-3478;5583986423478;https://wa.me/5583986423478;;5;1;unknown;no_instagram_with_google_phone;"Olá, tudo bem? Estou cadastrando restaurantes de Campina Grande no FilterFood e queria incluir o Açai di casa 07 Delivery. Você poderia me enviar o cardápio atualizado por foto, PDF ou link? Se tiver opções/adicionais como sabores, bordas, molhos, acompanhamentos e combos, pode enviar também por favor?"
90e83070-d6e9-4e48-9add-50dd39ad3ad1;Eu quero!;Doceria;Bodocongó;R. Antônio Viêira da Rocha;(83) 99166-6823;5583991666823;https://wa.me/5583991666823;;5;1;unknown;no_instagram_with_google_phone;"Olá, tudo bem? Estou cadastrando restaurantes de Campina Grande no FilterFood e queria incluir o Eu quero!. Você poderia me enviar o cardápio atualizado por foto, PDF ou link? Se tiver opções/adicionais como sabores, bordas, molhos, acompanhamentos e combos, pode enviar também por favor?"
569663ce-a811-4e6b-8862-dc6005b45b86;Luzia Salgados;Delivery;Bloco D - apto. 201 - Novo Bodocongó;R. Emíliano Rosendo da Silva;(83) 98669-6280;5583986696280;https://wa.me/5583986696280;;5;1;unknown;no_instagram_with_google_phone;"Olá, tudo bem? Estou cadastrando restaurantes de Campina Grande no FilterFood e queria incluir o Luzia Salgados. Você poderia me enviar o cardápio atualizado por foto, PDF ou link? Se tiver opções/adicionais como sabores, bordas, molhos, acompanhamentos e combos, pode enviar também por favor?"
f4b9dd53-e232-4c63-a819-8a50ce48244e;Tapioca e Cia;;;R. Bucareste - Cuités;(83) 99418-2386;5583994182386;https://wa.me/5583994182386;;5;1;unknown;no_instagram_with_google_phone;"Olá, tudo bem? Estou cadastrando restaurantes de Campina Grande no FilterFood e queria incluir o Tapioca e Cia. Você poderia me enviar o cardápio atualizado por foto, PDF ou link? Se tiver opções/adicionais como sabores, bordas, molhos, acompanhamentos e combos, pode enviar também por favor?"
ab7f7e10-74e2-43d5-8e37-df7c9fb6f70f;ESPETINHO DO DJ.ALMIX;Restaurante de churrasquinho;;rua freira francisca Gusmão 256 Conj. Severino Cabral - Bodocongó;(83) 98768-2110;5583987682110;https://wa.me/5583987682110;;5;1;unknown;no_instagram_with_google_phone;"Olá, tudo bem? Estou cadastrando restaurantes de Campina Grande no FilterFood e queria incluir o ESPETINHO DO DJ.ALMIX. Você poderia me enviar o cardápio atualizado por foto, PDF ou link? Se tiver opções/adicionais como sabores, bordas, molhos, acompanhamentos e combos, pode enviar também por favor?"
a3900088-d41a-425e-8d1f-22bbc7aad980;Petisq - Delivery;Delivery;Bodocongó;R. Florípedes Coutinho;(83) 99975-8234;5583999758234;https://wa.me/5583999758234;;1;1;unknown;no_instagram_with_google_phone;"Olá, tudo bem? Estou cadastrando restaurantes de Campina Grande no FilterFood e queria incluir o Petisq - Delivery. Você poderia me enviar o cardápio atualizado por foto, PDF ou link? Se tiver opções/adicionais como sabores, bordas, molhos, acompanhamentos e combos, pode enviar também por favor?"
91ed7467-c5db-4ce7-ac85-03c3c0f6cd65;Tropeiros pizzaria;Delivery de Pizza;;2° - Tv. Silva Jardim - José Pinheiro;(83) 98684-5903;5583986845903;https://wa.me/5583986845903;;5;1;unknown;no_instagram_with_google_phone;"Olá, tudo bem? Estou cadastrando restaurantes de Campina Grande no FilterFood e queria incluir o Tropeiros pizzaria. Você poderia me enviar o cardápio atualizado por foto, PDF ou link? Se tiver opções/adicionais como sabores, bordas, molhos, acompanhamentos e combos, pode enviar também por favor?"
5143a5dc-e3b9-4fd9-a777-b8f455783a46;Real Sabor Lanchonete & Café;Cafeteria;Box 1 - Dinamérica;Av. Mal. Floriano Peixoto;(83) 99682-1669;5583996821669;https://wa.me/5583996821669;;5;1;unknown;no_instagram_with_google_phone;"Olá, tudo bem? Estou cadastrando restaurantes de Campina Grande no FilterFood e queria incluir o Real Sabor Lanchonete & Café. Você poderia me enviar o cardápio atualizado por foto, PDF ou link? Se tiver opções/adicionais como sabores, bordas, molhos, acompanhamentos e combos, pode enviar também por favor?"
626ab778-ad2a-46f6-9d50-e2d126d98f66;Toque do Chef;Restaurante;Dinamérica;R. José Sebastião Silva;(83) 99920-6182;5583999206182;https://wa.me/5583999206182;;5;1;unknown;no_instagram_with_google_phone;"Olá, tudo bem? Estou cadastrando restaurantes de Campina Grande no FilterFood e queria incluir o Toque do Chef. Você poderia me enviar o cardápio atualizado por foto, PDF ou link? Se tiver opções/adicionais como sabores, bordas, molhos, acompanhamentos e combos, pode enviar também por favor?"
498eafee-e337-4efd-be0e-835a4e8763c0;Restaurante Universitário;Restaurante;Dinamérica;R. José Evangelista de Oliveira;(83) 2102-6254;558321026254;https://wa.me/558321026254;;5;1;unknown;no_instagram_with_google_phone;"Olá, tudo bem? Estou cadastrando restaurantes de Campina Grande no FilterFood e queria incluir o Restaurante Universitário. Você poderia me enviar o cardápio atualizado por foto, PDF ou link? Se tiver opções/adicionais como sabores, bordas, molhos, acompanhamentos e combos, pode enviar também por favor?"
3deb9b82-bff3-46f3-8795-d8215e5ce765;CASA DE JEFS;Bar;Dinamérica;R. Miguel Seabra Fagundes;(83) 99658-9578;5583996589578;https://wa.me/5583996589578;;5;1;unknown;no_instagram_with_google_phone;"Olá, tudo bem? Estou cadastrando restaurantes de Campina Grande no FilterFood e queria incluir o CASA DE JEFS. Você poderia me enviar o cardápio atualizado por foto, PDF ou link? Se tiver opções/adicionais como sabores, bordas, molhos, acompanhamentos e combos, pode enviar também por favor?"
fdaa1f44-784c-4328-b460-836ab9b348aa;Aluska Cabeleireira;Lounge bar;;R. Maria José de Farias - Cruzeiro;(83) 98895-5974;5583988955974;https://wa.me/5583988955974;;5;1;unknown;no_instagram_with_google_phone;"Olá, tudo bem? Estou cadastrando restaurantes de Campina Grande no FilterFood e queria incluir o Aluska Cabeleireira. Você poderia me enviar o cardápio atualizado por foto, PDF ou link? Se tiver opções/adicionais como sabores, bordas, molhos, acompanhamentos e combos, pode enviar também por favor?"
ab0341f9-6936-474d-8da6-277b72662ecf;Cantalice Açaíteria;Loja de açaí;Pres. Medici;R. Sen. João Cavalcante Arruda;(83) 99811-3903;5583998113903;https://wa.me/5583998113903;;5;1;unknown;no_instagram_with_google_phone;"Olá, tudo bem? Estou cadastrando restaurantes de Campina Grande no FilterFood e queria incluir o Cantalice Açaíteria. Você poderia me enviar o cardápio atualizado por foto, PDF ou link? Se tiver opções/adicionais como sabores, bordas, molhos, acompanhamentos e combos, pode enviar também por favor?"
2a858998-1cd6-48ef-8729-8e4609c00b25;Zoop Burger;Hamburgueria;;R. Maj. Belmiro - Campina Grande;(83) 3201-7582;558332017582;https://wa.me/558332017582;;5;1;unknown;no_instagram_with_google_phone;"Olá, tudo bem? Estou cadastrando restaurantes de Campina Grande no FilterFood e queria incluir o Zoop Burger. Você poderia me enviar o cardápio atualizado por foto, PDF ou link? Se tiver opções/adicionais como sabores, bordas, molhos, acompanhamentos e combos, pode enviar também por favor?"
012f6df3-1b4a-4871-b804-5ce89acf1915;One Burger;Hamburgueria;São José;R. Maj. Belmiro;(83) 98876-8133;5583988768133;https://wa.me/5583988768133;;5;1;unknown;no_instagram_with_google_phone;"Olá, tudo bem? Estou cadastrando restaurantes de Campina Grande no FilterFood e queria incluir o One Burger. Você poderia me enviar o cardápio atualizado por foto, PDF ou link? Se tiver opções/adicionais como sabores, bordas, molhos, acompanhamentos e combos, pode enviar também por favor?"
aed66fb8-a8f7-4fe0-8296-995b45c204e4;Koala Burguer;Hamburgueria;José Pinheiro;R. Paulo de Frontin;(83) 99111-1334;5583991111334;https://wa.me/5583991111334;;5;1;unknown;no_instagram_with_google_phone;"Olá, tudo bem? Estou cadastrando restaurantes de Campina Grande no FilterFood e queria incluir o Koala Burguer. Você poderia me enviar o cardápio atualizado por foto, PDF ou link? Se tiver opções/adicionais como sabores, bordas, molhos, acompanhamentos e combos, pode enviar também por favor?"
1b01007b-5f13-4336-a0f4-3e6d053ca657;Vivaz Açaí e Naturais;Loja de açaí;Santa Rosa;Av. Dinamérica Alves Correia;(83) 99947-5016;5583999475016;https://wa.me/5583999475016;;5;1;unknown;no_instagram_with_google_phone;"Olá, tudo bem? Estou cadastrando restaurantes de Campina Grande no FilterFood e queria incluir o Vivaz Açaí e Naturais. Você poderia me enviar o cardápio atualizado por foto, PDF ou link? Se tiver opções/adicionais como sabores, bordas, molhos, acompanhamentos e combos, pode enviar também por favor?"
722797f1-9f37-48f9-b13f-9285f3487843;Cangaço Pizzas e Assados;Delivery de Pizza;Três Irmãs;R. Otávio Batista Cabral;(83) 99832-4474;5583998324474;https://wa.me/5583998324474;;5;1;unknown;no_instagram_with_google_phone;"Olá, tudo bem? Estou cadastrando restaurantes de Campina Grande no FilterFood e queria incluir o Cangaço Pizzas e Assados. Você poderia me enviar o cardápio atualizado por foto, PDF ou link? Se tiver opções/adicionais como sabores, bordas, molhos, acompanhamentos e combos, pode enviar também por favor?"
141a8328-bc21-498a-99c6-db2a4836d656;Apple_CG;Sorveteria;loja 4 - Catolé;Av. Pref. Severino Bezerra Cabral;(85) 99644-3371;5585996443371;https://wa.me/5585996443371;;5;1;unknown;no_instagram_with_google_phone;"Olá, tudo bem? Estou cadastrando restaurantes de Campina Grande no FilterFood e queria incluir o Apple_CG. Você poderia me enviar o cardápio atualizado por foto, PDF ou link? Se tiver opções/adicionais como sabores, bordas, molhos, acompanhamentos e combos, pode enviar também por favor?"
029f6eb6-ad31-48eb-93e7-fea09d77fa18;Açaí da kamilly;Sorveteria especializada em sundaes;;R. Probo Câmara - Monte Santo;(83) 98868-1427;5583988681427;https://wa.me/5583988681427;;5;1;unknown;no_instagram_with_google_phone;"Olá, tudo bem? Estou cadastrando restaurantes de Campina Grande no FilterFood e queria incluir o Açaí da kamilly. Você poderia me enviar o cardápio atualizado por foto, PDF ou link? Se tiver opções/adicionais como sabores, bordas, molhos, acompanhamentos e combos, pode enviar também por favor?"
c3e8d9d6-88aa-45f5-a356-96329cbafab2;Jclanches;Lanchonete;Monte Santo;R. São Severino;(83) 98737-4874;5583987374874;https://wa.me/5583987374874;;5;1;unknown;no_instagram_with_google_phone;"Olá, tudo bem? Estou cadastrando restaurantes de Campina Grande no FilterFood e queria incluir o Jclanches. Você poderia me enviar o cardápio atualizado por foto, PDF ou link? Se tiver opções/adicionais como sabores, bordas, molhos, acompanhamentos e combos, pode enviar também por favor?"
75a7ed8b-6338-40ec-b179-bc168cf70b46;Tico Espetos e Marmitaria;Lanchonete;Campina Grande;R. São Vicente;(83) 98915-2719;5583989152719;https://wa.me/5583989152719;;5;1;unknown;no_instagram_with_google_phone;"Olá, tudo bem? Estou cadastrando restaurantes de Campina Grande no FilterFood e queria incluir o Tico Espetos e Marmitaria. Você poderia me enviar o cardápio atualizado por foto, PDF ou link? Se tiver opções/adicionais como sabores, bordas, molhos, acompanhamentos e combos, pode enviar também por favor?"
ea0aab50-cf18-432c-9edf-96d2910875ea;IVANI REFEIÇÕES;Restaurante;;RUA JOSÉ MOTA;(83) 98182-9627;5583981829627;https://wa.me/5583981829627;;5;1;unknown;no_instagram_with_google_phone;"Olá, tudo bem? Estou cadastrando restaurantes de Campina Grande no FilterFood e queria incluir o IVANI REFEIÇÕES. Você poderia me enviar o cardápio atualizado por foto, PDF ou link? Se tiver opções/adicionais como sabores, bordas, molhos, acompanhamentos e combos, pode enviar também por favor?"
02d8162b-5896-4532-a996-124ed3944513;Lá pizza do patrão;Pizzaria;;R. José de Castro Barreto Filho - Malvinas;(83) 98207-8320;5583982078320;https://wa.me/5583982078320;;5;1;unknown;no_instagram_with_google_phone;"Olá, tudo bem? Estou cadastrando restaurantes de Campina Grande no FilterFood e queria incluir o Lá pizza do patrão. Você poderia me enviar o cardápio atualizado por foto, PDF ou link? Se tiver opções/adicionais como sabores, bordas, molhos, acompanhamentos e combos, pode enviar também por favor?"
9c6befea-1e83-481c-819a-b43762041a2c;Quiosque da estação;Cafeteria;Estacao Velha;R. Cazuza Barreto;(83) 99951-9767;5583999519767;https://wa.me/5583999519767;;5;1;unknown;no_instagram_with_google_phone;"Olá, tudo bem? Estou cadastrando restaurantes de Campina Grande no FilterFood e queria incluir o Quiosque da estação. Você poderia me enviar o cardápio atualizado por foto, PDF ou link? Se tiver opções/adicionais como sabores, bordas, molhos, acompanhamentos e combos, pode enviar também por favor?"
9edf3748-1b19-4b46-9488-0f792bfa1f93;Sabor Caseiro Neide e Neide;Restaurante;Distrito Industrial;R. Tânia Margarida Aires Maciel;(83) 98732-8439;5583987328439;https://wa.me/5583987328439;;4;1;unknown;no_instagram_with_google_phone;"Olá, tudo bem? Estou cadastrando restaurantes de Campina Grande no FilterFood e queria incluir o Sabor Caseiro Neide e Neide. Você poderia me enviar o cardápio atualizado por foto, PDF ou link? Se tiver opções/adicionais como sabores, bordas, molhos, acompanhamentos e combos, pode enviar também por favor?"
19abe4b4-989a-4099-97d1-0ca4ba22e3d7;Açaiteria7 graus;Sorveteria;Bodocongó;R. Josinete Oliveira Alves;(83) 99941-9780;5583999419780;https://wa.me/5583999419780;;5;1;unknown;no_instagram_with_google_phone;"Olá, tudo bem? Estou cadastrando restaurantes de Campina Grande no FilterFood e queria incluir o Açaiteria7 graus. Você poderia me enviar o cardápio atualizado por foto, PDF ou link? Se tiver opções/adicionais como sabores, bordas, molhos, acompanhamentos e combos, pode enviar também por favor?"
1a32d528-24ee-4731-8ce5-c75705d10319;Ki marmitas cg;Restaurante;Nova Brasília;R. Belo Monte;(83) 98814-8238;5583988148238;https://wa.me/5583988148238;;5;1;unknown;no_instagram_with_google_phone;"Olá, tudo bem? Estou cadastrando restaurantes de Campina Grande no FilterFood e queria incluir o Ki marmitas cg. Você poderia me enviar o cardápio atualizado por foto, PDF ou link? Se tiver opções/adicionais como sabores, bordas, molhos, acompanhamentos e combos, pode enviar também por favor?"
7aae6387-97e0-4b42-98f8-436e084d6ccb;Lanchonete MERYLU LANCHES;Lanchonete;Jeremias;R. Conde Monte Cristo;(83) 98685-3521;5583986853521;https://wa.me/5583986853521;;5;1;unknown;no_instagram_with_google_phone;"Olá, tudo bem? Estou cadastrando restaurantes de Campina Grande no FilterFood e queria incluir o Lanchonete MERYLU LANCHES. Você poderia me enviar o cardápio atualizado por foto, PDF ou link? Se tiver opções/adicionais como sabores, bordas, molhos, acompanhamentos e combos, pode enviar também por favor?"
653c6bad-d3fd-480f-a988-6d964c7e4d3f;Restaurante Vovó e Vovô;Churrascaria;Jardim Paulistano;R. Isaac Catão;(83) 99105-7498;5583991057498;https://wa.me/5583991057498;;5;1;unknown;no_instagram_with_google_phone;"Olá, tudo bem? Estou cadastrando restaurantes de Campina Grande no FilterFood e queria incluir o Restaurante Vovó e Vovô. Você poderia me enviar o cardápio atualizado por foto, PDF ou link? Se tiver opções/adicionais como sabores, bordas, molhos, acompanhamentos e combos, pode enviar também por favor?"
eb7c4616-8587-4f25-97f9-f92a945824b1;Sorvelanche;Lanchonete;Centro;RODOVIÁRIA VELHA - Praça Lauritzen;(83) 98897-1700;5583988971700;https://wa.me/5583988971700;;5;1;unknown;no_instagram_with_google_phone;"Olá, tudo bem? Estou cadastrando restaurantes de Campina Grande no FilterFood e queria incluir o Sorvelanche. Você poderia me enviar o cardápio atualizado por foto, PDF ou link? Se tiver opções/adicionais como sabores, bordas, molhos, acompanhamentos e combos, pode enviar também por favor?"
82dc434e-6134-4075-bed9-3386e863846f;Kombinados 95;Hamburgueria;José Pinheiro;Av. Pref. Severino Bezerra Cabral;(83) 99667-1791;5583996671791;https://wa.me/5583996671791;;5;1;unknown;no_instagram_with_google_phone;"Olá, tudo bem? Estou cadastrando restaurantes de Campina Grande no FilterFood e queria incluir o Kombinados 95. Você poderia me enviar o cardápio atualizado por foto, PDF ou link? Se tiver opções/adicionais como sabores, bordas, molhos, acompanhamentos e combos, pode enviar também por favor?"
9c511967-05a7-4c20-b7b4-77f884b31aae;Terraço 83;Cafeteria;Centro;R. Irineu Joffily;(83) 98792-5069;5583987925069;https://wa.me/5583987925069;;5;1;unknown;no_instagram_with_google_phone;"Olá, tudo bem? Estou cadastrando restaurantes de Campina Grande no FilterFood e queria incluir o Terraço 83. Você poderia me enviar o cardápio atualizado por foto, PDF ou link? Se tiver opções/adicionais como sabores, bordas, molhos, acompanhamentos e combos, pode enviar também por favor?"
367548fb-6ed8-4e8f-8948-0fc4688fc080;Delícias do Garden;Restaurante;Acácio Figueiredo;R. Manoel Batista;(83) 98651-4297;5583986514297;https://wa.me/5583986514297;;5;1;unknown;no_instagram_with_google_phone;"Olá, tudo bem? Estou cadastrando restaurantes de Campina Grande no FilterFood e queria incluir o Delícias do Garden. Você poderia me enviar o cardápio atualizado por foto, PDF ou link? Se tiver opções/adicionais como sabores, bordas, molhos, acompanhamentos e combos, pode enviar também por favor?"
4613e9d4-a15c-4871-8482-cdebaf05efdc;Restaurante Vanuza Figueiredo (Dona do Sabor);Restaurante;Acácio Figueiredo;Unnamed Road;(83) 99374-1506;5583993741506;https://wa.me/5583993741506;;5;1;unknown;no_instagram_with_google_phone;"Olá, tudo bem? Estou cadastrando restaurantes de Campina Grande no FilterFood e queria incluir o Restaurante Vanuza Figueiredo (Dona do Sabor). Você poderia me enviar o cardápio atualizado por foto, PDF ou link? Se tiver opções/adicionais como sabores, bordas, molhos, acompanhamentos e combos, pode enviar também por favor?"
c575daa0-d91c-4ae1-8bcd-8ed7b8c12156;Espetinho do Contorno;Bar;;R. Geraldo Ribeiro Dias;(83) 99610-7272;5583996107272;https://wa.me/5583996107272;;5;1;unknown;no_instagram_with_google_phone;"Olá, tudo bem? Estou cadastrando restaurantes de Campina Grande no FilterFood e queria incluir o Espetinho do Contorno. Você poderia me enviar o cardápio atualizado por foto, PDF ou link? Se tiver opções/adicionais como sabores, bordas, molhos, acompanhamentos e combos, pode enviar também por favor?"
2698534d-368f-47a1-9617-1f5c82f0f6ec;Açaí House;;R. Cel. Dias Novo;Rua Coronel Severino;(83) 98144-7767;5583981447767;https://wa.me/5583981447767;;5;1;unknown;no_instagram_with_google_phone;"Olá, tudo bem? Estou cadastrando restaurantes de Campina Grande no FilterFood e queria incluir o Açaí House. Você poderia me enviar o cardápio atualizado por foto, PDF ou link? Se tiver opções/adicionais como sabores, bordas, molhos, acompanhamentos e combos, pode enviar também por favor?"
8d72b61c-72ba-4f55-90df-47235782aaaa;Cris Pastelaria;Pastelaria brasileira;Aluísio Campos;Rua: João Jeronimo da Costa;(83) 99420-2819;5583994202819;https://wa.me/5583994202819;;5;1;unknown;no_instagram_with_google_phone;"Olá, tudo bem? Estou cadastrando restaurantes de Campina Grande no FilterFood e queria incluir o Cris Pastelaria. Você poderia me enviar o cardápio atualizado por foto, PDF ou link? Se tiver opções/adicionais como sabores, bordas, molhos, acompanhamentos e combos, pode enviar também por favor?"
61f6b11b-9846-4e2a-a39d-cfbe3be27bae;Varanda's bar e restaurante;Bar;Galante;M5RR+M4 - Caminho Sítio Santana;(83) 99117-0665;5583991170665;https://wa.me/5583991170665;;5;1;unknown;no_instagram_with_google_phone;"Olá, tudo bem? Estou cadastrando restaurantes de Campina Grande no FilterFood e queria incluir o Varanda's bar e restaurante. Você poderia me enviar o cardápio atualizado por foto, PDF ou link? Se tiver opções/adicionais como sabores, bordas, molhos, acompanhamentos e combos, pode enviar também por favor?"
0c535783-e1b9-470b-a1b4-04439bb4ae12;Alex Lanches;Lanchonete;Liberdade;Av. Assis Chateaubriand Em frente a;(83) 98825-2287;5583988252287;https://wa.me/5583988252287;;5;1;unknown;no_instagram_with_google_phone;"Olá, tudo bem? Estou cadastrando restaurantes de Campina Grande no FilterFood e queria incluir o Alex Lanches. Você poderia me enviar o cardápio atualizado por foto, PDF ou link? Se tiver opções/adicionais como sabores, bordas, molhos, acompanhamentos e combos, pode enviar também por favor?"
17a607d1-41f8-4185-a9e3-4bce33f6e440;La confeitaria;Confeitaria;Liberdade;R. Profa. Djanira Tavares Silva;(83) 98189-1957;5583981891957;https://wa.me/5583981891957;;5;1;unknown;no_instagram_with_google_phone;"Olá, tudo bem? Estou cadastrando restaurantes de Campina Grande no FilterFood e queria incluir o La confeitaria. Você poderia me enviar o cardápio atualizado por foto, PDF ou link? Se tiver opções/adicionais como sabores, bordas, molhos, acompanhamentos e combos, pode enviar também por favor?"
a690f315-61c8-4c42-95ab-0043dcab5848;Nf_lanches;;;R. Abdias de Souza Campos - Novo Bodocongó;(83) 98705-8748;5583987058748;https://wa.me/5583987058748;;5;;unknown;no_instagram_with_google_phone;"Olá, tudo bem? Estou cadastrando restaurantes de Campina Grande no FilterFood e queria incluir o Nf_lanches. Você poderia me enviar o cardápio atualizado por foto, PDF ou link? Se tiver opções/adicionais como sabores, bordas, molhos, acompanhamentos e combos, pode enviar também por favor?"
bde936b3-f85c-4c11-94b4-a8a52f71c851;Pamonha da Cida;;José Pinheiro;R. Antônio Capoeira;(83) 99869-4832;5583998694832;https://wa.me/5583998694832;;;;unknown;no_instagram_with_google_phone;"Olá, tudo bem? Estou cadastrando restaurantes de Campina Grande no FilterFood e queria incluir o Pamonha da Cida. Você poderia me enviar o cardápio atualizado por foto, PDF ou link? Se tiver opções/adicionais como sabores, bordas, molhos, acompanhamentos e combos, pode enviar também por favor?"
c6cf3769-2e78-4a0a-897f-2e3204c44170;Quentinha da Maria;;Três Irmãs;R. Esmeralda Viana da Silva;(83) 98780-3833;5583987803833;https://wa.me/5583987803833;;;;unknown;no_instagram_with_google_phone;"Olá, tudo bem? Estou cadastrando restaurantes de Campina Grande no FilterFood e queria incluir o Quentinha da Maria. Você poderia me enviar o cardápio atualizado por foto, PDF ou link? Se tiver opções/adicionais como sabores, bordas, molhos, acompanhamentos e combos, pode enviar também por favor?"
4c079b3e-290e-4393-a5d9-0c46ae093746;Quentinha lucia;;Três Irmãs;R. Cel. Lindolfo de Albuquerque;(83) 98604-8248;5583986048248;https://wa.me/5583986048248;;3;;unknown;no_instagram_with_google_phone;"Olá, tudo bem? Estou cadastrando restaurantes de Campina Grande no FilterFood e queria incluir o Quentinha lucia. Você poderia me enviar o cardápio atualizado por foto, PDF ou link? Se tiver opções/adicionais como sabores, bordas, molhos, acompanhamentos e combos, pode enviar também por favor?"
f57ab36f-8269-4c0e-ba4f-c15216b4af7d;Tapiocaria da Lu;;Campina Grande;Rua Dr Francisco Celestino Filho;(83) 98666-2904;5583986662904;https://wa.me/5583986662904;;5;;unknown;no_instagram_with_google_phone;"Olá, tudo bem? Estou cadastrando restaurantes de Campina Grande no FilterFood e queria incluir o Tapiocaria da Lu. Você poderia me enviar o cardápio atualizado por foto, PDF ou link? Se tiver opções/adicionais como sabores, bordas, molhos, acompanhamentos e combos, pode enviar também por favor?"
f7e1fa7d-139b-483b-8e27-c939c1aef3ec;vida açaí;;Malvinas;R. Jabuticabeiras;(83) 99988-0847;5583999880847;https://wa.me/5583999880847;;;;unknown;no_instagram_with_google_phone;"Olá, tudo bem? Estou cadastrando restaurantes de Campina Grande no FilterFood e queria incluir o vida açaí. Você poderia me enviar o cardápio atualizado por foto, PDF ou link? Se tiver opções/adicionais como sabores, bordas, molhos, acompanhamentos e combos, pode enviar também por favor?"
38b60353-c78f-4bf9-883b-017f2ad02cc4;Dream's Burguer;;;Serrotão;(83) 99380-2464;5583993802464;https://wa.me/5583993802464;;3.8;;unknown;no_instagram_with_google_phone;"Olá, tudo bem? Estou cadastrando restaurantes de Campina Grande no FilterFood e queria incluir o Dream's Burguer. Você poderia me enviar o cardápio atualizado por foto, PDF ou link? Se tiver opções/adicionais como sabores, bordas, molhos, acompanhamentos e combos, pode enviar também por favor?"
bd336723-618e-4f95-9c69-e1f43c7cf941;Marmitaria.t_a;;Serrotão;R. Edgar Barbosa Costa;(83) 98601-8589;5583986018589;https://wa.me/5583986018589;;3.7;;unknown;no_instagram_with_google_phone;"Olá, tudo bem? Estou cadastrando restaurantes de Campina Grande no FilterFood e queria incluir o Marmitaria.t_a. Você poderia me enviar o cardápio atualizado por foto, PDF ou link? Se tiver opções/adicionais como sabores, bordas, molhos, acompanhamentos e combos, pode enviar também por favor?"
3ee6d9ca-5a09-4997-9f57-a82ce01e0132;🐼 Espetos E Petiscaria;;Malvinas;R. dos Avelozes;(83) 98835-6705;5583988356705;https://wa.me/5583988356705;;;;unknown;no_instagram_with_google_phone;"Olá, tudo bem? Estou cadastrando restaurantes de Campina Grande no FilterFood e queria incluir o 🐼 Espetos E Petiscaria. Você poderia me enviar o cardápio atualizado por foto, PDF ou link? Se tiver opções/adicionais como sabores, bordas, molhos, acompanhamentos e combos, pode enviar também por favor?"
9d78c3c8-bafa-4c05-b726-dce38bc5b9ea;Empório Supreme Doces;;;R. Adenis Irineu Freire - Malvinas;(83) 98660-2143;5583986602143;https://wa.me/5583986602143;;4.9;;unknown;no_instagram_with_google_phone;"Olá, tudo bem? Estou cadastrando restaurantes de Campina Grande no FilterFood e queria incluir o Empório Supreme Doces. Você poderia me enviar o cardápio atualizado por foto, PDF ou link? Se tiver opções/adicionais como sabores, bordas, molhos, acompanhamentos e combos, pode enviar também por favor?"
59c24700-dbf7-43f7-b5c9-1d8268298cc6;Casa de salgados- loja 2;;Catolé;R. Alderico Pessoa Oliveira;(83) 98144-1211;5583981441211;https://wa.me/5583981441211;;4.4;;unknown;no_instagram_with_google_phone;"Olá, tudo bem? Estou cadastrando restaurantes de Campina Grande no FilterFood e queria incluir o Casa de salgados- loja 2. Você poderia me enviar o cardápio atualizado por foto, PDF ou link? Se tiver opções/adicionais como sabores, bordas, molhos, acompanhamentos e combos, pode enviar também por favor?"
53c89c4d-67d7-4f3d-af2c-6a678b7ce6d9;Império pastel;;;R. São Cosme - Jeremias;(83) 99825-7623;5583998257623;https://wa.me/5583998257623;;5;;unknown;no_instagram_with_google_phone;"Olá, tudo bem? Estou cadastrando restaurantes de Campina Grande no FilterFood e queria incluir o Império pastel. Você poderia me enviar o cardápio atualizado por foto, PDF ou link? Se tiver opções/adicionais como sabores, bordas, molhos, acompanhamentos e combos, pode enviar também por favor?"
43226760-6253-493e-bb46-46038f72d4fe;Loucos Por Coxinha Cruzeiro JK;;Pres. Medici;Av. Pres. Juscelino Kubitschek;(83) 98888-7744;5583988887744;https://wa.me/5583988887744;;;;unknown;no_instagram_with_google_phone;"Olá, tudo bem? Estou cadastrando restaurantes de Campina Grande no FilterFood e queria incluir o Loucos Por Coxinha Cruzeiro JK. Você poderia me enviar o cardápio atualizado por foto, PDF ou link? Se tiver opções/adicionais como sabores, bordas, molhos, acompanhamentos e combos, pode enviar também por favor?"
953e2243-a85f-4a79-b20c-13dfb0f66dc7;Açai da Berenice;;Jeremias;R. Santo Agostinho;(83) 98629-1902;5583986291902;https://wa.me/5583986291902;;5;;unknown;no_instagram_with_google_phone;"Olá, tudo bem? Estou cadastrando restaurantes de Campina Grande no FilterFood e queria incluir o Açai da Berenice. Você poderia me enviar o cardápio atualizado por foto, PDF ou link? Se tiver opções/adicionais como sabores, bordas, molhos, acompanhamentos e combos, pode enviar também por favor?"
ff6d6255-41c4-4597-8753-6a7764dc6baf;Barteco petiscaria;;;R. Olinda - Malvinas;(83) 99905-6366;5583999056366;https://wa.me/5583999056366;;4.6;;unknown;no_instagram_with_google_phone;"Olá, tudo bem? Estou cadastrando restaurantes de Campina Grande no FilterFood e queria incluir o Barteco petiscaria. Você poderia me enviar o cardápio atualizado por foto, PDF ou link? Se tiver opções/adicionais como sabores, bordas, molhos, acompanhamentos e combos, pode enviar também por favor?"
09ea13c8-26ed-4adf-ad07-660d9d9c8cc8;Boina Burguer;;;R. Maria Amélia Amorim Pereira Barros - Três Irmãs;(83) 98681-0590;5583986810590;https://wa.me/5583986810590;;5;;unknown;no_instagram_with_google_phone;"Olá, tudo bem? Estou cadastrando restaurantes de Campina Grande no FilterFood e queria incluir o Boina Burguer. Você poderia me enviar o cardápio atualizado por foto, PDF ou link? Se tiver opções/adicionais como sabores, bordas, molhos, acompanhamentos e combos, pode enviar também por favor?"
d0a67b5e-983f-4ec1-9a4d-c1d1a947c919;Cangaço Pizza e Burguer;;apt 03 - Malvinas;R. João Amaro de Lima;(83) 98783-0936;5583987830936;https://wa.me/5583987830936;;5;;unknown;no_instagram_with_google_phone;"Olá, tudo bem? Estou cadastrando restaurantes de Campina Grande no FilterFood e queria incluir o Cangaço Pizza e Burguer. Você poderia me enviar o cardápio atualizado por foto, PDF ou link? Se tiver opções/adicionais como sabores, bordas, molhos, acompanhamentos e combos, pode enviar também por favor?"
db6e3ce6-b949-4349-8e43-a662542bf413;Chaminé delivery tele marmita.;;Av. Mal. Floriano Peixoto;Box 07 na Praça Rua;(83) 99841-7101;5583998417101;https://wa.me/5583998417101;;3.8;;unknown;no_instagram_with_google_phone;"Olá, tudo bem? Estou cadastrando restaurantes de Campina Grande no FilterFood e queria incluir o Chaminé delivery tele marmita.. Você poderia me enviar o cardápio atualizado por foto, PDF ou link? Se tiver opções/adicionais como sabores, bordas, molhos, acompanhamentos e combos, pode enviar também por favor?"
dc35afe4-e7ad-45a7-a458-001ee3114b9a;DL lanches;;Vila Cabral;R. Maria Araújo;(83) 99816-6961;5583998166961;https://wa.me/5583998166961;;;;unknown;no_instagram_with_google_phone;"Olá, tudo bem? Estou cadastrando restaurantes de Campina Grande no FilterFood e queria incluir o DL lanches. Você poderia me enviar o cardápio atualizado por foto, PDF ou link? Se tiver opções/adicionais como sabores, bordas, molhos, acompanhamentos e combos, pode enviar também por favor?"
0342e3ca-31d9-4fb2-8049-12bdead4c044;Dlburguer;;Cruzeiro;R. Maria da Conceição Cunha;(83) 99362-9880;5583993629880;https://wa.me/5583993629880;;4.8;;unknown;no_instagram_with_google_phone;"Olá, tudo bem? Estou cadastrando restaurantes de Campina Grande no FilterFood e queria incluir o Dlburguer. Você poderia me enviar o cardápio atualizado por foto, PDF ou link? Se tiver opções/adicionais como sabores, bordas, molhos, acompanhamentos e combos, pode enviar também por favor?"
b875fd0b-38e4-42d0-88a3-990386a732d9;Donna Quentinha Marmitaria Delivery;;Santa Rosa;R. Colômbia;(83) 98652-9522;5583986529522;https://wa.me/5583986529522;;;;unknown;no_instagram_with_google_phone;"Olá, tudo bem? Estou cadastrando restaurantes de Campina Grande no FilterFood e queria incluir o Donna Quentinha Marmitaria Delivery. Você poderia me enviar o cardápio atualizado por foto, PDF ou link? Se tiver opções/adicionais como sabores, bordas, molhos, acompanhamentos e combos, pode enviar também por favor?"
fc4db62a-2f14-4d8c-be75-a81e8809456b;Espetinho KI-DELICIA;;Serrotão;Rua Jamaica Mutirão do;(83) 99632-0305;5583996320305;https://wa.me/5583996320305;;4.7;;unknown;no_instagram_with_google_phone;"Olá, tudo bem? Estou cadastrando restaurantes de Campina Grande no FilterFood e queria incluir o Espetinho KI-DELICIA. Você poderia me enviar o cardápio atualizado por foto, PDF ou link? Se tiver opções/adicionais como sabores, bordas, molhos, acompanhamentos e combos, pode enviar também por favor?"
4f0b9eee-b479-4e9a-b411-e19b29cf932b;Tatanka Burguer;;Sandra Cavalcante;Av. Dr. Elpídio de Almeida;(83) 99648-8327;5583996488327;https://wa.me/5583996488327;;5;;unknown;no_instagram_with_google_phone;"Olá, tudo bem? Estou cadastrando restaurantes de Campina Grande no FilterFood e queria incluir o Tatanka Burguer. Você poderia me enviar o cardápio atualizado por foto, PDF ou link? Se tiver opções/adicionais como sabores, bordas, molhos, acompanhamentos e combos, pode enviar também por favor?"
99ba868f-ae04-437d-b60a-409d5644d0e0;Extouro Marmitas;;Malvinas;F Na lateral da Base do Choque da PM - R. Dr. Augusto de Almeida;(83) 98148-7755;5583981487755;https://wa.me/5583981487755;;4.1;;unknown;no_instagram_with_google_phone;"Olá, tudo bem? Estou cadastrando restaurantes de Campina Grande no FilterFood e queria incluir o Extouro Marmitas. Você poderia me enviar o cardápio atualizado por foto, PDF ou link? Se tiver opções/adicionais como sabores, bordas, molhos, acompanhamentos e combos, pode enviar também por favor?"
9e85f434-d829-4657-adcd-42fb904bfd2c;Pratô;;;Av. Francisco Lopes de Almeida - Malvinas;(83) 99301-2192;5583993012192;https://wa.me/5583993012192;;;;unknown;no_instagram_with_google_phone;"Olá, tudo bem? Estou cadastrando restaurantes de Campina Grande no FilterFood e queria incluir o Pratô. Você poderia me enviar o cardápio atualizado por foto, PDF ou link? Se tiver opções/adicionais como sabores, bordas, molhos, acompanhamentos e combos, pode enviar também por favor?"
596be734-dc28-4bc6-8aa8-c259f7f12abc;GO 83 Açai;;;R. Américo Falcão - José Pinheiro;(83) 98778-7062;5583987787062;https://wa.me/5583987787062;;;;unknown;no_instagram_with_google_phone;"Olá, tudo bem? Estou cadastrando restaurantes de Campina Grande no FilterFood e queria incluir o GO 83 Açai. Você poderia me enviar o cardápio atualizado por foto, PDF ou link? Se tiver opções/adicionais como sabores, bordas, molhos, acompanhamentos e combos, pode enviar também por favor?"
cebf3a46-7442-43e2-aedc-d71c6137efdf;Gringotes Burguer;Hamburgueria;Centro;R. Agamenon Magalhães;(83) 99832-3544;5583998323544;https://wa.me/5583998323544;;0;0;unknown;no_instagram_with_google_phone;"Olá, tudo bem? Estou cadastrando restaurantes de Campina Grande no FilterFood e queria incluir o Gringotes Burguer. Você poderia me enviar o cardápio atualizado por foto, PDF ou link? Se tiver opções/adicionais como sabores, bordas, molhos, acompanhamentos e combos, pode enviar também por favor?"
4f6bf698-1f49-4555-b206-938486296a06;Império Lanchonete e Pizzaria;;Novo Bodocongó;Av. Juvêncio Arruda;(83) 99831-0208;5583998310208;https://wa.me/5583998310208;;;;unknown;no_instagram_with_google_phone;"Olá, tudo bem? Estou cadastrando restaurantes de Campina Grande no FilterFood e queria incluir o Império Lanchonete e Pizzaria. Você poderia me enviar o cardápio atualizado por foto, PDF ou link? Se tiver opções/adicionais como sabores, bordas, molhos, acompanhamentos e combos, pode enviar também por favor?"
c5c184e8-ccbd-440b-b042-6dae789a733e;Kelly açaí;;Jeremias;R. São Rafael;(83) 98659-8901;5583986598901;https://wa.me/5583986598901;;5;;unknown;no_instagram_with_google_phone;"Olá, tudo bem? Estou cadastrando restaurantes de Campina Grande no FilterFood e queria incluir o Kelly açaí. Você poderia me enviar o cardápio atualizado por foto, PDF ou link? Se tiver opções/adicionais como sabores, bordas, molhos, acompanhamentos e combos, pode enviar também por favor?"
658190c2-d0e5-4afa-a095-86cf72d7e95f;skina grill;;;R. Mem de Sá - Campina Grande;(83) 99651-7938;5583996517938;https://wa.me/5583996517938;;4.4;;unknown;no_instagram_with_google_phone;"Olá, tudo bem? Estou cadastrando restaurantes de Campina Grande no FilterFood e queria incluir o skina grill. Você poderia me enviar o cardápio atualizado por foto, PDF ou link? Se tiver opções/adicionais como sabores, bordas, molhos, acompanhamentos e combos, pode enviar também por favor?"
6cc24017-83d5-4bd6-bf0c-def951561ca1;M&G Delícias de Salgados;;Bodocongó;Av. Juvêncio Arruda;(83) 98760-6975;5583987606975;https://wa.me/5583987606975;;5;;unknown;no_instagram_with_google_phone;"Olá, tudo bem? Estou cadastrando restaurantes de Campina Grande no FilterFood e queria incluir o M&G Delícias de Salgados. Você poderia me enviar o cardápio atualizado por foto, PDF ou link? Se tiver opções/adicionais como sabores, bordas, molhos, acompanhamentos e combos, pode enviar também por favor?"
4f658dc6-6eae-4895-a90a-a29039cdc071;Cozinha De Garagem;;Sandra Cavalcante;R. Eng. Saturnino de Brito Filho;(83) 99942-3652;5583999423652;https://wa.me/5583999423652;;4.7;;unknown;no_instagram_with_google_phone;"Olá, tudo bem? Estou cadastrando restaurantes de Campina Grande no FilterFood e queria incluir o Cozinha De Garagem. Você poderia me enviar o cardápio atualizado por foto, PDF ou link? Se tiver opções/adicionais como sabores, bordas, molhos, acompanhamentos e combos, pode enviar também por favor?"
9fbd0433-feda-46df-bc1c-f64440c1700b;Marmitaria e almoço da Geusinha.;;Prata;R. Osvaldo Cruz;(83) 98819-6046;5583988196046;https://wa.me/5583988196046;;5;;unknown;no_instagram_with_google_phone;"Olá, tudo bem? Estou cadastrando restaurantes de Campina Grande no FilterFood e queria incluir o Marmitaria e almoço da Geusinha.. Você poderia me enviar o cardápio atualizado por foto, PDF ou link? Se tiver opções/adicionais como sabores, bordas, molhos, acompanhamentos e combos, pode enviar também por favor?"
2887cc4e-295a-47a7-8a89-ddb6e90a4938;Marmitaria Sabor Caseiro;;Malvinas;R. Edgar Barbosa Costa;(83) 98754-2253;5583987542253;https://wa.me/5583987542253;;4;;unknown;no_instagram_with_google_phone;"Olá, tudo bem? Estou cadastrando restaurantes de Campina Grande no FilterFood e queria incluir o Marmitaria Sabor Caseiro. Você poderia me enviar o cardápio atualizado por foto, PDF ou link? Se tiver opções/adicionais como sabores, bordas, molhos, acompanhamentos e combos, pode enviar também por favor?"
8b1a3521-2973-401c-a1f6-34e2f2eb8d62;Tia Joana Marmitaria;;Catolé;R. Dr. João Pequeno;(83) 99614-0078;5583996140078;https://wa.me/5583996140078;;5;;unknown;no_instagram_with_google_phone;"Olá, tudo bem? Estou cadastrando restaurantes de Campina Grande no FilterFood e queria incluir o Tia Joana Marmitaria. Você poderia me enviar o cardápio atualizado por foto, PDF ou link? Se tiver opções/adicionais como sabores, bordas, molhos, acompanhamentos e combos, pode enviar também por favor?"
cccbd3ee-854c-45a8-b5ff-954e57ae2a01;Caldão Borborema;;Palmeira;R. Quinze de Novembro;(83) 99846-6950;5583998466950;https://wa.me/5583998466950;;5;;unknown;no_instagram_with_google_phone;"Olá, tudo bem? Estou cadastrando restaurantes de Campina Grande no FilterFood e queria incluir o Caldão Borborema. Você poderia me enviar o cardápio atualizado por foto, PDF ou link? Se tiver opções/adicionais como sabores, bordas, molhos, acompanhamentos e combos, pode enviar também por favor?"
68b7f600-5055-4cb0-b82b-bb32fbe935ad;Pizza Denis;;Serrotão;R. Antônio Rodrigues Alves;(83) 98869-9054;5583988699054;https://wa.me/5583988699054;;4.6;;unknown;no_instagram_with_google_phone;"Olá, tudo bem? Estou cadastrando restaurantes de Campina Grande no FilterFood e queria incluir o Pizza Denis. Você poderia me enviar o cardápio atualizado por foto, PDF ou link? Se tiver opções/adicionais como sabores, bordas, molhos, acompanhamentos e combos, pode enviar também por favor?"
954525d7-9a05-420e-ae64-8feea0866966;Império Lanchonete e Pizzaria;;Novo Bodocongó;Av. Juvêncio Arruda;(83) 99831-0208;5583998310208;https://wa.me/5583998310208;;;;unknown;no_instagram_with_google_phone;"Olá, tudo bem? Estou cadastrando restaurantes de Campina Grande no FilterFood e queria incluir o Império Lanchonete e Pizzaria. Você poderia me enviar o cardápio atualizado por foto, PDF ou link? Se tiver opções/adicionais como sabores, bordas, molhos, acompanhamentos e combos, pode enviar também por favor?"
46a6823c-d936-4315-af3c-d750d1ecce0a;Pimenta secrets;;R. Sérgio Urbano Pinto Fonseca - Santa Cruz;Sergio;(11) 99685-3623;5511996853623;https://wa.me/5511996853623;;4.8;;unknown;no_instagram_with_google_phone;"Olá, tudo bem? Estou cadastrando restaurantes de Campina Grande no FilterFood e queria incluir o Pimenta secrets. Você poderia me enviar o cardápio atualizado por foto, PDF ou link? Se tiver opções/adicionais como sabores, bordas, molhos, acompanhamentos e combos, pode enviar também por favor?"
39484a8b-bdd8-4e95-b04a-625992c76ed8;Divino Almoço;;Estacao Velha;R. Guilhermino Barbosa;(83) 99664-8754;5583996648754;https://wa.me/5583996648754;;;;unknown;no_instagram_with_google_phone;"Olá, tudo bem? Estou cadastrando restaurantes de Campina Grande no FilterFood e queria incluir o Divino Almoço. Você poderia me enviar o cardápio atualizado por foto, PDF ou link? Se tiver opções/adicionais como sabores, bordas, molhos, acompanhamentos e combos, pode enviar também por favor?"
6190e76d-34fc-402a-9e68-68b74aadc360;Yaçaí Gourmet;;Jardim Tavares;R. Buenos Aíres;(83) 99337-7034;5583993377034;https://wa.me/5583993377034;;3.9;;unknown;no_instagram_with_google_phone;"Olá, tudo bem? Estou cadastrando restaurantes de Campina Grande no FilterFood e queria incluir o Yaçaí Gourmet. Você poderia me enviar o cardápio atualizado por foto, PDF ou link? Se tiver opções/adicionais como sabores, bordas, molhos, acompanhamentos e combos, pode enviar também por favor?"
7e0106ab-c084-40d7-ae6b-b0bc7714baeb;Casa Da Tapioca;;Santo Antônio;R. Aurélio Feitosa Ventura;(83) 98711-4576;5583987114576;https://wa.me/5583987114576;;3.7;;unknown;no_instagram_with_google_phone;"Olá, tudo bem? Estou cadastrando restaurantes de Campina Grande no FilterFood e queria incluir o Casa Da Tapioca. Você poderia me enviar o cardápio atualizado por foto, PDF ou link? Se tiver opções/adicionais como sabores, bordas, molhos, acompanhamentos e combos, pode enviar também por favor?"
b51d64b8-d8df-4d32-bfe6-15efc4996d66;Pizzaria e lanchonete Bonapettite;;Cidades;R. Katarina Maria Uchoa Lucena;(83) 98831-9650;5583988319650;https://wa.me/5583988319650;;;;unknown;no_instagram_with_google_phone;"Olá, tudo bem? Estou cadastrando restaurantes de Campina Grande no FilterFood e queria incluir o Pizzaria e lanchonete Bonapettite. Você poderia me enviar o cardápio atualizado por foto, PDF ou link? Se tiver opções/adicionais como sabores, bordas, molhos, acompanhamentos e combos, pode enviar também por favor?"
4bc97709-c034-4959-8880-90fbd4a85e05;Seu Braseiro Espetos;;Velame;R. Escritor Euclides da Cunha;(83) 98718-4970;5583987184970;https://wa.me/5583987184970;;;;unknown;no_instagram_with_google_phone;"Olá, tudo bem? Estou cadastrando restaurantes de Campina Grande no FilterFood e queria incluir o Seu Braseiro Espetos. Você poderia me enviar o cardápio atualizado por foto, PDF ou link? Se tiver opções/adicionais como sabores, bordas, molhos, acompanhamentos e combos, pode enviar também por favor?"
859c46a9-43a6-4087-878a-f41ac28c1d6e;Casa da buchada;;Galante;Estrada de galante;(83) 98834-7144;5583988347144;https://wa.me/5583988347144;;;;unknown;no_instagram_with_google_phone;"Olá, tudo bem? Estou cadastrando restaurantes de Campina Grande no FilterFood e queria incluir o Casa da buchada. Você poderia me enviar o cardápio atualizado por foto, PDF ou link? Se tiver opções/adicionais como sabores, bordas, molhos, acompanhamentos e combos, pode enviar também por favor?"
f50d7f5e-c154-40ab-a4b7-595d15e27c42;77 Lanches;;Galante;R. Jaime Rodrigues de Melo;(83) 98604-3559;5583986043559;https://wa.me/5583986043559;;4;;unknown;no_instagram_with_google_phone;"Olá, tudo bem? Estou cadastrando restaurantes de Campina Grande no FilterFood e queria incluir o 77 Lanches. Você poderia me enviar o cardápio atualizado por foto, PDF ou link? Se tiver opções/adicionais como sabores, bordas, molhos, acompanhamentos e combos, pode enviar também por favor?"
dc317758-22e5-4950-9dc5-420d8202f402;Restaurante da Jessyka;;Liberdade;R. Odon Bezerra;(83) 98605-7999;5583986057999;https://wa.me/5583986057999;;;;unknown;no_instagram_with_google_phone;"Olá, tudo bem? Estou cadastrando restaurantes de Campina Grande no FilterFood e queria incluir o Restaurante da Jessyka. Você poderia me enviar o cardápio atualizado por foto, PDF ou link? Se tiver opções/adicionais como sabores, bordas, molhos, acompanhamentos e combos, pode enviar também por favor?"
5806dc1b-95f2-41cd-9a81-4e8ffd32c46c;Caffeiny tapiocaria;;Liberdade;R. Odon Bezerra;(83) 99633-3606;5583996333606;https://wa.me/5583996333606;;4.5;;unknown;no_instagram_with_google_phone;"Olá, tudo bem? Estou cadastrando restaurantes de Campina Grande no FilterFood e queria incluir o Caffeiny tapiocaria. Você poderia me enviar o cardápio atualizado por foto, PDF ou link? Se tiver opções/adicionais como sabores, bordas, molhos, acompanhamentos e combos, pode enviar também por favor?"
57d9b139-c486-41a7-be23-1a5264496e85;Jamilly Lanches;;Bodocongó;R. Francisco Melquíades;(83) 99988-9733;5583999889733;https://wa.me/5583999889733;;;;unknown;no_instagram_with_google_phone;"Olá, tudo bem? Estou cadastrando restaurantes de Campina Grande no FilterFood e queria incluir o Jamilly Lanches. Você poderia me enviar o cardápio atualizado por foto, PDF ou link? Se tiver opções/adicionais como sabores, bordas, molhos, acompanhamentos e combos, pode enviar também por favor?"
01381360-8046-451c-8de9-34941e395cc6;Açai Show;;São José;R. Zacarias de Souza do O;(83) 98768-1197;5583987681197;https://wa.me/5583987681197;;5;;unknown;no_instagram_with_google_phone;"Olá, tudo bem? Estou cadastrando restaurantes de Campina Grande no FilterFood e queria incluir o Açai Show. Você poderia me enviar o cardápio atualizado por foto, PDF ou link? Se tiver opções/adicionais como sabores, bordas, molhos, acompanhamentos e combos, pode enviar também por favor?"
55092574-e13b-43a4-ae11-b6c372b1a871;Empadas Xavier;;;R. Francisco Adélino de Melo - Bodocongó;(83) 99621-5304;5583996215304;https://wa.me/5583996215304;;4.8;;unknown;no_instagram_with_google_phone;"Olá, tudo bem? Estou cadastrando restaurantes de Campina Grande no FilterFood e queria incluir o Empadas Xavier. Você poderia me enviar o cardápio atualizado por foto, PDF ou link? Se tiver opções/adicionais como sabores, bordas, molhos, acompanhamentos e combos, pode enviar também por favor?"
470f2411-6d08-4c6e-a7b5-91b2868f7da8;flash burguer;;Pres. Medici;R. Abdon Napy;(83) 98761-8328;5583987618328;https://wa.me/5583987618328;;4.5;;unknown;no_instagram_with_google_phone;"Olá, tudo bem? Estou cadastrando restaurantes de Campina Grande no FilterFood e queria incluir o flash burguer. Você poderia me enviar o cardápio atualizado por foto, PDF ou link? Se tiver opções/adicionais como sabores, bordas, molhos, acompanhamentos e combos, pode enviar também por favor?"
f08f40fb-3890-4fd2-aac1-0155d546895a;MARMITARIA DA GALEGA;;;Bodocongó;(83) 99112-4585;5583991124585;https://wa.me/5583991124585;;5;;unknown;no_instagram_with_google_phone;"Olá, tudo bem? Estou cadastrando restaurantes de Campina Grande no FilterFood e queria incluir o MARMITARIA DA GALEGA. Você poderia me enviar o cardápio atualizado por foto, PDF ou link? Se tiver opções/adicionais como sabores, bordas, molhos, acompanhamentos e combos, pode enviar também por favor?"
a3cee4d1-98e1-4db0-9d6b-1f657d20d52f;Refeiçãodanutri;;Pres. Medici;R. Dionísio Marquês de Almeida;(83) 98122-5552;5583981225552;https://wa.me/5583981225552;;4.8;;unknown;no_instagram_with_google_phone;"Olá, tudo bem? Estou cadastrando restaurantes de Campina Grande no FilterFood e queria incluir o Refeiçãodanutri. Você poderia me enviar o cardápio atualizado por foto, PDF ou link? Se tiver opções/adicionais como sabores, bordas, molhos, acompanhamentos e combos, pode enviar também por favor?"
0fb0b53e-f0e1-4ae6-a6e9-dc0a732418f2;Lanchonete Santo Antonio;;Centro;R. Taváres Cavalcante;(83) 98833-9245;5583988339245;https://wa.me/5583988339245;;5;;unknown;no_instagram_with_google_phone;"Olá, tudo bem? Estou cadastrando restaurantes de Campina Grande no FilterFood e queria incluir o Lanchonete Santo Antonio. Você poderia me enviar o cardápio atualizado por foto, PDF ou link? Se tiver opções/adicionais como sabores, bordas, molhos, acompanhamentos e combos, pode enviar também por favor?"
75f3400e-cc80-4326-9e56-b75a2a6735d0;Tapioca da jana;;;R. do Sol - Campina Grande;(83) 98619-2532;5583986192532;https://wa.me/5583986192532;;;;unknown;no_instagram_with_google_phone;"Olá, tudo bem? Estou cadastrando restaurantes de Campina Grande no FilterFood e queria incluir o Tapioca da jana. Você poderia me enviar o cardápio atualizado por foto, PDF ou link? Se tiver opções/adicionais como sabores, bordas, molhos, acompanhamentos e combos, pode enviar também por favor?"
537ee4f6-179a-40d8-aeb5-3d636406f00c;Delicinhas da Natália;;Bodocongó;R. Eduardo Ferreira Ramos;(83) 99856-5882;5583998565882;https://wa.me/5583998565882;;4.9;;unknown;no_instagram_with_google_phone;"Olá, tudo bem? Estou cadastrando restaurantes de Campina Grande no FilterFood e queria incluir o Delicinhas da Natália. Você poderia me enviar o cardápio atualizado por foto, PDF ou link? Se tiver opções/adicionais como sabores, bordas, molhos, acompanhamentos e combos, pode enviar também por favor?"
2f3474c3-88ec-4dca-89a9-9bd3831e3cb7;Eloá Doceria • Doces Gourmet;;;R. Compositor Rosil Cavalcante - Novo Bodocongó;(83) 99999-6699;5583999996699;https://wa.me/5583999996699;;;;unknown;no_instagram_with_google_phone;"Olá, tudo bem? Estou cadastrando restaurantes de Campina Grande no FilterFood e queria incluir o Eloá Doceria • Doces Gourmet. Você poderia me enviar o cardápio atualizado por foto, PDF ou link? Se tiver opções/adicionais como sabores, bordas, molhos, acompanhamentos e combos, pode enviar também por favor?"
28c7ce97-6bbf-4a12-805a-a2ee2db446fd;Doceria da Thay;;;R. Rad. Severino Quirino - Bodocongó;(83) 99140-0519;5583991400519;https://wa.me/5583991400519;;5;;unknown;no_instagram_with_google_phone;"Olá, tudo bem? Estou cadastrando restaurantes de Campina Grande no FilterFood e queria incluir o Doceria da Thay. Você poderia me enviar o cardápio atualizado por foto, PDF ou link? Se tiver opções/adicionais como sabores, bordas, molhos, acompanhamentos e combos, pode enviar também por favor?"
dcd4cd5a-f300-4ebd-9c0f-706722640d2f;pizzaburguerdelivery;;;R. Félix Carolino Barbosa - Alto Branco;(83) 99972-4855;5583999724855;https://wa.me/5583999724855;;5;;unknown;no_instagram_with_google_phone;"Olá, tudo bem? Estou cadastrando restaurantes de Campina Grande no FilterFood e queria incluir o pizzaburguerdelivery. Você poderia me enviar o cardápio atualizado por foto, PDF ou link? Se tiver opções/adicionais como sabores, bordas, molhos, acompanhamentos e combos, pode enviar também por favor?"
2d1590c6-1b6a-4b8d-a8ba-f1b663d7ed9f;Pizza Carioca PB;;José Pinheiro;R. campos Sales;(83) 98877-0409;5583988770409;https://wa.me/5583988770409;;5;;unknown;no_instagram_with_google_phone;"Olá, tudo bem? Estou cadastrando restaurantes de Campina Grande no FilterFood e queria incluir o Pizza Carioca PB. Você poderia me enviar o cardápio atualizado por foto, PDF ou link? Se tiver opções/adicionais como sabores, bordas, molhos, acompanhamentos e combos, pode enviar também por favor?"
d06e7fe8-58ca-4195-85f5-c60142171d2d;Churrascaria o chalé;;Distrito Industrial;Av. João Wallig;(81) 98158-5956;5581981585956;https://wa.me/5581981585956;;4.5;;unknown;no_instagram_with_google_phone;"Olá, tudo bem? Estou cadastrando restaurantes de Campina Grande no FilterFood e queria incluir o Churrascaria o chalé. Você poderia me enviar o cardápio atualizado por foto, PDF ou link? Se tiver opções/adicionais como sabores, bordas, molhos, acompanhamentos e combos, pode enviar também por favor?"
2bf248c2-d06d-41a6-91b8-f29b57059c38;Hamburgueria do careca;;;R. José Luiz Guimarães - Jardim Paulistano;(83) 98132-7220;5583981327220;https://wa.me/5583981327220;;3.5;;unknown;no_instagram_with_google_phone;"Olá, tudo bem? Estou cadastrando restaurantes de Campina Grande no FilterFood e queria incluir o Hamburgueria do careca. Você poderia me enviar o cardápio atualizado por foto, PDF ou link? Se tiver opções/adicionais como sabores, bordas, molhos, acompanhamentos e combos, pode enviar também por favor?"
92024543-51a3-4c2e-9e8a-ee66ffcf350a;Restaurante e Marmitaria do Marinheiro;;Cruzeiro;Av. Pres. Juscelino Kubitschek;(83) 98659-0370;5583986590370;https://wa.me/5583986590370;;5;;unknown;no_instagram_with_google_phone;"Olá, tudo bem? Estou cadastrando restaurantes de Campina Grande no FilterFood e queria incluir o Restaurante e Marmitaria do Marinheiro. Você poderia me enviar o cardápio atualizado por foto, PDF ou link? Se tiver opções/adicionais como sabores, bordas, molhos, acompanhamentos e combos, pode enviar também por favor?"
0eb8fb9c-693c-4559-9bb9-8e045be0dee9;The Açai Express;;Centenário;R. Prof. Carlos Francisco Medeiros de Almeida;(83) 98738-4587;5583987384587;https://wa.me/5583987384587;;5;;unknown;no_instagram_with_google_phone;"Olá, tudo bem? Estou cadastrando restaurantes de Campina Grande no FilterFood e queria incluir o The Açai Express. Você poderia me enviar o cardápio atualizado por foto, PDF ou link? Se tiver opções/adicionais como sabores, bordas, molhos, acompanhamentos e combos, pode enviar também por favor?"
95217621-7e07-456b-b91d-4afd2ea13300;O boteco restaurante;;São José;R. Maj. Belmiro;(83) 98212-3385;5583982123385;https://wa.me/5583982123385;;5;;unknown;no_instagram_with_google_phone;"Olá, tudo bem? Estou cadastrando restaurantes de Campina Grande no FilterFood e queria incluir o O boteco restaurante. Você poderia me enviar o cardápio atualizado por foto, PDF ou link? Se tiver opções/adicionais como sabores, bordas, molhos, acompanhamentos e combos, pode enviar também por favor?"
938a9c6d-6335-4296-9b69-d5aba9dddfd2;Lanchonete Santo Antonio;;Centro;R. Taváres Cavalcante;(83) 98833-9245;5583988339245;https://wa.me/5583988339245;;5;;unknown;no_instagram_with_google_phone;"Olá, tudo bem? Estou cadastrando restaurantes de Campina Grande no FilterFood e queria incluir o Lanchonete Santo Antonio. Você poderia me enviar o cardápio atualizado por foto, PDF ou link? Se tiver opções/adicionais como sabores, bordas, molhos, acompanhamentos e combos, pode enviar também por favor?"
b0393ecb-01ab-452a-b709-e241eda1624e;Degustar Marmitaria;;Tambor;R. Severino Gaudêncio;(83) 3331-2420;558333312420;https://wa.me/558333312420;;4.7;;unknown;no_instagram_with_google_phone;"Olá, tudo bem? Estou cadastrando restaurantes de Campina Grande no FilterFood e queria incluir o Degustar Marmitaria. Você poderia me enviar o cardápio atualizado por foto, PDF ou link? Se tiver opções/adicionais como sabores, bordas, molhos, acompanhamentos e combos, pode enviar também por favor?"
5b74e097-c37d-44a0-a0c7-32952c3e3ba8;Churrascaria e Marmitaria Shekinah;;Três Irmãs;R. Eliana Gomes Quirino;(83) 99421-4578;5583994214578;https://wa.me/5583994214578;;4.6;;unknown;no_instagram_with_google_phone;"Olá, tudo bem? Estou cadastrando restaurantes de Campina Grande no FilterFood e queria incluir o Churrascaria e Marmitaria Shekinah. Você poderia me enviar o cardápio atualizado por foto, PDF ou link? Se tiver opções/adicionais como sabores, bordas, molhos, acompanhamentos e combos, pode enviar também por favor?"
aba21a80-9f95-448f-8fc8-6aa70a8dd31f;Hambúrguer 372;;Três Irmãs;R. Geraldo Miranda Leite;(83) 98673-4202;5583986734202;https://wa.me/5583986734202;;5;;unknown;no_instagram_with_google_phone;"Olá, tudo bem? Estou cadastrando restaurantes de Campina Grande no FilterFood e queria incluir o Hambúrguer 372. Você poderia me enviar o cardápio atualizado por foto, PDF ou link? Se tiver opções/adicionais como sabores, bordas, molhos, acompanhamentos e combos, pode enviar também por favor?"
e4fe4e01-4c16-4033-88b5-82e1f8f025fa;Espetinho da cil;;Centenário;Av. Mal. Floriano Peixoto;(83) 99628-5763;5583996285763;https://wa.me/5583996285763;;4.5;;unknown;no_instagram_with_google_phone;"Olá, tudo bem? Estou cadastrando restaurantes de Campina Grande no FilterFood e queria incluir o Espetinho da cil. Você poderia me enviar o cardápio atualizado por foto, PDF ou link? Se tiver opções/adicionais como sabores, bordas, molhos, acompanhamentos e combos, pode enviar também por favor?"
b5f11212-486e-4324-879c-0bf17c8ad00b;Tradição de Vó - La cucina;;Palmeira;R. Ouro Branco;(83) 98863-2884;5583988632884;https://wa.me/5583988632884;;;;unknown;no_instagram_with_google_phone;"Olá, tudo bem? Estou cadastrando restaurantes de Campina Grande no FilterFood e queria incluir o Tradição de Vó - La cucina. Você poderia me enviar o cardápio atualizado por foto, PDF ou link? Se tiver opções/adicionais como sabores, bordas, molhos, acompanhamentos e combos, pode enviar também por favor?"
cd56ad84-83f0-4419-931e-06f0e72e3d65;DD Burguer CG;;Jardim Quarenta;Rua Enfermeira Maria de Lourdes da Silva;(83) 98892-6875;5583988926875;https://wa.me/5583988926875;;4.6;;unknown;no_instagram_with_google_phone;"Olá, tudo bem? Estou cadastrando restaurantes de Campina Grande no FilterFood e queria incluir o DD Burguer CG. Você poderia me enviar o cardápio atualizado por foto, PDF ou link? Se tiver opções/adicionais como sabores, bordas, molhos, acompanhamentos e combos, pode enviar também por favor?"
9bf9887e-ea8e-4046-9686-1ec649c4f4c6;João e Maria Marmitaria;;Três Irmãs;R. Everton Cavalcanti de Farias;(83) 98711-6437;5583987116437;https://wa.me/5583987116437;;4.2;;unknown;no_instagram_with_google_phone;"Olá, tudo bem? Estou cadastrando restaurantes de Campina Grande no FilterFood e queria incluir o João e Maria Marmitaria. Você poderia me enviar o cardápio atualizado por foto, PDF ou link? Se tiver opções/adicionais como sabores, bordas, molhos, acompanhamentos e combos, pode enviar também por favor?"
9d6f61d0-aa69-4f9a-b848-770a7c281d94;Delícias da rê;;Monte Santo;R. da Borborema;(83) 98862-1617;5583988621617;https://wa.me/5583988621617;;5;;unknown;no_instagram_with_google_phone;"Olá, tudo bem? Estou cadastrando restaurantes de Campina Grande no FilterFood e queria incluir o Delícias da rê. Você poderia me enviar o cardápio atualizado por foto, PDF ou link? Se tiver opções/adicionais como sabores, bordas, molhos, acompanhamentos e combos, pode enviar também por favor?"
e3c10fb5-b2cc-47ec-8803-a2d417de0f1e;Jan lanches;;;Josinete oliveira alves 297 Ramadinha 2;(83) 98609-3530;5583986093530;https://wa.me/5583986093530;;4.8;;unknown;no_instagram_with_google_phone;"Olá, tudo bem? Estou cadastrando restaurantes de Campina Grande no FilterFood e queria incluir o Jan lanches. Você poderia me enviar o cardápio atualizado por foto, PDF ou link? Se tiver opções/adicionais como sabores, bordas, molhos, acompanhamentos e combos, pode enviar também por favor?"
72ece4af-9c22-4d49-89df-d99983a13221;Memé Pizzaria;;Cruzeiro;R. João Joviano de Medeiros;(83) 98804-1629;5583988041629;https://wa.me/5583988041629;;3.9;;unknown;no_instagram_with_google_phone;"Olá, tudo bem? Estou cadastrando restaurantes de Campina Grande no FilterFood e queria incluir o Memé Pizzaria. Você poderia me enviar o cardápio atualizado por foto, PDF ou link? Se tiver opções/adicionais como sabores, bordas, molhos, acompanhamentos e combos, pode enviar também por favor?"
aa195304-9cc5-42eb-8ed3-b6c2a79601b0;Gourmet Lanches Delivey;;Jardim Paulistano;Rua Dr - R. Edésio Silva;(83) 99839-3344;5583998393344;https://wa.me/5583998393344;;;;unknown;no_instagram_with_google_phone;"Olá, tudo bem? Estou cadastrando restaurantes de Campina Grande no FilterFood e queria incluir o Gourmet Lanches Delivey. Você poderia me enviar o cardápio atualizado por foto, PDF ou link? Se tiver opções/adicionais como sabores, bordas, molhos, acompanhamentos e combos, pode enviar também por favor?"
9232fd82-81a6-4f97-a71c-e0dfea600aba;Moinho Café Pateoense;;Distrito Industrial;R. Cap. Aldano;(83) 3337-3349;558333373349;https://wa.me/558333373349;;5;;unknown;no_instagram_with_google_phone;"Olá, tudo bem? Estou cadastrando restaurantes de Campina Grande no FilterFood e queria incluir o Moinho Café Pateoense. Você poderia me enviar o cardápio atualizado por foto, PDF ou link? Se tiver opções/adicionais como sabores, bordas, molhos, acompanhamentos e combos, pode enviar também por favor?"
d85190e2-ce00-429a-a746-92c1317b55db;Tropical açai;;Jardim Paulistano;R. Clóvis Agra Brandão de Queiroz;(83) 99115-9369;5583991159369;https://wa.me/5583991159369;;4.5;;unknown;no_instagram_with_google_phone;"Olá, tudo bem? Estou cadastrando restaurantes de Campina Grande no FilterFood e queria incluir o Tropical açai. Você poderia me enviar o cardápio atualizado por foto, PDF ou link? Se tiver opções/adicionais como sabores, bordas, molhos, acompanhamentos e combos, pode enviar também por favor?"
f4380843-ae67-480f-b628-67d39c30999c;Amor & Café;;Jardim Paulistano;R. Profa. Natalícia Ramos Vieira;(83) 99664-4738;5583996644738;https://wa.me/5583996644738;;4.8;;unknown;no_instagram_with_google_phone;"Olá, tudo bem? Estou cadastrando restaurantes de Campina Grande no FilterFood e queria incluir o Amor & Café. Você poderia me enviar o cardápio atualizado por foto, PDF ou link? Se tiver opções/adicionais como sabores, bordas, molhos, acompanhamentos e combos, pode enviar também por favor?"
7c18e4e4-8443-495f-a66e-db5ac3b3f60a;MA lanchonete e refeições;;Jardim Paulistano;R. João Carolino;(83) 99385-4614;5583993854614;https://wa.me/5583993854614;;4.8;;unknown;no_instagram_with_google_phone;"Olá, tudo bem? Estou cadastrando restaurantes de Campina Grande no FilterFood e queria incluir o MA lanchonete e refeições. Você poderia me enviar o cardápio atualizado por foto, PDF ou link? Se tiver opções/adicionais como sabores, bordas, molhos, acompanhamentos e combos, pode enviar também por favor?"
80d91e92-2a47-4298-acb8-5fec65847388;Marmitaria Borborema;;Jardim Paulistano;R. Mte. Inácio;(83) 98644-4123;5583986444123;https://wa.me/5583986444123;;5;;unknown;no_instagram_with_google_phone;"Olá, tudo bem? Estou cadastrando restaurantes de Campina Grande no FilterFood e queria incluir o Marmitaria Borborema. Você poderia me enviar o cardápio atualizado por foto, PDF ou link? Se tiver opções/adicionais como sabores, bordas, molhos, acompanhamentos e combos, pode enviar também por favor?"
73a09b41-548a-475e-abaf-8eac86779024;RDL.CiA Açaiteria;;Jardim Continental;R. Rogerio de Lima;(83) 99645-3877;5583996453877;https://wa.me/5583996453877;;5;;unknown;no_instagram_with_google_phone;"Olá, tudo bem? Estou cadastrando restaurantes de Campina Grande no FilterFood e queria incluir o RDL.CiA Açaiteria. Você poderia me enviar o cardápio atualizado por foto, PDF ou link? Se tiver opções/adicionais como sabores, bordas, molhos, acompanhamentos e combos, pode enviar também por favor?"
b798913a-7377-42a0-956c-e3e13a118cf7;RDL.CiA Açaiteria;;Jardim Continental;R. Rogerio de Lima;(83) 99645-3877;5583996453877;https://wa.me/5583996453877;;5;;unknown;no_instagram_with_google_phone;"Olá, tudo bem? Estou cadastrando restaurantes de Campina Grande no FilterFood e queria incluir o RDL.CiA Açaiteria. Você poderia me enviar o cardápio atualizado por foto, PDF ou link? Se tiver opções/adicionais como sabores, bordas, molhos, acompanhamentos e combos, pode enviar também por favor?"
314060c1-b7ba-455c-82b5-7d1c3a194d45;Linda acai;;Cuités;R. Projetada 12;(83) 98795-6169;5583987956169;https://wa.me/5583987956169;;;;unknown;no_instagram_with_google_phone;"Olá, tudo bem? Estou cadastrando restaurantes de Campina Grande no FilterFood e queria incluir o Linda acai. Você poderia me enviar o cardápio atualizado por foto, PDF ou link? Se tiver opções/adicionais como sabores, bordas, molhos, acompanhamentos e combos, pode enviar também por favor?"
8410b852-7a1f-432b-be5a-819e1583721a;C&C lanches e refeições;;Centro;R. Iremar Vilarim;(81) 98669-8577;5581986698577;https://wa.me/5581986698577;;;;unknown;no_instagram_with_google_phone;"Olá, tudo bem? Estou cadastrando restaurantes de Campina Grande no FilterFood e queria incluir o C&C lanches e refeições. Você poderia me enviar o cardápio atualizado por foto, PDF ou link? Se tiver opções/adicionais como sabores, bordas, molhos, acompanhamentos e combos, pode enviar também por favor?"
1be4045b-94d9-4ab4-a582-1ea5cb1c2548;MV Açaí;;Jeremias;R. Santo Agostinho;(83) 99867-8556;5583998678556;https://wa.me/5583998678556;;5;;unknown;no_instagram_with_google_phone;"Olá, tudo bem? Estou cadastrando restaurantes de Campina Grande no FilterFood e queria incluir o MV Açaí. Você poderia me enviar o cardápio atualizado por foto, PDF ou link? Se tiver opções/adicionais como sabores, bordas, molhos, acompanhamentos e combos, pode enviar também por favor?"
511104e0-4f9c-4bc0-a415-48b0be064cc6;TKOXINHA;;Jeremias;R. Francisco Borges Costa;(83) 98822-6574;5583988226574;https://wa.me/5583988226574;;4.4;;unknown;no_instagram_with_google_phone;"Olá, tudo bem? Estou cadastrando restaurantes de Campina Grande no FilterFood e queria incluir o TKOXINHA. Você poderia me enviar o cardápio atualizado por foto, PDF ou link? Se tiver opções/adicionais como sabores, bordas, molhos, acompanhamentos e combos, pode enviar também por favor?"
4bb70ac7-84f4-4f36-bffe-dbf9dd433dd0;Açaíteria Ruts;;Jeremias;R. José Ribeiro da Costa;(83) 99317-9423;5583993179423;https://wa.me/5583993179423;;;;unknown;no_instagram_with_google_phone;"Olá, tudo bem? Estou cadastrando restaurantes de Campina Grande no FilterFood e queria incluir o Açaíteria Ruts. Você poderia me enviar o cardápio atualizado por foto, PDF ou link? Se tiver opções/adicionais como sabores, bordas, molhos, acompanhamentos e combos, pode enviar também por favor?"
220ff8da-3850-46d6-8482-31e61c7a7d8c;FEIJÚ DA GIR;;Jeremias;R. São Rafael;(83) 98783-7594;5583987837594;https://wa.me/5583987837594;;4.9;;unknown;no_instagram_with_google_phone;"Olá, tudo bem? Estou cadastrando restaurantes de Campina Grande no FilterFood e queria incluir o FEIJÚ DA GIR. Você poderia me enviar o cardápio atualizado por foto, PDF ou link? Se tiver opções/adicionais como sabores, bordas, molhos, acompanhamentos e combos, pode enviar também por favor?"
3dba39f8-7d14-4d1f-8311-daf6a7010eae;Espetinho VIP - Jeremias;;Jeremias;R. São Lucas;(83) 98600-9387;5583986009387;https://wa.me/5583986009387;;4.4;;unknown;no_instagram_with_google_phone;"Olá, tudo bem? Estou cadastrando restaurantes de Campina Grande no FilterFood e queria incluir o Espetinho VIP - Jeremias. Você poderia me enviar o cardápio atualizado por foto, PDF ou link? Se tiver opções/adicionais como sabores, bordas, molhos, acompanhamentos e combos, pode enviar também por favor?"
1bd45593-3ff0-4d67-a5af-39f107bbb4c2;Espetinho do Neguinho;;Jeremias;R. Francisco Borges Costa;(83) 99666-4909;5583996664909;https://wa.me/5583996664909;;4.7;;unknown;no_instagram_with_google_phone;"Olá, tudo bem? Estou cadastrando restaurantes de Campina Grande no FilterFood e queria incluir o Espetinho do Neguinho. Você poderia me enviar o cardápio atualizado por foto, PDF ou link? Se tiver opções/adicionais como sabores, bordas, molhos, acompanhamentos e combos, pode enviar também por favor?"
91b05595-a1a6-4c21-8ac4-25236f4820a6;Mabrinni Café e Afeto;;Lauritzen;R. Arnaldo de Albuquerque;(83) 99664-0220;5583996640220;https://wa.me/5583996640220;;4.8;;unknown;no_instagram_with_google_phone;"Olá, tudo bem? Estou cadastrando restaurantes de Campina Grande no FilterFood e queria incluir o Mabrinni Café e Afeto. Você poderia me enviar o cardápio atualizado por foto, PDF ou link? Se tiver opções/adicionais como sabores, bordas, molhos, acompanhamentos e combos, pode enviar também por favor?"
6748a2ea-28ea-4189-b6e2-9ceb83cc18ed;sabor da casa pizzaria;;Nova Brasília;R. Belo Monte;(83) 98787-5096;5583987875096;https://wa.me/5583987875096;;5;;unknown;no_instagram_with_google_phone;"Olá, tudo bem? Estou cadastrando restaurantes de Campina Grande no FilterFood e queria incluir o sabor da casa pizzaria. Você poderia me enviar o cardápio atualizado por foto, PDF ou link? Se tiver opções/adicionais como sabores, bordas, molhos, acompanhamentos e combos, pode enviar também por favor?"
682fd793-4740-428c-9774-0659c12e2362;JB burguer;;Nova Brasília;R. Lindaci de Medeiros Nápoles;(83) 98718-6631;5583987186631;https://wa.me/5583987186631;;;;unknown;no_instagram_with_google_phone;"Olá, tudo bem? Estou cadastrando restaurantes de Campina Grande no FilterFood e queria incluir o JB burguer. Você poderia me enviar o cardápio atualizado por foto, PDF ou link? Se tiver opções/adicionais como sabores, bordas, molhos, acompanhamentos e combos, pode enviar também por favor?"
bc59787b-1714-4cd4-bb73-c27e226f20b1;BOM SABOR MARMITARIA;;Nova Brasília;R. Maria de Souza Costa;(83) 98738-6510;5583987386510;https://wa.me/5583987386510;;4.6;;unknown;no_instagram_with_google_phone;"Olá, tudo bem? Estou cadastrando restaurantes de Campina Grande no FilterFood e queria incluir o BOM SABOR MARMITARIA. Você poderia me enviar o cardápio atualizado por foto, PDF ou link? Se tiver opções/adicionais como sabores, bordas, molhos, acompanhamentos e combos, pode enviar também por favor?"
25b9f46e-35dc-4a0e-ae43-f906a066f8ad;Marmitaria pop;;Acácio Figueiredo;R. Júlio Gomes da Silva;(83) 3322-9720;558333229720;https://wa.me/558333229720;;5;;unknown;no_instagram_with_google_phone;"Olá, tudo bem? Estou cadastrando restaurantes de Campina Grande no FilterFood e queria incluir o Marmitaria pop. Você poderia me enviar o cardápio atualizado por foto, PDF ou link? Se tiver opções/adicionais como sabores, bordas, molhos, acompanhamentos e combos, pode enviar também por favor?"
0922d071-c443-4fd3-9478-4cdfe61c0a7a;RH Pizza delivery;;Centenário;R. Francisco Lopes;(83) 98902-4457;5583989024457;https://wa.me/5583989024457;;5;;unknown;no_instagram_with_google_phone;"Olá, tudo bem? Estou cadastrando restaurantes de Campina Grande no FilterFood e queria incluir o RH Pizza delivery. Você poderia me enviar o cardápio atualizado por foto, PDF ou link? Se tiver opções/adicionais como sabores, bordas, molhos, acompanhamentos e combos, pode enviar também por favor?"
a61834d5-652c-4297-8278-d8c0d144a446;Churrascaria Cantina Mineira;;;BR-230;(83) 99894-8808;5583998948808;https://wa.me/5583998948808;;;;unknown;no_instagram_with_google_phone;"Olá, tudo bem? Estou cadastrando restaurantes de Campina Grande no FilterFood e queria incluir o Churrascaria Cantina Mineira. Você poderia me enviar o cardápio atualizado por foto, PDF ou link? Se tiver opções/adicionais como sabores, bordas, molhos, acompanhamentos e combos, pode enviar também por favor?"
f4a96210-3637-471c-8417-edd137d26fc7;SR. ESPETO;;Bodocongó;Av. Juvêncio Arruda;(83) 98885-1484;5583988851484;https://wa.me/5583988851484;;4.5;;unknown;no_instagram_with_google_phone;"Olá, tudo bem? Estou cadastrando restaurantes de Campina Grande no FilterFood e queria incluir o SR. ESPETO. Você poderia me enviar o cardápio atualizado por foto, PDF ou link? Se tiver opções/adicionais como sabores, bordas, molhos, acompanhamentos e combos, pode enviar também por favor?"
2edc3f14-19d2-4ce3-8d46-b1c2dd26f9e0;Cantinho da Nadja;Restaurante de comida para viagem;Bela Vista;R. Profa. Luiza Barbosa Leal;(83) 99132-1886;5583991321886;https://wa.me/5583991321886;;5;;unknown;no_instagram_with_google_phone;"Olá, tudo bem? Estou cadastrando restaurantes de Campina Grande no FilterFood e queria incluir o Cantinho da Nadja. Você poderia me enviar o cardápio atualizado por foto, PDF ou link? Se tiver opções/adicionais como sabores, bordas, molhos, acompanhamentos e combos, pode enviar também por favor?"
e7f8bf2a-ed9b-4efa-8dc3-6df09064cc37;Tempero da Ana - Marmitaria em Campina Grande | e Delivery 🍛;;Bodocongó;R. Maria Olívia Mendes Braga;(83) 99117-4169;5583991174169;https://wa.me/5583991174169;;;;unknown;no_instagram_with_google_phone;"Olá, tudo bem? Estou cadastrando restaurantes de Campina Grande no FilterFood e queria incluir o Tempero da Ana - Marmitaria em Campina Grande | e Delivery 🍛. Você poderia me enviar o cardápio atualizado por foto, PDF ou link? Se tiver opções/adicionais como sabores, bordas, molhos, acompanhamentos e combos, pode enviar também por favor?"
041f6b74-293a-4fe4-9122-e20ddd717794;Marmitaria Almeida Servimos Marmitas E Marmitex;;Pedregal;R. São Vicente;(83) 3333-2109;558333332109;https://wa.me/558333332109;;;;unknown;no_instagram_with_google_phone;"Olá, tudo bem? Estou cadastrando restaurantes de Campina Grande no FilterFood e queria incluir o Marmitaria Almeida Servimos Marmitas E Marmitex. Você poderia me enviar o cardápio atualizado por foto, PDF ou link? Se tiver opções/adicionais como sabores, bordas, molhos, acompanhamentos e combos, pode enviar também por favor?"
54e760f3-78ff-4935-9a1a-dddf07a41495;Iburgue Lachonete;;Vila Cabral;R. Clóvis Timóteo da Costa;(83) 98733-3737;5583987333737;https://wa.me/5583987333737;;5;;unknown;no_instagram_with_google_phone;"Olá, tudo bem? Estou cadastrando restaurantes de Campina Grande no FilterFood e queria incluir o Iburgue Lachonete. Você poderia me enviar o cardápio atualizado por foto, PDF ou link? Se tiver opções/adicionais como sabores, bordas, molhos, acompanhamentos e combos, pode enviar também por favor?"
06cdbf68-564e-4ced-9c3b-274423431d5b;Lanchonete Família Queiroz;;Serrotão;R. Wilson Pereira da Silva;(83) 98714-4344;5583987144344;https://wa.me/5583987144344;;5;;unknown;no_instagram_with_google_phone;"Olá, tudo bem? Estou cadastrando restaurantes de Campina Grande no FilterFood e queria incluir o Lanchonete Família Queiroz. Você poderia me enviar o cardápio atualizado por foto, PDF ou link? Se tiver opções/adicionais como sabores, bordas, molhos, acompanhamentos e combos, pode enviar também por favor?"
090d19bd-2826-459c-9004-869a76017930;Churrascaria Cantina Mineira;;;BR-230;(83) 99894-8808;5583998948808;https://wa.me/5583998948808;;;;unknown;no_instagram_with_google_phone;"Olá, tudo bem? Estou cadastrando restaurantes de Campina Grande no FilterFood e queria incluir o Churrascaria Cantina Mineira. Você poderia me enviar o cardápio atualizado por foto, PDF ou link? Se tiver opções/adicionais como sabores, bordas, molhos, acompanhamentos e combos, pode enviar também por favor?"
474accda-a92b-44b1-8ee0-741ee9aeaad7;Qtalspetos;;Vila Cabral;R. Clóvis Timóteo da Costa;(83) 99611-8948;5583996118948;https://wa.me/5583996118948;;4.7;;unknown;no_instagram_with_google_phone;"Olá, tudo bem? Estou cadastrando restaurantes de Campina Grande no FilterFood e queria incluir o Qtalspetos. Você poderia me enviar o cardápio atualizado por foto, PDF ou link? Se tiver opções/adicionais como sabores, bordas, molhos, acompanhamentos e combos, pode enviar também por favor?"
3631895a-fd4f-4138-a0f9-cbe670eace6e;Belo's bar;;Santa Terezinha;Abdisio Militão prazeres dos Santos 194 Vila Cabral de;(83) 99126-5979;5583991265979;https://wa.me/5583991265979;;3.9;;unknown;no_instagram_with_google_phone;"Olá, tudo bem? Estou cadastrando restaurantes de Campina Grande no FilterFood e queria incluir o Belo's bar. Você poderia me enviar o cardápio atualizado por foto, PDF ou link? Se tiver opções/adicionais como sabores, bordas, molhos, acompanhamentos e combos, pode enviar também por favor?"
0c22e293-c818-440d-8221-a5a50db9d53a;Lanches & Cia Bruno e Valéria;;Distrito Industrial;Av. Jorn. Assis Chateaubriand;(83) 98761-4321;5583987614321;https://wa.me/5583987614321;;4.9;;unknown;no_instagram_with_google_phone;"Olá, tudo bem? Estou cadastrando restaurantes de Campina Grande no FilterFood e queria incluir o Lanches & Cia Bruno e Valéria. Você poderia me enviar o cardápio atualizado por foto, PDF ou link? Se tiver opções/adicionais como sabores, bordas, molhos, acompanhamentos e combos, pode enviar também por favor?"
0d6ace88-138a-4808-9686-37278fb34461;Índio Grills;;Jardim Paulistano;R. Pedro Otávio de Farias Leite;(83) 99151-6220;5583991516220;https://wa.me/5583991516220;;4.6;;unknown;no_instagram_with_google_phone;"Olá, tudo bem? Estou cadastrando restaurantes de Campina Grande no FilterFood e queria incluir o Índio Grills. Você poderia me enviar o cardápio atualizado por foto, PDF ou link? Se tiver opções/adicionais como sabores, bordas, molhos, acompanhamentos e combos, pode enviar também por favor?"
530ab84b-3eec-47f0-974f-95475862fa24;Baby Crepe;;Jardim Tavares;Av. Mal. Floriano Peixoto;(61) 99379-8254;5561993798254;https://wa.me/5561993798254;;;;unknown;no_instagram_with_google_phone;"Olá, tudo bem? Estou cadastrando restaurantes de Campina Grande no FilterFood e queria incluir o Baby Crepe. Você poderia me enviar o cardápio atualizado por foto, PDF ou link? Se tiver opções/adicionais como sabores, bordas, molhos, acompanhamentos e combos, pode enviar também por favor?"
9ecdc6a3-e3a4-4adc-bfa6-64457a8ceff8;Crepes da Tânia;;Liberdade;R. Severino Pímentel;(83) 98857-9321;5583988579321;https://wa.me/5583988579321;;;;unknown;no_instagram_with_google_phone;"Olá, tudo bem? Estou cadastrando restaurantes de Campina Grande no FilterFood e queria incluir o Crepes da Tânia. Você poderia me enviar o cardápio atualizado por foto, PDF ou link? Se tiver opções/adicionais como sabores, bordas, molhos, acompanhamentos e combos, pode enviar também por favor?"
baaa264b-96e0-4530-8cec-71c285dfd3e9;Neguinha da tapioca;;Centro;Rua Marquês do Herval;(83) 99924-8214;5583999248214;https://wa.me/5583999248214;;4.5;;unknown;no_instagram_with_google_phone;"Olá, tudo bem? Estou cadastrando restaurantes de Campina Grande no FilterFood e queria incluir o Neguinha da tapioca. Você poderia me enviar o cardápio atualizado por foto, PDF ou link? Se tiver opções/adicionais como sabores, bordas, molhos, acompanhamentos e combos, pode enviar também por favor?"
0909305e-f198-47cf-88ef-738dc8eb3173;Bar Do Edu;;;Catolé de Zé Ferreira;(11) 99721-2390;5511997212390;https://wa.me/5511997212390;;;;unknown;no_instagram_with_google_phone;"Olá, tudo bem? Estou cadastrando restaurantes de Campina Grande no FilterFood e queria incluir o Bar Do Edu. Você poderia me enviar o cardápio atualizado por foto, PDF ou link? Se tiver opções/adicionais como sabores, bordas, molhos, acompanhamentos e combos, pode enviar também por favor?"
4e7942e7-b1d9-4c15-a0e8-85b12e5b6426;Cup Açaí;;Vila Cabral;R. João Crispim da Silva;(83) 98888-1286;5583988881286;https://wa.me/5583988881286;;4.6;;unknown;no_instagram_with_google_phone;"Olá, tudo bem? Estou cadastrando restaurantes de Campina Grande no FilterFood e queria incluir o Cup Açaí. Você poderia me enviar o cardápio atualizado por foto, PDF ou link? Se tiver opções/adicionais como sabores, bordas, molhos, acompanhamentos e combos, pode enviar também por favor?"
09c01e89-c3c4-458b-ac73-c5c75fbc995a;Frango na br;;Vila Cabral;Av. Pref. Severino Bezerra Cabral;(83) 99648-5376;5583996485376;https://wa.me/5583996485376;;4.6;;unknown;no_instagram_with_google_phone;"Olá, tudo bem? Estou cadastrando restaurantes de Campina Grande no FilterFood e queria incluir o Frango na br. Você poderia me enviar o cardápio atualizado por foto, PDF ou link? Se tiver opções/adicionais como sabores, bordas, molhos, acompanhamentos e combos, pode enviar também por favor?"
84c40548-1d8d-4cba-bf0f-765fb894a97b;India Açaiteria e lanchonete;;Galante;R. Ver. Antônio Alves Pimentel;(83) 99380-3162;5583993803162;https://wa.me/5583993803162;;4.9;;unknown;no_instagram_with_google_phone;"Olá, tudo bem? Estou cadastrando restaurantes de Campina Grande no FilterFood e queria incluir o India Açaiteria e lanchonete. Você poderia me enviar o cardápio atualizado por foto, PDF ou link? Se tiver opções/adicionais como sabores, bordas, molhos, acompanhamentos e combos, pode enviar também por favor?"