restaurant_id;restaurant_name;query;selected;tier;score;platform;source;title;link;flags
d03f3aca-7cdf-4227-b701-fd1a439be3c5;Piratas Burger;Piratas Burger Intermares Av. Oceano Atlântico (83) 98155-6636 Cabedelo PB Instagram;yes;yellow;98;instagram;organic;Piratas Art Burger (@piratasartburger);https://instagram.com/piratasartburger;city_not_confirmed
d03f3aca-7cdf-4227-b701-fd1a439be3c5;Piratas Burger;Piratas Burger Intermares Av. Oceano Atlântico (83) 98155-6636 Cabedelo PB Instagram;;yellow;68;instagram;organic;Big Jack Sanduicheria (@bigjack.intermares) · Cabedelo, PB;https://instagram.com/bigjack.intermares;brand_not_confirmed
d03f3aca-7cdf-4227-b701-fd1a439be3c5;Piratas Burger;Piratas Burger Intermares Av. Oceano Atlântico (83) 98155-6636 Cabedelo PB Instagram;;yellow;46;instagram;organic;Navio Pirata Hamburgueria (@naviopiratahamburgueria);https://instagram.com/naviopiratahamburgueria;brand_not_confirmed|city_not_confirmed
d03f3aca-7cdf-4227-b701-fd1a439be3c5;Piratas Burger;Piratas Burger Intermares Av. Oceano Atlântico (83) 98155-6636 Cabedelo PB Instagram;;red;35;instagram;organic;Caro e gentil marujo! Sabemos que vocês precisam de ...;https://instagram.com/reel/DUWa5uYEUbm;instagram_reel_not_profile|instagram_profile_not_canonicalizable|city_not_confirmed
d03f3aca-7cdf-4227-b701-fd1a439be3c5;Piratas Burger;Piratas Burger Intermares Av. Oceano Atlântico (83) 98155-6636 Cabedelo PB Instagram;;red;35;instagram;organic;‍☠️ Julho chegou e a nossa tripulação já tem destino certo ...;https://instagram.com/p/DaSnFjwSrUb;instagram_p_not_profile|instagram_profile_not_canonicalizable|city_not_confirmed
d03f3aca-7cdf-4227-b701-fd1a439be3c5;Piratas Burger;Piratas Burger Intermares Av. Oceano Atlântico (83) 98155-6636 Cabedelo PB Instagram;;red;35;instagram;organic;Cara de Mau - Gramado RS | 🍕 Tem pirata que divide a ...;https://instagram.com/reel/DaalxZwjW98;instagram_reel_not_profile|instagram_profile_not_canonicalizable|city_not_confirmed
d03f3aca-7cdf-4227-b701-fd1a439be3c5;Piratas Burger;Piratas Burger Intermares Av. Oceano Atlântico (83) 98155-6636 Cabedelo PB Instagram;;red;35;instagram;organic;Tudo o que você precisa hoje é um burger do Piratas 🏴‍☠️ ...;https://instagram.com/p/DNY9R-yORNs;instagram_p_not_profile|instagram_profile_not_canonicalizable|city_not_confirmed
d03f3aca-7cdf-4227-b701-fd1a439be3c5;Piratas Burger;Piratas Burger Intermares Av. Oceano Atlântico (83) 98155-6636 Cabedelo PB Instagram;;red;35;instagram;organic;Alta gastronomia é no Shopping Piratas! Cada restaurante ...;https://instagram.com/p/DNwJtn7UuOj;instagram_p_not_profile|instagram_profile_not_canonicalizable|city_not_confirmed
f598d9b8-6875-4bca-92c3-a7675f4775ac;Pizzaria tá no ponto;Pizzaria tá no ponto Vila Sao Joao R. Ten. Antônio Pontes Cabedelo PB Instagram;yes;yellow;110;instagram;organic;Pizzaria tá no ponto (@pizzariatanoponto);https://instagram.com/pizzariatanoponto;city_not_confirmed
f598d9b8-6875-4bca-92c3-a7675f4775ac;Pizzaria tá no ponto;Pizzaria tá no ponto Vila Sao Joao R. Ten. Antônio Pontes Cabedelo PB Instagram;;yellow;98;instagram;organic;Pizza em Ponto (@pizzaempontomg);https://instagram.com/pizzaempontomg;city_not_confirmed
f598d9b8-6875-4bca-92c3-a7675f4775ac;Pizzaria tá no ponto;Pizzaria tá no ponto Vila Sao Joao R. Ten. Antônio Pontes Cabedelo PB Instagram;;yellow;98;instagram;organic;PIZZA NO PONTO OFICIAL 🍕 (@pizza_nopontooficial);https://instagram.com/pizza_nopontooficial;city_not_confirmed
f598d9b8-6875-4bca-92c3-a7675f4775ac;Pizzaria tá no ponto;Pizzaria tá no ponto Vila Sao Joao R. Ten. Antônio Pontes Cabedelo PB Instagram;;green;94;anota_ai;organic;Pizzaria Ta no Ponto | Delivery em Cabedelo | Pedido online;https://pedido.anota.ai/loja/pizzaria-ta-no-ponto;brand_not_confirmed
f598d9b8-6875-4bca-92c3-a7675f4775ac;Pizzaria tá no ponto;Pizzaria tá no ponto Vila Sao Joao R. Ten. Antônio Pontes Cabedelo PB Instagram;;yellow;46;instagram;organic;Pizza Now (@pizzanowexpress);https://instagram.com/pizzanowexpress;brand_not_confirmed|city_not_confirmed
f598d9b8-6875-4bca-92c3-a7675f4775ac;Pizzaria tá no ponto;Pizzaria tá no ponto Vila Sao Joao R. Ten. Antônio Pontes Cabedelo PB Instagram;;red;5;instagram;organic;Pizzaria tá no ponto（@pizzariatanoponto）的 Reels · 2023年 ...;https://instagram.com/reel/CwJDcP5ocAP/?hl=zh-cn;instagram_reel_not_profile|brand_not_confirmed|instagram_profile_not_canonicalizable
f598d9b8-6875-4bca-92c3-a7675f4775ac;Pizzaria tá no ponto;Pizzaria tá no ponto Vila Sao Joao R. Ten. Antônio Pontes Cabedelo PB Instagram;;red;3;instagram;organic;A melhor pizza a partir de R$ 29,90! . Vem 📍Estamos na ...;https://instagram.com/p/DA4NaqvxV7G;instagram_p_not_profile|brand_not_confirmed|instagram_profile_not_canonicalizable
f598d9b8-6875-4bca-92c3-a7675f4775ac;Pizzaria tá no ponto;Pizzaria tá no ponto Vila Sao Joao R. Ten. Antônio Pontes Cabedelo PB Instagram;;red;1;instagram;organic;Pizzaria Ponto Da Pizza | Aqui vai a dica de como você ...;https://instagram.com/reel/DFoGFUqMw45;instagram_reel_not_profile|brand_not_confirmed|instagram_profile_not_canonicalizable|city_not_confirmed
e445b317-ad12-4b4f-ab07-1289037cd322;Restaurante Self Sabor;Restaurante Self Sabor Lot. Vitorino Cardoso R. Carolino Cardoso Cabedelo PB Instagram;yes;yellow;128;instagram;organic;Restaurante Self Sabor (@_selfsabor) · Cabedelo, PB;https://instagram.com/_selfsabor;
e445b317-ad12-4b4f-ab07-1289037cd322;Restaurante Self Sabor;Restaurante Self Sabor Lot. Vitorino Cardoso R. Carolino Cardoso Cabedelo PB Instagram;;yellow;122;instagram;organic;Restaurante Self Sabor (@_selfsabor) - Cabedelo;https://instagram.com/_selfsabor/reels;
e445b317-ad12-4b4f-ab07-1289037cd322;Restaurante Self Sabor;Restaurante Self Sabor Lot. Vitorino Cardoso R. Carolino Cardoso Cabedelo PB Instagram;;red;43;instagram;organic;Restaurante Self Sabor | Chegou, montou o prato e já foi ...;https://instagram.com/reel/DSnJ67vEYsR;instagram_reel_not_profile|instagram_profile_not_canonicalizable|city_not_confirmed
e445b317-ad12-4b4f-ab07-1289037cd322;Restaurante Self Sabor;Restaurante Self Sabor Lot. Vitorino Cardoso R. Carolino Cardoso Cabedelo PB Instagram;;red;38;wanderboat.ai;organic;Restaurante Self Sabor - R. Carolino Cardoso, 361;https://wanderboat.ai/restaurants/brazil/regi%C3%A3o-geogr%C3%A1fica-imediata-de-jo%C3%A3o-pessoa/restaurante-self-sabor/2sDuAR4eQrurWXK86RMoXA;
e445b317-ad12-4b4f-ab07-1289037cd322;Restaurante Self Sabor;Restaurante Self Sabor Lot. Vitorino Cardoso R. Carolino Cardoso Cabedelo PB Instagram;;red;38;econodata.com.br;organic;Self Sabor em Cabedelo, PB - 61.798.629/0001-13;https://econodata.com.br/consulta-empresa/61798629000113-self-sabor-restaurante-ltda;
e445b317-ad12-4b4f-ab07-1289037cd322;Restaurante Self Sabor;Restaurante Self Sabor Lot. Vitorino Cardoso R. Carolino Cardoso Cabedelo PB Instagram;;red;-11;instagram;organic;"Jardim Restaurante on Instagram: ""O sábado pede um almoço ...";https://instagram.com/reel/DaX_Oyesr20;instagram_reel_not_profile|brand_not_confirmed|instagram_profile_not_canonicalizable|city_not_confirmed
e445b317-ad12-4b4f-ab07-1289037cd322;Restaurante Self Sabor;Restaurante Self Sabor Lot. Vitorino Cardoso R. Carolino Cardoso Cabedelo PB Instagram;;red;-15;instagram;organic;🍽️ Restaurante Casa de Taipa – Cabedelo/PB 🌵 Se você ...;https://instagram.com/reel/DPq5eqEjSjk;instagram_reel_not_profile|brand_not_confirmed|name_not_confirmed|instagram_profile_not_canonicalizable
e445b317-ad12-4b4f-ab07-1289037cd322;Restaurante Self Sabor;Restaurante Self Sabor Lot. Vitorino Cardoso R. Carolino Cardoso Cabedelo PB Instagram;;red;-21;instagram;organic;Ponta de Campina, Cabedelo ⏰ Todos os dias das 09h às ...;https://instagram.com/p/Cb7hfQ-O4Ii;instagram_p_not_profile|brand_not_confirmed|name_not_confirmed|instagram_profile_not_canonicalizable
fee9720d-1e25-487a-9a73-df9e407e73a6;Restaurante;Restaurante Cabedelo R. Cel. José Téles - Vila Sao Joao Cabedelo PB Instagram;yes;yellow;106;instagram;organic;Cibelly Mar | Restaurante Flutuante (@cibellymarr);https://instagram.com/cibellymarr;
fee9720d-1e25-487a-9a73-df9e407e73a6;Restaurante;Restaurante Cabedelo R. Cel. José Téles - Vila Sao Joao Cabedelo PB Instagram;;yellow;106;instagram;organic;Tenda Formosa restaurante (@tendaformosaoficial);https://instagram.com/tendaformosaoficial;
fee9720d-1e25-487a-9a73-df9e407e73a6;Restaurante;Restaurante Cabedelo R. Cel. José Téles - Vila Sao Joao Cabedelo PB Instagram;;yellow;102;instagram;organic;gigantedomaroficial • Instagram photos and videos;https://instagram.com/gigantedomaroficial;
fee9720d-1e25-487a-9a73-df9e407e73a6;Restaurante;Restaurante Cabedelo R. Cel. José Téles - Vila Sao Joao Cabedelo PB Instagram;;yellow;102;instagram;organic;SECULT Cabedelo/PB - Brasil (@secultcabedelo);https://instagram.com/secultcabedelo;
fee9720d-1e25-487a-9a73-df9e407e73a6;Restaurante;Restaurante Cabedelo R. Cel. José Téles - Vila Sao Joao Cabedelo PB Instagram;;yellow;100;instagram;organic;Ilha Dourada (@ilhadouradarestaurante);https://instagram.com/ilhadouradarestaurante;
fee9720d-1e25-487a-9a73-df9e407e73a6;Restaurante;Restaurante Cabedelo R. Cel. José Téles - Vila Sao Joao Cabedelo PB Instagram;;yellow;53;instagram;organic;"Cibelly Mar | Restaurante Flutuante on Instagram: ""O Cibelly ...";https://instagram.com/reel/DNkpxHOuxNi;instagram_reel_not_profile|instagram_profile_not_canonicalizable
fee9720d-1e25-487a-9a73-df9e407e73a6;Restaurante;Restaurante Cabedelo R. Cel. José Téles - Vila Sao Joao Cabedelo PB Instagram;;yellow;53;instagram;organic;"Cibelly Mar | Restaurante Flutuante on Instagram: ""Somos um ...";https://instagram.com/reel/DJoqOfpt7Bf;instagram_reel_not_profile|instagram_profile_not_canonicalizable
fee9720d-1e25-487a-9a73-df9e407e73a6;Restaurante;Restaurante Cabedelo R. Cel. José Téles - Vila Sao Joao Cabedelo PB Instagram;;red;31;instagram;organic;"Ilha Dourada on Instagram: ""O restaurante mais pé na areia ...";https://instagram.com/reel/DD0Ogzgx71Y;instagram_reel_not_profile|instagram_profile_not_canonicalizable|city_not_confirmed
637f341e-c8bb-4c2d-8ac6-1ffc96d4b2ce;Restaurante mar de amor;Restaurante mar de amor Cabedelo Av. Pôr do Sol - Portal do Poço Cabedelo PB Instagram;yes;yellow;120;instagram;organic;Cibelly Mar | Restaurante Flutuante (@cibellymarr);https://instagram.com/cibellymarr;
637f341e-c8bb-4c2d-8ac6-1ffc96d4b2ce;Restaurante mar de amor;Restaurante mar de amor Cabedelo Av. Pôr do Sol - Portal do Poço Cabedelo PB Instagram;;yellow;120;instagram;organic;gigantedomaroficial • Instagram photos and videos;https://instagram.com/gigantedomaroficial;
637f341e-c8bb-4c2d-8ac6-1ffc96d4b2ce;Restaurante mar de amor;Restaurante mar de amor Cabedelo Av. Pôr do Sol - Portal do Poço Cabedelo PB Instagram;;red;11;instagram;organic;Cibelly Bar & Restaurante on Instagram;https://instagram.com/reel/C6g1dFyrC9m;instagram_reel_not_profile|brand_not_confirmed|instagram_profile_not_canonicalizable
637f341e-c8bb-4c2d-8ac6-1ffc96d4b2ce;Restaurante mar de amor;Restaurante mar de amor Cabedelo Av. Pôr do Sol - Portal do Poço Cabedelo PB Instagram;;red;11;instagram;organic;"Cibelly Mar | Restaurante Flutuante on Instagram: ""Qual é o ...";https://instagram.com/reel/DMKmlUuu_MG;instagram_reel_not_profile|brand_not_confirmed|instagram_profile_not_canonicalizable
637f341e-c8bb-4c2d-8ac6-1ffc96d4b2ce;Restaurante mar de amor;Restaurante mar de amor Cabedelo Av. Pôr do Sol - Portal do Poço Cabedelo PB Instagram;;red;8;tripadvisor;organic;OS 10 MELHORES restaurantes - Cabedelo;https://tripadvisor.com.br/Restaurants-g793398-Cabedelo_State_of_Paraiba.html;brand_not_confirmed
637f341e-c8bb-4c2d-8ac6-1ffc96d4b2ce;Restaurante mar de amor;Restaurante mar de amor Cabedelo Av. Pôr do Sol - Portal do Poço Cabedelo PB Instagram;;red;5;instagram;organic;"Cibelly Mar | Restaurante Flutuante on Instagram: ""Chegar ao ...";https://instagram.com/reel/DWBmfjQp4w2;instagram_reel_not_profile|brand_not_confirmed|instagram_profile_not_canonicalizable
637f341e-c8bb-4c2d-8ac6-1ffc96d4b2ce;Restaurante mar de amor;Restaurante mar de amor Cabedelo Av. Pôr do Sol - Portal do Poço Cabedelo PB Instagram;;red;2;facebook;organic;Cibelly Bar & Restaurante | Cabedelo PB;https://facebook.com/Cibellybar/?locale=pt_BR;brand_not_confirmed
637f341e-c8bb-4c2d-8ac6-1ffc96d4b2ce;Restaurante mar de amor;Restaurante mar de amor Cabedelo Av. Pôr do Sol - Portal do Poço Cabedelo PB Instagram;;red;-11;instagram;organic;"Cibelly Mar | Restaurante Flutuante on Instagram: ""Por trás do ...";https://instagram.com/reel/DNSoMcHOUO0;instagram_reel_not_profile|brand_not_confirmed|instagram_profile_not_canonicalizable|city_not_confirmed
62958074-8ac2-487e-9cde-9b6c018c34dc;Empório Do Sabor;Empório Do Sabor Lot. Oceania VI R. Milton Macedo da Cruz Cabedelo PB Instagram;yes;yellow;118;instagram;organic;Empório do Sabor (@emporio_do_sabor_oficial);https://instagram.com/emporio_do_sabor_oficial;city_not_confirmed
62958074-8ac2-487e-9cde-9b6c018c34dc;Empório Do Sabor;Empório Do Sabor Lot. Oceania VI R. Milton Macedo da Cruz Cabedelo PB Instagram;;yellow;106;instagram;organic;EMPÓRIO DO SABOR (@emporioodosaboor);https://instagram.com/emporioodosaboor;city_not_confirmed
62958074-8ac2-487e-9cde-9b6c018c34dc;Empório Do Sabor;Empório Do Sabor Lot. Oceania VI R. Milton Macedo da Cruz Cabedelo PB Instagram;;yellow;106;instagram;organic;EMPÓRIO D🍳S SABORES🥓 (@emporio.dos.sabores);https://instagram.com/emporio.dos.sabores/?hl=pt;city_not_confirmed
62958074-8ac2-487e-9cde-9b6c018c34dc;Empório Do Sabor;Empório Do Sabor Lot. Oceania VI R. Milton Macedo da Cruz Cabedelo PB Instagram;;red;44;linktree;organic;Empório do Sabor Official: Instagram;https://linktr.ee/emporiodosaborrv;city_not_confirmed
62958074-8ac2-487e-9cde-9b6c018c34dc;Empório Do Sabor;Empório Do Sabor Lot. Oceania VI R. Milton Macedo da Cruz Cabedelo PB Instagram;;red;43;instagram;organic;"Bar on Instagram: ""Mood Empório do Sabor ativado! Aqui tem ...";https://instagram.com/reel/DY2dEjOxOVh;instagram_reel_not_profile|instagram_profile_not_canonicalizable|city_not_confirmed
62958074-8ac2-487e-9cde-9b6c018c34dc;Empório Do Sabor;Empório Do Sabor Lot. Oceania VI R. Milton Macedo da Cruz Cabedelo PB Instagram;;red;43;instagram;organic;Empório Sabores do Mundo | Muitas Novidades por aqui ...;https://instagram.com/reel/DJrZCZ5t5Dv;instagram_reel_not_profile|instagram_profile_not_canonicalizable|city_not_confirmed
62958074-8ac2-487e-9cde-9b6c018c34dc;Empório Do Sabor;Empório Do Sabor Lot. Oceania VI R. Milton Macedo da Cruz Cabedelo PB Instagram;;red;43;instagram;organic;Açaí Empório: Sua fonte de energia para uma vida ativa e ...;https://instagram.com/reel/C3-dx5pLURh;instagram_reel_not_profile|instagram_profile_not_canonicalizable|city_not_confirmed
62958074-8ac2-487e-9cde-9b6c018c34dc;Empório Do Sabor;Empório Do Sabor Lot. Oceania VI R. Milton Macedo da Cruz Cabedelo PB Instagram;;red;35;instagram;organic;Burrata;https://instagram.com/p/DW6kpa5CFyj;instagram_p_not_profile|instagram_profile_not_canonicalizable|city_not_confirmed
e744a813-7f24-4f4c-a422-d54e2c0ab2ff;Juci;Juci Intermares R. Golfo de Cadis Cabedelo PB Instagram;yes;yellow;50;instagram;organic;Prefeitura de Cabedelo (@prefeituradecabedelo);https://instagram.com/prefeituradecabedelo;brand_not_confirmed
e744a813-7f24-4f4c-a422-d54e2c0ab2ff;Juci;Juci Intermares R. Golfo de Cadis Cabedelo PB Instagram;;red;3;instagram;organic;Conheça o bairro de Intermares em Cabedelo! . . . Me segue ...;https://instagram.com/reel/DWcZnXQEtAd;instagram_reel_not_profile|brand_not_confirmed|instagram_profile_not_canonicalizable
e744a813-7f24-4f4c-a422-d54e2c0ab2ff;Juci;Juci Intermares R. Golfo de Cadis Cabedelo PB Instagram;;red;3;instagram;organic;Intermares é aquele pedaço nobre de Cabedelo que muita ...;https://instagram.com/reel/DSKt6TTkZbl;instagram_reel_not_profile|brand_not_confirmed|instagram_profile_not_canonicalizable
e744a813-7f24-4f4c-a422-d54e2c0ab2ff;Juci;Juci Intermares R. Golfo de Cadis Cabedelo PB Instagram;;red;3;instagram;organic;Conheça o Huios, o novo empreendimento na Rua Golfo ...;https://instagram.com/p/Cn-M2m_suJh;instagram_p_not_profile|brand_not_confirmed|instagram_profile_not_canonicalizable
e744a813-7f24-4f4c-a422-d54e2c0ab2ff;Juci;Juci Intermares R. Golfo de Cadis Cabedelo PB Instagram;;red;3;instagram;organic;Intermares / Cabedelo / PB Entre o mangue,o rio e um mar ...;https://instagram.com/reel/C2fq4S3RqzI;instagram_reel_not_profile|brand_not_confirmed|instagram_profile_not_canonicalizable
e744a813-7f24-4f4c-a422-d54e2c0ab2ff;Juci;Juci Intermares R. Golfo de Cadis Cabedelo PB Instagram;;red;3;instagram;organic;Intermares, cidade de Cabedelo, região metropolitana de ...;https://instagram.com/reel/DSI9knDDvpP;instagram_reel_not_profile|brand_not_confirmed|instagram_profile_not_canonicalizable
e744a813-7f24-4f4c-a422-d54e2c0ab2ff;Juci;Juci Intermares R. Golfo de Cadis Cabedelo PB Instagram;;red;3;instagram;organic;Intermares, Cabedelo - Pb Você que esta buscando ...;https://instagram.com/reel/DIErtOEvugl;instagram_reel_not_profile|brand_not_confirmed|instagram_profile_not_canonicalizable
e744a813-7f24-4f4c-a422-d54e2c0ab2ff;Juci;Juci Intermares R. Golfo de Cadis Cabedelo PB Instagram;;red;-3;instagram;organic;Intermares, em Cabedelo, destaca-se como um dos bairros ...;https://instagram.com/p/DQJwfi8Dq43;instagram_p_not_profile|brand_not_confirmed|instagram_profile_not_canonicalizable
17c67464-7f14-4f6a-b07c-855f9c9a4593;Manguinhos Burguer;Manguinhos Burguer Vila Sao Joao R. Débora Borges Xavier (83) 99831-1272 Cabedelo PB Instagram;yes;yellow;134;instagram;organic;Manguinhos Burguer (@manguinhosburguer);https://instagram.com/manguinhosburguer;
17c67464-7f14-4f6a-b07c-855f9c9a4593;Manguinhos Burguer;Manguinhos Burguer Vila Sao Joao R. Débora Borges Xavier (83) 99831-1272 Cabedelo PB Instagram;;yellow;120;instagram;derived_instagram_handle;Instagram profile @iloveburguerpb;https://instagram.com/iloveburguerpb;
17c67464-7f14-4f6a-b07c-855f9c9a4593;Manguinhos Burguer;Manguinhos Burguer Vila Sao Joao R. Débora Borges Xavier (83) 99831-1272 Cabedelo PB Instagram;;yellow;98;instagram;organic;Burguer Do Nô (@burguerdono);https://instagram.com/burguerdono;city_not_confirmed
17c67464-7f14-4f6a-b07c-855f9c9a4593;Manguinhos Burguer;Manguinhos Burguer Vila Sao Joao R. Débora Borges Xavier (83) 99831-1272 Cabedelo PB Instagram;;yellow;88;instagram;organic;Burguinho (@oburguinho) • Instagram photos and videos;https://instagram.com/oburguinho;city_not_confirmed
17c67464-7f14-4f6a-b07c-855f9c9a4593;Manguinhos Burguer;Manguinhos Burguer Vila Sao Joao R. Débora Borges Xavier (83) 99831-1272 Cabedelo PB Instagram;;yellow;57;instagram;organic;"I Burguer on Instagram: ""Chegou fim de semana, hora de ...";https://instagram.com/reel/CwYf3Dir6mG;instagram_reel_not_profile|instagram_profile_not_canonicalizable
17c67464-7f14-4f6a-b07c-855f9c9a4593;Manguinhos Burguer;Manguinhos Burguer Vila Sao Joao R. Débora Borges Xavier (83) 99831-1272 Cabedelo PB Instagram;;yellow;57;instagram;organic;Compartilhando dica boa em João Pessoa-PB | 🍔 O melhor ...;https://instagram.com/reel/DLnr-ATpE_K;instagram_reel_not_profile|instagram_profile_not_canonicalizable
17c67464-7f14-4f6a-b07c-855f9c9a4593;Manguinhos Burguer;Manguinhos Burguer Vila Sao Joao R. Débora Borges Xavier (83) 99831-1272 Cabedelo PB Instagram;;yellow;51;instagram;organic;Hambúrguer não é tudo igual — e foi exatamente isso que eu ...;https://instagram.com/reel/DTlELitANiP;instagram_reel_not_profile|instagram_profile_not_canonicalizable
17c67464-7f14-4f6a-b07c-855f9c9a4593;Manguinhos Burguer;Manguinhos Burguer Vila Sao Joao R. Débora Borges Xavier (83) 99831-1272 Cabedelo PB Instagram;;red;35;instagram;organic;Só pra lembrar vcs que apesar do dia dos namorados ...;https://instagram.com/p/DZdbz5pFVCU;instagram_p_not_profile|instagram_profile_not_canonicalizable|city_not_confirmed
6e42a0fb-9793-4d47-9a12-c5c5a6df86d6;Pizzaria 1000Graus;Pizzaria 1000Graus Centro R. Duque de Caxias (83) 99329-1827 Cabedelo PB Instagram;yes;yellow;56;instagram;organic;I ❤️ Pizza (@ilovepizzapb);https://instagram.com/ilovepizzapb;brand_not_confirmed
6e42a0fb-9793-4d47-9a12-c5c5a6df86d6;Pizzaria 1000Graus;Pizzaria 1000Graus Centro R. Duque de Caxias (83) 99329-1827 Cabedelo PB Instagram;;yellow;56;instagram;organic;Eu Quero Pizza - Food Truck 🍕 (@euqueropizzafoodtruck);https://instagram.com/euqueropizzafoodtruck;brand_not_confirmed
6e42a0fb-9793-4d47-9a12-c5c5a6df86d6;Pizzaria 1000Graus;Pizzaria 1000Graus Centro R. Duque de Caxias (83) 99329-1827 Cabedelo PB Instagram;;red;3;instagram;organic;A 1000 graus já está aberta e esperando sua família !;https://instagram.com/reel/Cnp_VgROJwc;instagram_reel_not_profile|brand_not_confirmed|instagram_profile_not_canonicalizable
6e42a0fb-9793-4d47-9a12-c5c5a6df86d6;Pizzaria 1000Graus;Pizzaria 1000Graus Centro R. Duque de Caxias (83) 99329-1827 Cabedelo PB Instagram;;red;3;instagram;organic;A melhor pizza a partir de R$ 29,90! . Vem 📍Estamos na ...;https://instagram.com/p/DA4NaqvxV7G;instagram_p_not_profile|brand_not_confirmed|instagram_profile_not_canonicalizable
6e42a0fb-9793-4d47-9a12-c5c5a6df86d6;Pizzaria 1000Graus;Pizzaria 1000Graus Centro R. Duque de Caxias (83) 99329-1827 Cabedelo PB Instagram;;red;-3;instagram;organic;A melhor pizza de Cabedelo tá passando na sua telinha ❤️ ...;https://instagram.com/reel/DXKxfcnCTQ1;instagram_reel_not_profile|brand_not_confirmed|instagram_profile_not_canonicalizable
6e42a0fb-9793-4d47-9a12-c5c5a6df86d6;Pizzaria 1000Graus;Pizzaria 1000Graus Centro R. Duque de Caxias (83) 99329-1827 Cabedelo PB Instagram;;red;-3;instagram;organic;O seu domingo é aqui com a gente ❤️ Localizados: R ...;https://instagram.com/reel/DYX90w0Bzuc;instagram_reel_not_profile|brand_not_confirmed|instagram_profile_not_canonicalizable
6e42a0fb-9793-4d47-9a12-c5c5a6df86d6;Pizzaria 1000Graus;Pizzaria 1000Graus Centro R. Duque de Caxias (83) 99329-1827 Cabedelo PB Instagram;;red;-6;instagram;derived_instagram_handle;Instagram profile @pizzariauniaoo;https://instagram.com/pizzariauniaoo;brand_not_confirmed|derived_handle_brand_not_confirmed|city_not_confirmed
6e42a0fb-9793-4d47-9a12-c5c5a6df86d6;Pizzaria 1000Graus;Pizzaria 1000Graus Centro R. Duque de Caxias (83) 99329-1827 Cabedelo PB Instagram;;red;-6;cabedelo.pb.gov.br;organic;Pizzaria e Boteco Mil Graus | Prefeitura de Cabedelo;https://cabedelo.pb.gov.br/ondecomer/pizzaria-e-boteco-mil-graus;brand_not_confirmed
56b08e89-b750-4ec9-9497-21900cf3d823;Bar E Restaurante Do Nal;Bar E Restaurante Do Nal Cabedelo R. Cel. José Téles - praia miramar (83) 98706-1375 Cabedelo PB Instagram;yes;yellow;56;instagram;organic;Meninas Bar e Restaurante (@meninasbar) · Cabedelos, PB;https://instagram.com/meninasbar;brand_not_confirmed
56b08e89-b750-4ec9-9497-21900cf3d823;Bar E Restaurante Do Nal;Bar E Restaurante Do Nal Cabedelo R. Cel. José Téles - praia miramar (83) 98706-1375 Cabedelo PB Instagram;;red;34;instagram;organic;Restaurante Ondas (@restauranteondas);https://instagram.com/restauranteondas;brand_not_confirmed|city_not_confirmed
56b08e89-b750-4ec9-9497-21900cf3d823;Bar E Restaurante Do Nal;Bar E Restaurante Do Nal Cabedelo R. Cel. José Téles - praia miramar (83) 98706-1375 Cabedelo PB Instagram;;red;3;instagram;organic;Quer viver uma verdadeira experiência gastronômica à beira ...;https://instagram.com/reel/DRazdsxDNSG;instagram_reel_not_profile|brand_not_confirmed|instagram_profile_not_canonicalizable
56b08e89-b750-4ec9-9497-21900cf3d823;Bar E Restaurante Do Nal;Bar E Restaurante Do Nal Cabedelo R. Cel. José Téles - praia miramar (83) 98706-1375 Cabedelo PB Instagram;;red;-6;instagram;derived_instagram_handle;Instagram profile @ilhadouradarestaurante;https://instagram.com/ilhadouradarestaurante;brand_not_confirmed|derived_handle_brand_not_confirmed|city_not_confirmed
56b08e89-b750-4ec9-9497-21900cf3d823;Bar E Restaurante Do Nal;Bar E Restaurante Do Nal Cabedelo R. Cel. José Téles - praia miramar (83) 98706-1375 Cabedelo PB Instagram;;red;-7;instagram;organic;Cada momento tem mais sabor no NAU! Combinamos ...;https://instagram.com/p/DMD8UIvN1m7;instagram_p_not_profile|brand_not_confirmed|instagram_profile_not_canonicalizable|city_not_confirmed
56b08e89-b750-4ec9-9497-21900cf3d823;Bar E Restaurante Do Nal;Bar E Restaurante Do Nal Cabedelo R. Cel. José Téles - praia miramar (83) 98706-1375 Cabedelo PB Instagram;;red;-7;instagram;organic;Junho chegou, mas por aqui o clima continua com sabor de ...;https://instagram.com/reel/DZp4WjyAq9X;instagram_reel_not_profile|brand_not_confirmed|instagram_profile_not_canonicalizable|city_not_confirmed
56b08e89-b750-4ec9-9497-21900cf3d823;Bar E Restaurante Do Nal;Bar E Restaurante Do Nal Cabedelo R. Cel. José Téles - praia miramar (83) 98706-1375 Cabedelo PB Instagram;;red;-7;instagram;organic;"Restaurante Ondas on Instagram: ""Ficamos localizados na ...";https://instagram.com/reel/B7yNx2Gpkxh;instagram_reel_not_profile|brand_not_confirmed|instagram_profile_not_canonicalizable|city_not_confirmed
56b08e89-b750-4ec9-9497-21900cf3d823;Bar E Restaurante Do Nal;Bar E Restaurante Do Nal Cabedelo R. Cel. José Téles - praia miramar (83) 98706-1375 Cabedelo PB Instagram;;red;-19;instagram;organic;Marca aí seus amigos que precisam saber disso! O ...;https://instagram.com/reel/DNs9pwn2iIC;instagram_reel_not_profile|brand_not_confirmed|instagram_profile_not_canonicalizable|city_not_confirmed
d05af6c4-cbfa-4c6a-9d95-be4bc952d3d9;Cantinho do açaí;Cantinho do açaí Cabedelo R. Vinicius de Morais - Recanto do Poço (83) 98621-5532 Cabedelo PB Instagram;yes;yellow;110;instagram;organic;CANTINHO DO AÇAÍ E DOCES;https://instagram.com/cantinhodoacaiedocess;city_not_confirmed
d05af6c4-cbfa-4c6a-9d95-be4bc952d3d9;Cantinho do açaí;Cantinho do açaí Cabedelo R. Vinicius de Morais - Recanto do Poço (83) 98621-5532 Cabedelo PB Instagram;;yellow;88;instagram;organic;Cantinho do Açaí (@canntinhoacai);https://instagram.com/canntinhoacai;city_not_confirmed
d05af6c4-cbfa-4c6a-9d95-be4bc952d3d9;Cantinho do açaí;Cantinho do açaí Cabedelo R. Vinicius de Morais - Recanto do Poço (83) 98621-5532 Cabedelo PB Instagram;;yellow;62;instagram;organic;Daniel Do Açaí (@danieldoacai);https://instagram.com/danieldoacai;brand_not_confirmed
d05af6c4-cbfa-4c6a-9d95-be4bc952d3d9;Cantinho do açaí;Cantinho do açaí Cabedelo R. Vinicius de Morais - Recanto do Poço (83) 98621-5532 Cabedelo PB Instagram;;yellow;50;instagram;organic;Açaí da Praia do Poço - Cabedelo (@acaidopoco);https://instagram.com/acaidopoco;brand_not_confirmed
d05af6c4-cbfa-4c6a-9d95-be4bc952d3d9;Cantinho do açaí;Cantinho do açaí Cabedelo R. Vinicius de Morais - Recanto do Poço (83) 98621-5532 Cabedelo PB Instagram;;yellow;50;instagram;organic;Toca do açaí (@toca_do_acai__) - Cabedelo;https://instagram.com/toca_do_acai__;brand_not_confirmed
d05af6c4-cbfa-4c6a-9d95-be4bc952d3d9;Cantinho do açaí;Cantinho do açaí Cabedelo R. Vinicius de Morais - Recanto do Poço (83) 98621-5532 Cabedelo PB Instagram;;red;35;instagram;organic;Cantinho do Açaí | Cremosa, geladinha e irresistível 💜🤍 👉 Já ...;https://instagram.com/reel/DOi36UfjRkR;instagram_reel_not_profile|instagram_profile_not_canonicalizable|city_not_confirmed
d05af6c4-cbfa-4c6a-9d95-be4bc952d3d9;Cantinho do açaí;Cantinho do açaí Cabedelo R. Vinicius de Morais - Recanto do Poço (83) 98621-5532 Cabedelo PB Instagram;;red;35;instagram;organic;Cantinho do Açaí | Atenção: esse vídeo causa vontade ...;https://instagram.com/reel/DYXvry_orM9;instagram_reel_not_profile|instagram_profile_not_canonicalizable|city_not_confirmed
d05af6c4-cbfa-4c6a-9d95-be4bc952d3d9;Cantinho do açaí;Cantinho do açaí Cabedelo R. Vinicius de Morais - Recanto do Poço (83) 98621-5532 Cabedelo PB Instagram;;red;9;instagram;organic;(83) 9 8669-5781 #jampaaçai #açaí #cabedelo #hojetemjp;https://instagram.com/p/CSDItj1gaFZ;instagram_p_not_profile|brand_not_confirmed|instagram_profile_not_canonicalizable
c0081954-6410-42be-9abd-96c4300b6ec5;Cantinho Bom;Cantinho Bom Jardim Camboinha R. Santa Rita de Cássia (83) 99376-7145 Cabedelo PB Instagram;yes;yellow;106;instagram;organic;Cantinho do Pão | Padaria (@cantinhodopaoofc);https://instagram.com/cantinhodopaoofc;city_not_confirmed
c0081954-6410-42be-9abd-96c4300b6ec5;Cantinho Bom;Cantinho Bom Jardim Camboinha R. Santa Rita de Cássia (83) 99376-7145 Cabedelo PB Instagram;;yellow;98;instagram;organic;Cantinho Doce 💖🧡 (@lojascantinhodoce) · São Luís, MA;https://instagram.com/lojascantinhodoce/?hl=pt;city_not_confirmed
c0081954-6410-42be-9abd-96c4300b6ec5;Cantinho Bom;Cantinho Bom Jardim Camboinha R. Santa Rita de Cássia (83) 99376-7145 Cabedelo PB Instagram;;red;43;instagram;organic;Namorando meu cantinho que tanto amo! . Quem mais ama ...;https://instagram.com/reel/DMZCJ7HNkQr;instagram_reel_not_profile|instagram_profile_not_canonicalizable|city_not_confirmed
c0081954-6410-42be-9abd-96c4300b6ec5;Cantinho Bom;Cantinho Bom Jardim Camboinha R. Santa Rita de Cássia (83) 99376-7145 Cabedelo PB Instagram;;red;43;instagram;organic;O Cantinho do Bolo já entrou no clima da Copa! Nosso time já ...;https://instagram.com/reel/DZagCc0gbgq;instagram_reel_not_profile|instagram_profile_not_canonicalizable|city_not_confirmed
c0081954-6410-42be-9abd-96c4300b6ec5;Cantinho Bom;Cantinho Bom Jardim Camboinha R. Santa Rita de Cássia (83) 99376-7145 Cabedelo PB Instagram;;red;35;instagram;organic;"Cantinho do Bolo on Instagram: ""Você sabia que o Cantinho ...";https://instagram.com/reel/DC6Z__NM69K;instagram_reel_not_profile|instagram_profile_not_canonicalizable|city_not_confirmed
c0081954-6410-42be-9abd-96c4300b6ec5;Cantinho Bom;Cantinho Bom Jardim Camboinha R. Santa Rita de Cássia (83) 99376-7145 Cabedelo PB Instagram;;red;35;instagram;organic;Um cantinho especial no Rio de Janeiro Uma da visão mais ...;https://instagram.com/reel/DYcprQtN8Z3;instagram_reel_not_profile|instagram_profile_not_canonicalizable|city_not_confirmed
c0081954-6410-42be-9abd-96c4300b6ec5;Cantinho Bom;Cantinho Bom Jardim Camboinha R. Santa Rita de Cássia (83) 99376-7145 Cabedelo PB Instagram;;red;-37;instagram;organic;Instagram;https://instagram.com/reel/Cxd9VSorzh1;instagram_reel_not_profile|brand_not_confirmed|name_not_confirmed|instagram_profile_not_canonicalizable|city_not_confirmed
c0081954-6410-42be-9abd-96c4300b6ec5;Cantinho Bom;Cantinho Bom Jardim Camboinha R. Santa Rita de Cássia (83) 99376-7145 Cabedelo PB Instagram;;red;-37;instagram;organic;Todo dia tem elogio novo por aqui! Nossos bolos são feitos ...;https://instagram.com/p/DPOcIn-EUS4;instagram_p_not_profile|brand_not_confirmed|name_not_confirmed|instagram_profile_not_canonicalizable|city_not_confirmed
dfb456d7-1841-474d-bb54-fd442af3e295;Burguer Hall;Burguer Hall Cabedelo R. Maurício de Alençar Cavalcante - bessa (83) 99382-3317 Cabedelo PB Instagram;yes;yellow;118;instagram;organic;Burguer Hall - Bessa📍 (@burguerhall);https://instagram.com/burguerhall;city_not_confirmed
dfb456d7-1841-474d-bb54-fd442af3e295;Burguer Hall;Burguer Hall Cabedelo R. Maurício de Alençar Cavalcante - bessa (83) 99382-3317 Cabedelo PB Instagram;;yellow;110;instagram;organic;Eu Quero Burguer (@euqueroburguerartesanal);https://instagram.com/euqueroburguerartesanal;city_not_confirmed
dfb456d7-1841-474d-bb54-fd442af3e295;Burguer Hall;Burguer Hall Cabedelo R. Maurício de Alençar Cavalcante - bessa (83) 99382-3317 Cabedelo PB Instagram;;yellow;100;instagram;organic;Red Carpett (@redcarpet.jp);https://instagram.com/redcarpet.jp;city_not_confirmed
dfb456d7-1841-474d-bb54-fd442af3e295;Burguer Hall;Burguer Hall Cabedelo R. Maurício de Alençar Cavalcante - bessa (83) 99382-3317 Cabedelo PB Instagram;;yellow;88;instagram;organic;Maroca's Urban Food (@marocasurbanfood);https://instagram.com/marocasurbanfood;city_not_confirmed
dfb456d7-1841-474d-bb54-fd442af3e295;Burguer Hall;Burguer Hall Cabedelo R. Maurício de Alençar Cavalcante - bessa (83) 99382-3317 Cabedelo PB Instagram;;yellow;57;instagram;organic;como pessoense, esses são meus lugares favoritos no verão ...;https://instagram.com/reel/DS5rBYMD_py;instagram_reel_not_profile|instagram_profile_not_canonicalizable
dfb456d7-1841-474d-bb54-fd442af3e295;Burguer Hall;Burguer Hall Cabedelo R. Maurício de Alençar Cavalcante - bessa (83) 99382-3317 Cabedelo PB Instagram;;yellow;51;instagram;organic;Hambúrguer não é tudo igual — e foi exatamente isso que eu ...;https://instagram.com/reel/DTlELitANiP;instagram_reel_not_profile|instagram_profile_not_canonicalizable
dfb456d7-1841-474d-bb54-fd442af3e295;Burguer Hall;Burguer Hall Cabedelo R. Maurício de Alençar Cavalcante - bessa (83) 99382-3317 Cabedelo PB Instagram;;yellow;48;instagram;derived_instagram_handle;Instagram profile @083burger;https://instagram.com/083burger;derived_handle_brand_not_confirmed|city_not_confirmed
dfb456d7-1841-474d-bb54-fd442af3e295;Burguer Hall;Burguer Hall Cabedelo R. Maurício de Alençar Cavalcante - bessa (83) 99382-3317 Cabedelo PB Instagram;;red;38;wanderboat.ai;organic;Burguer Hall - R. Maurício de Alençar Cavalcante;https://wanderboat.ai/restaurants/brazil/regi%C3%A3o-geogr%C3%A1fica-imediata-de-jo%C3%A3o-pessoa/burguer-hall/XVZzlag7SEeRJenKv_gqYg;
e20c7fe6-1563-45fc-9a60-96d75acdaa2b;Zhu Burguer;Zhu Burguer Cabedelo Rua em frente à Cardiologica, R. Antônio Dornelas Bezerra - Centro (83) 99652-4815 Cabedelo PB Instagram;yes;yellow;116;instagram;organic;I ❤ Burguer (@iloveburguerpb);https://instagram.com/iloveburguerpb;city_not_confirmed
e20c7fe6-1563-45fc-9a60-96d75acdaa2b;Zhu Burguer;Zhu Burguer Cabedelo Rua em frente à Cardiologica, R. Antônio Dornelas Bezerra - Centro (83) 99652-4815 Cabedelo PB Instagram;;yellow;110;instagram;organic;HAMBURGUERIA ARTESANAL (@homesmashburguer);https://instagram.com/homesmashburguer;city_not_confirmed
e20c7fe6-1563-45fc-9a60-96d75acdaa2b;Zhu Burguer;Zhu Burguer Cabedelo Rua em frente à Cardiologica, R. Antônio Dornelas Bezerra - Centro (83) 99652-4815 Cabedelo PB Instagram;;yellow;106;instagram;organic;Zhu Burguer ❤️‍🔥 (@zhuburguer);https://instagram.com/zhuburguer;city_not_confirmed
e20c7fe6-1563-45fc-9a60-96d75acdaa2b;Zhu Burguer;Zhu Burguer Cabedelo Rua em frente à Cardiologica, R. Antônio Dornelas Bezerra - Centro (83) 99652-4815 Cabedelo PB Instagram;;yellow;57;instagram;organic;Compartilhando dica boa em João Pessoa-PB | 🍔 O melhor ...;https://instagram.com/reel/DLnr-ATpE_K;instagram_reel_not_profile|instagram_profile_not_canonicalizable
e20c7fe6-1563-45fc-9a60-96d75acdaa2b;Zhu Burguer;Zhu Burguer Cabedelo Rua em frente à Cardiologica, R. Antônio Dornelas Bezerra - Centro (83) 99652-4815 Cabedelo PB Instagram;;yellow;51;instagram;organic;🍔🔥 Cabedelo, chegou o Manguinhos Burguer! Dia 17 de ...;https://instagram.com/p/DVu72coDT3N;instagram_p_not_profile|instagram_profile_not_canonicalizable
e20c7fe6-1563-45fc-9a60-96d75acdaa2b;Zhu Burguer;Zhu Burguer Cabedelo Rua em frente à Cardiologica, R. Antônio Dornelas Bezerra - Centro (83) 99652-4815 Cabedelo PB Instagram;;yellow;51;instagram;organic;Hambúrguer não é tudo igual — e foi exatamente isso que eu ...;https://instagram.com/reel/DTlELitANiP;instagram_reel_not_profile|instagram_profile_not_canonicalizable
e20c7fe6-1563-45fc-9a60-96d75acdaa2b;Zhu Burguer;Zhu Burguer Cabedelo Rua em frente à Cardiologica, R. Antônio Dornelas Bezerra - Centro (83) 99652-4815 Cabedelo PB Instagram;;red;41;instagram;organic;"I Burguer on Instagram: ""Chegou fim de semana, hora de ...";https://instagram.com/reel/CwYf3Dir6mG;instagram_reel_not_profile|instagram_profile_not_canonicalizable|city_not_confirmed
e20c7fe6-1563-45fc-9a60-96d75acdaa2b;Zhu Burguer;Zhu Burguer Cabedelo Rua em frente à Cardiologica, R. Antônio Dornelas Bezerra - Centro (83) 99652-4815 Cabedelo PB Instagram;;red;39;instagram;organic;Nosso novo ambiente que preparamos pra receber vocês…;https://instagram.com/p/C2nzny8Lfjq/?hl=it;instagram_p_not_profile|instagram_profile_not_canonicalizable|city_not_confirmed
667aba33-ec9a-46e2-a5a9-9730071371c3;Kioske Cantinho do Sabor;Kioske Cantinho do Sabor Cabedelo R. Cleto Campêlo - Vila Sao Joao Cabedelo PB Instagram;yes;yellow;132;instagram;organic;Kioske Cantinho Do Sabor (@kioskecantinhodosabor);https://instagram.com/kioskecantinhodosabor;
667aba33-ec9a-46e2-a5a9-9730071371c3;Kioske Cantinho do Sabor;Kioske Cantinho do Sabor Cabedelo R. Cleto Campêlo - Vila Sao Joao Cabedelo PB Instagram;;yellow;132;instagram;organic;Kioske Cantinho Do Sabor (@kioskecantinhodosabor);https://instagram.com/kioskecantinhodosabor/reels;
667aba33-ec9a-46e2-a5a9-9730071371c3;Kioske Cantinho do Sabor;Kioske Cantinho do Sabor Cabedelo R. Cleto Campêlo - Vila Sao Joao Cabedelo PB Instagram;;yellow;118;instagram;organic;Cantinho do Sabor (@cantinhodosabor121);https://instagram.com/cantinhodosabor121;city_not_confirmed
667aba33-ec9a-46e2-a5a9-9730071371c3;Kioske Cantinho do Sabor;Kioske Cantinho do Sabor Cabedelo R. Cleto Campêlo - Vila Sao Joao Cabedelo PB Instagram;;yellow;54;instagram;derived_instagram_handle;Instagram profile @cibellymarr;https://instagram.com/cibellymarr;derived_handle_brand_not_confirmed|city_not_confirmed
667aba33-ec9a-46e2-a5a9-9730071371c3;Kioske Cantinho do Sabor;Kioske Cantinho do Sabor Cabedelo R. Cleto Campêlo - Vila Sao Joao Cabedelo PB Instagram;;red;43;instagram;organic;"Cantinho Nordestino on Instagram: ""O verdadeiro sabor do ...";https://instagram.com/reel/DYYJAoxhNWA;instagram_reel_not_profile|instagram_profile_not_canonicalizable|city_not_confirmed
667aba33-ec9a-46e2-a5a9-9730071371c3;Kioske Cantinho do Sabor;Kioske Cantinho do Sabor Cabedelo R. Cleto Campêlo - Vila Sao Joao Cabedelo PB Instagram;;red;41;instagram;organic;O @cibellymarr é um bar e restaurante flutuante, localizado ...;https://instagram.com/reel/C8_38PbxpL_;instagram_reel_not_profile|instagram_profile_not_canonicalizable|city_not_confirmed
667aba33-ec9a-46e2-a5a9-9730071371c3;Kioske Cantinho do Sabor;Kioske Cantinho do Sabor Cabedelo R. Cleto Campêlo - Vila Sao Joao Cabedelo PB Instagram;;red;35;instagram;organic;"Cantinho Regional on Instagram: ""Cantinho Regional ...";https://instagram.com/reel/DC1nSLvJzTh;instagram_reel_not_profile|instagram_profile_not_canonicalizable|city_not_confirmed
667aba33-ec9a-46e2-a5a9-9730071371c3;Kioske Cantinho do Sabor;Kioske Cantinho do Sabor Cabedelo R. Cleto Campêlo - Vila Sao Joao Cabedelo PB Instagram;;red;-9;instagram;organic;AMA SALGADINHOS ASSIM COMO A GENTE? SE LIGA ...;https://instagram.com/reel/C0Pnm4bpq4w;instagram_reel_not_profile|brand_not_confirmed|name_not_confirmed|instagram_profile_not_canonicalizable
07528f63-3aed-4cf0-b1cc-81f762be4c00;Alfa;Alfa Lot. Nazareth R. Dr. Lima Neto Cabedelo PB Instagram;yes;yellow;50;instagram;organic;Prefeitura de Cabedelo (@prefeituradecabedelo);https://instagram.com/prefeituradecabedelo;brand_not_confirmed
07528f63-3aed-4cf0-b1cc-81f762be4c00;Alfa;Alfa Lot. Nazareth R. Dr. Lima Neto Cabedelo PB Instagram;;red;3;instagram;organic;🚀 A energia da nossa carreata no bairro Renascer mostra ...;https://instagram.com/p/DV4cxY9kUUp;instagram_p_not_profile|brand_not_confirmed|instagram_profile_not_canonicalizable
07528f63-3aed-4cf0-b1cc-81f762be4c00;Alfa;Alfa Lot. Nazareth R. Dr. Lima Neto Cabedelo PB Instagram;;red;-3;instagram;organic;Cada passo que dou fora de Cabedelo é pensando em quem ...;https://instagram.com/reel/DNAwVRXxK-U;instagram_reel_not_profile|brand_not_confirmed|instagram_profile_not_canonicalizable
07528f63-3aed-4cf0-b1cc-81f762be4c00;Alfa;Alfa Lot. Nazareth R. Dr. Lima Neto Cabedelo PB Instagram;;red;-3;instagram;organic;☀️Acorda, Cabedelo! Começando o dia ...;https://instagram.com/p/DWQ4Fr3De6t;instagram_p_not_profile|brand_not_confirmed|instagram_profile_not_canonicalizable
07528f63-3aed-4cf0-b1cc-81f762be4c00;Alfa;Alfa Lot. Nazareth R. Dr. Lima Neto Cabedelo PB Instagram;;red;-3;instagram;organic;Hoje estive em Cabedelo participando da diplomação de ...;https://instagram.com/reel/DYxymvFSDmL;instagram_reel_not_profile|brand_not_confirmed|instagram_profile_not_canonicalizable
07528f63-3aed-4cf0-b1cc-81f762be4c00;Alfa;Alfa Lot. Nazareth R. Dr. Lima Neto Cabedelo PB Instagram;;red;-3;instagram;organic;Cabedelo é um mimo de Deus para Paraíba. Tocada pelo ...;https://instagram.com/p/DTu6zQGjhnN;instagram_p_not_profile|brand_not_confirmed|instagram_profile_not_canonicalizable
07528f63-3aed-4cf0-b1cc-81f762be4c00;Alfa;Alfa Lot. Nazareth R. Dr. Lima Neto Cabedelo PB Instagram;;red;-3;instagram;organic;Diante da recente rotatividade na prefeitura de Cabedelo ...;https://instagram.com/p/DYDF_NchyzC;instagram_p_not_profile|brand_not_confirmed|instagram_profile_not_canonicalizable
07528f63-3aed-4cf0-b1cc-81f762be4c00;Alfa;Alfa Lot. Nazareth R. Dr. Lima Neto Cabedelo PB Instagram;;red;-3;instagram;organic;"Walber Virgolino on Instagram: ""☀️Acorda, Cabedelo! O ...";https://instagram.com/reel/DWbSMstjcrP;instagram_reel_not_profile|brand_not_confirmed|instagram_profile_not_canonicalizable
a4f66e28-5f08-468c-b552-1c96d59744e2;BIG BURGUER;BIG BURGUER Cabedelo R. Duque de Caxias - Vila Sao Joao Cabedelo PB Instagram;yes;yellow;134;instagram;organic;Big Burger | Hamburgueria Artesanal (@bigburgerof);https://instagram.com/bigburgerof;
a4f66e28-5f08-468c-b552-1c96d59744e2;BIG BURGUER;BIG BURGUER Cabedelo R. Duque de Caxias - Vila Sao Joao Cabedelo PB Instagram;;yellow;116;instagram;organic;I ❤ Burguer (@iloveburguerpb);https://instagram.com/iloveburguerpb;city_not_confirmed
a4f66e28-5f08-468c-b552-1c96d59744e2;BIG BURGUER;BIG BURGUER Cabedelo R. Duque de Caxias - Vila Sao Joao Cabedelo PB Instagram;;yellow;112;instagram;organic;BIG BURGUER (@big.burguer01);https://instagram.com/big.burguer01;city_not_confirmed
a4f66e28-5f08-468c-b552-1c96d59744e2;BIG BURGUER;BIG BURGUER Cabedelo R. Duque de Caxias - Vila Sao Joao Cabedelo PB Instagram;;yellow;65;instagram;organic;O melhor lugar pra quem ama hambúrguer na brasa, assados ...;https://instagram.com/reel/DTJc8qDEcJr;instagram_reel_not_profile|instagram_profile_not_canonicalizable
a4f66e28-5f08-468c-b552-1c96d59744e2;BIG BURGUER;BIG BURGUER Cabedelo R. Duque de Caxias - Vila Sao Joao Cabedelo PB Instagram;;yellow;57;instagram;organic;Compartilhando dica boa em João Pessoa-PB | 🍔 O melhor ...;https://instagram.com/reel/DLnr-ATpE_K;instagram_reel_not_profile|instagram_profile_not_canonicalizable
a4f66e28-5f08-468c-b552-1c96d59744e2;BIG BURGUER;BIG BURGUER Cabedelo R. Duque de Caxias - Vila Sao Joao Cabedelo PB Instagram;;yellow;51;instagram;organic;🍔🔥 Cabedelo, chegou o Manguinhos Burguer! Dia 17 de ...;https://instagram.com/p/DVu72coDT3N;instagram_p_not_profile|instagram_profile_not_canonicalizable
a4f66e28-5f08-468c-b552-1c96d59744e2;BIG BURGUER;BIG BURGUER Cabedelo R. Duque de Caxias - Vila Sao Joao Cabedelo PB Instagram;;yellow;50;facebook;organic;Big Burguer Gourmet - Delivery | Cabedelo PB;https://facebook.com/bigburguergourmetcabedelo/?locale=pt_BR;
a4f66e28-5f08-468c-b552-1c96d59744e2;BIG BURGUER;BIG BURGUER Cabedelo R. Duque de Caxias - Vila Sao Joao Cabedelo PB Instagram;;red;35;instagram;organic;"I Burguer on Instagram: ""Chegou fim de semana, hora de ...";https://instagram.com/reel/CwYf3Dir6mG;instagram_reel_not_profile|instagram_profile_not_canonicalizable|city_not_confirmed
8322d0f6-8e08-4de7-a73f-d71c57f0291d;Ilovepizzapb;Ilovepizzapb Cabedelo R. Duque de Caxias - Centro (83) 99631-6245 Cabedelo PB Instagram;yes;yellow;120;instagram;organic;I ❤️ Pizza (@ilovepizzapb);https://instagram.com/ilovepizzapb;
8322d0f6-8e08-4de7-a73f-d71c57f0291d;Ilovepizzapb;Ilovepizzapb Cabedelo R. Duque de Caxias - Centro (83) 99631-6245 Cabedelo PB Instagram;;yellow;57;instagram;organic;"I ❤️ Pizza on Instagram: "" É oficial: a ILove Pizza PB já abriu ...";https://instagram.com/reel/DWzgo9jDd-q;instagram_reel_not_profile|instagram_profile_not_canonicalizable
8322d0f6-8e08-4de7-a73f-d71c57f0291d;Ilovepizzapb;Ilovepizzapb Cabedelo R. Duque de Caxias - Centro (83) 99631-6245 Cabedelo PB Instagram;;yellow;52;instagram;organic;I ❤ Burguer (@iloveburguerpb);https://instagram.com/iloveburguerpb;brand_not_confirmed|city_not_confirmed
8322d0f6-8e08-4de7-a73f-d71c57f0291d;Ilovepizzapb;Ilovepizzapb Cabedelo R. Duque de Caxias - Centro (83) 99631-6245 Cabedelo PB Instagram;;red;16;instagram;derived_instagram_handle;Instagram profile @oz.carlos.9;https://instagram.com/oz.carlos.9;brand_not_confirmed|derived_handle_brand_not_confirmed
8322d0f6-8e08-4de7-a73f-d71c57f0291d;Ilovepizzapb;Ilovepizzapb Cabedelo R. Duque de Caxias - Centro (83) 99631-6245 Cabedelo PB Instagram;;red;16;instagram;derived_instagram_handle;Instagram profile @pizzadopaulinhopb;https://instagram.com/pizzadopaulinhopb;brand_not_confirmed|derived_handle_brand_not_confirmed
8322d0f6-8e08-4de7-a73f-d71c57f0291d;Ilovepizzapb;Ilovepizzapb Cabedelo R. Duque de Caxias - Centro (83) 99631-6245 Cabedelo PB Instagram;;red;10;instagram;derived_instagram_handle;Instagram profile @vovopizza;https://instagram.com/vovopizza;brand_not_confirmed|derived_handle_brand_not_confirmed
8322d0f6-8e08-4de7-a73f-d71c57f0291d;Ilovepizzapb;Ilovepizzapb Cabedelo R. Duque de Caxias - Centro (83) 99631-6245 Cabedelo PB Instagram;;red;3;instagram;organic;Na Pizza do Paulinho, cada detalhe é pensado pra entregar ...;https://instagram.com/reel/DOROznjDpfT;instagram_reel_not_profile|brand_not_confirmed|instagram_profile_not_canonicalizable
8322d0f6-8e08-4de7-a73f-d71c57f0291d;Ilovepizzapb;Ilovepizzapb Cabedelo R. Duque de Caxias - Centro (83) 99631-6245 Cabedelo PB Instagram;;red;-3;instagram;organic;Domingo é dia oficial de pizza e de reunir a galera, vem ...;https://instagram.com/p/DX5ER_Ulm1B;instagram_p_not_profile|brand_not_confirmed|instagram_profile_not_canonicalizable
6315b5cf-756f-416b-b698-4b1c081c6366;Biruta Burger;Biruta Burger Cabedelo R. Golfo Veneza - Intermares (83) 98176-4185 Cabedelo PB Instagram;yes;yellow;62;instagram;organic;Big Burger | Hamburgueria Artesanal (@bigburgerof);https://instagram.com/bigburgerof;brand_not_confirmed
6315b5cf-756f-416b-b698-4b1c081c6366;Biruta Burger;Biruta Burger Cabedelo R. Golfo Veneza - Intermares (83) 98176-4185 Cabedelo PB Instagram;;yellow;46;instagram;organic;Eu Quero Burguer (@euqueroburguerartesanal);https://instagram.com/euqueroburguerartesanal;brand_not_confirmed|city_not_confirmed
6315b5cf-756f-416b-b698-4b1c081c6366;Biruta Burger;Biruta Burger Cabedelo R. Golfo Veneza - Intermares (83) 98176-4185 Cabedelo PB Instagram;;red;35;instagram;organic;Biruta Bar | Qual sua porção preferida do Biruta? Hoje é ...;https://instagram.com/p/DL-x26QBTsd;instagram_p_not_profile|instagram_profile_not_canonicalizable|city_not_confirmed
6315b5cf-756f-416b-b698-4b1c081c6366;Biruta Burger;Biruta Burger Cabedelo R. Golfo Veneza - Intermares (83) 98176-4185 Cabedelo PB Instagram;;red;3;instagram;organic;"Eu Quero Burguer on Instagram: ""Pede o melhor Hambúrguer ...";https://instagram.com/reel/DGOnlrOPwsa;instagram_reel_not_profile|brand_not_confirmed|instagram_profile_not_canonicalizable
6315b5cf-756f-416b-b698-4b1c081c6366;Biruta Burger;Biruta Burger Cabedelo R. Golfo Veneza - Intermares (83) 98176-4185 Cabedelo PB Instagram;;red;3;instagram;organic;O melhor lugar pra quem ama hambúrguer na brasa, assados ...;https://instagram.com/reel/DTJc8qDEcJr;instagram_reel_not_profile|brand_not_confirmed|instagram_profile_not_canonicalizable
6315b5cf-756f-416b-b698-4b1c081c6366;Biruta Burger;Biruta Burger Cabedelo R. Golfo Veneza - Intermares (83) 98176-4185 Cabedelo PB Instagram;;red;-6;instagram;derived_instagram_handle;Instagram profile @labuta_leblon;https://instagram.com/labuta_leblon;brand_not_confirmed|derived_handle_brand_not_confirmed|city_not_confirmed
6315b5cf-756f-416b-b698-4b1c081c6366;Biruta Burger;Biruta Burger Cabedelo R. Golfo Veneza - Intermares (83) 98176-4185 Cabedelo PB Instagram;;red;-7;instagram;organic;Tem dias que tudo o que você precisa é de ...;https://instagram.com/p/DVrtt3wjCpa;instagram_p_not_profile|brand_not_confirmed|instagram_profile_not_canonicalizable|city_not_confirmed
6315b5cf-756f-416b-b698-4b1c081c6366;Biruta Burger;Biruta Burger Cabedelo R. Golfo Veneza - Intermares (83) 98176-4185 Cabedelo PB Instagram;;red;-19;instagram;organic;Só pra lembrar vcs que apesar do dia dos namorados ...;https://instagram.com/p/DZdbz5pFVCU;instagram_p_not_profile|brand_not_confirmed|instagram_profile_not_canonicalizable|city_not_confirmed
0e3f0746-de34-4715-93fc-06a1b5c10e2b;D Lay Refeições - Marmitaria;D Lay Refeições - Marmitaria Cabedelo Av. Ambrósio Miranda de Araújo - Renascer (83) 98676-2921 Cabedelo PB Instagram;;yellow;55;instagram;organic;Faça o pedido através do link da bio e receba o seu marmitex ...;https://instagram.com/reel/DA8Y1NANSTg;instagram_reel_not_profile|instagram_profile_not_canonicalizable|city_not_confirmed
0e3f0746-de34-4715-93fc-06a1b5c10e2b;D Lay Refeições - Marmitaria;D Lay Refeições - Marmitaria Cabedelo Av. Ambrósio Miranda de Araújo - Renascer (83) 98676-2921 Cabedelo PB Instagram;;yellow;47;instagram;organic;Refeição completa, sabor de verdade e preço que cabe no ...;https://instagram.com/p/DVdsEswjlx1;instagram_p_not_profile|instagram_profile_not_canonicalizable|city_not_confirmed
0e3f0746-de34-4715-93fc-06a1b5c10e2b;D Lay Refeições - Marmitaria;D Lay Refeições - Marmitaria Cabedelo Av. Ambrósio Miranda de Araújo - Renascer (83) 98676-2921 Cabedelo PB Instagram;yes;red;44;instagram;organic;TAPIOCARIA DO DINHO 🔥 (@tapiocariadinho);https://instagram.com/tapiocariadinho;brand_not_confirmed|name_not_confirmed
0e3f0746-de34-4715-93fc-06a1b5c10e2b;D Lay Refeições - Marmitaria;D Lay Refeições - Marmitaria Cabedelo Av. Ambrósio Miranda de Araújo - Renascer (83) 98676-2921 Cabedelo PB Instagram;;red;38;serpapi.com;local;Tapiocaria do Dinho;https://serpapi.com/search.json?device=desktop&engine=google&gl=br&google_domain=google.com.br&hl=pt-br&ludocid=13819403463346393017&q=D+Lay+Refei%C3%A7%C3%B5es+-+Marmitaria+Cabedelo+Av.+Ambr%C3%B3sio+Miranda+de+Ara%C3%BAjo+-+Renascer+%2883%29+98676-2921+Cabedelo+PB+Instagram;
0e3f0746-de34-4715-93fc-06a1b5c10e2b;D Lay Refeições - Marmitaria;D Lay Refeições - Marmitaria Cabedelo Av. Ambrósio Miranda de Araújo - Renascer (83) 98676-2921 Cabedelo PB Instagram;;red;38;serpapi.com;local;Comida Caseira da Elly;https://serpapi.com/search.json?device=desktop&engine=google&gl=br&google_domain=google.com.br&hl=pt-br&ludocid=10150983339408825307&q=D+Lay+Refei%C3%A7%C3%B5es+-+Marmitaria+Cabedelo+Av.+Ambr%C3%B3sio+Miranda+de+Ara%C3%BAjo+-+Renascer+%2883%29+98676-2921+Cabedelo+PB+Instagram;
0e3f0746-de34-4715-93fc-06a1b5c10e2b;D Lay Refeições - Marmitaria;D Lay Refeições - Marmitaria Cabedelo Av. Ambrósio Miranda de Araújo - Renascer (83) 98676-2921 Cabedelo PB Instagram;;red;38;serpapi.com;local;Marmitaria Delícias da Casa;https://serpapi.com/search.json?device=desktop&engine=google&gl=br&google_domain=google.com.br&hl=pt-br&ludocid=13825959048613764139&q=D+Lay+Refei%C3%A7%C3%B5es+-+Marmitaria+Cabedelo+Av.+Ambr%C3%B3sio+Miranda+de+Ara%C3%BAjo+-+Renascer+%2883%29+98676-2921+Cabedelo+PB+Instagram;
0e3f0746-de34-4715-93fc-06a1b5c10e2b;D Lay Refeições - Marmitaria;D Lay Refeições - Marmitaria Cabedelo Av. Ambrósio Miranda de Araújo - Renascer (83) 98676-2921 Cabedelo PB Instagram;;red;32;instagram;organic;Cantinho do Real lanches (@cantinhodoreallanches);https://instagram.com/cantinhodoreallanches;brand_not_confirmed|name_not_confirmed
0e3f0746-de34-4715-93fc-06a1b5c10e2b;D Lay Refeições - Marmitaria;D Lay Refeições - Marmitaria Cabedelo Av. Ambrósio Miranda de Araújo - Renascer (83) 98676-2921 Cabedelo PB Instagram;;red;32;instagram;organic;Comida Caseira da Elly 🍽️ (@comidacaseiradaelly);https://instagram.com/comidacaseiradaelly;brand_not_confirmed|name_not_confirmed
78bc8cab-4471-43ea-b776-619a6778caaa;Churrascaria Do Gaúcho;Churrascaria Do Gaúcho Cabedelo Ponta de Matos Cabedelo PB Instagram;yes;yellow;104;instagram;organic;Rancho Do Gaúcho Cabedelo;https://instagram.com/popular/rancho-do-ga%C3%BAcho-cabedelo;
78bc8cab-4471-43ea-b776-619a6778caaa;Churrascaria Do Gaúcho;Churrascaria Do Gaúcho Cabedelo Ponta de Matos Cabedelo PB Instagram;;red;35;instagram;organic;CASA DO GAÚCHO;https://instagram.com/reel/C8j-RvsOUbv;instagram_reel_not_profile|instagram_profile_not_canonicalizable|city_not_confirmed
78bc8cab-4471-43ea-b776-619a6778caaa;Churrascaria Do Gaúcho;Churrascaria Do Gaúcho Cabedelo Ponta de Matos Cabedelo PB Instagram;;red;35;instagram;organic;Sempre diferente. Sempre delicioso. No Galpão Gaúcho, o ...;https://instagram.com/p/DTBiYW1EVcG;instagram_p_not_profile|instagram_profile_not_canonicalizable|city_not_confirmed
78bc8cab-4471-43ea-b776-619a6778caaa;Churrascaria Do Gaúcho;Churrascaria Do Gaúcho Cabedelo Ponta de Matos Cabedelo PB Instagram;;red;35;instagram;organic;O autêntico churrasco gaúcho, servido com a tradição e o ...;https://instagram.com/p/DZAV2zsjRcg;instagram_p_not_profile|instagram_profile_not_canonicalizable|city_not_confirmed
78bc8cab-4471-43ea-b776-619a6778caaa;Churrascaria Do Gaúcho;Churrascaria Do Gaúcho Cabedelo Ponta de Matos Cabedelo PB Instagram;;red;35;instagram;organic;Churrascaria do Gaúcho: Estamos funcionando no almoço ...;https://instagram.com/reel/DLz_WwEM0xM;instagram_reel_not_profile|instagram_profile_not_canonicalizable|city_not_confirmed
78bc8cab-4471-43ea-b776-619a6778caaa;Churrascaria Do Gaúcho;Churrascaria Do Gaúcho Cabedelo Ponta de Matos Cabedelo PB Instagram;;red;3;instagram;organic;PB Interessados enviar currículo para (83) 98808-3858 # ...;https://instagram.com/p/DRPezo5k-iw;instagram_p_not_profile|brand_not_confirmed|instagram_profile_not_canonicalizable
78bc8cab-4471-43ea-b776-619a6778caaa;Churrascaria Do Gaúcho;Churrascaria Do Gaúcho Cabedelo Ponta de Matos Cabedelo PB Instagram;;red;3;instagram;organic;Cabedelo/PB, Praia de Ponta de Campina. Lugar ...;https://instagram.com/p/DXy-s5xxkKC;instagram_p_not_profile|brand_not_confirmed|instagram_profile_not_canonicalizable
78bc8cab-4471-43ea-b776-619a6778caaa;Churrascaria Do Gaúcho;Churrascaria Do Gaúcho Cabedelo Ponta de Matos Cabedelo PB Instagram;;red;1;instagram;organic;CTG Saudades Da Querência (@ctgpb) · João Pessoa, PB;https://instagram.com/ctgpb/?hl=pt;conflicting_location:joao pessoa, pb|brand_not_confirmed
f5973934-5e9b-463c-9d2a-a7342c3041e5;CASA DA PIZZA;CASA DA PIZZA Cabedelo R. Honório Patrício dos Santos - Recanto do Poço Cabedelo PB Instagram;yes;yellow;68;instagram;organic;Pizza do Paulinho / Pizzaria em Cabedelo ...;https://instagram.com/pizzadopaulinhopb;brand_not_confirmed
f5973934-5e9b-463c-9d2a-a7342c3041e5;CASA DA PIZZA;CASA DA PIZZA Cabedelo R. Honório Patrício dos Santos - Recanto do Poço Cabedelo PB Instagram;;yellow;56;instagram;organic;Center Pizza Cabedelo PB (@centerpizza_cabedelo);https://instagram.com/centerpizza_cabedelo;brand_not_confirmed
f5973934-5e9b-463c-9d2a-a7342c3041e5;CASA DA PIZZA;CASA DA PIZZA Cabedelo R. Honório Patrício dos Santos - Recanto do Poço Cabedelo PB Instagram;;red;3;instagram;organic;"I ❤️ Pizza on Instagram: "" É oficial: a ILove Pizza PB já abriu ...";https://instagram.com/reel/DWzgo9jDd-q;instagram_reel_not_profile|brand_not_confirmed|instagram_profile_not_canonicalizable
f5973934-5e9b-463c-9d2a-a7342c3041e5;CASA DA PIZZA;CASA DA PIZZA Cabedelo R. Honório Patrício dos Santos - Recanto do Poço Cabedelo PB Instagram;;red;3;instagram;organic;A melhor pizza da regiao! Vem;https://instagram.com/p/DKp4RmmBfAt;instagram_p_not_profile|brand_not_confirmed|instagram_profile_not_canonicalizable
f5973934-5e9b-463c-9d2a-a7342c3041e5;CASA DA PIZZA;CASA DA PIZZA Cabedelo R. Honório Patrício dos Santos - Recanto do Poço Cabedelo PB Instagram;;red;3;instagram;organic;A melhor pizza Artesanal vc encontra aqui! . Vem Estamos na ...;https://instagram.com/reel/DJ7iGz_BCIj;instagram_reel_not_profile|brand_not_confirmed|instagram_profile_not_canonicalizable
f5973934-5e9b-463c-9d2a-a7342c3041e5;CASA DA PIZZA;CASA DA PIZZA Cabedelo R. Honório Patrício dos Santos - Recanto do Poço Cabedelo PB Instagram;;red;3;instagram;organic;A melhor pizza a partir de R$ 29,90! . Vem 📍Estamos na ...;https://instagram.com/p/DA4NaqvxV7G;instagram_p_not_profile|brand_not_confirmed|instagram_profile_not_canonicalizable
f5973934-5e9b-463c-9d2a-a7342c3041e5;CASA DA PIZZA;CASA DA PIZZA Cabedelo R. Honório Patrício dos Santos - Recanto do Poço Cabedelo PB Instagram;;red;3;instagram;organic;Aqui vc encontra a melhor pizza Artesanal da regiao! Vem ...;https://instagram.com/p/DKLAGp8hKuv;instagram_p_not_profile|brand_not_confirmed|instagram_profile_not_canonicalizable
f5973934-5e9b-463c-9d2a-a7342c3041e5;CASA DA PIZZA;CASA DA PIZZA Cabedelo R. Honório Patrício dos Santos - Recanto do Poço Cabedelo PB Instagram;;red;-3;instagram;organic;A melhor pizza de Cabedelo tá passando na sua telinha ❤️ ...;https://instagram.com/reel/DXKxfcnCTQ1;instagram_reel_not_profile|brand_not_confirmed|instagram_profile_not_canonicalizable
d6f9c697-1969-49b6-8f3e-737b9f74ea23;Pizzaria NEVARE;Pizzaria NEVARE Cabedelo Av. Araçá - Lot. Oceania VI Cabedelo PB Instagram;yes;yellow;68;instagram;organic;Center Pizza Cabedelo PB (@centerpizza_cabedelo);https://instagram.com/centerpizza_cabedelo;brand_not_confirmed
d6f9c697-1969-49b6-8f3e-737b9f74ea23;Pizzaria NEVARE;Pizzaria NEVARE Cabedelo Av. Araçá - Lot. Oceania VI Cabedelo PB Instagram;;yellow;56;instagram;organic;Eu Quero Pizza - Food Truck 🍕 (@euqueropizzafoodtruck);https://instagram.com/euqueropizzafoodtruck;brand_not_confirmed
d6f9c697-1969-49b6-8f3e-737b9f74ea23;Pizzaria NEVARE;Pizzaria NEVARE Cabedelo Av. Araçá - Lot. Oceania VI Cabedelo PB Instagram;;red;35;instagram;organic;À Família Nevare terá o maior prazer em receber sua ...;https://instagram.com/p/DPC0yeHgCts;instagram_p_not_profile|instagram_profile_not_canonicalizable|city_not_confirmed
d6f9c697-1969-49b6-8f3e-737b9f74ea23;Pizzaria NEVARE;Pizzaria NEVARE Cabedelo Av. Araçá - Lot. Oceania VI Cabedelo PB Instagram;;red;9;instagram;organic;Delivery para toda JOÃO PESSOA E CABEDELO 🚀 Faça ...;https://instagram.com/p/DC92YxophO9;instagram_p_not_profile|brand_not_confirmed|instagram_profile_not_canonicalizable
d6f9c697-1969-49b6-8f3e-737b9f74ea23;Pizzaria NEVARE;Pizzaria NEVARE Cabedelo Av. Araçá - Lot. Oceania VI Cabedelo PB Instagram;;red;3;instagram;organic;UMA DAS PIZZARIAS MAIS BEM AVALIADAS DE JOÃO ...;https://instagram.com/reel/DKP8whNJOr4;instagram_reel_not_profile|brand_not_confirmed|instagram_profile_not_canonicalizable
d6f9c697-1969-49b6-8f3e-737b9f74ea23;Pizzaria NEVARE;Pizzaria NEVARE Cabedelo Av. Araçá - Lot. Oceania VI Cabedelo PB Instagram;;red;3;instagram;organic;Melhor pizza ! . Estamos na Rua da Enseada 1215, Ponta de ...;https://instagram.com/reel/DDDV2FcB0e4;instagram_reel_not_profile|brand_not_confirmed|instagram_profile_not_canonicalizable
d6f9c697-1969-49b6-8f3e-737b9f74ea23;Pizzaria NEVARE;Pizzaria NEVARE Cabedelo Av. Araçá - Lot. Oceania VI Cabedelo PB Instagram;;red;-3;instagram;organic;Araxá Pizza agora é Sarau Pizza Bar. Estamos de cara ...;https://instagram.com/p/CfwvEycJ2Do;instagram_p_not_profile|brand_not_confirmed|instagram_profile_not_canonicalizable
d6f9c697-1969-49b6-8f3e-737b9f74ea23;Pizzaria NEVARE;Pizzaria NEVARE Cabedelo Av. Araçá - Lot. Oceania VI Cabedelo PB Instagram;;red;-3;instagram;organic;A melhor pizza de Cabedelo tá passando na sua telinha ❤️ ...;https://instagram.com/reel/DXKxfcnCTQ1;instagram_reel_not_profile|brand_not_confirmed|instagram_profile_not_canonicalizable
126faaa4-8af5-417d-84d9-b75c2084be8e;JuJuba sorvete e açaí;JuJuba sorvete e açaí Cabedelo R. Edson Ataíde de Lima - Vila Sao Joao (83) 99160-1338 Cabedelo PB Instagram;yes;yellow;106;instagram;organic;Sorvete e Açai Jujuba (@sorveteeacaijujuba);https://instagram.com/sorveteeacaijujuba/reels;city_not_confirmed
126faaa4-8af5-417d-84d9-b75c2084be8e;JuJuba sorvete e açaí;JuJuba sorvete e açaí Cabedelo R. Edson Ataíde de Lima - Vila Sao Joao (83) 99160-1338 Cabedelo PB Instagram;;yellow;106;instagram;organic;Jujuba Lanches & Sorvetes (@jujuba_lanchesesorvetes);https://instagram.com/jujuba_lanchesesorvetes;city_not_confirmed
126faaa4-8af5-417d-84d9-b75c2084be8e;JuJuba sorvete e açaí;JuJuba sorvete e açaí Cabedelo R. Edson Ataíde de Lima - Vila Sao Joao (83) 99160-1338 Cabedelo PB Instagram;;yellow;47;instagram;organic;Delicioso açaí aqui do Jujuba açaí !!! . . . Link para pedido ...;https://instagram.com/p/Cd_M4l1uh3q;instagram_p_not_profile|instagram_profile_not_canonicalizable|city_not_confirmed
126faaa4-8af5-417d-84d9-b75c2084be8e;JuJuba sorvete e açaí;JuJuba sorvete e açaí Cabedelo R. Edson Ataíde de Lima - Vila Sao Joao (83) 99160-1338 Cabedelo PB Instagram;;red;44;instagram;organic;Daniel Do Açaí (@danieldoacai);https://instagram.com/danieldoacai;brand_not_confirmed|name_not_confirmed
126faaa4-8af5-417d-84d9-b75c2084be8e;JuJuba sorvete e açaí;JuJuba sorvete e açaí Cabedelo R. Edson Ataíde de Lima - Vila Sao Joao (83) 99160-1338 Cabedelo PB Instagram;;red;35;instagram;organic;Quando bater aquele desejo de um docinho especial, você ...;https://instagram.com/p/DR2uWGMEq2g;instagram_p_not_profile|instagram_profile_not_canonicalizable|city_not_confirmed
126faaa4-8af5-417d-84d9-b75c2084be8e;JuJuba sorvete e açaí;JuJuba sorvete e açaí Cabedelo R. Edson Ataíde de Lima - Vila Sao Joao (83) 99160-1338 Cabedelo PB Instagram;;red;35;instagram;organic;NOVIDADE NO NOSSO TIMEEE 🗣️ Avisa pra geral que tem ...;https://instagram.com/reel/DR-fq5Fj-Tr;instagram_reel_not_profile|instagram_profile_not_canonicalizable|city_not_confirmed
126faaa4-8af5-417d-84d9-b75c2084be8e;JuJuba sorvete e açaí;JuJuba sorvete e açaí Cabedelo R. Edson Ataíde de Lima - Vila Sao Joao (83) 99160-1338 Cabedelo PB Instagram;;red;35;instagram;organic;"Twist Sorvete & Shake® on Instagram: ""Já é São João na ...";https://instagram.com/reel/C7SEvvXOv6e;instagram_reel_not_profile|instagram_profile_not_canonicalizable|city_not_confirmed
126faaa4-8af5-417d-84d9-b75c2084be8e;JuJuba sorvete e açaí;JuJuba sorvete e açaí Cabedelo R. Edson Ataíde de Lima - Vila Sao Joao (83) 99160-1338 Cabedelo PB Instagram;;red;-21;instagram;organic;"Pé de Fruta on Instagram: ""Com muita alegria, anunciamos ...";https://instagram.com/reel/DQg04RCjnuU;instagram_reel_not_profile|brand_not_confirmed|name_not_confirmed|instagram_profile_not_canonicalizable
e4463ab8-c32d-4e3e-aa0c-b93e2a9f7015;Triniity Burguer;Triniity Burguer Centro Vila dos Estivadores Cabedelo PB Instagram;yes;yellow;88;instagram;organic;T R I N I T Y B U R G E R 🔺 (@trinity.burger);https://instagram.com/trinity.burger/reels;city_not_confirmed
e4463ab8-c32d-4e3e-aa0c-b93e2a9f7015;Triniity Burguer;Triniity Burguer Centro Vila dos Estivadores Cabedelo PB Instagram;;yellow;47;instagram;organic;É oficial! Ele chegou! . Trinity Burger, hambúrguer do mês de ...;https://instagram.com/reel/DPR2XYujghd/?hl=th;instagram_reel_not_profile|instagram_profile_not_canonicalizable|city_not_confirmed
e4463ab8-c32d-4e3e-aa0c-b93e2a9f7015;Triniity Burguer;Triniity Burguer Centro Vila dos Estivadores Cabedelo PB Instagram;;red;-31;instagram;organic;Reel by 🔺 T R I N I T Y B U R G E R 🔺 (@trinity.burger) · July ...;https://instagram.com/reel/DL_HojZv-CX;instagram_reel_not_profile|brand_not_confirmed|name_not_confirmed|instagram_profile_not_canonicalizable|city_not_confirmed
e4463ab8-c32d-4e3e-aa0c-b93e2a9f7015;Triniity Burguer;Triniity Burguer Centro Vila dos Estivadores Cabedelo PB Instagram;;red;-37;instagram;organic;Photo by 🔺 T R I N I T Y B U R G E R 🔺 (@trinity.burger);https://instagram.com/p/Civdnu2JOuy;instagram_p_not_profile|brand_not_confirmed|name_not_confirmed|instagram_profile_not_canonicalizable|city_not_confirmed
e4463ab8-c32d-4e3e-aa0c-b93e2a9f7015;Triniity Burguer;Triniity Burguer Centro Vila dos Estivadores Cabedelo PB Instagram;;red;-37;instagram;organic;Se liga nesse vídeo Aqui na Trinity Burger o negócio é sério ...;https://instagram.com/reel/DMp6mF9Rh8c;instagram_reel_not_profile|brand_not_confirmed|name_not_confirmed|instagram_profile_not_canonicalizable|city_not_confirmed
e4463ab8-c32d-4e3e-aa0c-b93e2a9f7015;Triniity Burguer;Triniity Burguer Centro Vila dos Estivadores Cabedelo PB Instagram;;red;-37;instagram;organic;Home sweet home! 🥰🍔;https://instagram.com/p/CZ1rBv3LQft;instagram_p_not_profile|brand_not_confirmed|name_not_confirmed|instagram_profile_not_canonicalizable|city_not_confirmed
e4463ab8-c32d-4e3e-aa0c-b93e2a9f7015;Triniity Burguer;Triniity Burguer Centro Vila dos Estivadores Cabedelo PB Instagram;;red;-37;instagram;organic;"T R I N I T Y B U R G E R on Instagram: ""Trinity Burger não é ...";https://instagram.com/reel/DT2_sD3ji9d;instagram_reel_not_profile|brand_not_confirmed|name_not_confirmed|instagram_profile_not_canonicalizable|city_not_confirmed
e4463ab8-c32d-4e3e-aa0c-b93e2a9f7015;Triniity Burguer;Triniity Burguer Centro Vila dos Estivadores Cabedelo PB Instagram;;red;-37;instagram;organic;Original;https://instagram.com/p/DEYntLmxrLw;instagram_p_not_profile|brand_not_confirmed|name_not_confirmed|instagram_profile_not_canonicalizable|city_not_confirmed
57a68170-1982-436a-a5b9-02366f6a999b;Café cultural;Café cultural Cabedelo R. Augusto José Couto de Faria - Jardim Camboinha Cabedelo PB Instagram;yes;yellow;118;instagram;organic;Casa de Cultura DDD83 - Cabedelo ...;https://instagram.com/casadeculturaddd83_oficial;
57a68170-1982-436a-a5b9-02366f6a999b;Café cultural;Café cultural Cabedelo R. Augusto José Couto de Faria - Jardim Camboinha Cabedelo PB Instagram;;yellow;110;instagram;organic;Café Cultura (@cafecultura) • Instagram photos and videos;https://instagram.com/cafecultura/?hl=pt;city_not_confirmed
57a68170-1982-436a-a5b9-02366f6a999b;Café cultural;Café cultural Cabedelo R. Augusto José Couto de Faria - Jardim Camboinha Cabedelo PB Instagram;;red;38;instagram;organic;SECULT Cabedelo/PB - Brasil (@secultcabedelo);https://instagram.com/secultcabedelo;brand_not_confirmed|name_not_confirmed
57a68170-1982-436a-a5b9-02366f6a999b;Café cultural;Café cultural Cabedelo R. Augusto José Couto de Faria - Jardim Camboinha Cabedelo PB Instagram;;red;32;instagram;organic;Prefeitura de Cabedelo (@prefeituradecabedelo);https://instagram.com/prefeituradecabedelo;brand_not_confirmed|name_not_confirmed
57a68170-1982-436a-a5b9-02366f6a999b;Café cultural;Café cultural Cabedelo R. Augusto José Couto de Faria - Jardim Camboinha Cabedelo PB Instagram;;red;-11;instagram;organic;Caminho Verde | Café Especial;https://instagram.com/p/DVT5fuzFcXC;instagram_p_not_profile|brand_not_confirmed|instagram_profile_not_canonicalizable|city_not_confirmed
57a68170-1982-436a-a5b9-02366f6a999b;Café cultural;Café cultural Cabedelo R. Augusto José Couto de Faria - Jardim Camboinha Cabedelo PB Instagram;;red;-21;instagram;organic;Vem Viver Cabedelo ✨️🌊 Neste verão, a nossa cidade ...;https://instagram.com/p/DRvFl-BDmBR;instagram_p_not_profile|brand_not_confirmed|name_not_confirmed|instagram_profile_not_canonicalizable
57a68170-1982-436a-a5b9-02366f6a999b;Café cultural;Café cultural Cabedelo R. Augusto José Couto de Faria - Jardim Camboinha Cabedelo PB Instagram;;red;-21;instagram;organic;Hoje tem ♥️ Vem pro Cabedelo Clube;https://instagram.com/reel/DJFcjOqB7KN;instagram_reel_not_profile|brand_not_confirmed|name_not_confirmed|instagram_profile_not_canonicalizable
57a68170-1982-436a-a5b9-02366f6a999b;Café cultural;Café cultural Cabedelo R. Augusto José Couto de Faria - Jardim Camboinha Cabedelo PB Instagram;;red;-21;instagram;organic;No sábado (03) com o Espetáculo de Teatro Alegria de ...;https://instagram.com/p/DJDHKidOBue/?img_index=5;instagram_p_not_profile|brand_not_confirmed|name_not_confirmed|instagram_profile_not_canonicalizable
3d145fe5-ceba-49ab-9b1d-50b6c19118de;Café Cabedelo;Café Cabedelo Cabedelo R. Aurélio Guedes Cavalcante - Camboinha (83) 99859-1092 Cabedelo PB Instagram;yes;yellow;50;instagram;organic;Prefeitura de Cabedelo (@prefeituradecabedelo);https://instagram.com/prefeituradecabedelo;brand_not_confirmed
3d145fe5-ceba-49ab-9b1d-50b6c19118de;Café Cabedelo;Café Cabedelo Cabedelo R. Aurélio Guedes Cavalcante - Camboinha (83) 99859-1092 Cabedelo PB Instagram;;red;5;instagram;organic;Amanhã é dia de café junino nas unidades da Torre e ...;https://instagram.com/p/DaDYU2GRHtV;instagram_p_not_profile|brand_not_confirmed|instagram_profile_not_canonicalizable
3d145fe5-ceba-49ab-9b1d-50b6c19118de;Café Cabedelo;Café Cabedelo Cabedelo R. Aurélio Guedes Cavalcante - Camboinha (83) 99859-1092 Cabedelo PB Instagram;;red;3;instagram;organic;como pessoense, esses são meus lugares favoritos no verão ...;https://instagram.com/reel/DS5rBYMD_py;instagram_reel_not_profile|brand_not_confirmed|instagram_profile_not_canonicalizable
3d145fe5-ceba-49ab-9b1d-50b6c19118de;Café Cabedelo;Café Cabedelo Cabedelo R. Aurélio Guedes Cavalcante - Camboinha (83) 99859-1092 Cabedelo PB Instagram;;red;3;instagram;organic;Se esse vídeo apareceu pra você… é porque alguém te deve ...;https://instagram.com/reel/DRpQWTfCb0n;instagram_reel_not_profile|brand_not_confirmed|instagram_profile_not_canonicalizable
3d145fe5-ceba-49ab-9b1d-50b6c19118de;Café Cabedelo;Café Cabedelo Cabedelo R. Aurélio Guedes Cavalcante - Camboinha (83) 99859-1092 Cabedelo PB Instagram;;red;3;instagram;organic;Hoje em Camboinha Cabedelo PB ...;https://instagram.com/p/DXQIrNrESwa/?__d=1telegram%E7%A4%BE%E5%B7%A5%E5%BA%93%E6%9C%BA%E5%99%A8%E4%BA%BA%E2%9C%94%EF%B8%8F%2Bwanbila.com%2B%E5%BF%85%E5%BA%94%E7%A4%BE%E5%B7%A5%E5%BA%93%E6%9F%A5%E8%AF%A2%E6%9F%90%E4%B8%AA%E4%BA%BA%E5%90%8D%E4%B8%8B%E6%89%80%E6%9C%89%E6%88%BF%E4%BA%A7%E9%A6%96%E8%A6%81%E9%80%89%E6%8B%A9%E7%9A%84%E6%8A%80%E6%9C%AF%E5%9B%A2%E9%98%9F%E5%8D%8F%E4%BD%9C;instagram_p_not_profile|brand_not_confirmed|instagram_profile_not_canonicalizable
3d145fe5-ceba-49ab-9b1d-50b6c19118de;Café Cabedelo;Café Cabedelo Cabedelo R. Aurélio Guedes Cavalcante - Camboinha (83) 99859-1092 Cabedelo PB Instagram;;red;2;instagram;derived_instagram_handle;Instagram profile @3coracoes;https://instagram.com/3coracoes;brand_not_confirmed|derived_handle_brand_not_confirmed|city_not_confirmed
3d145fe5-ceba-49ab-9b1d-50b6c19118de;Café Cabedelo;Café Cabedelo Cabedelo R. Aurélio Guedes Cavalcante - Camboinha (83) 99859-1092 Cabedelo PB Instagram;;red;-3;instagram;organic;Joao Pessoa e Cabedelo sempre impressionando, cidade ...;https://instagram.com/p/DEzlFMoOzwr;instagram_p_not_profile|brand_not_confirmed|instagram_profile_not_canonicalizable
3d145fe5-ceba-49ab-9b1d-50b6c19118de;Café Cabedelo;Café Cabedelo Cabedelo R. Aurélio Guedes Cavalcante - Camboinha (83) 99859-1092 Cabedelo PB Instagram;;red;-3;instagram;organic;"Prefeitura de Cabedelo on Instagram: ""Chegou o Cabedelo ...";https://instagram.com/reel/DaWUlWrgfYZ;instagram_reel_not_profile|brand_not_confirmed|instagram_profile_not_canonicalizable
a9c18317-7315-45ac-b488-831923c9fd56;Deu Pizza Cabedelo;Deu Pizza Cabedelo Vila Sao Joao Praça Getúlio Vargas (83) 99339-5381 Cabedelo PB Instagram;yes;yellow;120;instagram;organic;DEU PIZZA (@deupizzacabedelo) · Cabedelo, PB;https://instagram.com/deupizzacabedelo;
a9c18317-7315-45ac-b488-831923c9fd56;Deu Pizza Cabedelo;Deu Pizza Cabedelo Vila Sao Joao Praça Getúlio Vargas (83) 99339-5381 Cabedelo PB Instagram;;red;17;instagram;organic;Todos os caminhos te levam ao melhor rodízio da cidade! ...;https://instagram.com/p/DM5g6MMAv3X;instagram_p_not_profile|brand_not_confirmed|instagram_profile_not_canonicalizable
a9c18317-7315-45ac-b488-831923c9fd56;Deu Pizza Cabedelo;Deu Pizza Cabedelo Vila Sao Joao Praça Getúlio Vargas (83) 99339-5381 Cabedelo PB Instagram;;red;11;instagram;organic;Nossa nova marca acabou de sair do forno ...;https://instagram.com/p/DaaZfCVRRoq;instagram_p_not_profile|brand_not_confirmed|instagram_profile_not_canonicalizable
a9c18317-7315-45ac-b488-831923c9fd56;Deu Pizza Cabedelo;Deu Pizza Cabedelo Vila Sao Joao Praça Getúlio Vargas (83) 99339-5381 Cabedelo PB Instagram;;red;5;instagram;organic;Sábadou daquele jeito que a gente ama: clone de pizza ...;https://instagram.com/p/DR7ty9SkWeX;instagram_p_not_profile|brand_not_confirmed|instagram_profile_not_canonicalizable
a9c18317-7315-45ac-b488-831923c9fd56;Deu Pizza Cabedelo;Deu Pizza Cabedelo Vila Sao Joao Praça Getúlio Vargas (83) 99339-5381 Cabedelo PB Instagram;;red;5;instagram;organic;De Quinta a Domingo, DEU PIZZA CABEDELO Um lugar ...;https://instagram.com/reel/DWmyM2_D4hP;instagram_reel_not_profile|brand_not_confirmed|instagram_profile_not_canonicalizable
a9c18317-7315-45ac-b488-831923c9fd56;Deu Pizza Cabedelo;Deu Pizza Cabedelo Vila Sao Joao Praça Getúlio Vargas (83) 99339-5381 Cabedelo PB Instagram;;red;5;instagram;organic;É HOJE! O aniversário é do Via Pizza ...;https://instagram.com/p/DY2AYX5jpVy;instagram_p_not_profile|brand_not_confirmed|instagram_profile_not_canonicalizable
a9c18317-7315-45ac-b488-831923c9fd56;Deu Pizza Cabedelo;Deu Pizza Cabedelo Vila Sao Joao Praça Getúlio Vargas (83) 99339-5381 Cabedelo PB Instagram;;red;5;instagram;organic;"Dr.Pizza on Instagram: ""Esses dias a fé tem movimentado ...";https://instagram.com/reel/DUteCuME3vm;instagram_reel_not_profile|brand_not_confirmed|instagram_profile_not_canonicalizable
a9c18317-7315-45ac-b488-831923c9fd56;Deu Pizza Cabedelo;Deu Pizza Cabedelo Vila Sao Joao Praça Getúlio Vargas (83) 99339-5381 Cabedelo PB Instagram;;red;3;instagram;organic;"I ❤️ Pizza on Instagram: "" É oficial: a ILove Pizza PB já abriu ...";https://instagram.com/reel/DWzgo9jDd-q;instagram_reel_not_profile|brand_not_confirmed|instagram_profile_not_canonicalizable
8fb49605-7614-4c27-9a31-406de6240e2d;Espetinho da Praça;Espetinho da Praça Cabedelo Renascer III, R. Raul Seixas - Lot. Joao Paulo (83) 98847-1337 Cabedelo PB Instagram;yes;yellow;50;instagram;organic;Prefeitura de Cabedelo (@prefeituradecabedelo);https://instagram.com/prefeituradecabedelo;brand_not_confirmed
8fb49605-7614-4c27-9a31-406de6240e2d;Espetinho da Praça;Espetinho da Praça Cabedelo Renascer III, R. Raul Seixas - Lot. Joao Paulo (83) 98847-1337 Cabedelo PB Instagram;;red;34;instagram;organic;ESPETINHO DA PRAIA 👑 (@espetinhodapraia);https://instagram.com/espetinhodapraia;brand_not_confirmed|city_not_confirmed
8fb49605-7614-4c27-9a31-406de6240e2d;Espetinho da Praça;Espetinho da Praça Cabedelo Renascer III, R. Raul Seixas - Lot. Joao Paulo (83) 98847-1337 Cabedelo PB Instagram;;red;-3;instagram;organic;O melhor espetinho de cabedelo agora no conforto da sua ...;https://instagram.com/p/CL91XFbLRAc;instagram_p_not_profile|brand_not_confirmed|instagram_profile_not_canonicalizable
8fb49605-7614-4c27-9a31-406de6240e2d;Espetinho da Praça;Espetinho da Praça Cabedelo Renascer III, R. Raul Seixas - Lot. Joao Paulo (83) 98847-1337 Cabedelo PB Instagram;;red;-11;instagram;organic;"Espetin da Praça | Espetinho em Itacaré on Instagram: ""Se ...";https://instagram.com/reel/C-A6k7JASo_;instagram_reel_not_profile|brand_not_confirmed|instagram_profile_not_canonicalizable|city_not_confirmed
8fb49605-7614-4c27-9a31-406de6240e2d;Espetinho da Praça;Espetinho da Praça Cabedelo Renascer III, R. Raul Seixas - Lot. Joao Paulo (83) 98847-1337 Cabedelo PB Instagram;;red;-19;instagram;organic;Já pode salvar esse aqui O espetinho que todo mundo ...;https://instagram.com/p/DXKZnIsiv7w/?__d=1%E6%B5%B7%E8%B1%9A%E6%9F%A5%E6%A1%A3%E6%9F%A5%E8%AF%A2%E5%BE%AE%E4%BF%A1%E5%8F%B7%E4%BF%A1%E6%81%AF%E5%8F%8D%E6%9F%A5%E5%AE%9E%E5%90%8D%E8%AE%A4%E8%AF%81%2B%E6%89%8B%E6%9C%BA%E5%8F%B7%2B%E7%BB%91%E5%AE%9A%E9%93%B6%E8%A1%8C%E5%8D%A1%E3%80%82%E8%B6%85%E7%BA%A7%E8%B4%B4%E5%BF%83%E7%9A%84Crime%E7%A4%BE%E5%B7%A5%E5%BA%93%E5%85%A8%E7%90%83%E7%A4%BE%E5%B7%A5%E5%BA%93%E2%9C%94%EF%B8%8Fchachaya.cyou;instagram_p_not_profile|brand_not_confirmed|instagram_profile_not_canonicalizable|city_not_confirmed
8fb49605-7614-4c27-9a31-406de6240e2d;Espetinho da Praça;Espetinho da Praça Cabedelo Renascer III, R. Raul Seixas - Lot. Joao Paulo (83) 98847-1337 Cabedelo PB Instagram;;red;-19;instagram;organic;🥓 TERÇA DO ESPETINHO EM DOBRO 🥓 PEDIU UM, ...;https://instagram.com/p/DYP-Qrjkdat;instagram_p_not_profile|brand_not_confirmed|instagram_profile_not_canonicalizable|city_not_confirmed
8fb49605-7614-4c27-9a31-406de6240e2d;Espetinho da Praça;Espetinho da Praça Cabedelo Renascer III, R. Raul Seixas - Lot. Joao Paulo (83) 98847-1337 Cabedelo PB Instagram;;red;-19;instagram;organic;Marca aí seus amigos que precisam ...;https://instagram.com/p/DXFfqgGgRKN/?__d=1%2F;instagram_p_not_profile|brand_not_confirmed|instagram_profile_not_canonicalizable|city_not_confirmed
8fb49605-7614-4c27-9a31-406de6240e2d;Espetinho da Praça;Espetinho da Praça Cabedelo Renascer III, R. Raul Seixas - Lot. Joao Paulo (83) 98847-1337 Cabedelo PB Instagram;;red;-19;instagram;organic;Feriado chegando… e já tem cheiro de churrasco no ar É dia ...;https://instagram.com/reel/DXVi6R9kdhz;instagram_reel_not_profile|brand_not_confirmed|instagram_profile_not_canonicalizable|city_not_confirmed
6e248922-94fd-4138-86a0-92c7a04fcfff;cabe 1one açaí;cabe 1one açaí Lj 01 - Centro Praça Venâncio Neiva (83) 98229-2123 Cabedelo PB Instagram;yes;yellow;70;instagram;organic;Daniel Do Açaí (@danieldoacai);https://instagram.com/danieldoacai;brand_not_confirmed
6e248922-94fd-4138-86a0-92c7a04fcfff;cabe 1one açaí;cabe 1one açaí Lj 01 - Centro Praça Venâncio Neiva (83) 98229-2123 Cabedelo PB Instagram;;red;38;wanderboat.ai;organic;cabe 1one açaí - Praça Venâncio Neiva, 11 - loja 01;https://wanderboat.ai/restaurants/brazil/regi%C3%A3o-geogr%C3%A1fica-imediata-de-jo%C3%A3o-pessoa/cabe-1one-a%C3%A7a%C3%AD/jH3SO5uoTLqeiYXwyMUvUw;
6e248922-94fd-4138-86a0-92c7a04fcfff;cabe 1one açaí;cabe 1one açaí Lj 01 - Centro Praça Venâncio Neiva (83) 98229-2123 Cabedelo PB Instagram;;red;17;instagram;organic;(83) 9 8669-5781 #jampaaçai #açaí #cabedelo #hojetemjp;https://instagram.com/p/CSDItj1gaFZ;instagram_p_not_profile|brand_not_confirmed|instagram_profile_not_canonicalizable
6e248922-94fd-4138-86a0-92c7a04fcfff;cabe 1one açaí;cabe 1one açaí Lj 01 - Centro Praça Venâncio Neiva (83) 98229-2123 Cabedelo PB Instagram;;red;16;instagram;organic;Açaí da Praça 💜 (@acaidapracaoficial);https://instagram.com/acaidapracaoficial;brand_not_confirmed|name_not_confirmed|city_not_confirmed
6e248922-94fd-4138-86a0-92c7a04fcfff;cabe 1one açaí;cabe 1one açaí Lj 01 - Centro Praça Venâncio Neiva (83) 98229-2123 Cabedelo PB Instagram;;red;11;instagram;organic;"Praçaí Intermares on Instagram: ""Nosso açaí é 100% puro e ...";https://instagram.com/reel/C7wLWgwJlCg;instagram_reel_not_profile|brand_not_confirmed|instagram_profile_not_canonicalizable
6e248922-94fd-4138-86a0-92c7a04fcfff;cabe 1one açaí;cabe 1one açaí Lj 01 - Centro Praça Venâncio Neiva (83) 98229-2123 Cabedelo PB Instagram;;red;-25;instagram;organic;DIA DO AÇAÍ! 😍💜 Confira as ofertas do nosso encarte do ...;https://instagram.com/p/DONzy3VjsSA;instagram_p_not_profile|brand_not_confirmed|name_not_confirmed|instagram_profile_not_canonicalizable|city_not_confirmed
6e248922-94fd-4138-86a0-92c7a04fcfff;cabe 1one açaí;cabe 1one açaí Lj 01 - Centro Praça Venâncio Neiva (83) 98229-2123 Cabedelo PB Instagram;;red;-37;instagram;organic;Mar, sol e açaí! tem combinação melhor?;https://instagram.com/p/DZoLgxNNaZD/?__d=1%E6%B5%99%E6%B1%9F%E6%B8%A9%E5%B7%9E%E6%83%B3%E8%A6%81%E6%89%BE%E7%BE%8E%E5%A5%B3%E8%80%81%E6%9D%BF%E5%87%BA%E5%B7%AE%E9%99%AA%E6%B8%B8%3F%2B-%2B%E6%B8%A9%E5%B7%9E%E7%BE%8E%E5%A5%B3%E8%80%81%E6%9D%BF.%E2%9C%94%EF%B8%8Fbaoyangya.com;instagram_p_not_profile|brand_not_confirmed|name_not_confirmed|instagram_profile_not_canonicalizable|city_not_confirmed
6e248922-94fd-4138-86a0-92c7a04fcfff;cabe 1one açaí;cabe 1one açaí Lj 01 - Centro Praça Venâncio Neiva (83) 98229-2123 Cabedelo PB Instagram;;red;-37;instagram;organic;Tem dias que pedem um empurrãozinho, né? ✨E o Açaí ...;https://instagram.com/p/DaP-rvJEZ1e;instagram_p_not_profile|brand_not_confirmed|name_not_confirmed|instagram_profile_not_canonicalizable|city_not_confirmed
942e480f-7b67-4aae-9967-e795bdf7502d;Therê Açaí e Sorvete;Therê Açaí e Sorvete Centro R. Duque de Caxias (83) 99332-8972 Cabedelo PB Instagram;yes;red;44;instagram;organic;Daniel Do Açaí (@danieldoacai);https://instagram.com/danieldoacai;brand_not_confirmed|name_not_confirmed
942e480f-7b67-4aae-9967-e795bdf7502d;Therê Açaí e Sorvete;Therê Açaí e Sorvete Centro R. Duque de Caxias (83) 99332-8972 Cabedelo PB Instagram;;red;41;instagram;organic;ACABA DE INAUGURAR: BUFFET DE AÇAÍ + SORVETES E ...;https://instagram.com/reel/DCXatKtPzS0;instagram_reel_not_profile|instagram_profile_not_canonicalizable|city_not_confirmed
942e480f-7b67-4aae-9967-e795bdf7502d;Therê Açaí e Sorvete;Therê Açaí e Sorvete Centro R. Duque de Caxias (83) 99332-8972 Cabedelo PB Instagram;;red;35;instagram;organic;Quando bater aquele desejo de um docinho especial, você ...;https://instagram.com/p/DR2uWGMEq2g;instagram_p_not_profile|instagram_profile_not_canonicalizable|city_not_confirmed
942e480f-7b67-4aae-9967-e795bdf7502d;Therê Açaí e Sorvete;Therê Açaí e Sorvete Centro R. Duque de Caxias (83) 99332-8972 Cabedelo PB Instagram;;red;35;instagram;organic;Tem gente que acha que açaí é tudo igual… até provar o ...;https://instagram.com/p/DSm1-4Qkmcq;instagram_p_not_profile|instagram_profile_not_canonicalizable|city_not_confirmed
942e480f-7b67-4aae-9967-e795bdf7502d;Therê Açaí e Sorvete;Therê Açaí e Sorvete Centro R. Duque de Caxias (83) 99332-8972 Cabedelo PB Instagram;;red;35;instagram;organic;"GLAÇAÍ - SORVETES E AÇAÍ on Instagram: ""Foi mais que ...";https://instagram.com/reel/DVYoTaXDvHQ;instagram_reel_not_profile|instagram_profile_not_canonicalizable|city_not_confirmed
942e480f-7b67-4aae-9967-e795bdf7502d;Therê Açaí e Sorvete;Therê Açaí e Sorvete Centro R. Duque de Caxias (83) 99332-8972 Cabedelo PB Instagram;;red;35;instagram;organic;REI DO AÇAÍ E SORVETE | Que tal comer a sua segunda ...;https://instagram.com/p/DRuvqfEEV1k;instagram_p_not_profile|instagram_profile_not_canonicalizable|city_not_confirmed
942e480f-7b67-4aae-9967-e795bdf7502d;Therê Açaí e Sorvete;Therê Açaí e Sorvete Centro R. Duque de Caxias (83) 99332-8972 Cabedelo PB Instagram;;red;35;instagram;organic;A espera acabou! A Glaçaí Sorveteria e ...;https://instagram.com/p/DQPtzIZkThg;instagram_p_not_profile|instagram_profile_not_canonicalizable|city_not_confirmed
942e480f-7b67-4aae-9967-e795bdf7502d;Therê Açaí e Sorvete;Therê Açaí e Sorvete Centro R. Duque de Caxias (83) 99332-8972 Cabedelo PB Instagram;;red;35;instagram;organic;Só o necessário, que você precisa! A verdade é que cada um ...;https://instagram.com/reel/DUx6de3Eqjy;instagram_reel_not_profile|instagram_profile_not_canonicalizable|city_not_confirmed
65ebdb63-241a-4831-8015-09a936d25b61;Obra Fest Verão;Obra Fest Verão Cabedelo Av. Oceano Atlântico - Intermares Cabedelo PB Instagram;yes;yellow;128;instagram;organic;Fest Verão Paraíba (@festverao_pb);https://instagram.com/festverao_pb;
65ebdb63-241a-4831-8015-09a936d25b61;Obra Fest Verão;Obra Fest Verão Cabedelo Av. Oceano Atlântico - Intermares Cabedelo PB Instagram;;yellow;128;instagram;organic;Festival Verão ON (@festivalverao.on) · Cabedelo, PB;https://instagram.com/festivalverao.on;
65ebdb63-241a-4831-8015-09a936d25b61;Obra Fest Verão;Obra Fest Verão Cabedelo Av. Oceano Atlântico - Intermares Cabedelo PB Instagram;;yellow;65;instagram;organic;Fest Verão Paraíba | Estão prontos? Por aqui estamos ...;https://instagram.com/reel/DEavDHPREjQ;instagram_reel_not_profile|instagram_profile_not_canonicalizable
65ebdb63-241a-4831-8015-09a936d25b61;Obra Fest Verão;Obra Fest Verão Cabedelo Av. Oceano Atlântico - Intermares Cabedelo PB Instagram;;yellow;65;instagram;organic;Cabedelo/PB mais uma edição do Fest Verão Paraíba que ...;https://instagram.com/p/DTqRVPFCeeH;instagram_p_not_profile|instagram_profile_not_canonicalizable
65ebdb63-241a-4831-8015-09a936d25b61;Obra Fest Verão;Obra Fest Verão Cabedelo Av. Oceano Atlântico - Intermares Cabedelo PB Instagram;;yellow;65;instagram;organic;Missão cumprida no Fest Verão Paraíba Cabedelo - PB;https://instagram.com/reel/DTp0vkfAMgT;instagram_reel_not_profile|instagram_profile_not_canonicalizable
65ebdb63-241a-4831-8015-09a936d25b61;Obra Fest Verão;Obra Fest Verão Cabedelo Av. Oceano Atlântico - Intermares Cabedelo PB Instagram;;yellow;65;instagram;organic;Fest Verão Paraíba | ⏳ Faltam 30 dias. Trinta dias para viver o ...;https://instagram.com/reel/DR2wGKFEcU7;instagram_reel_not_profile|instagram_profile_not_canonicalizable
65ebdb63-241a-4831-8015-09a936d25b61;Obra Fest Verão;Obra Fest Verão Cabedelo Av. Oceano Atlântico - Intermares Cabedelo PB Instagram;;yellow;59;instagram;organic;Fest Verão Paraíba | Bell Marques faz parte dessa história ...;https://instagram.com/reel/DTdHntPjTIz;instagram_reel_not_profile|instagram_profile_not_canonicalizable
65ebdb63-241a-4831-8015-09a936d25b61;Obra Fest Verão;Obra Fest Verão Cabedelo Av. Oceano Atlântico - Intermares Cabedelo PB Instagram;;yellow;49;instagram;organic;Fest Verão Paraíba | Da série, curtindo o verão e com ...;https://instagram.com/p/DE2gZiFO1AY;instagram_p_not_profile|instagram_profile_not_canonicalizable|city_not_confirmed
a108a394-1cb3-478b-a857-2d6770d853c4;Rodizio de caldo do carioca;Rodizio de caldo do carioca Renascer Rod. Br Duzentos e Trinta Cabedelo PB Instagram;yes;yellow;55;instagram;organic;Friozinho combina com aconchego, sabor e aquela ...;https://instagram.com/p/DYnSzOsIXF0;instagram_p_not_profile|instagram_profile_not_canonicalizable|city_not_confirmed
a108a394-1cb3-478b-a857-2d6770d853c4;Rodizio de caldo do carioca;Rodizio de caldo do carioca Renascer Rod. Br Duzentos e Trinta Cabedelo PB Instagram;;red;43;instagram;organic;"Restaurante on Instagram: ""✅🤤 #caldos #rodizio ...";https://instagram.com/p/DR21GXgCVk9;instagram_p_not_profile|instagram_profile_not_canonicalizable|city_not_confirmed
a108a394-1cb3-478b-a857-2d6770d853c4;Rodizio de caldo do carioca;Rodizio de caldo do carioca Renascer Rod. Br Duzentos e Trinta Cabedelo PB Instagram;;red;43;instagram;organic;O Melhor Rodízio de Caldos do Brasil!!;https://instagram.com/p/DXz6_JICVTT;instagram_p_not_profile|instagram_profile_not_canonicalizable|city_not_confirmed
a108a394-1cb3-478b-a857-2d6770d853c4;Rodizio de caldo do carioca;Rodizio de caldo do carioca Renascer Rod. Br Duzentos e Trinta Cabedelo PB Instagram;;red;43;instagram;organic;"Bar do Zinho on Instagram: ""Rodízio de Caldos Sirva-se a ...";https://instagram.com/reel/DKS7qa3NsLT;instagram_reel_not_profile|instagram_profile_not_canonicalizable|city_not_confirmed
a108a394-1cb3-478b-a857-2d6770d853c4;Rodizio de caldo do carioca;Rodizio de caldo do carioca Renascer Rod. Br Duzentos e Trinta Cabedelo PB Instagram;;red;43;instagram;organic;RODÍZIO DE CALDOS EM SUZANO! Em um espaço super ...;https://instagram.com/p/DMvv6OLyEGe;instagram_p_not_profile|instagram_profile_not_canonicalizable|city_not_confirmed
a108a394-1cb3-478b-a857-2d6770d853c4;Rodizio de caldo do carioca;Rodizio de caldo do carioca Renascer Rod. Br Duzentos e Trinta Cabedelo PB Instagram;;red;-11;instagram;organic;A gente ama um tira-gosto. Mas aí vem caprichado, bem ...;https://instagram.com/reel/DZN_A_Axu2d;instagram_reel_not_profile|brand_not_confirmed|instagram_profile_not_canonicalizable|city_not_confirmed
a108a394-1cb3-478b-a857-2d6770d853c4;Rodizio de caldo do carioca;Rodizio de caldo do carioca Renascer Rod. Br Duzentos e Trinta Cabedelo PB Instagram;;red;-11;instagram;organic;Rolezando Indaiatuba | Festival de caldos a vontade pra ...;https://instagram.com/reel/DZD8WVCu9hz;instagram_reel_not_profile|brand_not_confirmed|instagram_profile_not_canonicalizable|city_not_confirmed
a108a394-1cb3-478b-a857-2d6770d853c4;Rodizio de caldo do carioca;Rodizio de caldo do carioca Renascer Rod. Br Duzentos e Trinta Cabedelo PB Instagram;;red;-11;instagram;organic;No Rei do Caldo, cada receita carrega história, cuidado e ...;https://instagram.com/p/DSLNlhyAJTT;instagram_p_not_profile|brand_not_confirmed|instagram_profile_not_canonicalizable|city_not_confirmed
4a19815d-0292-4285-bf3a-25df89ef2bf6;Queens do Açaí;Queens do Açaí Camalaú R. Cleto Campêlo (83) 99308-5560 Cabedelo PB Instagram;yes;yellow;126;instagram;organic;Queens do Açaí (@queensdoacai) - Cabedelo;https://instagram.com/queensdoacai;
4a19815d-0292-4285-bf3a-25df89ef2bf6;Queens do Açaí;Queens do Açaí Camalaú R. Cleto Campêlo (83) 99308-5560 Cabedelo PB Instagram;;yellow;52;instagram;organic;Açaiteria JL 💜 (@acaiteria_jl_) - Camalaú Pb;https://instagram.com/acaiteria_jl_;brand_not_confirmed|city_not_confirmed
4a19815d-0292-4285-bf3a-25df89ef2bf6;Queens do Açaí;Queens do Açaí Camalaú R. Cleto Campêlo (83) 99308-5560 Cabedelo PB Instagram;;yellow;52;instagram;organic;TOP AÇAÍ (@topacaicamalau);https://instagram.com/topacaicamalau;brand_not_confirmed|city_not_confirmed
4a19815d-0292-4285-bf3a-25df89ef2bf6;Queens do Açaí;Queens do Açaí Camalaú R. Cleto Campêlo (83) 99308-5560 Cabedelo PB Instagram;;red;3;instagram;organic;"Praçaí Intermares on Instagram: ""Nosso açaí é 100% puro e ...";https://instagram.com/reel/C7wLWgwJlCg;instagram_reel_not_profile|brand_not_confirmed|instagram_profile_not_canonicalizable
4a19815d-0292-4285-bf3a-25df89ef2bf6;Queens do Açaí;Queens do Açaí Camalaú R. Cleto Campêlo (83) 99308-5560 Cabedelo PB Instagram;;red;-7;instagram;organic;12 sabores de açaí 🍦 24 sabores de sorvete 🍬 Mais de 40 ...;https://instagram.com/p/DaapgwVOfFC;instagram_p_not_profile|brand_not_confirmed|instagram_profile_not_canonicalizable|city_not_confirmed
4a19815d-0292-4285-bf3a-25df89ef2bf6;Queens do Açaí;Queens do Açaí Camalaú R. Cleto Campêlo (83) 99308-5560 Cabedelo PB Instagram;;red;-19;instagram;organic;O único com poder de recarregar as energias pós ...;https://instagram.com/p/DU1iFUCjFqi;instagram_p_not_profile|brand_not_confirmed|instagram_profile_not_canonicalizable|city_not_confirmed
4a19815d-0292-4285-bf3a-25df89ef2bf6;Queens do Açaí;Queens do Açaí Camalaú R. Cleto Campêlo (83) 99308-5560 Cabedelo PB Instagram;;red;-19;instagram;organic;Se você é apaixonado por açaí, precisa conhecer o ...;https://instagram.com/reel/DaYENDpuXEU;instagram_reel_not_profile|brand_not_confirmed|instagram_profile_not_canonicalizable|city_not_confirmed
4a19815d-0292-4285-bf3a-25df89ef2bf6;Queens do Açaí;Queens do Açaí Camalaú R. Cleto Campêlo (83) 99308-5560 Cabedelo PB Instagram;;red;-19;instagram;organic;🌴 Açaí de garrafa: praticidade e sabor em cada gole! ...;https://instagram.com/p/DCxNrH7xyVr;instagram_p_not_profile|brand_not_confirmed|instagram_profile_not_canonicalizable|city_not_confirmed
90afab4e-44eb-4068-8c16-09dc29a585c8;Rua São Miguel 159;Rua São Miguel 159 Camalaú R. São Miguel Cabedelo PB Instagram;yes;yellow;57;instagram;organic;São Miguel Arcanjo 🙏 Enviamos para todo o Brasil. Catálogo ...;https://instagram.com/reel/C-tFnmYyLSQ;instagram_reel_not_profile|instagram_profile_not_canonicalizable
90afab4e-44eb-4068-8c16-09dc29a585c8;Rua São Miguel 159;Rua São Miguel 159 Camalaú R. São Miguel Cabedelo PB Instagram;;red;38;instagram;organic;SECULT Cabedelo/PB - Brasil (@secultcabedelo);https://instagram.com/secultcabedelo;brand_not_confirmed|name_not_confirmed
90afab4e-44eb-4068-8c16-09dc29a585c8;Rua São Miguel 159;Rua São Miguel 159 Camalaú R. São Miguel Cabedelo PB Instagram;;red;32;instagram;organic;Prefeitura de Cabedelo (@prefeituradecabedelo);https://instagram.com/prefeituradecabedelo;brand_not_confirmed|name_not_confirmed
90afab4e-44eb-4068-8c16-09dc29a585c8;Rua São Miguel 159;Rua São Miguel 159 Camalaú R. São Miguel Cabedelo PB Instagram;;red;-15;instagram;organic;Obrigada Cabedelo-PB! Que show lindo ...;https://instagram.com/p/DLSI_PxuhwS;instagram_p_not_profile|brand_not_confirmed|name_not_confirmed|instagram_profile_not_canonicalizable
90afab4e-44eb-4068-8c16-09dc29a585c8;Rua São Miguel 159;Rua São Miguel 159 Camalaú R. São Miguel Cabedelo PB Instagram;;red;-15;instagram;organic;Cabedelo - PB, que energia surreal! 🔥 Foi simplesmente ...;https://instagram.com/p/DLf472DPguM;instagram_p_not_profile|brand_not_confirmed|name_not_confirmed|instagram_profile_not_canonicalizable
90afab4e-44eb-4068-8c16-09dc29a585c8;Rua São Miguel 159;Rua São Miguel 159 Camalaú R. São Miguel Cabedelo PB Instagram;;red;-37;instagram;organic;Instagram;https://instagram.com/reel/DJKmxrpRCHg;instagram_reel_not_profile|brand_not_confirmed|name_not_confirmed|instagram_profile_not_canonicalizable|city_not_confirmed
90afab4e-44eb-4068-8c16-09dc29a585c8;Rua São Miguel 159;Rua São Miguel 159 Camalaú R. São Miguel Cabedelo PB Instagram;;red;-37;instagram;organic;Instagram;https://instagram.com/reel/Cxd9VSorzh1;instagram_reel_not_profile|brand_not_confirmed|name_not_confirmed|instagram_profile_not_canonicalizable|city_not_confirmed
90afab4e-44eb-4068-8c16-09dc29a585c8;Rua São Miguel 159;Rua São Miguel 159 Camalaú R. São Miguel Cabedelo PB Instagram;;red;-37;instagram;organic;Instagram;https://instagram.com/reel/Cxlflg9uo_B;instagram_reel_not_profile|brand_not_confirmed|name_not_confirmed|instagram_profile_not_canonicalizable|city_not_confirmed
b70edc4d-f352-4cc1-9680-4f5d6cd5c773;gat mal ponta de campina;gat mal ponta de campina Cabedelo Av. Oceano Atlântico - Intermares Cabedelo PB Instagram;yes;yellow;114;instagram;organic;Get Mall | Seu Shopping em Cabedelo (@getmall.oficial);https://instagram.com/getmall.oficial;
b70edc4d-f352-4cc1-9680-4f5d6cd5c773;gat mal ponta de campina;gat mal ponta de campina Cabedelo Av. Oceano Atlântico - Intermares Cabedelo PB Instagram;;yellow;58;instagram;organic;Get Mall Cabedelo;https://instagram.com/popular/get-mall-cabedelo;brand_not_confirmed
b70edc4d-f352-4cc1-9680-4f5d6cd5c773;gat mal ponta de campina;gat mal ponta de campina Cabedelo Av. Oceano Atlântico - Intermares Cabedelo PB Instagram;;red;38;serpapi.com;local;GETMall;https://serpapi.com/search.json?device=desktop&engine=google&gl=br&google_domain=google.com.br&hl=pt-br&ludocid=2085636360400986377&q=gat+mal+ponta+de+campina+Cabedelo+Av.+Oceano+Atl%C3%A2ntico+-+Intermares+Cabedelo+PB+Instagram;
b70edc4d-f352-4cc1-9680-4f5d6cd5c773;gat mal ponta de campina;gat mal ponta de campina Cabedelo Av. Oceano Atlântico - Intermares Cabedelo PB Instagram;;red;38;serpapi.com;local;gat mal ponta de campina;https://serpapi.com/search.json?device=desktop&engine=google&gl=br&google_domain=google.com.br&hl=pt-br&ludocid=12143988203244390455&q=gat+mal+ponta+de+campina+Cabedelo+Av.+Oceano+Atl%C3%A2ntico+-+Intermares+Cabedelo+PB+Instagram;
b70edc4d-f352-4cc1-9680-4f5d6cd5c773;gat mal ponta de campina;gat mal ponta de campina Cabedelo Av. Oceano Atlântico - Intermares Cabedelo PB Instagram;;red;18;instagram;derived_instagram_handle;Instagram profile @aferroyfogo;https://instagram.com/aferroyfogo;brand_not_confirmed|derived_handle_brand_not_confirmed
b70edc4d-f352-4cc1-9680-4f5d6cd5c773;gat mal ponta de campina;gat mal ponta de campina Cabedelo Av. Oceano Atlântico - Intermares Cabedelo PB Instagram;;red;16;instagram;organic;Ponta de Campina (@pontadecampina);https://instagram.com/pontadecampina;brand_not_confirmed|name_not_confirmed|city_not_confirmed
b70edc4d-f352-4cc1-9680-4f5d6cd5c773;gat mal ponta de campina;gat mal ponta de campina Cabedelo Av. Oceano Atlântico - Intermares Cabedelo PB Instagram;;red;5;instagram;organic;E assim são os finais de semana por aqui 💚 Traz toda a ...;https://instagram.com/reel/CzR4R0PJeY6;instagram_reel_not_profile|brand_not_confirmed|instagram_profile_not_canonicalizable
b70edc4d-f352-4cc1-9680-4f5d6cd5c773;gat mal ponta de campina;gat mal ponta de campina Cabedelo Av. Oceano Atlântico - Intermares Cabedelo PB Instagram;;red;5;instagram;organic;O melhor lugar para você encontrar com o seu @ é aqui! ...;https://instagram.com/p/CzJQEHlspgT;instagram_p_not_profile|brand_not_confirmed|instagram_profile_not_canonicalizable
9aad8169-49b0-4726-9924-14ec8b6f9d38;Nossa Pizza;Nossa Pizza Cabedelo Av. Maria de Oliveira Gomes - Portal do Poço (83) 99649-4684 Cabedelo PB Instagram;yes;yellow;68;instagram;organic;Center Pizza Cabedelo PB (@centerpizza_cabedelo);https://instagram.com/centerpizza_cabedelo;brand_not_confirmed
9aad8169-49b0-4726-9924-14ec8b6f9d38;Nossa Pizza;Nossa Pizza Cabedelo Av. Maria de Oliveira Gomes - Portal do Poço (83) 99649-4684 Cabedelo PB Instagram;;yellow;46;instagram;organic;Pizza Now (@pizzanowexpress);https://instagram.com/pizzanowexpress;brand_not_confirmed|city_not_confirmed
9aad8169-49b0-4726-9924-14ec8b6f9d38;Nossa Pizza;Nossa Pizza Cabedelo Av. Maria de Oliveira Gomes - Portal do Poço (83) 99649-4684 Cabedelo PB Instagram;;red;9;instagram;organic;Estamos em Camboinha viu! Todos os dias das 18h às 23h ...;https://instagram.com/reel/DD0DVOiSYvl;instagram_reel_not_profile|brand_not_confirmed|instagram_profile_not_canonicalizable
9aad8169-49b0-4726-9924-14ec8b6f9d38;Nossa Pizza;Nossa Pizza Cabedelo Av. Maria de Oliveira Gomes - Portal do Poço (83) 99649-4684 Cabedelo PB Instagram;;red;3;instagram;organic;UMA DAS MELHORES PIZZA DOCE DE JOÃO PESSOA QUE ...;https://instagram.com/reel/DTlbbtWCYqZ;instagram_reel_not_profile|brand_not_confirmed|instagram_profile_not_canonicalizable
9aad8169-49b0-4726-9924-14ec8b6f9d38;Nossa Pizza;Nossa Pizza Cabedelo Av. Maria de Oliveira Gomes - Portal do Poço (83) 99649-4684 Cabedelo PB Instagram;;red;3;instagram;organic;A melhor pizza a partir de R$ 29,90! . Vem 📍Estamos na ...;https://instagram.com/p/DA4NaqvxV7G;instagram_p_not_profile|brand_not_confirmed|instagram_profile_not_canonicalizable
9aad8169-49b0-4726-9924-14ec8b6f9d38;Nossa Pizza;Nossa Pizza Cabedelo Av. Maria de Oliveira Gomes - Portal do Poço (83) 99649-4684 Cabedelo PB Instagram;;red;-3;instagram;organic;A melhor pizza de Cabedelo tá passando na sua telinha ❤️ ...;https://instagram.com/reel/DXKxfcnCTQ1;instagram_reel_not_profile|brand_not_confirmed|instagram_profile_not_canonicalizable
9aad8169-49b0-4726-9924-14ec8b6f9d38;Nossa Pizza;Nossa Pizza Cabedelo Av. Maria de Oliveira Gomes - Portal do Poço (83) 99649-4684 Cabedelo PB Instagram;;red;-11;instagram;organic;você precisa provar as nossas pizzas de origem. Massa ...;https://instagram.com/p/DVhaI2LD-xh;instagram_p_not_profile|brand_not_confirmed|instagram_profile_not_canonicalizable|city_not_confirmed
9aad8169-49b0-4726-9924-14ec8b6f9d38;Nossa Pizza;Nossa Pizza Cabedelo Av. Maria de Oliveira Gomes - Portal do Poço (83) 99649-4684 Cabedelo PB Instagram;;red;-11;instagram;organic;molho de tomate, mussarela, salmão, cubos de queijo ...;https://instagram.com/p/DYfqBMptv3e;instagram_p_not_profile|brand_not_confirmed|instagram_profile_not_canonicalizable|city_not_confirmed
a123251e-ae13-4a7a-8725-a54b3bdd2d66;VITAMINA DE AÇAÍ;VITAMINA DE AÇAÍ Cabedelo Av. Ambrósio Miranda de Araújo - Renascer Cabedelo PB Instagram;yes;yellow;126;instagram;organic;Vitamina de açai | 01 da city ®🥇 (@vitaminadeacai__);https://instagram.com/vitaminadeacai__;
a123251e-ae13-4a7a-8725-a54b3bdd2d66;VITAMINA DE AÇAÍ;VITAMINA DE AÇAÍ Cabedelo Av. Ambrósio Miranda de Araújo - Renascer Cabedelo PB Instagram;;yellow;62;instagram;organic;Daniel Do Açaí (@danieldoacai);https://instagram.com/danieldoacai;brand_not_confirmed
a123251e-ae13-4a7a-8725-a54b3bdd2d66;VITAMINA DE AÇAÍ;VITAMINA DE AÇAÍ Cabedelo Av. Ambrósio Miranda de Araújo - Renascer Cabedelo PB Instagram;;yellow;62;instagram;organic;TAPIOCARIA DO DINHO 🔥 (@tapiocariadinho);https://instagram.com/tapiocariadinho;brand_not_confirmed
a123251e-ae13-4a7a-8725-a54b3bdd2d66;VITAMINA DE AÇAÍ;VITAMINA DE AÇAÍ Cabedelo Av. Ambrósio Miranda de Araújo - Renascer Cabedelo PB Instagram;;yellow;56;instagram;organic;Praçaí Intermares (@pracaiintermares) · Cabedelo, PB;https://instagram.com/pracaiintermares;brand_not_confirmed
a123251e-ae13-4a7a-8725-a54b3bdd2d66;VITAMINA DE AÇAÍ;VITAMINA DE AÇAÍ Cabedelo Av. Ambrósio Miranda de Araújo - Renascer Cabedelo PB Instagram;;yellow;50;instagram;organic;Açaí da Praia do Poço - Cabedelo (@acaidopoco);https://instagram.com/acaidopoco;brand_not_confirmed
a123251e-ae13-4a7a-8725-a54b3bdd2d66;VITAMINA DE AÇAÍ;VITAMINA DE AÇAÍ Cabedelo Av. Ambrósio Miranda de Araújo - Renascer Cabedelo PB Instagram;;yellow;47;instagram;organic;Vitamina de Açaí 💜🤌🏼 Aqui tudo é feito com amor e muito ...;https://instagram.com/p/DUeMsfxkl4p;instagram_p_not_profile|instagram_profile_not_canonicalizable|city_not_confirmed
a123251e-ae13-4a7a-8725-a54b3bdd2d66;VITAMINA DE AÇAÍ;VITAMINA DE AÇAÍ Cabedelo Av. Ambrósio Miranda de Araújo - Renascer Cabedelo PB Instagram;;red;35;instagram;organic;Já experimentou nossa vitamina de açaí?;https://instagram.com/reel/DYevRaXx-Lu;instagram_reel_not_profile|instagram_profile_not_canonicalizable|city_not_confirmed
a123251e-ae13-4a7a-8725-a54b3bdd2d66;VITAMINA DE AÇAÍ;VITAMINA DE AÇAÍ Cabedelo Av. Ambrósio Miranda de Araújo - Renascer Cabedelo PB Instagram;;red;35;instagram;organic;Açaí Prime Café | Vitamina de açaí;https://instagram.com/p/DaLo0HhItWO;instagram_p_not_profile|instagram_profile_not_canonicalizable|city_not_confirmed
a62661ec-86ed-4ed2-8144-f105736312ad;food service;food service Cabedelo Muro da São Brás, R. Floresta - Camboinha (83) 99139-5546 Cabedelo PB Instagram;;red;35;instagram;organic;ELEITO O MELHOR SELF-SERVICE DO RN em 2025 🍽️ ...;https://instagram.com/p/DW_0S3LjLr_/?__d=1%E5%BE%AE%E5%8D%9A%E7%A7%81%E4%BA%BA%E5%8F%B7%E4%BA%A4%E6%98%93%E4%B8%AD%E5%BF%83%2B-%2B%E5%92%8C%E5%B9%B3%E7%B2%BE%E8%8B%B1%E5%B0%8F%E5%8F%B7%E7%BD%91%2B%E2%9C%94%EF%B8%8Fhaoba.cyou-%E5%BE%AE%E5%8D%9A%E5%B0%8F%E5%8F%B7%E5%B7%B2%E5%AE%9E%E5%90%8D%E8%B4%A6%E5%8F%B7%E5%87%BA%E5%94%AE;instagram_p_not_profile|instagram_profile_not_canonicalizable|city_not_confirmed
a62661ec-86ed-4ed2-8144-f105736312ad;food service;food service Cabedelo Muro da São Brás, R. Floresta - Camboinha (83) 99139-5546 Cabedelo PB Instagram;yes;red;32;instagram;organic;Prefeitura de Cabedelo (@prefeituradecabedelo);https://instagram.com/prefeituradecabedelo;brand_not_confirmed|name_not_confirmed
a62661ec-86ed-4ed2-8144-f105736312ad;food service;food service Cabedelo Muro da São Brás, R. Floresta - Camboinha (83) 99139-5546 Cabedelo PB Instagram;;red;32;instagram;organic;Get Mall | Seu Shopping em Cabedelo (@getmall.oficial);https://instagram.com/getmall.oficial;brand_not_confirmed|name_not_confirmed
a62661ec-86ed-4ed2-8144-f105736312ad;food service;food service Cabedelo Muro da São Brás, R. Floresta - Camboinha (83) 99139-5546 Cabedelo PB Instagram;;red;2;instagram;derived_instagram_handle;Instagram profile @sabordecarino;https://instagram.com/sabordecarino;brand_not_confirmed|derived_handle_brand_not_confirmed|city_not_confirmed
a62661ec-86ed-4ed2-8144-f105736312ad;food service;food service Cabedelo Muro da São Brás, R. Floresta - Camboinha (83) 99139-5546 Cabedelo PB Instagram;;red;1;instagram;organic;como pessoense, esses são meus lugares favoritos no verão ...;https://instagram.com/reel/DS5rBYMD_py;instagram_reel_not_profile|brand_not_confirmed|instagram_profile_not_canonicalizable|city_not_confirmed
a62661ec-86ed-4ed2-8144-f105736312ad;food service;food service Cabedelo Muro da São Brás, R. Floresta - Camboinha (83) 99139-5546 Cabedelo PB Instagram;;red;-11;instagram;organic;Sigam @sabordecarino para acompanhar onde elas estão ...;https://instagram.com/reel/DSpUr_BDiTR;instagram_reel_not_profile|brand_not_confirmed|instagram_profile_not_canonicalizable|city_not_confirmed
a62661ec-86ed-4ed2-8144-f105736312ad;food service;food service Cabedelo Muro da São Brás, R. Floresta - Camboinha (83) 99139-5546 Cabedelo PB Instagram;;red;-15;instagram;organic;"Comunidade Fraterno Amor on Instagram: ""Agora chegou a ...";https://instagram.com/reel/DFEObNxRCCb;instagram_reel_not_profile|brand_not_confirmed|name_not_confirmed|instagram_profile_not_canonicalizable
a62661ec-86ed-4ed2-8144-f105736312ad;food service;food service Cabedelo Muro da São Brás, R. Floresta - Camboinha (83) 99139-5546 Cabedelo PB Instagram;;red;-15;instagram;organic;São Braz - Indústria, Cabedelo PB;https://instagram.com/explore/locations/275728277/sao-braz---industria-cabedelo-pb;instagram_explore_not_profile|brand_not_confirmed|name_not_confirmed|instagram_profile_not_canonicalizable
725b6497-4be9-4426-a2c0-dd3b55ff7956;Espetinho Pé na Areia;Espetinho Pé na Areia Amazonia Park R. Gameleira (83) 98689-2722 Cabedelo PB Instagram;yes;yellow;112;instagram;organic;Verano Praia Bar (@veranopraiabar);https://instagram.com/veranopraiabar;
725b6497-4be9-4426-a2c0-dd3b55ff7956;Espetinho Pé na Areia;Espetinho Pé na Areia Amazonia Park R. Gameleira (83) 98689-2722 Cabedelo PB Instagram;;yellow;96;instagram;organic;ESPETINHO DA PRAIA 👑 (@espetinhodapraia);https://instagram.com/espetinhodapraia;city_not_confirmed
725b6497-4be9-4426-a2c0-dd3b55ff7956;Espetinho Pé na Areia;Espetinho Pé na Areia Amazonia Park R. Gameleira (83) 98689-2722 Cabedelo PB Instagram;;yellow;47;instagram;organic;Petiscar camarões combina muito com um drink e brinde ...;https://instagram.com/p/DUGQnh2ESXl;instagram_p_not_profile|instagram_profile_not_canonicalizable
725b6497-4be9-4426-a2c0-dd3b55ff7956;Espetinho Pé na Areia;Espetinho Pé na Areia Amazonia Park R. Gameleira (83) 98689-2722 Cabedelo PB Instagram;;yellow;47;instagram;organic;O melhor espetinho de cabedelo agora no conforto da sua ...;https://instagram.com/p/CL91XFbLRAc;instagram_p_not_profile|instagram_profile_not_canonicalizable
725b6497-4be9-4426-a2c0-dd3b55ff7956;Espetinho Pé na Areia;Espetinho Pé na Areia Amazonia Park R. Gameleira (83) 98689-2722 Cabedelo PB Instagram;;red;44;instagram;derived_instagram_handle;Instagram profile @jardimdoespetoportaldosol;https://instagram.com/jardimdoespetoportaldosol;derived_handle_brand_not_confirmed|city_not_confirmed
725b6497-4be9-4426-a2c0-dd3b55ff7956;Espetinho Pé na Areia;Espetinho Pé na Areia Amazonia Park R. Gameleira (83) 98689-2722 Cabedelo PB Instagram;;red;31;instagram;organic;"Ilha Dourada on Instagram: ""O pé na areia mais amado de ...";https://instagram.com/reel/DU0Zay5EYkU;instagram_reel_not_profile|instagram_profile_not_canonicalizable|city_not_confirmed
725b6497-4be9-4426-a2c0-dd3b55ff7956;Espetinho Pé na Areia;Espetinho Pé na Areia Amazonia Park R. Gameleira (83) 98689-2722 Cabedelo PB Instagram;;red;31;instagram;organic;Marca aí seus amigos que precisam saber disso ...;https://instagram.com/reel/DXFfqgGgRKN;instagram_reel_not_profile|instagram_profile_not_canonicalizable|city_not_confirmed
725b6497-4be9-4426-a2c0-dd3b55ff7956;Espetinho Pé na Areia;Espetinho Pé na Areia Amazonia Park R. Gameleira (83) 98689-2722 Cabedelo PB Instagram;;red;31;instagram;organic;"ESPETINHO DA PRAIA on Instagram: ""Ei, você já conhece ...";https://instagram.com/reel/DEISqvzRP8A;instagram_reel_not_profile|instagram_profile_not_canonicalizable|city_not_confirmed