status;name;type;address;rating;reviews;place_id;google_maps_url;query;area;ll;reason
already_in_database;Lovina Ponta de Campina | Bar | Restaurante em Cabedelo;Restaurante;R. Vitorino Cardoso, 908 - Ponta de Campina, Cabedelo - PB, 58101-510;4.4;10742;ChIJdbKCxUTerAcRNmBt0eRrdX8;https://www.google.com/maps/place/?q=place_id:ChIJdbKCxUTerAcRNmBt0eRrdX8;restaurantes Cabedelo PB;Ponta de Campina;@-7.0374,-34.8347,15z;already_in_database
already_in_database;Ancoradouro Ponta de Campina;Restaurante;R. Henrique Siqueira, 242 - Ponta de Campina, Cabedelo - PB, 58310-000;3.9;495;ChIJZ2RoyxLfrAcRupeEWBQrnEc;https://www.google.com/maps/place/?q=place_id:ChIJZ2RoyxLfrAcRupeEWBQrnEc;restaurantes Cabedelo PB;Ponta de Campina;@-7.0374,-34.8347,15z;already_in_database
already_in_database;Sax Café - Por do Sol da Praia do Jacaré Cabedelo/PB;Restaurante;Pôr do Sol, R. Praia do Jacaré, Cabedelo - PB, 58310-000;4.5;102;ChIJ42uw2z3frAcRpvqGhKXp_LM;https://www.google.com/maps/place/?q=place_id:ChIJ42uw2z3frAcRpvqGhKXp_LM;restaurantes Cabedelo PB;Ponta de Campina;@-7.0374,-34.8347,15z;already_in_database
already_in_database;Numar Bar e Restaurante;Bar;Av. Oceano Atlântico, 878 - Intermares, Cabedelo - PB, 58310-000;4.5;1370;ChIJ29wxE1zfrAcRAXclbUaSW8w;https://www.google.com/maps/place/?q=place_id:ChIJ29wxE1zfrAcRAXclbUaSW8w;restaurantes Cabedelo PB;Ponta de Campina;@-7.0374,-34.8347,15z;already_in_database
already_in_database;Restaurante Recanto do Picuí Intermares;Restaurante;R. Golfo Sidra, 72 - Intermares, Cabedelo - PB, 58310-000;4.5;1267;ChIJ7xU6NRLerAcRpPuWqjv1L7c;https://www.google.com/maps/place/?q=place_id:ChIJ7xU6NRLerAcRpPuWqjv1L7c;restaurantes Cabedelo PB;Ponta de Campina;@-7.0374,-34.8347,15z;already_in_database
already_in_database;Cibelly Bar & Restaurante;Bar e restaurante de ostras;Rua Luna Pedrosa, 1260 - Poço, Cabedelo - PB, 58101-574;4.1;4295;ChIJ63V170_erAcRZ2vvWZseSgE;https://www.google.com/maps/place/?q=place_id:ChIJ63V170_erAcRZ2vvWZseSgE;restaurantes Cabedelo PB;Ponta de Campina;@-7.0374,-34.8347,15z;already_in_database
already_in_database;Ponta De Campina;Praia;Cabedelo - PB;4.7;2439;ChIJr75kQ0PerAcRVbC2hxszRNo;https://www.google.com/maps/place/?q=place_id:ChIJr75kQ0PerAcRVbC2hxszRNo;restaurantes Cabedelo PB;Ponta de Campina;@-7.0374,-34.8347,15z;already_in_database
already_in_database;CTG Saudade Da Querência;Restaurante;R. João Santos Coelho Filho, 125 - Lot. Praia Grande, Cabedelo - PB, 58310-000;4.6;293;ChIJv8vnDLPfrAcR2d01H7Lb744;https://www.google.com/maps/place/?q=place_id:ChIJv8vnDLPfrAcR2d01H7Lb744;restaurantes Cabedelo PB;Ponta de Campina;@-7.0374,-34.8347,15z;already_in_database
already_in_database;Sakê Temakeria Ponta de Campina, Cabedelo;Restaurante japonês;Av. Oceano Atlântico, 1592 - Sl 16 E 17 - Ponta de Campina, Cabedelo - PB, 58310-000;4.7;261;ChIJ2Xj63j_drAcRrllAg3GcmOU;https://www.google.com/maps/place/?q=place_id:ChIJ2Xj63j_drAcRrllAg3GcmOU;restaurantes Cabedelo PB;Ponta de Campina;@-7.0374,-34.8347,15z;already_in_database
already_in_database;Big Jack comida de rua com INSPIRAÇÃO texana;Restaurante;Av. Mar Vermelho, QUADRA 12 - LOTE 01 - Intermares, Cabedelo - PB, 58102-120;4.8;353;ChIJCTY1v6rfrAcRD3ZYZu4I32E;https://www.google.com/maps/place/?q=place_id:ChIJCTY1v6rfrAcRD3ZYZu4I32E;restaurantes Cabedelo PB;Ponta de Campina;@-7.0374,-34.8347,15z;already_in_database
already_in_database;Restaurante mar de amor;Restaurante;Av. Pôr do Sol - Portal do Poço, Cabedelo - PB, 58310-000;5;1;ChIJ8z63XQDfrAcR1_XtXHa0rRQ;https://www.google.com/maps/place/?q=place_id:ChIJ8z63XQDfrAcR1_XtXHa0rRQ;restaurantes Cabedelo PB;Ponta de Campina;@-7.0374,-34.8347,15z;already_in_database
already_in_database;Espetinho da praia Intermares;Restaurante;Av. Oceano Atlântico, 1972 - Intermares, Cabedelo - PB, 58310-000;4.4;772;ChIJE-mcRMTfrAcRBThGnfI6x2c;https://www.google.com/maps/place/?q=place_id:ChIJE-mcRMTfrAcRBThGnfI6x2c;restaurantes Cabedelo PB;Ponta de Campina;@-7.0374,-34.8347,15z;already_in_database
rejected;A Ferro Y Fogo Churrasco & Burger Artesanal na Brasa;Restaurante;Av. Oceano Atlântico, 1592 - Shopping GetMall - Ponta de Campina, Cabedelo - PB, 58101-650;3.9;39;ChIJNWudC1nfrAcRZp_VOIvsXTQ;https://www.google.com/maps/place/?q=place_id:ChIJNWudC1nfrAcRZp_VOIvsXTQ;restaurantes Cabedelo PB;Ponta de Campina;@-7.0374,-34.8347,15z;excluded_category_or_name
rejected;Badionaldo;Bar;R. Vitorino Cardoso, 780 - Lot. Vitorino Cardoso, Cabedelo - PB, 58101-510;3.7;111;ChIJLV_DEEPfrAcRnoTIdvp3Ch0;https://www.google.com/maps/place/?q=place_id:ChIJLV_DEEPfrAcRnoTIdvp3Ch0;restaurantes Cabedelo PB;Ponta de Campina;@-7.0374,-34.8347,15z;not_clearly_food_establishment
already_in_database;A Casa do Temakinho;Restaurante;Av. Mar da Irlanda, 222 - Intermares, Cabedelo - PB, 58310-000;4.9;150;ChIJK77pAsvfrAcRDJoNP1VhTVo;https://www.google.com/maps/place/?q=place_id:ChIJK77pAsvfrAcRDJoNP1VhTVo;restaurantes Cabedelo PB;Ponta de Campina;@-7.0374,-34.8347,15z;already_in_database
already_in_database;Intermares;Praia;Cabedelo - PB, 58102-256;4.7;4175;ChIJS_1_YAverAcR-yk3spzQr0E;https://www.google.com/maps/place/?q=place_id:ChIJS_1_YAverAcR-yk3spzQr0E;restaurantes Cabedelo PB;Ponta de Campina;@-7.0374,-34.8347,15z;already_in_database
already_in_database;Ilha Dourada Restaurante;Restaurante de frutos do mar;BR -230, R. José Américo de Almeida Filho, s/n - Areia Dourada, Cabedelo - PB, 58101-212;4.2;3161;ChIJ19PDcIXfrAcRzBwfL7gvIIs;https://www.google.com/maps/place/?q=place_id:ChIJ19PDcIXfrAcRzBwfL7gvIIs;restaurantes Cabedelo PB;Ponta de Campina;@-7.0374,-34.8347,15z;already_in_database
accepted;Galeteria D'intermares;Restaurante de carne;R. Golfo Veneza, 28 - Intermares, Cabedelo - PB, 58102-122;4.1;470;ChIJu2aD0g7erAcRzicvJXx-8yI;https://www.google.com/maps/place/?q=place_id:ChIJu2aD0g7erAcRzicvJXx-8yI;restaurantes Cabedelo PB;Ponta de Campina;@-7.0374,-34.8347,15z;food_scope
already_in_database;Restaurante da Helena;;Av. Araçá, s/n - Portal do Poço, Cabedelo - PB, 58106-122;5;14;ChIJ3fU9LZvfrAcRy_9XywKHKP4;https://www.google.com/maps/place/?q=place_id:ChIJ3fU9LZvfrAcRy_9XywKHKP4;restaurantes Cabedelo PB;Ponta de Campina;@-7.0374,-34.8347,15z;already_in_database
rejected;GETMall;Praça de alimentação;Av. Oceano Atlântico, 1592 - Ponta de Campina, Cabedelo - PB, 58310-000;4.3;103;ChIJX7HMo6rdrAcRCeFWODir8Rw;https://www.google.com/maps/place/?q=place_id:ChIJX7HMo6rdrAcRCeFWODir8Rw;restaurantes Cabedelo PB;Ponta de Campina;@-7.0374,-34.8347,15z;excluded_category_or_name
already_in_database;Pizza Now - Intermares;Delivery de Pizza;Av. Oceano Atlântico, 1592 - Lj 14 - Ponta de Campina, Cabedelo - PB, 58101-650;4.5;200;ChIJC3rzCDHdrAcRGYF3vwcOan8;https://www.google.com/maps/place/?q=place_id:ChIJC3rzCDHdrAcRGYF3vwcOan8;pizzaria Cabedelo PB;Ponta de Campina;@-7.0374,-34.8347,15z;already_in_database
already_in_database;Pizza Família Cipriano;Pizzaria;R. Golfo Danzig, 56 - Intermares, Cabedelo - PB, 58102-133;5;13;ChIJBw8J2x3frAcR-t64wKV4XEg;https://www.google.com/maps/place/?q=place_id:ChIJBw8J2x3frAcR-t64wKV4XEg;pizzaria Cabedelo PB;Ponta de Campina;@-7.0374,-34.8347,15z;already_in_database
already_in_database;Hora Da Pizza;Pizzaria;R. Arco Íris, 113 - Lot. Oceania VI, Cabedelo - PB, 58105-514;5;13;ChIJd8aACALfrAcR-y1kMx11Rs8;https://www.google.com/maps/place/?q=place_id:ChIJd8aACALfrAcR-y1kMx11Rs8;pizzaria Cabedelo PB;Ponta de Campina;@-7.0374,-34.8347,15z;already_in_database
already_in_database;Pizzaria Bom Sabor;Pizzaria;R. Jair Cunha Cavalcanti, 248 - Lot. Oceania, Cabedelo - PB, 58105-700;4;134;ChIJJwFhsjXfrAcR5WUPKUu6Li8;https://www.google.com/maps/place/?q=place_id:ChIJJwFhsjXfrAcR5WUPKUu6Li8;pizzaria Cabedelo PB;Ponta de Campina;@-7.0374,-34.8347,15z;already_in_database
already_in_database;Mega Pizza;Pizzaria;Av. Mar Vermelho, 357 - Intermares, Cabedelo - PB, 58310-000;4;506;ChIJP6gJ7w3erAcRPbZmhVXL0gQ;https://www.google.com/maps/place/?q=place_id:ChIJP6gJ7w3erAcRPbZmhVXL0gQ;pizzaria Cabedelo PB;Ponta de Campina;@-7.0374,-34.8347,15z;already_in_database
already_in_database;Pizzaria Jacaré;Pizzaria;R. Arco Íris, 250 - Lot. Oceania VI, Cabedelo - PB, 58310-000;4.5;59;ChIJLSlV8DrerAcRdEpwqq-GS2Y;https://www.google.com/maps/place/?q=place_id:ChIJLSlV8DrerAcRdEpwqq-GS2Y;pizzaria Cabedelo PB;Ponta de Campina;@-7.0374,-34.8347,15z;already_in_database
already_in_database;Eu Quero Pizza;Pizzaria;R. da Enseada - Ponta de Campina, Cabedelo - PB, 58310-000;3.8;24;ChIJB0sqZgLfrAcR9yKy7cQwfhQ;https://www.google.com/maps/place/?q=place_id:ChIJB0sqZgLfrAcR9yKy7cQwfhQ;pizzaria Cabedelo PB;Ponta de Campina;@-7.0374,-34.8347,15z;already_in_database
already_in_database;Magela Pizzaria;Pizzaria;Av. Oceano Atlântico, 1000 - Intermares, Cabedelo - PB, 58102-252;5;2;ChIJ0aI-RwDfrAcRPYtznRfJu_M;https://www.google.com/maps/place/?q=place_id:ChIJ0aI-RwDfrAcRPYtznRfJu_M;pizzaria Cabedelo PB;Ponta de Campina;@-7.0374,-34.8347,15z;already_in_database
rejected;TreeHouse Bar Lounge - Por do sol João Pessoa;Bar;R. Pôr do Sol, s/n, Cabedelo - PB, 58310-000;4.5;1125;ChIJ33JsoxverAcRwnzfHW9fJTI;https://www.google.com/maps/place/?q=place_id:ChIJ33JsoxverAcRwnzfHW9fJTI;pizzaria Cabedelo PB;Ponta de Campina;@-7.0374,-34.8347,15z;excluded_category_or_name
already_in_database;churrascaria do biu;Churrascaria;R. Carolino Cardoso, 248-328 - Lot. Vitorino Cardoso, Cabedelo - PB, 58310-000;4.2;142;ChIJi2YYOkzerAcRnZgoaC-xOvY;https://www.google.com/maps/place/?q=place_id:ChIJi2YYOkzerAcRnZgoaC-xOvY;pizzaria Cabedelo PB;Ponta de Campina;@-7.0374,-34.8347,15z;already_in_database
already_in_database;Lanchonete e Pizzaria Popular;Pizzaria;R. Santa Maria Madalena, 86 - Jacaré, CEP: - Lot. Oceania VI, Cabedelo - PB, 58105-522;4.5;31;ChIJL4kfjdjfrAcRX8LvFyTn7p8;https://www.google.com/maps/place/?q=place_id:ChIJL4kfjdjfrAcRX8LvFyTn7p8;pizzaria Cabedelo PB;Ponta de Campina;@-7.0374,-34.8347,15z;already_in_database
already_in_database;Nossa Pizza;Pizzaria;Av. Maria de Oliveira Gomes - Portal do Poço, Cabedelo - PB, 58310-000;;;ChIJ7TXTXwDfrAcRkUQ3NY78meQ;https://www.google.com/maps/place/?q=place_id:ChIJ7TXTXwDfrAcRkUQ3NY78meQ;pizzaria Cabedelo PB;Ponta de Campina;@-7.0374,-34.8347,15z;already_in_database
already_in_database;Pizzaria NEVARE;Restaurante;Av. Araçá - Lot. Oceania VI, Cabedelo - PB, 58310-000;;;ChIJw60tazzerAcRCQzE-4_BHog;https://www.google.com/maps/place/?q=place_id:ChIJw60tazzerAcRCQzE-4_BHog;pizzaria Cabedelo PB;Ponta de Campina;@-7.0374,-34.8347,15z;already_in_database
already_in_database;CASA DA PIZZA;Restaurante;R. Honório Patrício dos Santos - Recanto do Poço, Cabedelo - PB, 58105-084;;;ChIJtewaz0verAcROOlZKMPmzZE;https://www.google.com/maps/place/?q=place_id:ChIJtewaz0verAcROOlZKMPmzZE;pizzaria Cabedelo PB;Ponta de Campina;@-7.0374,-34.8347,15z;already_in_database
rejected;Padaria Pandine;Padaria;Av. Mar Vermelho, 357 - Intermares, Cabedelo - PB, 58102-120;4.4;1096;ChIJP6gJ7w3erAcREADxKhazvuY;https://www.google.com/maps/place/?q=place_id:ChIJP6gJ7w3erAcREADxKhazvuY;pizzaria Cabedelo PB;Ponta de Campina;@-7.0374,-34.8347,15z;excluded_category_or_name
already_in_database;Casa Di Mainha;Pizzaria;R. Prof. João Lelis de Luna Freire - Jardim Jerico, Cabedelo - PB, 58310-000;5;16;ChIJI_QFwtzfrAcR4PpGSlWFXfE;https://www.google.com/maps/place/?q=place_id:ChIJI_QFwtzfrAcR4PpGSlWFXfE;pizzaria Cabedelo PB;Ponta de Campina;@-7.0374,-34.8347,15z;already_in_database
rejected;GETMall;Praça de alimentação;Av. Oceano Atlântico, 1592 - Ponta de Campina, Cabedelo - PB, 58310-000;4.3;103;ChIJX7HMo6rdrAcRCeFWODir8Rw;https://www.google.com/maps/place/?q=place_id:ChIJX7HMo6rdrAcRCeFWODir8Rw;pizzaria Cabedelo PB;Ponta de Campina;@-7.0374,-34.8347,15z;excluded_category_or_name
rejected;Padaria Eldorado Intermares;Padaria;Av. Mar Vermelho, 263 - Intermares, Cabedelo - PB, 58102-120;4.3;573;ChIJ8fLcFhXfrAcRa8uPR7mcTcU;https://www.google.com/maps/place/?q=place_id:ChIJ8fLcFhXfrAcRa8uPR7mcTcU;pizzaria Cabedelo PB;Ponta de Campina;@-7.0374,-34.8347,15z;excluded_category_or_name
already_in_database;Chapa Quente Lanches e Refeições;Lanchonete;R. Novo Horizonte, 37 - Jacaré, Cabedelo - PB, 58105-652;4.7;43;ChIJNYcRV8DdrAcR2mIZA8gNQHY;https://www.google.com/maps/place/?q=place_id:ChIJNYcRV8DdrAcR2mIZA8gNQHY;pizzaria Cabedelo PB;Ponta de Campina;@-7.0374,-34.8347,15z;already_in_database
already_in_database;Pizzaria Bom Sabor Camboinha;Pizzaria;R. Prof. João Lelis de Luna Freire, 288 - Jardim Camboinha, Cabedelo - PB, 58310-000;4.1;54;ChIJ23LpoCvfrAcRK0glALWQRYA;https://www.google.com/maps/place/?q=place_id:ChIJ23LpoCvfrAcRK0glALWQRYA;pizzaria Cabedelo PB;Ponta de Campina;@-7.0374,-34.8347,15z;already_in_database
already_in_database;Oxi Burguer Cabedelo;Hamburgueria;R. Maria das Neves Silva - Ponta de Campina, Cabedelo - PB, 58101-660;5;31;ChIJ-3vOhY7frAcRyc0HXHjB-zo;https://www.google.com/maps/place/?q=place_id:ChIJ-3vOhY7frAcRyc0HXHjB-zo;hamburgueria Cabedelo PB;Ponta de Campina;@-7.0374,-34.8347,15z;already_in_database
already_in_database;Big Jack comida de rua com INSPIRAÇÃO texana;Restaurante;Av. Mar Vermelho, QUADRA 12 - LOTE 01 - Intermares, Cabedelo - PB, 58102-120;4.8;353;ChIJCTY1v6rfrAcRD3ZYZu4I32E;https://www.google.com/maps/place/?q=place_id:ChIJCTY1v6rfrAcRD3ZYZu4I32E;hamburgueria Cabedelo PB;Ponta de Campina;@-7.0374,-34.8347,15z;already_in_database
already_in_database;Seu Jerônimo;Hamburgueria;R. Virginia Maria Nogueira Gadelha Pimentel - Lot. Bela Vista, Cabedelo - PB, 58310-000;5;13;ChIJWVZmZADdrAcRKTJks1JgeWU;https://www.google.com/maps/place/?q=place_id:ChIJWVZmZADdrAcRKTJks1JgeWU;hamburgueria Cabedelo PB;Ponta de Campina;@-7.0374,-34.8347,15z;already_in_database
rejected;A Ferro Y Fogo Churrasco & Burger Artesanal na Brasa;Restaurante;Av. Oceano Atlântico, 1592 - Shopping GetMall - Ponta de Campina, Cabedelo - PB, 58101-650;3.9;39;ChIJNWudC1nfrAcRZp_VOIvsXTQ;https://www.google.com/maps/place/?q=place_id:ChIJNWudC1nfrAcRZp_VOIvsXTQ;hamburgueria Cabedelo PB;Ponta de Campina;@-7.0374,-34.8347,15z;excluded_category_or_name
already_in_database;TCF - The Cheeseburguer Factory - Unidade Cabedelo;Lanchonete;Av. Oceano Atlântico, 1592 - Sl A15 - Ponta de Campina, Cabedelo - PB, 58310-000;4.1;13;ChIJ17zIKW_drAcRpW44MoCAPKM;https://www.google.com/maps/place/?q=place_id:ChIJ17zIKW_drAcRpW44MoCAPKM;hamburgueria Cabedelo PB;Ponta de Campina;@-7.0374,-34.8347,15z;already_in_database
rejected;GETMall;Hamburgueria;Av. Oceano Atlântico, 1592 - Ponta de Campina, Cabedelo - PB, 58310-000;4.3;103;ChIJX7HMo6rdrAcRCeFWODir8Rw;https://www.google.com/maps/place/?q=place_id:ChIJX7HMo6rdrAcRCeFWODir8Rw;hamburgueria Cabedelo PB;Ponta de Campina;@-7.0374,-34.8347,15z;excluded_category_or_name
already_in_database;Route Hot Dogs;Hamburgueria;Av. Mar das Antilhas - Intermares, Cabedelo - PB, 58102-212;5;45;ChIJu6yeCaTfrAcRfb31UenQ2FI;https://www.google.com/maps/place/?q=place_id:ChIJu6yeCaTfrAcRfb31UenQ2FI;hamburgueria Cabedelo PB;Ponta de Campina;@-7.0374,-34.8347,15z;already_in_database
already_in_database;Ravellas - Food Truck;Hamburgueria;Rua Clóvis de Holanda Calado - Intermares, Cabedelo - PB, 58102-335;5;5;ChIJCQyRIcvdrAcRu26vxSLBThs;https://www.google.com/maps/place/?q=place_id:ChIJCQyRIcvdrAcRu26vxSLBThs;hamburgueria Cabedelo PB;Ponta de Campina;@-7.0374,-34.8347,15z;already_in_database
already_in_database;PAULISTA BURGER;Hamburgueria;R. Marizeiro - Portal do Poço, Cabedelo - PB, 58106-106;5;2;ChIJl51YE9DfrAcRuBF9yMwZnqg;https://www.google.com/maps/place/?q=place_id:ChIJl51YE9DfrAcRuBF9yMwZnqg;hamburgueria Cabedelo PB;Ponta de Campina;@-7.0374,-34.8347,15z;already_in_database
already_in_database;Eu Quero Burguer;Hamburgueria;Praça Bela Vista de Intermares, Intermares, Cabedelo - PB, 58102-302;3;10;ChIJJcEkMkzfrAcRnRtjQM7OQy0;https://www.google.com/maps/place/?q=place_id:ChIJJcEkMkzfrAcRnRtjQM7OQy0;hamburgueria Cabedelo PB;Ponta de Campina;@-7.0374,-34.8347,15z;already_in_database
already_in_database;Na brasa hambúrgueria;Lanchonete;Av. Pastor José Alves de Oliveira, 511 - Centro, Cabedelo - PB, 58100-222;4.5;15;ChIJS0Cl_7khrQcRXHqZzABLeRg;https://www.google.com/maps/place/?q=place_id:ChIJS0Cl_7khrQcRXHqZzABLeRg;hamburgueria Cabedelo PB;Ponta de Campina;@-7.0374,-34.8347,15z;already_in_database
already_in_database;Piratas Burger;Hamburgueria;Av. Oceano Atlântico, 55 - Intermares, Cabedelo - PB, 58102-252;1;1;ChIJLePNgbbfrAcRx5JgcXhj0i8;https://www.google.com/maps/place/?q=place_id:ChIJLePNgbbfrAcRx5JgcXhj0i8;hamburgueria Cabedelo PB;Ponta de Campina;@-7.0374,-34.8347,15z;already_in_database
accepted;Burguer Hall;Hamburgueria;R. Maurício de Alençar Cavalcante - bessa, Cabedelo - PB, 58102-552;5;1;ChIJn5l8jiLdrAcRC0sy1cAQjNk;https://www.google.com/maps/place/?q=place_id:ChIJn5l8jiLdrAcRC0sy1cAQjNk;hamburgueria Cabedelo PB;Ponta de Campina;@-7.0374,-34.8347,15z;food_scope
rejected;Hambúrguer Do Caju | Na Brasa;Hamburgueria;Praça do Caju, Av. Pres. Nilo Peçanha - Bessa, João Pessoa - PB, 58102-586;5;20;ChIJlfyfMnvdrAcRaO_6W8JdwlU;https://www.google.com/maps/place/?q=place_id:ChIJlfyfMnvdrAcRaO_6W8JdwlU;hamburgueria Cabedelo PB;Ponta de Campina;@-7.0374,-34.8347,15z;outside_cabedelo_or_location_uncertain
already_in_database;Alfa;Hamburgueria;R. Dr. Lima Neto, 2008 - Lot. Nazareth, Cabedelo - PB, 58310-000;;;ChIJdXDpCwDfrAcRdATvNzRIN98;https://www.google.com/maps/place/?q=place_id:ChIJdXDpCwDfrAcRdATvNzRIN98;hamburgueria Cabedelo PB;Ponta de Campina;@-7.0374,-34.8347,15z;already_in_database
already_in_database;Manguinhos Burguer;Hamburgueria;R. Débora Borges Xavier, 29 - Vila Sao Joao, Cabedelo - PB, 58103-405;5;1;ChIJ7714LT_frAcROZGgCaHyb1A;https://www.google.com/maps/place/?q=place_id:ChIJ7714LT_frAcROZGgCaHyb1A;hamburgueria Cabedelo PB;Ponta de Campina;@-7.0374,-34.8347,15z;already_in_database
already_in_database;Home Smash Burger;Hamburgueria;R. Sólon de Lucena, 19 - Vila Sao Joao, Cabedelo - PB, 58100-570;4.4;48;ChIJv390eRbfrAcRXHxRKIdKrf0;https://www.google.com/maps/place/?q=place_id:ChIJv390eRbfrAcRXHxRKIdKrf0;hamburgueria Cabedelo PB;Ponta de Campina;@-7.0374,-34.8347,15z;already_in_database
already_in_database;Obra Fest Verão;Hamburgueria;Av. Oceano Atlântico - Intermares, Cabedelo - PB, 58102-252;;;ChIJx8A1HgDfrAcRvs1SuaCzXN0;https://www.google.com/maps/place/?q=place_id:ChIJx8A1HgDfrAcRvs1SuaCzXN0;hamburgueria Cabedelo PB;Ponta de Campina;@-7.0374,-34.8347,15z;already_in_database
already_in_database;DAWN BURGUER;Hamburgueria;R. Augusto Firmo Paulo, 51 - Vila Sao Joao, Cabedelo - PB, 58101-015;4.2;45;ChIJadfjewAhrQcRf8d09KL-Gi4;https://www.google.com/maps/place/?q=place_id:ChIJadfjewAhrQcRf8d09KL-Gi4;hamburgueria Cabedelo PB;Ponta de Campina;@-7.0374,-34.8347,15z;already_in_database
already_in_database;Biruta Burger;Hamburgueria;R. Golfo Veneza - Intermares, Cabedelo - PB, 58102-122;;;ChIJ0fBGaf_frAcRbPBUisnQ7L0;https://www.google.com/maps/place/?q=place_id:ChIJ0fBGaf_frAcRbPBUisnQ7L0;hamburgueria Cabedelo PB;Ponta de Campina;@-7.0374,-34.8347,15z;already_in_database
already_in_database;Lovina Ponta de Campina | Bar | Restaurante em Cabedelo;Restaurante;R. Vitorino Cardoso, 908 - Ponta de Campina, Cabedelo - PB, 58101-510;4.4;10742;ChIJdbKCxUTerAcRNmBt0eRrdX8;https://www.google.com/maps/place/?q=place_id:ChIJdbKCxUTerAcRNmBt0eRrdX8;lanchonete Cabedelo PB;Ponta de Campina;@-7.0374,-34.8347,15z;already_in_database
already_in_database;Oxi Burguer Cabedelo;Hamburgueria;R. Maria das Neves Silva - Ponta de Campina, Cabedelo - PB, 58101-660;5;31;ChIJ-3vOhY7frAcRyc0HXHjB-zo;https://www.google.com/maps/place/?q=place_id:ChIJ-3vOhY7frAcRyc0HXHjB-zo;lanchonete Cabedelo PB;Ponta de Campina;@-7.0374,-34.8347,15z;already_in_database
already_in_database;Ancoradouro Ponta de Campina;Restaurante;R. Henrique Siqueira, 242 - Ponta de Campina, Cabedelo - PB, 58310-000;3.9;495;ChIJZ2RoyxLfrAcRupeEWBQrnEc;https://www.google.com/maps/place/?q=place_id:ChIJZ2RoyxLfrAcRupeEWBQrnEc;lanchonete Cabedelo PB;Ponta de Campina;@-7.0374,-34.8347,15z;already_in_database
already_in_database;Praçaí - Intermares;Lanchonete;Av. Oceano Pacífico, s/n - Intermares, Cabedelo - PB, 58310-000;4.5;238;ChIJ1cAVK23erAcRCUpJ50T3ULs;https://www.google.com/maps/place/?q=place_id:ChIJ1cAVK23erAcRCUpJ50T3ULs;lanchonete Cabedelo PB;Ponta de Campina;@-7.0374,-34.8347,15z;already_in_database
already_in_database;Coffee Cake Açaiteria;Lanchonete;Av. Oceano Atlântico, 422 - Sala, 04 - Intermares, Cabedelo - PB, 58102-252;4.7;24;ChIJJVjoiEDfrAcRFTg4AQg1nHw;https://www.google.com/maps/place/?q=place_id:ChIJJVjoiEDfrAcRFTg4AQg1nHw;lanchonete Cabedelo PB;Ponta de Campina;@-7.0374,-34.8347,15z;already_in_database
already_in_database;Chapa Quente Lanches e Refeições;Lanchonete;R. Novo Horizonte, 37 - Jacaré, Cabedelo - PB, 58105-652;4.7;43;ChIJNYcRV8DdrAcR2mIZA8gNQHY;https://www.google.com/maps/place/?q=place_id:ChIJNYcRV8DdrAcR2mIZA8gNQHY;lanchonete Cabedelo PB;Ponta de Campina;@-7.0374,-34.8347,15z;already_in_database
rejected;A Ferro Y Fogo Churrasco & Burger Artesanal na Brasa;Restaurante brasileiro;Av. Oceano Atlântico, 1592 - Shopping GetMall - Ponta de Campina, Cabedelo - PB, 58101-650;3.9;39;ChIJNWudC1nfrAcRZp_VOIvsXTQ;https://www.google.com/maps/place/?q=place_id:ChIJNWudC1nfrAcRZp_VOIvsXTQ;lanchonete Cabedelo PB;Ponta de Campina;@-7.0374,-34.8347,15z;excluded_category_or_name
rejected;Tapioca Da Cleide- Onda Mar;Lanchonete;Onda Mar Praia Shopping, 58102-120, Av. Mar Vermelho, 357 - Intermares, Cabedelo - PB, 58102-120;4.5;51;ChIJDcsJwQ3erAcR04pQAVkyyEM;https://www.google.com/maps/place/?q=place_id:ChIJDcsJwQ3erAcR04pQAVkyyEM;lanchonete Cabedelo PB;Ponta de Campina;@-7.0374,-34.8347,15z;excluded_category_or_name
already_in_database;Big Jack comida de rua com INSPIRAÇÃO texana;Churrascaria;Av. Mar Vermelho, QUADRA 12 - LOTE 01 - Intermares, Cabedelo - PB, 58102-120;4.8;353;ChIJCTY1v6rfrAcRD3ZYZu4I32E;https://www.google.com/maps/place/?q=place_id:ChIJCTY1v6rfrAcRD3ZYZu4I32E;lanchonete Cabedelo PB;Ponta de Campina;@-7.0374,-34.8347,15z;already_in_database
accepted;Empadinhas Barnabé - Intermares;Lanchonete;Av. Mar Mediterrâneo - Intermares, Cabedelo - PB, 58102-256;4.5;1029;ChIJaQNSPQ3erAcR5qVhxyOyVfs;https://www.google.com/maps/place/?q=place_id:ChIJaQNSPQ3erAcR5qVhxyOyVfs;lanchonete Cabedelo PB;Ponta de Campina;@-7.0374,-34.8347,15z;food_scope
already_in_database;Cibelly Bar & Restaurante;Bar e restaurante de ostras;Rua Luna Pedrosa, 1260 - Poço, Cabedelo - PB, 58101-574;4.1;4295;ChIJ63V170_erAcRZ2vvWZseSgE;https://www.google.com/maps/place/?q=place_id:ChIJ63V170_erAcRZ2vvWZseSgE;lanchonete Cabedelo PB;Ponta de Campina;@-7.0374,-34.8347,15z;already_in_database
already_in_database;NutriFit Marmita Fitness Congeladas;Restaurante de comida natural;Intermares, Cabedelo - PB, 58102-032;5;18;ChIJN2Qo5azfrAcR6duVymUfuQ0;https://www.google.com/maps/place/?q=place_id:ChIJN2Qo5azfrAcR6duVymUfuQ0;lanchonete Cabedelo PB;Ponta de Campina;@-7.0374,-34.8347,15z;already_in_database
rejected;GETMall;Praça de alimentação;Av. Oceano Atlântico, 1592 - Ponta de Campina, Cabedelo - PB, 58310-000;4.3;103;ChIJX7HMo6rdrAcRCeFWODir8Rw;https://www.google.com/maps/place/?q=place_id:ChIJX7HMo6rdrAcRCeFWODir8Rw;lanchonete Cabedelo PB;Ponta de Campina;@-7.0374,-34.8347,15z;excluded_category_or_name
already_in_database;ML Açaíteria;Lanchonete;R. José Lins do Rêgo, 88 - Recanto do Poço, Cabedelo - PB, 58105-057;3;2;ChIJaQy6YszfrAcRGJ_Jii6k9bA;https://www.google.com/maps/place/?q=place_id:ChIJaQy6YszfrAcRGJ_Jii6k9bA;lanchonete Cabedelo PB;Ponta de Campina;@-7.0374,-34.8347,15z;already_in_database
already_in_database;South Beach | Açaí, Sorveteria e Cremes;Sorveteria;Av. Oceano Atlântico, 870 - Intermares, Cabedelo - PB;4.9;43;ChIJ0RcoMQDfrAcRpLtM3_RE4bo;https://www.google.com/maps/place/?q=place_id:ChIJ0RcoMQDfrAcRpLtM3_RE4bo;lanchonete Cabedelo PB;Ponta de Campina;@-7.0374,-34.8347,15z;already_in_database
already_in_database;Espetinho da praia Intermares;Restaurante brasileiro;Av. Oceano Atlântico, 1972 - Intermares, Cabedelo - PB, 58310-000;4.4;772;ChIJE-mcRMTfrAcRBThGnfI6x2c;https://www.google.com/maps/place/?q=place_id:ChIJE-mcRMTfrAcRBThGnfI6x2c;lanchonete Cabedelo PB;Ponta de Campina;@-7.0374,-34.8347,15z;already_in_database
already_in_database;CTG Saudade Da Querência;Restaurante;R. João Santos Coelho Filho, 125 - Lot. Praia Grande, Cabedelo - PB, 58310-000;4.6;293;ChIJv8vnDLPfrAcR2d01H7Lb744;https://www.google.com/maps/place/?q=place_id:ChIJv8vnDLPfrAcR2d01H7Lb744;lanchonete Cabedelo PB;Ponta de Campina;@-7.0374,-34.8347,15z;already_in_database
already_in_database;Lanchonete por do sol;Lanchonete;R. Jaguaribe, 54 - Poço, Cabedelo - PB, 58310-000;3.3;3;ChIJM-mpWSnfrAcRNDGp-E_BHt8;https://www.google.com/maps/place/?q=place_id:ChIJM-mpWSnfrAcRNDGp-E_BHt8;lanchonete Cabedelo PB;Ponta de Campina;@-7.0374,-34.8347,15z;already_in_database
already_in_database;Sax Café - Por do Sol da Praia do Jacaré Cabedelo/PB;Restaurante;Pôr do Sol, R. Praia do Jacaré, Cabedelo - PB, 58310-000;4.5;102;ChIJ42uw2z3frAcRpvqGhKXp_LM;https://www.google.com/maps/place/?q=place_id:ChIJ42uw2z3frAcRpvqGhKXp_LM;lanchonete Cabedelo PB;Ponta de Campina;@-7.0374,-34.8347,15z;already_in_database
already_in_database;Restaurante Recanto do Picuí Intermares;Restaurante;R. Golfo Sidra, 72 - Intermares, Cabedelo - PB, 58310-000;4.5;1267;ChIJ7xU6NRLerAcRpPuWqjv1L7c;https://www.google.com/maps/place/?q=place_id:ChIJ7xU6NRLerAcRpPuWqjv1L7c;lanchonete Cabedelo PB;Ponta de Campina;@-7.0374,-34.8347,15z;already_in_database
already_in_database;Sakê Temakeria Ponta de Campina, Cabedelo;Restaurante japonês;Av. Oceano Atlântico, 1592 - Sl 16 E 17 - Ponta de Campina, Cabedelo - PB, 58310-000;4.7;261;ChIJ2Xj63j_drAcRrllAg3GcmOU;https://www.google.com/maps/place/?q=place_id:ChIJ2Xj63j_drAcRrllAg3GcmOU;sushi Cabedelo PB;Ponta de Campina;@-7.0374,-34.8347,15z;already_in_database
already_in_database;Pipa Sushi & Temakeria;Restaurante de sushi;Av. Mar das Antilhas - Intermares, Cabedelo - PB, 58310-000;4.3;292;ChIJm1Mywg3erAcRAs4OIMpvJqk;https://www.google.com/maps/place/?q=place_id:ChIJm1Mywg3erAcRAs4OIMpvJqk;sushi Cabedelo PB;Ponta de Campina;@-7.0374,-34.8347,15z;already_in_database
already_in_database;A Casa do Temakinho;Restaurante;Av. Mar da Irlanda, 222 - Intermares, Cabedelo - PB, 58310-000;4.9;150;ChIJK77pAsvfrAcRDJoNP1VhTVo;https://www.google.com/maps/place/?q=place_id:ChIJK77pAsvfrAcRDJoNP1VhTVo;sushi Cabedelo PB;Ponta de Campina;@-7.0374,-34.8347,15z;already_in_database
rejected;Novo Oriente Intermares;Restaurante de sushi;Av. Mar Vermelho, 35 - Intermares, Cabedelo - PB, 58102-120;4.2;1378;ChIJN9JFAA7erAcR7c6fN6tma_g;https://www.google.com/maps/place/?q=place_id:ChIJN9JFAA7erAcR7c6fN6tma_g;sushi Cabedelo PB;Ponta de Campina;@-7.0374,-34.8347,15z;excluded_category_or_name
already_in_database;Espaço Do Sushi;Restaurante;R. Juarez Távora - Camalaú, Cabedelo - PB, 58310-000;4.2;33;ChIJLZuM-3YgrQcRxc7_zhcQ3Y0;https://www.google.com/maps/place/?q=place_id:ChIJLZuM-3YgrQcRxc7_zhcQ3Y0;sushi Cabedelo PB;Ponta de Campina;@-7.0374,-34.8347,15z;already_in_database
already_in_database;Sushiyaki Restaurante;Restaurante japonês;R. Ten. Antônio Pontes, 381 - Ponta de Matos, Cabedelo - PB, 58100-645;4.7;10;ChIJoZsj3b7frAcRjoZUr5Cg7Uw;https://www.google.com/maps/place/?q=place_id:ChIJoZsj3b7frAcRjoZUr5Cg7Uw;sushi Cabedelo PB;Ponta de Campina;@-7.0374,-34.8347,15z;already_in_database
rejected;GETMall;Praça de alimentação;Av. Oceano Atlântico, 1592 - Ponta de Campina, Cabedelo - PB, 58310-000;4.3;103;ChIJX7HMo6rdrAcRCeFWODir8Rw;https://www.google.com/maps/place/?q=place_id:ChIJX7HMo6rdrAcRCeFWODir8Rw;sushi Cabedelo PB;Ponta de Campina;@-7.0374,-34.8347,15z;excluded_category_or_name
rejected;Uni Sushi Bessa | Teppanyaki, Makimonos, Uramaki e Hot Roll;Restaurante japonês;Parahyba Mall, R. Bacharel José de Oliveira Curchatuz, 850 - Lj 15 - Jardim Oceania, João Pessoa - PB, 58037-432;4.8;21;ChIJOXEnUAfdrAcRARXomgScUgE;https://www.google.com/maps/place/?q=place_id:ChIJOXEnUAfdrAcRARXomgScUgE;sushi Cabedelo PB;Ponta de Campina;@-7.0374,-34.8347,15z;outside_cabedelo_or_location_uncertain
already_in_database;Viciados em Sushi;Restaurante japonês;R. Pedro Aleixo Moura, 34 - Centro, Cabedelo - PB, 58100-210;4.4;193;ChIJ_c5MVHEgrQcRB4CuNV0soio;https://www.google.com/maps/place/?q=place_id:ChIJ_c5MVHEgrQcRB4CuNV0soio;sushi Cabedelo PB;Ponta de Campina;@-7.0374,-34.8347,15z;already_in_database
already_in_database;Acai;Loja de açaí;Av. Imbiridiba, 74 - Lot. Oceania VI, Cabedelo - PB, 58310-000;5;3;ChIJHS4nywrfrAcRf1rB7H0L_Mw;https://www.google.com/maps/place/?q=place_id:ChIJHS4nywrfrAcRf1rB7H0L_Mw;acai Cabedelo PB;Ponta de Campina;@-7.0374,-34.8347,15z;already_in_database
already_in_database;South Beach | Açaí, Sorveteria e Cremes;Sorveteria;Av. Oceano Atlântico, 870 - Intermares, Cabedelo - PB;4.9;43;ChIJ0RcoMQDfrAcRpLtM3_RE4bo;https://www.google.com/maps/place/?q=place_id:ChIJ0RcoMQDfrAcRpLtM3_RE4bo;acai Cabedelo PB;Ponta de Campina;@-7.0374,-34.8347,15z;already_in_database
already_in_database;Açaí Jacaré Beach;Sorveteria;R. Clodoaldo Gouveia, 214 - Praia Do Jacare, Cabedelo - PB, 58101-323;4.8;12;ChIJyzANbADfrAcRmNSHSU6nRlI;https://www.google.com/maps/place/?q=place_id:ChIJyzANbADfrAcRmNSHSU6nRlI;acai Cabedelo PB;Ponta de Campina;@-7.0374,-34.8347,15z;already_in_database
already_in_database;Açaí da Hill Point;Loja de açaí;Trailer, Rua Mar das Antilhas, Praça Durval Portela - Intermares, Cabedelo - PB, 58102-000;4.6;9;ChIJp648VSbfrAcR46pzEDHTJBo;https://www.google.com/maps/place/?q=place_id:ChIJp648VSbfrAcR46pzEDHTJBo;acai Cabedelo PB;Ponta de Campina;@-7.0374,-34.8347,15z;already_in_database
already_in_database;Praçaí - Intermares;Lanchonete;Av. Oceano Pacífico, s/n - Intermares, Cabedelo - PB, 58310-000;4.5;238;ChIJ1cAVK23erAcRCUpJ50T3ULs;https://www.google.com/maps/place/?q=place_id:ChIJ1cAVK23erAcRCUpJ50T3ULs;acai Cabedelo PB;Ponta de Campina;@-7.0374,-34.8347,15z;already_in_database
already_in_database;Praça do açaí de Intermares;Playground;1548, Av. Oceano Atlântico, 1164 - Intermares, Cabedelo - PB, 58310-000;4.5;176;ChIJ-60_Km3erAcRRKoxlE8MUyc;https://www.google.com/maps/place/?q=place_id:ChIJ-60_Km3erAcRRKoxlE8MUyc;acai Cabedelo PB;Ponta de Campina;@-7.0374,-34.8347,15z;already_in_database
already_in_database;Açaí Araxá;Lanchonete;Av. Oceano Atlântico, 107 - Lot. Bela Vista, Cabedelo - PB, 58310-000;4.6;55;ChIJm_QnCOffrAcRyXaMtmUtLZk;https://www.google.com/maps/place/?q=place_id:ChIJm_QnCOffrAcRyXaMtmUtLZk;acai Cabedelo PB;Ponta de Campina;@-7.0374,-34.8347,15z;already_in_database
already_in_database;Cantinho do açaí;Sorveteria;R. Vinicius de Morais - Recanto do Poço, Cabedelo - PB, 58105-062;5;1;ChIJP8nYbA7frAcRFz-W3qWECKs;https://www.google.com/maps/place/?q=place_id:ChIJP8nYbA7frAcRFz-W3qWECKs;acai Cabedelo PB;Ponta de Campina;@-7.0374,-34.8347,15z;already_in_database
rejected;Assaí Atacadista - Estrada de Cabedelo;Atacadista;BR-230, 14 , Km 13.5, Lot. Morada Nova, Cabedelo - PB, 58033-455;4.4;581;ChIJpXuq7TTfrAcRpJL6pMYJrCA;https://www.google.com/maps/place/?q=place_id:ChIJpXuq7TTfrAcRpJL6pMYJrCA;acai Cabedelo PB;Ponta de Campina;@-7.0374,-34.8347,15z;not_clearly_food_establishment
already_in_database;Coffee Cake Açaiteria;Lanchonete;Av. Oceano Atlântico, 422 - Sala, 04 - Intermares, Cabedelo - PB, 58102-252;4.7;24;ChIJJVjoiEDfrAcRFTg4AQg1nHw;https://www.google.com/maps/place/?q=place_id:ChIJJVjoiEDfrAcRFTg4AQg1nHw;acai Cabedelo PB;Ponta de Campina;@-7.0374,-34.8347,15z;already_in_database
rejected;Pé de Fruta - Cabedelo;Loja de produtos naturais;Avenida Litorânea, 1592 - loja 04 - Ponta de Campina, Cabedelo - PB, 58101-650;5;4;ChIJJYuwFhfdrAcRK5mtUOBS_TM;https://www.google.com/maps/place/?q=place_id:ChIJJYuwFhfdrAcRK5mtUOBS_TM;acai Cabedelo PB;Ponta de Campina;@-7.0374,-34.8347,15z;not_clearly_food_establishment
accepted;Me gusta Açaí;Praça de alimentação;R. José Marcos de Melo Peixoto - Intermares, Cabedelo - PB, 58102-362;5;1;ChIJM7g6PabdrAcRD4l1OtN97-s;https://www.google.com/maps/place/?q=place_id:ChIJM7g6PabdrAcRD4l1OtN97-s;acai Cabedelo PB;Ponta de Campina;@-7.0374,-34.8347,15z;food_scope
already_in_database;Açaí do Pará Intermares;Sorveteria;R. Virginia Maria Nogueira Gadelha Pimentel, 324 - Lot. Bela Vista, Cabedelo - PB, 58102-332;5;4;ChIJsRAnhEV9oYYRi8rpLGzxSFY;https://www.google.com/maps/place/?q=place_id:ChIJsRAnhEV9oYYRi8rpLGzxSFY;acai Cabedelo PB;Ponta de Campina;@-7.0374,-34.8347,15z;already_in_database
already_in_database;Intermares;Praia;Cabedelo - PB, 58102-256;4.7;4175;ChIJS_1_YAverAcR-yk3spzQr0E;https://www.google.com/maps/place/?q=place_id:ChIJS_1_YAverAcR-yk3spzQr0E;acai Cabedelo PB;Ponta de Campina;@-7.0374,-34.8347,15z;already_in_database
already_in_database;Toca da Árvore;Sorveteria;R. Pôr do Sol, s/n - Jacaré, Portal do Poço, Cabedelo - PB, 58310-000;5;4;ChIJWRJNFADfrAcRBzYjBUl_S84;https://www.google.com/maps/place/?q=place_id:ChIJWRJNFADfrAcRBzYjBUl_S84;acai Cabedelo PB;Ponta de Campina;@-7.0374,-34.8347,15z;already_in_database
rejected;Supermercado Rede Menor Preço;Supermercado;Av. Mar Vermelho, 440 - Intermares, Cabedelo - PB, 58102-120;4.4;1135;ChIJ2XkILjvfrAcR3jHFH-X5GTQ;https://www.google.com/maps/place/?q=place_id:ChIJ2XkILjvfrAcR3jHFH-X5GTQ;acai Cabedelo PB;Ponta de Campina;@-7.0374,-34.8347,15z;excluded_category_or_name
already_in_database;NutriFit Marmita Fitness Congeladas;Restaurante de comida natural;Intermares, Cabedelo - PB, 58102-032;5;18;ChIJN2Qo5azfrAcR6duVymUfuQ0;https://www.google.com/maps/place/?q=place_id:ChIJN2Qo5azfrAcR6duVymUfuQ0;acai Cabedelo PB;Ponta de Campina;@-7.0374,-34.8347,15z;already_in_database
already_in_database;Sabor da infância no pôr do sol;Sorveteria;Praia do jacaré Pôr do sol do, jacaré, Cabedelo - PB, 58105-576;4;1;ChIJvySxa5vfrAcRdwRObDGV4RU;https://www.google.com/maps/place/?q=place_id:ChIJvySxa5vfrAcRdwRObDGV4RU;acai Cabedelo PB;Ponta de Campina;@-7.0374,-34.8347,15z;already_in_database
rejected;Arena Intermares - Beach Sports;Clube esportivo;BR-230, Km 10 - Intermares, Cabedelo - PB, 58102-970;4.5;354;ChIJ25jSWrvfrAcRB993KbDg2T0;https://www.google.com/maps/place/?q=place_id:ChIJ25jSWrvfrAcRB993KbDg2T0;acai Cabedelo PB;Ponta de Campina;@-7.0374,-34.8347,15z;not_clearly_food_establishment
already_in_database;Cantinho Bom;Sorveteria;R. Santa Rita de Cássia, 42 - Jardim Camboinha, Cabedelo - PB, 58103-772;5;1;ChIJm1gILLjfrAcRJzUZHE7JAuI;https://www.google.com/maps/place/?q=place_id:ChIJm1gILLjfrAcRJzUZHE7JAuI;acai Cabedelo PB;Ponta de Campina;@-7.0374,-34.8347,15z;already_in_database
already_in_database;Tia Graça Cafeteria e Doceria;Cafeteria;R. Golfo da China, 326 - Intermares, Cabedelo - PB, 58310-000;4.5;67;ChIJV8XbnLXfrAcRTzFbB-0OVFg;https://www.google.com/maps/place/?q=place_id:ChIJV8XbnLXfrAcRTzFbB-0OVFg;cafeteria Cabedelo PB;Ponta de Campina;@-7.0374,-34.8347,15z;already_in_database
already_in_database;Sax Café - Por do Sol da Praia do Jacaré Cabedelo/PB;Restaurante;Pôr do Sol, R. Praia do Jacaré, Cabedelo - PB, 58310-000;4.5;102;ChIJ42uw2z3frAcRpvqGhKXp_LM;https://www.google.com/maps/place/?q=place_id:ChIJ42uw2z3frAcRpvqGhKXp_LM;cafeteria Cabedelo PB;Ponta de Campina;@-7.0374,-34.8347,15z;already_in_database
already_in_database;Coffee Cake Açaiteria;Lanchonete;Av. Oceano Atlântico, 422 - Sala, 04 - Intermares, Cabedelo - PB, 58102-252;4.7;24;ChIJJVjoiEDfrAcRFTg4AQg1nHw;https://www.google.com/maps/place/?q=place_id:ChIJJVjoiEDfrAcRFTg4AQg1nHw;cafeteria Cabedelo PB;Ponta de Campina;@-7.0374,-34.8347,15z;already_in_database
already_in_database;Messe Cafeteria;Cafeteria;R. Praia do Jacaré - Intermares, Cabedelo - PB, 58310-000;5;2;ChIJi1DNHwDfrAcRKRUXOkoukjQ;https://www.google.com/maps/place/?q=place_id:ChIJi1DNHwDfrAcRKRUXOkoukjQ;cafeteria Cabedelo PB;Ponta de Campina;@-7.0374,-34.8347,15z;already_in_database
rejected;Padaria Pandine;Padaria;Av. Mar Vermelho, 357 - Intermares, Cabedelo - PB, 58102-120;4.4;1096;ChIJP6gJ7w3erAcREADxKhazvuY;https://www.google.com/maps/place/?q=place_id:ChIJP6gJ7w3erAcREADxKhazvuY;cafeteria Cabedelo PB;Ponta de Campina;@-7.0374,-34.8347,15z;excluded_category_or_name
already_in_database;Café Cabedelo;Cafeteria;R. Aurélio Guedes Cavalcante - Camboinha, Cabedelo - PB, 58310-000;;;ChIJ52g2ao3frAcRyzat6fBKJA4;https://www.google.com/maps/place/?q=place_id:ChIJ52g2ao3frAcRyzat6fBKJA4;cafeteria Cabedelo PB;Ponta de Campina;@-7.0374,-34.8347,15z;already_in_database
already_in_database;Juci;Cafeteria;R. Golfo de Cadis, 470 - Intermares, Cabedelo - PB, 58310-000;1;1;ChIJo7CaIwDfrAcRImsAHe1osU4;https://www.google.com/maps/place/?q=place_id:ChIJo7CaIwDfrAcRImsAHe1osU4;cafeteria Cabedelo PB;Ponta de Campina;@-7.0374,-34.8347,15z;already_in_database
already_in_database;Chié artesanato e comedoria;Café;R. Praia do Jacaré - Intermares, Cabedelo - PB, 58310-000;4;40;ChIJTwa4MA_frAcR4t0Vizs3ozY;https://www.google.com/maps/place/?q=place_id:ChIJTwa4MA_frAcR4t0Vizs3ozY;cafeteria Cabedelo PB;Ponta de Campina;@-7.0374,-34.8347,15z;already_in_database
rejected;Herbalife Intermares Cabedelo.;Casa de chá;Av. Oceano Atlântico, 328 - Sl 06 - Intermares, Cabedelo - PB, 58102-252;5;19;ChIJe0vpX2verAcRw7t0W-KuzRA;https://www.google.com/maps/place/?q=place_id:ChIJe0vpX2verAcRw7t0W-KuzRA;cafeteria Cabedelo PB;Ponta de Campina;@-7.0374,-34.8347,15z;not_clearly_food_establishment
rejected;Paula Cakes;Doceria;Rua Rio Botafogo - Portal do Poço, Cabedelo - PB, 58106-136;5;9;ChIJyQ2DAuLfrAcRcVq6aOH3IMA;https://www.google.com/maps/place/?q=place_id:ChIJyQ2DAuLfrAcRcVq6aOH3IMA;cafeteria Cabedelo PB;Ponta de Campina;@-7.0374,-34.8347,15z;not_clearly_food_establishment
already_in_database;Lovina Ponta de Campina | Bar | Restaurante em Cabedelo;Restaurante;R. Vitorino Cardoso, 908 - Ponta de Campina, Cabedelo - PB, 58101-510;4.4;10742;ChIJdbKCxUTerAcRNmBt0eRrdX8;https://www.google.com/maps/place/?q=place_id:ChIJdbKCxUTerAcRNmBt0eRrdX8;cafeteria Cabedelo PB;Ponta de Campina;@-7.0374,-34.8347,15z;already_in_database
rejected;Panificadora do Poço;Padaria;R. Carolino Cardoso, 177-245 - Lot. Vitorino Cardoso, Cabedelo - PB, 58310-000;4.2;293;ChIJD-aUzE3erAcRIs-tCW7mU0Q;https://www.google.com/maps/place/?q=place_id:ChIJD-aUzE3erAcRIs-tCW7mU0Q;cafeteria Cabedelo PB;Ponta de Campina;@-7.0374,-34.8347,15z;excluded_category_or_name
rejected;Padaria Eldorado Intermares;Padaria;Av. Mar Vermelho, 263 - Intermares, Cabedelo - PB, 58102-120;4.3;573;ChIJ8fLcFhXfrAcRa8uPR7mcTcU;https://www.google.com/maps/place/?q=place_id:ChIJ8fLcFhXfrAcRa8uPR7mcTcU;cafeteria Cabedelo PB;Ponta de Campina;@-7.0374,-34.8347,15z;excluded_category_or_name
already_in_database;Porto do Café;Cafeteria;Praça Getúlio Vargas, 68 - Centro, Cabedelo - PB, 58100-261;4.7;6;ChIJi8fyTQAhrQcRylnBp6lzXXs;https://www.google.com/maps/place/?q=place_id:ChIJi8fyTQAhrQcRylnBp6lzXXs;cafeteria Cabedelo PB;Ponta de Campina;@-7.0374,-34.8347,15z;already_in_database
already_in_database;Rainha da tapioca;Cafeteria;R. Milton Macedo da Cruz - Lot. Oceania, Cabedelo - PB, 58105-565;;;ChIJ93ysPw3frAcRBYFSISTdBS4;https://www.google.com/maps/place/?q=place_id:ChIJ93ysPw3frAcRBYFSISTdBS4;cafeteria Cabedelo PB;Ponta de Campina;@-7.0374,-34.8347,15z;already_in_database
rejected;Shakeria Intermares;Casa de chá;Empresarial Yeshua, Av. Mar das Antilhas, Sl 104 - Intermares, Cabedelo - PB, 58102-212;5;2;ChIJ4zS9hhTfrAcR7vsT_e3WXBQ;https://www.google.com/maps/place/?q=place_id:ChIJ4zS9hhTfrAcR7vsT_e3WXBQ;cafeteria Cabedelo PB;Ponta de Campina;@-7.0374,-34.8347,15z;not_clearly_food_establishment
accepted;Davi do Coco;Restaurante de café da manhã;Av. Oceano Atlântico, 1990 - Intermares, Cabedelo - PB, 58102-252;5;7;ChIJY7G1ZQDfrAcRbUxHZIZ1vwE;https://www.google.com/maps/place/?q=place_id:ChIJY7G1ZQDfrAcRbUxHZIZ1vwE;cafeteria Cabedelo PB;Ponta de Campina;@-7.0374,-34.8347,15z;food_scope
already_in_database;Fatia do Céu;Cafeteria;R. Porto Marseille, 7 - Recanto do Poço, Cabedelo - PB, 58105-431;;;ChIJhSNbCwDfrAcRw0RK4wV6OVo;https://www.google.com/maps/place/?q=place_id:ChIJhSNbCwDfrAcRw0RK4wV6OVo;cafeteria Cabedelo PB;Ponta de Campina;@-7.0374,-34.8347,15z;already_in_database
already_in_database;Café cultural;Cafeteria;R. Augusto José Couto de Faria - Jardim Camboinha, Cabedelo - PB, 58103-684;;;ChIJLaRmKgDfrAcRtmvfIXT7Ibs;https://www.google.com/maps/place/?q=place_id:ChIJLaRmKgDfrAcRtmvfIXT7Ibs;cafeteria Cabedelo PB;Ponta de Campina;@-7.0374,-34.8347,15z;already_in_database
rejected;DM Caffe;Cafeteria;Av. Gov. Argemiro de Figueiredo, 3197a - Jardim Oceania, João Pessoa - PB, 58037-030;4.8;247;ChIJRVlJzNnDrAcRa808gqR2TmU;https://www.google.com/maps/place/?q=place_id:ChIJRVlJzNnDrAcRa808gqR2TmU;cafeteria Cabedelo PB;Ponta de Campina;@-7.0374,-34.8347,15z;excluded_category_or_name
already_in_database;Lovina Ponta de Campina | Bar | Restaurante em Cabedelo;Restaurante;R. Vitorino Cardoso, 908 - Ponta de Campina, Cabedelo - PB, 58101-510;4.4;10742;ChIJdbKCxUTerAcRNmBt0eRrdX8;https://www.google.com/maps/place/?q=place_id:ChIJdbKCxUTerAcRNmBt0eRrdX8;bar restaurante Cabedelo PB;Ponta de Campina;@-7.0374,-34.8347,15z;already_in_database
rejected;TreeHouse Bar Lounge - Por do sol João Pessoa;Bar;R. Pôr do Sol, s/n, Cabedelo - PB, 58310-000;4.5;1125;ChIJ33JsoxverAcRwnzfHW9fJTI;https://www.google.com/maps/place/?q=place_id:ChIJ33JsoxverAcRwnzfHW9fJTI;bar restaurante Cabedelo PB;Ponta de Campina;@-7.0374,-34.8347,15z;excluded_category_or_name
already_in_database;Numar Bar e Restaurante;Bar;Av. Oceano Atlântico, 878 - Intermares, Cabedelo - PB, 58310-000;4.5;1370;ChIJ29wxE1zfrAcRAXclbUaSW8w;https://www.google.com/maps/place/?q=place_id:ChIJ29wxE1zfrAcRAXclbUaSW8w;bar restaurante Cabedelo PB;Ponta de Campina;@-7.0374,-34.8347,15z;already_in_database
already_in_database;Cibelly Bar & Restaurante;Bar e restaurante de ostras;Rua Luna Pedrosa, 1260 - Poço, Cabedelo - PB, 58101-574;4.1;4295;ChIJ63V170_erAcRZ2vvWZseSgE;https://www.google.com/maps/place/?q=place_id:ChIJ63V170_erAcRZ2vvWZseSgE;bar restaurante Cabedelo PB;Ponta de Campina;@-7.0374,-34.8347,15z;already_in_database
rejected;Badionaldo;Bar;R. Vitorino Cardoso, 780 - Lot. Vitorino Cardoso, Cabedelo - PB, 58101-510;3.7;111;ChIJLV_DEEPfrAcRnoTIdvp3Ch0;https://www.google.com/maps/place/?q=place_id:ChIJLV_DEEPfrAcRnoTIdvp3Ch0;bar restaurante Cabedelo PB;Ponta de Campina;@-7.0374,-34.8347,15z;not_clearly_food_establishment
already_in_database;Restaurante Recanto do Picuí Intermares;Restaurante;R. Golfo Sidra, 72 - Intermares, Cabedelo - PB, 58310-000;4.5;1267;ChIJ7xU6NRLerAcRpPuWqjv1L7c;https://www.google.com/maps/place/?q=place_id:ChIJ7xU6NRLerAcRpPuWqjv1L7c;bar restaurante Cabedelo PB;Ponta de Campina;@-7.0374,-34.8347,15z;already_in_database
already_in_database;BAR DO CHEFF RESTAURANTE;Bar com música ao vivo;Av. Mar Vermelho, 357 - Lj 12 - Intermares, Cabedelo - PB, 58310-120;4.5;244;ChIJ__-7wQ3erAcRTH9HHjOgYLo;https://www.google.com/maps/place/?q=place_id:ChIJ__-7wQ3erAcRTH9HHjOgYLo;bar restaurante Cabedelo PB;Ponta de Campina;@-7.0374,-34.8347,15z;already_in_database
already_in_database;Ancoradouro Ponta de Campina;Restaurante;R. Henrique Siqueira, 242 - Ponta de Campina, Cabedelo - PB, 58310-000;3.9;495;ChIJZ2RoyxLfrAcRupeEWBQrnEc;https://www.google.com/maps/place/?q=place_id:ChIJZ2RoyxLfrAcRupeEWBQrnEc;bar restaurante Cabedelo PB;Ponta de Campina;@-7.0374,-34.8347,15z;already_in_database
rejected;Rallo's Bar;Bar;R. Leonor Viana de Souza Carvalho, 717 - Lot. Nazareth, Cabedelo - PB, 58310-000;4.5;151;ChIJBwzWfE3erAcR6TzRvhVrh9k;https://www.google.com/maps/place/?q=place_id:ChIJBwzWfE3erAcR6TzRvhVrh9k;bar restaurante Cabedelo PB;Ponta de Campina;@-7.0374,-34.8347,15z;not_clearly_food_establishment
already_in_database;Kubanacan Bar e Restaurante;Restaurante;R. Julieta Viana, 103 - Camboinha, Cabedelo - PB, 58101-375;4.8;108;ChIJJZe3-g3frAcRPD9qTI1nWYM;https://www.google.com/maps/place/?q=place_id:ChIJJZe3-g3frAcRPD9qTI1nWYM;bar restaurante Cabedelo PB;Ponta de Campina;@-7.0374,-34.8347,15z;already_in_database
already_in_database;Sax Café - Por do Sol da Praia do Jacaré Cabedelo/PB;Restaurante;Pôr do Sol, R. Praia do Jacaré, Cabedelo - PB, 58310-000;4.5;102;ChIJ42uw2z3frAcRpvqGhKXp_LM;https://www.google.com/maps/place/?q=place_id:ChIJ42uw2z3frAcRpvqGhKXp_LM;bar restaurante Cabedelo PB;Ponta de Campina;@-7.0374,-34.8347,15z;already_in_database
already_in_database;Cibelly Mar - Restaurante no Por do Sol do Jacaré;Restaurante;Av. Pôr do Sol, R. Praia do Jacaré, Cabedelo - PB, 58310-000;3.8;77;ChIJh1rDEOrfrAcREB0gWWe41S8;https://www.google.com/maps/place/?q=place_id:ChIJh1rDEOrfrAcREB0gWWe41S8;bar restaurante Cabedelo PB;Ponta de Campina;@-7.0374,-34.8347,15z;already_in_database
already_in_database;Espetinho da praia Intermares;Restaurante;Av. Oceano Atlântico, 1972 - Intermares, Cabedelo - PB, 58310-000;4.4;772;ChIJE-mcRMTfrAcRBThGnfI6x2c;https://www.google.com/maps/place/?q=place_id:ChIJE-mcRMTfrAcRBThGnfI6x2c;bar restaurante Cabedelo PB;Ponta de Campina;@-7.0374,-34.8347,15z;already_in_database
already_in_database;Mão Branca bar e resturante;Restaurante de frutos do mar;Rua Luna Pedrosa, R. Vitorino Cardoso, 36, Cabedelo - PB, 58101-574;4.1;28;ChIJrTuuvqffrAcRlkCExl3ppsU;https://www.google.com/maps/place/?q=place_id:ChIJrTuuvqffrAcRlkCExl3ppsU;bar restaurante Cabedelo PB;Ponta de Campina;@-7.0374,-34.8347,15z;already_in_database
rejected;Barba Ruiva PB;Bar;Av Oceano Atlântico S/N, Avenida Cassiano da Cunha Nóbrega, 187 - Intermares, Cabedelo - PB, 58100-000;4.2;125;ChIJ9-D_WWkgrQcRTC87LMoHrwI;https://www.google.com/maps/place/?q=place_id:ChIJ9-D_WWkgrQcRTC87LMoHrwI;bar restaurante Cabedelo PB;Ponta de Campina;@-7.0374,-34.8347,15z;not_clearly_food_establishment
already_in_database;CTG Saudade Da Querência;Restaurante;R. João Santos Coelho Filho, 125 - Lot. Praia Grande, Cabedelo - PB, 58310-000;4.6;293;ChIJv8vnDLPfrAcR2d01H7Lb744;https://www.google.com/maps/place/?q=place_id:ChIJv8vnDLPfrAcR2d01H7Lb744;bar restaurante Cabedelo PB;Ponta de Campina;@-7.0374,-34.8347,15z;already_in_database
rejected;Neuza Praia Bar;Bar;R. Maria Fernandes Viana - Jardim Jerico, Cabedelo - PB, 58310-000;4.3;39;ChIJASN62qDfrAcRT8pxH8OO2lQ;https://www.google.com/maps/place/?q=place_id:ChIJASN62qDfrAcRT8pxH8OO2lQ;bar restaurante Cabedelo PB;Ponta de Campina;@-7.0374,-34.8347,15z;not_clearly_food_establishment
rejected;A Ferro Y Fogo Churrasco & Burger Artesanal na Brasa;Restaurante;Av. Oceano Atlântico, 1592 - Shopping GetMall - Ponta de Campina, Cabedelo - PB, 58101-650;3.9;39;ChIJNWudC1nfrAcRZp_VOIvsXTQ;https://www.google.com/maps/place/?q=place_id:ChIJNWudC1nfrAcRZp_VOIvsXTQ;bar restaurante Cabedelo PB;Ponta de Campina;@-7.0374,-34.8347,15z;excluded_category_or_name
accepted;Oliver Grill e Espetos;Restaurante brasileiro;Av. Oceano Índico, 928 - Intermares, Cabedelo - PB, 58102-222;4.9;54;ChIJf5cN1cDfrAcRCKHM1M2eY_Y;https://www.google.com/maps/place/?q=place_id:ChIJf5cN1cDfrAcRCKHM1M2eY_Y;bar restaurante Cabedelo PB;Ponta de Campina;@-7.0374,-34.8347,15z;food_scope
accepted;Barraca Do Anão;Bar e restaurante de ostras;Ponta de Campina, Cabedelo - PB, 58033-455;4.5;12;ChIJ5w-RfAbfrAcRLNpFL3L__3w;https://www.google.com/maps/place/?q=place_id:ChIJ5w-RfAbfrAcRLNpFL3L__3w;bar restaurante Cabedelo PB;Ponta de Campina;@-7.0374,-34.8347,15z;food_scope
already_in_database;Lovina Ponta de Campina | Bar | Restaurante em Cabedelo;Restaurante;R. Vitorino Cardoso, 908 - Ponta de Campina, Cabedelo - PB, 58101-510;4.4;10742;ChIJdbKCxUTerAcRNmBt0eRrdX8;https://www.google.com/maps/place/?q=place_id:ChIJdbKCxUTerAcRNmBt0eRrdX8;restaurantes Cabedelo PB;Intermares;@-7.0477,-34.8456,15z;already_in_database
already_in_database;Ancoradouro Ponta de Campina;Restaurante;R. Henrique Siqueira, 242 - Ponta de Campina, Cabedelo - PB, 58310-000;3.9;495;ChIJZ2RoyxLfrAcRupeEWBQrnEc;https://www.google.com/maps/place/?q=place_id:ChIJZ2RoyxLfrAcRupeEWBQrnEc;restaurantes Cabedelo PB;Intermares;@-7.0477,-34.8456,15z;already_in_database
already_in_database;Restaurante Recanto do Picuí Intermares;Restaurante;R. Golfo Sidra, 72 - Intermares, Cabedelo - PB, 58310-000;4.5;1267;ChIJ7xU6NRLerAcRpPuWqjv1L7c;https://www.google.com/maps/place/?q=place_id:ChIJ7xU6NRLerAcRpPuWqjv1L7c;restaurantes Cabedelo PB;Intermares;@-7.0477,-34.8456,15z;already_in_database
already_in_database;Sax Café - Por do Sol da Praia do Jacaré Cabedelo/PB;Restaurante;Pôr do Sol, R. Praia do Jacaré, Cabedelo - PB, 58310-000;4.5;102;ChIJ42uw2z3frAcRpvqGhKXp_LM;https://www.google.com/maps/place/?q=place_id:ChIJ42uw2z3frAcRpvqGhKXp_LM;restaurantes Cabedelo PB;Intermares;@-7.0477,-34.8456,15z;already_in_database
already_in_database;Numar Bar e Restaurante;Bar;Av. Oceano Atlântico, 878 - Intermares, Cabedelo - PB, 58310-000;4.5;1370;ChIJ29wxE1zfrAcRAXclbUaSW8w;https://www.google.com/maps/place/?q=place_id:ChIJ29wxE1zfrAcRAXclbUaSW8w;restaurantes Cabedelo PB;Intermares;@-7.0477,-34.8456,15z;already_in_database
already_in_database;Cibelly Bar & Restaurante;Bar e restaurante de ostras;Rua Luna Pedrosa, 1260 - Poço, Cabedelo - PB, 58101-574;4.1;4295;ChIJ63V170_erAcRZ2vvWZseSgE;https://www.google.com/maps/place/?q=place_id:ChIJ63V170_erAcRZ2vvWZseSgE;restaurantes Cabedelo PB;Intermares;@-7.0477,-34.8456,15z;already_in_database
already_in_database;Ponta De Campina;Praia;Cabedelo - PB;4.7;2439;ChIJr75kQ0PerAcRVbC2hxszRNo;https://www.google.com/maps/place/?q=place_id:ChIJr75kQ0PerAcRVbC2hxszRNo;restaurantes Cabedelo PB;Intermares;@-7.0477,-34.8456,15z;already_in_database
already_in_database;Sakê Temakeria Ponta de Campina, Cabedelo;Restaurante japonês;Av. Oceano Atlântico, 1592 - Sl 16 E 17 - Ponta de Campina, Cabedelo - PB, 58310-000;4.7;261;ChIJ2Xj63j_drAcRrllAg3GcmOU;https://www.google.com/maps/place/?q=place_id:ChIJ2Xj63j_drAcRrllAg3GcmOU;restaurantes Cabedelo PB;Intermares;@-7.0477,-34.8456,15z;already_in_database
already_in_database;Big Jack comida de rua com INSPIRAÇÃO texana;Restaurante;Av. Mar Vermelho, QUADRA 12 - LOTE 01 - Intermares, Cabedelo - PB, 58102-120;4.8;353;ChIJCTY1v6rfrAcRD3ZYZu4I32E;https://www.google.com/maps/place/?q=place_id:ChIJCTY1v6rfrAcRD3ZYZu4I32E;restaurantes Cabedelo PB;Intermares;@-7.0477,-34.8456,15z;already_in_database
already_in_database;Restaurante mar de amor;Restaurante;Av. Pôr do Sol - Portal do Poço, Cabedelo - PB, 58310-000;5;1;ChIJ8z63XQDfrAcR1_XtXHa0rRQ;https://www.google.com/maps/place/?q=place_id:ChIJ8z63XQDfrAcR1_XtXHa0rRQ;restaurantes Cabedelo PB;Intermares;@-7.0477,-34.8456,15z;already_in_database
accepted;Tempero De Casa;Restaurante;R. Maurício de Alençar Cavalcante - Jardim America, Cabedelo - PB, 58310-000;4.5;65;ChIJlzh1S-zdrAcRiCUL7fIKsMI;https://www.google.com/maps/place/?q=place_id:ChIJlzh1S-zdrAcRiCUL7fIKsMI;restaurantes Cabedelo PB;Intermares;@-7.0477,-34.8456,15z;food_scope
already_in_database;Espetinho da praia Intermares;Restaurante;Av. Oceano Atlântico, 1972 - Intermares, Cabedelo - PB, 58310-000;4.4;772;ChIJE-mcRMTfrAcRBThGnfI6x2c;https://www.google.com/maps/place/?q=place_id:ChIJE-mcRMTfrAcRBThGnfI6x2c;restaurantes Cabedelo PB;Intermares;@-7.0477,-34.8456,15z;already_in_database
rejected;A Ferro Y Fogo Churrasco & Burger Artesanal na Brasa;Restaurante;Av. Oceano Atlântico, 1592 - Shopping GetMall - Ponta de Campina, Cabedelo - PB, 58101-650;3.9;39;ChIJNWudC1nfrAcRZp_VOIvsXTQ;https://www.google.com/maps/place/?q=place_id:ChIJNWudC1nfrAcRZp_VOIvsXTQ;restaurantes Cabedelo PB;Intermares;@-7.0477,-34.8456,15z;excluded_category_or_name
already_in_database;A Casa do Temakinho;Restaurante;Av. Mar da Irlanda, 222 - Intermares, Cabedelo - PB, 58310-000;4.9;150;ChIJK77pAsvfrAcRDJoNP1VhTVo;https://www.google.com/maps/place/?q=place_id:ChIJK77pAsvfrAcRDJoNP1VhTVo;restaurantes Cabedelo PB;Intermares;@-7.0477,-34.8456,15z;already_in_database
already_in_database;Intermares;Praia;Cabedelo - PB, 58102-256;4.7;4175;ChIJS_1_YAverAcR-yk3spzQr0E;https://www.google.com/maps/place/?q=place_id:ChIJS_1_YAverAcR-yk3spzQr0E;restaurantes Cabedelo PB;Intermares;@-7.0477,-34.8456,15z;already_in_database
duplicate_in_run;Galeteria D'intermares;Restaurante de carne;R. Golfo Veneza, 28 - Intermares, Cabedelo - PB, 58102-122;4.1;470;ChIJu2aD0g7erAcRzicvJXx-8yI;https://www.google.com/maps/place/?q=place_id:ChIJu2aD0g7erAcRzicvJXx-8yI;restaurantes Cabedelo PB;Intermares;@-7.0477,-34.8456,15z;duplicate_in_run
already_in_database;Restaurante da Helena;;Av. Araçá, s/n - Portal do Poço, Cabedelo - PB, 58106-122;5;14;ChIJ3fU9LZvfrAcRy_9XywKHKP4;https://www.google.com/maps/place/?q=place_id:ChIJ3fU9LZvfrAcRy_9XywKHKP4;restaurantes Cabedelo PB;Intermares;@-7.0477,-34.8456,15z;already_in_database
rejected;GETMall;Praça de alimentação;Av. Oceano Atlântico, 1592 - Ponta de Campina, Cabedelo - PB, 58310-000;4.3;103;ChIJX7HMo6rdrAcRCeFWODir8Rw;https://www.google.com/maps/place/?q=place_id:ChIJX7HMo6rdrAcRCeFWODir8Rw;restaurantes Cabedelo PB;Intermares;@-7.0477,-34.8456,15z;excluded_category_or_name
already_in_database;Bom Tempero Restaurante;Restaurante self-service;Av. Maria de Oliveira Gomes - Portal do Poço, Cabedelo - PB, 58310-000;4.7;17;ChIJQwyZx_vfrAcRqBvYbKyyPhQ;https://www.google.com/maps/place/?q=place_id:ChIJQwyZx_vfrAcRqBvYbKyyPhQ;restaurantes Cabedelo PB;Intermares;@-7.0477,-34.8456,15z;already_in_database
already_in_database;NutriFit Marmita Fitness Congeladas;Restaurante de comida natural;Intermares, Cabedelo - PB, 58102-032;5;18;ChIJN2Qo5azfrAcR6duVymUfuQ0;https://www.google.com/maps/place/?q=place_id:ChIJN2Qo5azfrAcR6duVymUfuQ0;restaurantes Cabedelo PB;Intermares;@-7.0477,-34.8456,15z;already_in_database
already_in_database;Pizza Now - Intermares;Delivery de Pizza;Av. Oceano Atlântico, 1592 - Lj 14 - Ponta de Campina, Cabedelo - PB, 58101-650;4.5;200;ChIJC3rzCDHdrAcRGYF3vwcOan8;https://www.google.com/maps/place/?q=place_id:ChIJC3rzCDHdrAcRGYF3vwcOan8;pizzaria Cabedelo PB;Intermares;@-7.0477,-34.8456,15z;already_in_database
already_in_database;Pizza Família Cipriano;Pizzaria;R. Golfo Danzig, 56 - Intermares, Cabedelo - PB, 58102-133;5;13;ChIJBw8J2x3frAcR-t64wKV4XEg;https://www.google.com/maps/place/?q=place_id:ChIJBw8J2x3frAcR-t64wKV4XEg;pizzaria Cabedelo PB;Intermares;@-7.0477,-34.8456,15z;already_in_database
already_in_database;Hora Da Pizza;Pizzaria;R. Arco Íris, 113 - Lot. Oceania VI, Cabedelo - PB, 58105-514;5;13;ChIJd8aACALfrAcR-y1kMx11Rs8;https://www.google.com/maps/place/?q=place_id:ChIJd8aACALfrAcR-y1kMx11Rs8;pizzaria Cabedelo PB;Intermares;@-7.0477,-34.8456,15z;already_in_database
already_in_database;Pizzaria Bom Sabor;Pizzaria;R. Jair Cunha Cavalcanti, 248 - Lot. Oceania, Cabedelo - PB, 58105-700;4;134;ChIJJwFhsjXfrAcR5WUPKUu6Li8;https://www.google.com/maps/place/?q=place_id:ChIJJwFhsjXfrAcR5WUPKUu6Li8;pizzaria Cabedelo PB;Intermares;@-7.0477,-34.8456,15z;already_in_database
already_in_database;Mega Pizza;Pizzaria;Av. Mar Vermelho, 357 - Intermares, Cabedelo - PB, 58310-000;4;506;ChIJP6gJ7w3erAcRPbZmhVXL0gQ;https://www.google.com/maps/place/?q=place_id:ChIJP6gJ7w3erAcRPbZmhVXL0gQ;pizzaria Cabedelo PB;Intermares;@-7.0477,-34.8456,15z;already_in_database
already_in_database;Pizzaria Jacaré;Pizzaria;R. Arco Íris, 250 - Lot. Oceania VI, Cabedelo - PB, 58310-000;4.5;59;ChIJLSlV8DrerAcRdEpwqq-GS2Y;https://www.google.com/maps/place/?q=place_id:ChIJLSlV8DrerAcRdEpwqq-GS2Y;pizzaria Cabedelo PB;Intermares;@-7.0477,-34.8456,15z;already_in_database
already_in_database;Eu Quero Pizza;Pizzaria;R. da Enseada - Ponta de Campina, Cabedelo - PB, 58310-000;3.8;24;ChIJB0sqZgLfrAcR9yKy7cQwfhQ;https://www.google.com/maps/place/?q=place_id:ChIJB0sqZgLfrAcR9yKy7cQwfhQ;pizzaria Cabedelo PB;Intermares;@-7.0477,-34.8456,15z;already_in_database
already_in_database;Magela Pizzaria;Pizzaria;Av. Oceano Atlântico, 1000 - Intermares, Cabedelo - PB, 58102-252;5;2;ChIJ0aI-RwDfrAcRPYtznRfJu_M;https://www.google.com/maps/place/?q=place_id:ChIJ0aI-RwDfrAcRPYtznRfJu_M;pizzaria Cabedelo PB;Intermares;@-7.0477,-34.8456,15z;already_in_database
rejected;TreeHouse Bar Lounge - Por do sol João Pessoa;Bar;R. Pôr do Sol, s/n, Cabedelo - PB, 58310-000;4.5;1125;ChIJ33JsoxverAcRwnzfHW9fJTI;https://www.google.com/maps/place/?q=place_id:ChIJ33JsoxverAcRwnzfHW9fJTI;pizzaria Cabedelo PB;Intermares;@-7.0477,-34.8456,15z;excluded_category_or_name
already_in_database;Lanchonete e Pizzaria Popular;Pizzaria;R. Santa Maria Madalena, 86 - Jacaré, CEP: - Lot. Oceania VI, Cabedelo - PB, 58105-522;4.5;31;ChIJL4kfjdjfrAcRX8LvFyTn7p8;https://www.google.com/maps/place/?q=place_id:ChIJL4kfjdjfrAcRX8LvFyTn7p8;pizzaria Cabedelo PB;Intermares;@-7.0477,-34.8456,15z;already_in_database
already_in_database;Nossa Pizza;Pizzaria;Av. Maria de Oliveira Gomes - Portal do Poço, Cabedelo - PB, 58310-000;;;ChIJ7TXTXwDfrAcRkUQ3NY78meQ;https://www.google.com/maps/place/?q=place_id:ChIJ7TXTXwDfrAcRkUQ3NY78meQ;pizzaria Cabedelo PB;Intermares;@-7.0477,-34.8456,15z;already_in_database
accepted;Tapiocaria do Dinho;Restaurante;Av. Ambrósio Miranda de Araújo - Renascer, Cabedelo - PB, 58033-455;4.6;154;ChIJZyUKWFjdrAcRuY-QSDtiyL8;https://www.google.com/maps/place/?q=place_id:ChIJZyUKWFjdrAcRuY-QSDtiyL8;pizzaria Cabedelo PB;Intermares;@-7.0477,-34.8456,15z;food_scope
already_in_database;Pizzaria NEVARE;Restaurante;Av. Araçá - Lot. Oceania VI, Cabedelo - PB, 58310-000;;;ChIJw60tazzerAcRCQzE-4_BHog;https://www.google.com/maps/place/?q=place_id:ChIJw60tazzerAcRCQzE-4_BHog;pizzaria Cabedelo PB;Intermares;@-7.0477,-34.8456,15z;already_in_database
rejected;Padaria Pandine;Padaria;Av. Mar Vermelho, 357 - Intermares, Cabedelo - PB, 58102-120;4.4;1096;ChIJP6gJ7w3erAcREADxKhazvuY;https://www.google.com/maps/place/?q=place_id:ChIJP6gJ7w3erAcREADxKhazvuY;pizzaria Cabedelo PB;Intermares;@-7.0477,-34.8456,15z;excluded_category_or_name
accepted;Renapizza;Pizzaria;R. São Sebastião - Renascer, Cabedelo - PB, 58108-328;5;3;ChIJGf6COs3drAcRRL4pQtCrayw;https://www.google.com/maps/place/?q=place_id:ChIJGf6COs3drAcRRL4pQtCrayw;pizzaria Cabedelo PB;Intermares;@-7.0477,-34.8456,15z;food_scope
already_in_database;churrascaria do biu;Churrascaria;R. Carolino Cardoso, 248-328 - Lot. Vitorino Cardoso, Cabedelo - PB, 58310-000;4.2;142;ChIJi2YYOkzerAcRnZgoaC-xOvY;https://www.google.com/maps/place/?q=place_id:ChIJi2YYOkzerAcRnZgoaC-xOvY;pizzaria Cabedelo PB;Intermares;@-7.0477,-34.8456,15z;already_in_database
accepted;Bebel & Jó Pizzaria;Restaurante;Av. Ambrósio Miranda de Araújo - Renascer, Cabedelo - PB, 58310-000;5;1;ChIJV1vGm4zdrAcRQbCh2jh_K7w;https://www.google.com/maps/place/?q=place_id:ChIJV1vGm4zdrAcRQbCh2jh_K7w;pizzaria Cabedelo PB;Intermares;@-7.0477,-34.8456,15z;food_scope
rejected;Pizzaria Dom Rafael;Pizzaria;Empresarial Sales Center, Av. Pres. Nilo Peçanha, 211 - Lj 1 - Bessa, João Pessoa - PB, 58102-586;4.6;166;ChIJvXdSa-rdrAcR86lykGaPlgo;https://www.google.com/maps/place/?q=place_id:ChIJvXdSa-rdrAcR86lykGaPlgo;pizzaria Cabedelo PB;Intermares;@-7.0477,-34.8456,15z;outside_cabedelo_or_location_uncertain
rejected;Pimenta Nativa Forneria;Pizzaria;Av. Fernando Luiz Henriques dos Santos, 2468 - Jardim Oceania, João Pessoa - PB, 58037-051;4.5;2187;ChIJ78x3hbndrAcRddIz1QOII5E;https://www.google.com/maps/place/?q=place_id:ChIJ78x3hbndrAcRddIz1QOII5E;pizzaria Cabedelo PB;Intermares;@-7.0477,-34.8456,15z;outside_cabedelo_or_location_uncertain
rejected;GETMall;Praça de alimentação;Av. Oceano Atlântico, 1592 - Ponta de Campina, Cabedelo - PB, 58310-000;4.3;103;ChIJX7HMo6rdrAcRCeFWODir8Rw;https://www.google.com/maps/place/?q=place_id:ChIJX7HMo6rdrAcRCeFWODir8Rw;pizzaria Cabedelo PB;Intermares;@-7.0477,-34.8456,15z;excluded_category_or_name
already_in_database;Oxi Burguer Cabedelo;Hamburgueria;R. Maria das Neves Silva - Ponta de Campina, Cabedelo - PB, 58101-660;5;31;ChIJ-3vOhY7frAcRyc0HXHjB-zo;https://www.google.com/maps/place/?q=place_id:ChIJ-3vOhY7frAcRyc0HXHjB-zo;hamburgueria Cabedelo PB;Intermares;@-7.0477,-34.8456,15z;already_in_database
already_in_database;Big Jack comida de rua com INSPIRAÇÃO texana;Restaurante;Av. Mar Vermelho, QUADRA 12 - LOTE 01 - Intermares, Cabedelo - PB, 58102-120;4.8;353;ChIJCTY1v6rfrAcRD3ZYZu4I32E;https://www.google.com/maps/place/?q=place_id:ChIJCTY1v6rfrAcRD3ZYZu4I32E;hamburgueria Cabedelo PB;Intermares;@-7.0477,-34.8456,15z;already_in_database
already_in_database;Seu Jerônimo;Hamburgueria;R. Virginia Maria Nogueira Gadelha Pimentel - Lot. Bela Vista, Cabedelo - PB, 58310-000;5;13;ChIJWVZmZADdrAcRKTJks1JgeWU;https://www.google.com/maps/place/?q=place_id:ChIJWVZmZADdrAcRKTJks1JgeWU;hamburgueria Cabedelo PB;Intermares;@-7.0477,-34.8456,15z;already_in_database
rejected;A Ferro Y Fogo Churrasco & Burger Artesanal na Brasa;Restaurante;Av. Oceano Atlântico, 1592 - Shopping GetMall - Ponta de Campina, Cabedelo - PB, 58101-650;3.9;39;ChIJNWudC1nfrAcRZp_VOIvsXTQ;https://www.google.com/maps/place/?q=place_id:ChIJNWudC1nfrAcRZp_VOIvsXTQ;hamburgueria Cabedelo PB;Intermares;@-7.0477,-34.8456,15z;excluded_category_or_name
already_in_database;TCF - The Cheeseburguer Factory - Unidade Cabedelo;Lanchonete;Av. Oceano Atlântico, 1592 - Sl A15 - Ponta de Campina, Cabedelo - PB, 58310-000;4.1;13;ChIJ17zIKW_drAcRpW44MoCAPKM;https://www.google.com/maps/place/?q=place_id:ChIJ17zIKW_drAcRpW44MoCAPKM;hamburgueria Cabedelo PB;Intermares;@-7.0477,-34.8456,15z;already_in_database
rejected;GETMall;Hamburgueria;Av. Oceano Atlântico, 1592 - Ponta de Campina, Cabedelo - PB, 58310-000;4.3;103;ChIJX7HMo6rdrAcRCeFWODir8Rw;https://www.google.com/maps/place/?q=place_id:ChIJX7HMo6rdrAcRCeFWODir8Rw;hamburgueria Cabedelo PB;Intermares;@-7.0477,-34.8456,15z;excluded_category_or_name
already_in_database;Route Hot Dogs;Hamburgueria;Av. Mar das Antilhas - Intermares, Cabedelo - PB, 58102-212;5;45;ChIJu6yeCaTfrAcRfb31UenQ2FI;https://www.google.com/maps/place/?q=place_id:ChIJu6yeCaTfrAcRfb31UenQ2FI;hamburgueria Cabedelo PB;Intermares;@-7.0477,-34.8456,15z;already_in_database
already_in_database;Ravellas - Food Truck;Hamburgueria;Rua Clóvis de Holanda Calado - Intermares, Cabedelo - PB, 58102-335;5;5;ChIJCQyRIcvdrAcRu26vxSLBThs;https://www.google.com/maps/place/?q=place_id:ChIJCQyRIcvdrAcRu26vxSLBThs;hamburgueria Cabedelo PB;Intermares;@-7.0477,-34.8456,15z;already_in_database
already_in_database;PAULISTA BURGER;Hamburgueria;R. Marizeiro - Portal do Poço, Cabedelo - PB, 58106-106;5;2;ChIJl51YE9DfrAcRuBF9yMwZnqg;https://www.google.com/maps/place/?q=place_id:ChIJl51YE9DfrAcRuBF9yMwZnqg;hamburgueria Cabedelo PB;Intermares;@-7.0477,-34.8456,15z;already_in_database
rejected;Hambúrguer Do Caju | Na Brasa;Hamburgueria;Praça do Caju, Av. Pres. Nilo Peçanha - Bessa, João Pessoa - PB, 58102-586;5;20;ChIJlfyfMnvdrAcRaO_6W8JdwlU;https://www.google.com/maps/place/?q=place_id:ChIJlfyfMnvdrAcRaO_6W8JdwlU;hamburgueria Cabedelo PB;Intermares;@-7.0477,-34.8456,15z;outside_cabedelo_or_location_uncertain
already_in_database;Eu Quero Burguer;Hamburgueria;Praça Bela Vista de Intermares, Intermares, Cabedelo - PB, 58102-302;3;10;ChIJJcEkMkzfrAcRnRtjQM7OQy0;https://www.google.com/maps/place/?q=place_id:ChIJJcEkMkzfrAcRnRtjQM7OQy0;hamburgueria Cabedelo PB;Intermares;@-7.0477,-34.8456,15z;already_in_database
duplicate_in_run;Burguer Hall;Hamburgueria;R. Maurício de Alençar Cavalcante - bessa, Cabedelo - PB, 58102-552;5;1;ChIJn5l8jiLdrAcRC0sy1cAQjNk;https://www.google.com/maps/place/?q=place_id:ChIJn5l8jiLdrAcRC0sy1cAQjNk;hamburgueria Cabedelo PB;Intermares;@-7.0477,-34.8456,15z;duplicate_in_run
already_in_database;Piratas Burger;Hamburgueria;Av. Oceano Atlântico, 55 - Intermares, Cabedelo - PB, 58102-252;1;1;ChIJLePNgbbfrAcRx5JgcXhj0i8;https://www.google.com/maps/place/?q=place_id:ChIJLePNgbbfrAcRx5JgcXhj0i8;hamburgueria Cabedelo PB;Intermares;@-7.0477,-34.8456,15z;already_in_database
already_in_database;Na brasa hambúrgueria;Lanchonete;Av. Pastor José Alves de Oliveira, 511 - Centro, Cabedelo - PB, 58100-222;4.5;15;ChIJS0Cl_7khrQcRXHqZzABLeRg;https://www.google.com/maps/place/?q=place_id:ChIJS0Cl_7khrQcRXHqZzABLeRg;hamburgueria Cabedelo PB;Intermares;@-7.0477,-34.8456,15z;already_in_database
accepted;Sonne Haus Hambúrgueria;Bar;R. José Bartolomeu Cabral, 40 - Jardim America, Cabedelo - PB, 58035-320;5;33;ChIJU2L8NADdrAcRKkTMbkfH-wA;https://www.google.com/maps/place/?q=place_id:ChIJU2L8NADdrAcRKkTMbkfH-wA;hamburgueria Cabedelo PB;Intermares;@-7.0477,-34.8456,15z;food_scope
accepted;Erste Sonne Cervejaria Independente;Hamburgueria;R. José Bartolomeu Cabral, 40 - Jardim America, Cabedelo - PB, 58102-566;4.8;119;ChIJ_WjNaO7drAcRMt7pzVwopjI;https://www.google.com/maps/place/?q=place_id:ChIJ_WjNaO7drAcRMt7pzVwopjI;hamburgueria Cabedelo PB;Intermares;@-7.0477,-34.8456,15z;food_scope
rejected;Grelha Rústica;Hamburgueria;Av. Pres. Café Filho, 728 - Bessa, João Pessoa - PB, 58035-170;4.6;46;ChIJw0qw8g7drAcRIY0OBexV6vc;https://www.google.com/maps/place/?q=place_id:ChIJw0qw8g7drAcRIY0OBexV6vc;hamburgueria Cabedelo PB;Intermares;@-7.0477,-34.8456,15z;outside_cabedelo_or_location_uncertain
rejected;TBBurger;Hamburgueria;Av. Gov. Argemiro de Figueiredo, 2941 - Jardim Oceania, João Pessoa - PB, 58037-030;4.8;1119;ChIJFWONq1zdrAcRy7Qoh1yvsIY;https://www.google.com/maps/place/?q=place_id:ChIJFWONq1zdrAcRy7Qoh1yvsIY;hamburgueria Cabedelo PB;Intermares;@-7.0477,-34.8456,15z;outside_cabedelo_or_location_uncertain
accepted;Caribe burger;Lanchonete;Rodovia 230 km 13,2 anexo 1, Bessa, Cabedelo - PB, 58102-800;5;1;ChIJNQuuVHfdrAcRH3GYCGlWdfw;https://www.google.com/maps/place/?q=place_id:ChIJNQuuVHfdrAcRH3GYCGlWdfw;hamburgueria Cabedelo PB;Intermares;@-7.0477,-34.8456,15z;food_scope
already_in_database;Manguinhos Burguer;Hamburgueria;R. Débora Borges Xavier, 29 - Vila Sao Joao, Cabedelo - PB, 58103-405;5;1;ChIJ7714LT_frAcROZGgCaHyb1A;https://www.google.com/maps/place/?q=place_id:ChIJ7714LT_frAcROZGgCaHyb1A;hamburgueria Cabedelo PB;Intermares;@-7.0477,-34.8456,15z;already_in_database
already_in_database;Lovina Ponta de Campina | Bar | Restaurante em Cabedelo;Restaurante;R. Vitorino Cardoso, 908 - Ponta de Campina, Cabedelo - PB, 58101-510;4.4;10742;ChIJdbKCxUTerAcRNmBt0eRrdX8;https://www.google.com/maps/place/?q=place_id:ChIJdbKCxUTerAcRNmBt0eRrdX8;lanchonete Cabedelo PB;Intermares;@-7.0477,-34.8456,15z;already_in_database
already_in_database;Big Jack comida de rua com INSPIRAÇÃO texana;Restaurante;Av. Mar Vermelho, QUADRA 12 - LOTE 01 - Intermares, Cabedelo - PB, 58102-120;4.8;353;ChIJCTY1v6rfrAcRD3ZYZu4I32E;https://www.google.com/maps/place/?q=place_id:ChIJCTY1v6rfrAcRD3ZYZu4I32E;lanchonete Cabedelo PB;Intermares;@-7.0477,-34.8456,15z;already_in_database
already_in_database;Oxi Burguer Cabedelo;Hamburgueria;R. Maria das Neves Silva - Ponta de Campina, Cabedelo - PB, 58101-660;5;31;ChIJ-3vOhY7frAcRyc0HXHjB-zo;https://www.google.com/maps/place/?q=place_id:ChIJ-3vOhY7frAcRyc0HXHjB-zo;lanchonete Cabedelo PB;Intermares;@-7.0477,-34.8456,15z;already_in_database
already_in_database;Praçaí - Intermares;Lanchonete;Av. Oceano Pacífico, s/n - Intermares, Cabedelo - PB, 58310-000;4.5;238;ChIJ1cAVK23erAcRCUpJ50T3ULs;https://www.google.com/maps/place/?q=place_id:ChIJ1cAVK23erAcRCUpJ50T3ULs;lanchonete Cabedelo PB;Intermares;@-7.0477,-34.8456,15z;already_in_database
rejected;Tapioca Da Cleide- Onda Mar;Lanchonete;Onda Mar Praia Shopping, 58102-120, Av. Mar Vermelho, 357 - Intermares, Cabedelo - PB, 58102-120;4.5;51;ChIJDcsJwQ3erAcR04pQAVkyyEM;https://www.google.com/maps/place/?q=place_id:ChIJDcsJwQ3erAcR04pQAVkyyEM;lanchonete Cabedelo PB;Intermares;@-7.0477,-34.8456,15z;excluded_category_or_name
already_in_database;Cibelly Bar & Restaurante;Bar e restaurante de ostras;Rua Luna Pedrosa, 1260 - Poço, Cabedelo - PB, 58101-574;4.1;4295;ChIJ63V170_erAcRZ2vvWZseSgE;https://www.google.com/maps/place/?q=place_id:ChIJ63V170_erAcRZ2vvWZseSgE;lanchonete Cabedelo PB;Intermares;@-7.0477,-34.8456,15z;already_in_database
already_in_database;Tropical Burgz;Restaurante;Av. Oceano Pacífico - Intermares, Cabedelo - PB, 58102-236;5;30;ChIJL-05NQDfrAcRFfTfZnwteEA;https://www.google.com/maps/place/?q=place_id:ChIJL-05NQDfrAcRFfTfZnwteEA;lanchonete Cabedelo PB;Intermares;@-7.0477,-34.8456,15z;already_in_database
duplicate_in_run;Empadinhas Barnabé - Intermares;Lanchonete;Av. Mar Mediterrâneo - Intermares, Cabedelo - PB, 58102-256;4.5;1029;ChIJaQNSPQ3erAcR5qVhxyOyVfs;https://www.google.com/maps/place/?q=place_id:ChIJaQNSPQ3erAcR5qVhxyOyVfs;lanchonete Cabedelo PB;Intermares;@-7.0477,-34.8456,15z;duplicate_in_run
already_in_database;Coffee Cake Açaiteria;Lanchonete;Av. Oceano Atlântico, 422 - Sala, 04 - Intermares, Cabedelo - PB, 58102-252;4.7;24;ChIJJVjoiEDfrAcRFTg4AQg1nHw;https://www.google.com/maps/place/?q=place_id:ChIJJVjoiEDfrAcRFTg4AQg1nHw;lanchonete Cabedelo PB;Intermares;@-7.0477,-34.8456,15z;already_in_database
accepted;Kikão Cachorro Quente;Lanchonete;Av. Mar Vermelho, 185 - Lj 9 - Intermares, Cabedelo - PB, 58310-000;4.5;46;ChIJidxR6g3erAcRdUI4Gzz93yQ;https://www.google.com/maps/place/?q=place_id:ChIJidxR6g3erAcRdUI4Gzz93yQ;lanchonete Cabedelo PB;Intermares;@-7.0477,-34.8456,15z;food_scope
already_in_database;Lanchonete por do sol;Lanchonete;R. Jaguaribe, 54 - Poço, Cabedelo - PB, 58310-000;3.3;3;ChIJM-mpWSnfrAcRNDGp-E_BHt8;https://www.google.com/maps/place/?q=place_id:ChIJM-mpWSnfrAcRNDGp-E_BHt8;lanchonete Cabedelo PB;Intermares;@-7.0477,-34.8456,15z;already_in_database
already_in_database;Sax Café - Por do Sol da Praia do Jacaré Cabedelo/PB;Restaurante;Pôr do Sol, R. Praia do Jacaré, Cabedelo - PB, 58310-000;4.5;102;ChIJ42uw2z3frAcRpvqGhKXp_LM;https://www.google.com/maps/place/?q=place_id:ChIJ42uw2z3frAcRpvqGhKXp_LM;lanchonete Cabedelo PB;Intermares;@-7.0477,-34.8456,15z;already_in_database
already_in_database;Route Hot Dogs;Cachorro-quente;Av. Mar das Antilhas - Intermares, Cabedelo - PB, 58102-212;5;45;ChIJu6yeCaTfrAcRfb31UenQ2FI;https://www.google.com/maps/place/?q=place_id:ChIJu6yeCaTfrAcRfb31UenQ2FI;lanchonete Cabedelo PB;Intermares;@-7.0477,-34.8456,15z;already_in_database
already_in_database;Restaurante Recanto do Picuí Intermares;Restaurante;R. Golfo Sidra, 72 - Intermares, Cabedelo - PB, 58310-000;4.5;1267;ChIJ7xU6NRLerAcRpPuWqjv1L7c;https://www.google.com/maps/place/?q=place_id:ChIJ7xU6NRLerAcRpPuWqjv1L7c;lanchonete Cabedelo PB;Intermares;@-7.0477,-34.8456,15z;already_in_database
already_in_database;Espetinho da praia Intermares;Restaurante;Av. Oceano Atlântico, 1972 - Intermares, Cabedelo - PB, 58310-000;4.4;772;ChIJE-mcRMTfrAcRBThGnfI6x2c;https://www.google.com/maps/place/?q=place_id:ChIJE-mcRMTfrAcRBThGnfI6x2c;lanchonete Cabedelo PB;Intermares;@-7.0477,-34.8456,15z;already_in_database
accepted;Cosmo Lanches;Lanchonete;Av. Pres. Venceslau Braz, 192-220 - Jardim Beta, Cabedelo - PB, 58310-000;5;6;ChIJqbY_Pu3drAcR5JzH2to00K4;https://www.google.com/maps/place/?q=place_id:ChIJqbY_Pu3drAcR5JzH2to00K4;lanchonete Cabedelo PB;Intermares;@-7.0477,-34.8456,15z;food_scope
already_in_database;Açaí Araxá;Lanchonete;Av. Oceano Atlântico, 107 - Lot. Bela Vista, Cabedelo - PB, 58310-000;4.6;55;ChIJm_QnCOffrAcRyXaMtmUtLZk;https://www.google.com/maps/place/?q=place_id:ChIJm_QnCOffrAcRyXaMtmUtLZk;lanchonete Cabedelo PB;Intermares;@-7.0477,-34.8456,15z;already_in_database
already_in_database;TCF - The Cheeseburguer Factory - Unidade Cabedelo;Lanchonete;Av. Oceano Atlântico, 1592 - Sl A15 - Ponta de Campina, Cabedelo - PB, 58310-000;4.1;13;ChIJ17zIKW_drAcRpW44MoCAPKM;https://www.google.com/maps/place/?q=place_id:ChIJ17zIKW_drAcRpW44MoCAPKM;lanchonete Cabedelo PB;Intermares;@-7.0477,-34.8456,15z;already_in_database
accepted;Tapiocaria da zeti;Lanchonete;Av. Pôr do Sol, Cabedelo - PB, 58310-000;5;20;ChIJYwNhcVnfrAcRJ4jZPLua8uw;https://www.google.com/maps/place/?q=place_id:ChIJYwNhcVnfrAcRJ4jZPLua8uw;lanchonete Cabedelo PB;Intermares;@-7.0477,-34.8456,15z;food_scope
accepted;Pastelão da BR;Lanchonete;BR-230 - Amazonia Park, Cabedelo - PB, 58310-000;4.7;7;ChIJO4tJgrbfrAcRLO65dWwzeeg;https://www.google.com/maps/place/?q=place_id:ChIJO4tJgrbfrAcRLO65dWwzeeg;lanchonete Cabedelo PB;Intermares;@-7.0477,-34.8456,15z;food_scope
already_in_database;Sakê Temakeria Ponta de Campina, Cabedelo;Restaurante japonês;Av. Oceano Atlântico, 1592 - Sl 16 E 17 - Ponta de Campina, Cabedelo - PB, 58310-000;4.7;261;ChIJ2Xj63j_drAcRrllAg3GcmOU;https://www.google.com/maps/place/?q=place_id:ChIJ2Xj63j_drAcRrllAg3GcmOU;sushi Cabedelo PB;Intermares;@-7.0477,-34.8456,15z;already_in_database
already_in_database;Pipa Sushi & Temakeria;Restaurante de sushi;Av. Mar das Antilhas - Intermares, Cabedelo - PB, 58310-000;4.3;292;ChIJm1Mywg3erAcRAs4OIMpvJqk;https://www.google.com/maps/place/?q=place_id:ChIJm1Mywg3erAcRAs4OIMpvJqk;sushi Cabedelo PB;Intermares;@-7.0477,-34.8456,15z;already_in_database
already_in_database;A Casa do Temakinho;Restaurante;Av. Mar da Irlanda, 222 - Intermares, Cabedelo - PB, 58310-000;4.9;150;ChIJK77pAsvfrAcRDJoNP1VhTVo;https://www.google.com/maps/place/?q=place_id:ChIJK77pAsvfrAcRDJoNP1VhTVo;sushi Cabedelo PB;Intermares;@-7.0477,-34.8456,15z;already_in_database
rejected;Novo Oriente Intermares;Restaurante de sushi;Av. Mar Vermelho, 35 - Intermares, Cabedelo - PB, 58102-120;4.2;1378;ChIJN9JFAA7erAcR7c6fN6tma_g;https://www.google.com/maps/place/?q=place_id:ChIJN9JFAA7erAcR7c6fN6tma_g;sushi Cabedelo PB;Intermares;@-7.0477,-34.8456,15z;excluded_category_or_name
already_in_database;Espaço Do Sushi;Restaurante;R. Juarez Távora - Camalaú, Cabedelo - PB, 58310-000;4.2;33;ChIJLZuM-3YgrQcRxc7_zhcQ3Y0;https://www.google.com/maps/place/?q=place_id:ChIJLZuM-3YgrQcRxc7_zhcQ3Y0;sushi Cabedelo PB;Intermares;@-7.0477,-34.8456,15z;already_in_database
rejected;GETMall;Praça de alimentação;Av. Oceano Atlântico, 1592 - Ponta de Campina, Cabedelo - PB, 58310-000;4.3;103;ChIJX7HMo6rdrAcRCeFWODir8Rw;https://www.google.com/maps/place/?q=place_id:ChIJX7HMo6rdrAcRCeFWODir8Rw;sushi Cabedelo PB;Intermares;@-7.0477,-34.8456,15z;excluded_category_or_name
rejected;Uni Sushi Bessa | Teppanyaki, Makimonos, Uramaki e Hot Roll;Restaurante japonês;Parahyba Mall, R. Bacharel José de Oliveira Curchatuz, 850 - Lj 15 - Jardim Oceania, João Pessoa - PB, 58037-432;4.8;21;ChIJOXEnUAfdrAcRARXomgScUgE;https://www.google.com/maps/place/?q=place_id:ChIJOXEnUAfdrAcRARXomgScUgE;sushi Cabedelo PB;Intermares;@-7.0477,-34.8456,15z;outside_cabedelo_or_location_uncertain
already_in_database;Sushiyaki Restaurante;Restaurante japonês;R. Ten. Antônio Pontes, 381 - Ponta de Matos, Cabedelo - PB, 58100-645;4.7;10;ChIJoZsj3b7frAcRjoZUr5Cg7Uw;https://www.google.com/maps/place/?q=place_id:ChIJoZsj3b7frAcRjoZUr5Cg7Uw;sushi Cabedelo PB;Intermares;@-7.0477,-34.8456,15z;already_in_database
rejected;Bessa Prime SushiBar e Restaurante;Restaurante;Av. Arthur Monteiro de Paiva, 1001-1219 - Bessa, João Pessoa - PB, 58035-010;4.4;14;ChIJ3QV5bAbdrAcR4iXYq67ISJY;https://www.google.com/maps/place/?q=place_id:ChIJ3QV5bAbdrAcR4iXYq67ISJY;sushi Cabedelo PB;Intermares;@-7.0477,-34.8456,15z;outside_cabedelo_or_location_uncertain
already_in_database;Viciados em Sushi;Restaurante japonês;R. Pedro Aleixo Moura, 34 - Centro, Cabedelo - PB, 58100-210;4.4;193;ChIJ_c5MVHEgrQcRB4CuNV0soio;https://www.google.com/maps/place/?q=place_id:ChIJ_c5MVHEgrQcRB4CuNV0soio;sushi Cabedelo PB;Intermares;@-7.0477,-34.8456,15z;already_in_database
rejected;Aloha Sushi;Restaurante japonês autêntico;Edificio Agapanthus, Av. Mal. Hermes da Fonseca, 445 - Apto 103 - Bessa, João Pessoa - PB, 58035-190;4.7;40;ChIJaS-TSLbF05MR-yGmY5zCMbs;https://www.google.com/maps/place/?q=place_id:ChIJaS-TSLbF05MR-yGmY5zCMbs;sushi Cabedelo PB;Intermares;@-7.0477,-34.8456,15z;outside_cabedelo_or_location_uncertain
already_in_database;Acai;Loja de açaí;Av. Imbiridiba, 74 - Lot. Oceania VI, Cabedelo - PB, 58310-000;5;3;ChIJHS4nywrfrAcRf1rB7H0L_Mw;https://www.google.com/maps/place/?q=place_id:ChIJHS4nywrfrAcRf1rB7H0L_Mw;acai Cabedelo PB;Intermares;@-7.0477,-34.8456,15z;already_in_database
already_in_database;Açaí Jacaré Beach;Sorveteria;R. Clodoaldo Gouveia, 214 - Praia Do Jacare, Cabedelo - PB, 58101-323;4.8;12;ChIJyzANbADfrAcRmNSHSU6nRlI;https://www.google.com/maps/place/?q=place_id:ChIJyzANbADfrAcRmNSHSU6nRlI;acai Cabedelo PB;Intermares;@-7.0477,-34.8456,15z;already_in_database
already_in_database;South Beach | Açaí, Sorveteria e Cremes;Sorveteria;Av. Oceano Atlântico, 870 - Intermares, Cabedelo - PB;4.9;43;ChIJ0RcoMQDfrAcRpLtM3_RE4bo;https://www.google.com/maps/place/?q=place_id:ChIJ0RcoMQDfrAcRpLtM3_RE4bo;acai Cabedelo PB;Intermares;@-7.0477,-34.8456,15z;already_in_database
already_in_database;Açaí Araxá;Lanchonete;Av. Oceano Atlântico, 107 - Lot. Bela Vista, Cabedelo - PB, 58310-000;4.6;55;ChIJm_QnCOffrAcRyXaMtmUtLZk;https://www.google.com/maps/place/?q=place_id:ChIJm_QnCOffrAcRyXaMtmUtLZk;acai Cabedelo PB;Intermares;@-7.0477,-34.8456,15z;already_in_database
already_in_database;Açaí da Hill Point;Loja de açaí;Trailer, Rua Mar das Antilhas, Praça Durval Portela - Intermares, Cabedelo - PB, 58102-000;4.6;9;ChIJp648VSbfrAcR46pzEDHTJBo;https://www.google.com/maps/place/?q=place_id:ChIJp648VSbfrAcR46pzEDHTJBo;acai Cabedelo PB;Intermares;@-7.0477,-34.8456,15z;already_in_database
already_in_database;Praçaí - Intermares;Lanchonete;Av. Oceano Pacífico, s/n - Intermares, Cabedelo - PB, 58310-000;4.5;238;ChIJ1cAVK23erAcRCUpJ50T3ULs;https://www.google.com/maps/place/?q=place_id:ChIJ1cAVK23erAcRCUpJ50T3ULs;acai Cabedelo PB;Intermares;@-7.0477,-34.8456,15z;already_in_database
rejected;Assaí Atacadista - Estrada de Cabedelo;Atacadista;BR-230, 14 , Km 13.5, Lot. Morada Nova, Cabedelo - PB, 58033-455;4.4;581;ChIJpXuq7TTfrAcRpJL6pMYJrCA;https://www.google.com/maps/place/?q=place_id:ChIJpXuq7TTfrAcRpJL6pMYJrCA;acai Cabedelo PB;Intermares;@-7.0477,-34.8456,15z;not_clearly_food_establishment
already_in_database;Praça do açaí de Intermares;Playground;1548, Av. Oceano Atlântico, 1164 - Intermares, Cabedelo - PB, 58310-000;4.5;176;ChIJ-60_Km3erAcRRKoxlE8MUyc;https://www.google.com/maps/place/?q=place_id:ChIJ-60_Km3erAcRRKoxlE8MUyc;acai Cabedelo PB;Intermares;@-7.0477,-34.8456,15z;already_in_database
already_in_database;Coffee Cake Açaiteria;Lanchonete;Av. Oceano Atlântico, 422 - Sala, 04 - Intermares, Cabedelo - PB, 58102-252;4.7;24;ChIJJVjoiEDfrAcRFTg4AQg1nHw;https://www.google.com/maps/place/?q=place_id:ChIJJVjoiEDfrAcRFTg4AQg1nHw;acai Cabedelo PB;Intermares;@-7.0477,-34.8456,15z;already_in_database
duplicate_in_run;Me gusta Açaí;Praça de alimentação;R. José Marcos de Melo Peixoto - Intermares, Cabedelo - PB, 58102-362;5;1;ChIJM7g6PabdrAcRD4l1OtN97-s;https://www.google.com/maps/place/?q=place_id:ChIJM7g6PabdrAcRD4l1OtN97-s;acai Cabedelo PB;Intermares;@-7.0477,-34.8456,15z;duplicate_in_run
accepted;Daniel do Açaí;Loja de açaí;R. Raul Seixas - Renascer, Cabedelo - PB, 58310-000;3;2;ChIJc1z110XdrAcROcEd0F9eCdw;https://www.google.com/maps/place/?q=place_id:ChIJc1z110XdrAcROcEd0F9eCdw;acai Cabedelo PB;Intermares;@-7.0477,-34.8456,15z;food_scope
rejected;Pé de Fruta - Cabedelo;Loja de produtos naturais;Avenida Litorânea, 1592 - loja 04 - Ponta de Campina, Cabedelo - PB, 58101-650;5;4;ChIJJYuwFhfdrAcRK5mtUOBS_TM;https://www.google.com/maps/place/?q=place_id:ChIJJYuwFhfdrAcRK5mtUOBS_TM;acai Cabedelo PB;Intermares;@-7.0477,-34.8456,15z;not_clearly_food_establishment
already_in_database;Açaí do Pará Intermares;Sorveteria;R. Virginia Maria Nogueira Gadelha Pimentel, 324 - Lot. Bela Vista, Cabedelo - PB, 58102-332;5;4;ChIJsRAnhEV9oYYRi8rpLGzxSFY;https://www.google.com/maps/place/?q=place_id:ChIJsRAnhEV9oYYRi8rpLGzxSFY;acai Cabedelo PB;Intermares;@-7.0477,-34.8456,15z;already_in_database
already_in_database;Cantinho do açaí;Sorveteria;R. Vinicius de Morais - Recanto do Poço, Cabedelo - PB, 58105-062;5;1;ChIJP8nYbA7frAcRFz-W3qWECKs;https://www.google.com/maps/place/?q=place_id:ChIJP8nYbA7frAcRFz-W3qWECKs;acai Cabedelo PB;Intermares;@-7.0477,-34.8456,15z;already_in_database
accepted;Ethic Alimentos;Sorveteria;Av Santa Isabel, n 220, Renascer, Cabedelo - PB, 58108-096;4.4;49;ChIJBYufY4norAcRYwi07Mym2rc;https://www.google.com/maps/place/?q=place_id:ChIJBYufY4norAcRYwi07Mym2rc;acai Cabedelo PB;Intermares;@-7.0477,-34.8456,15z;food_scope
already_in_database;Intermares;Praia;Cabedelo - PB, 58102-256;4.7;4175;ChIJS_1_YAverAcR-yk3spzQr0E;https://www.google.com/maps/place/?q=place_id:ChIJS_1_YAverAcR-yk3spzQr0E;acai Cabedelo PB;Intermares;@-7.0477,-34.8456,15z;already_in_database
already_in_database;Açaí da Cris;Lanchonete;Tv. Primo José Viana - Vila Sao Joao, Cabedelo - PB, 58310-000;4.7;211;ChIJcQUFI2wgrQcRG22L9whpk4I;https://www.google.com/maps/place/?q=place_id:ChIJcQUFI2wgrQcRG22L9whpk4I;acai Cabedelo PB;Intermares;@-7.0477,-34.8456,15z;already_in_database
already_in_database;Porto do açaí;Lanchonete;R. Cleto Campêlo, 623 - Camalaú, Cabedelo - PB, 58310-000;5;1;ChIJL9uhhKMhrQcRNgJ6D5n7bws;https://www.google.com/maps/place/?q=place_id:ChIJL9uhhKMhrQcRNgJ6D5n7bws;acai Cabedelo PB;Intermares;@-7.0477,-34.8456,15z;already_in_database
accepted;JKZ Alimentos (AÇAÍto);Loja de sucos;R. José Faustino da Silva Filho - Lot. Parque Esperanca, Cabedelo - PB, 58310-000;2.6;7;ChIJI4UU843drAcR971yUPBblMQ;https://www.google.com/maps/place/?q=place_id:ChIJI4UU843drAcR971yUPBblMQ;acai Cabedelo PB;Intermares;@-7.0477,-34.8456,15z;food_scope
already_in_database;Sorveteria Tropical;Sorveteria;R. Jair Cunha Cavalcanti, 105 - Lot. Oceania VI, Cabedelo - PB, 58310-000;4.4;16;ChIJcQfq_sffrAcR_Wg40FlP3Gw;https://www.google.com/maps/place/?q=place_id:ChIJcQfq_sffrAcR_Wg40FlP3Gw;acai Cabedelo PB;Intermares;@-7.0477,-34.8456,15z;already_in_database
already_in_database;Tia Graça Cafeteria e Doceria;Cafeteria;R. Golfo da China, 326 - Intermares, Cabedelo - PB, 58310-000;4.5;67;ChIJV8XbnLXfrAcRTzFbB-0OVFg;https://www.google.com/maps/place/?q=place_id:ChIJV8XbnLXfrAcRTzFbB-0OVFg;cafeteria Cabedelo PB;Intermares;@-7.0477,-34.8456,15z;already_in_database
already_in_database;Sax Café - Por do Sol da Praia do Jacaré Cabedelo/PB;Restaurante;Pôr do Sol, R. Praia do Jacaré, Cabedelo - PB, 58310-000;4.5;102;ChIJ42uw2z3frAcRpvqGhKXp_LM;https://www.google.com/maps/place/?q=place_id:ChIJ42uw2z3frAcRpvqGhKXp_LM;cafeteria Cabedelo PB;Intermares;@-7.0477,-34.8456,15z;already_in_database
already_in_database;Coffee Cake Açaiteria;Lanchonete;Av. Oceano Atlântico, 422 - Sala, 04 - Intermares, Cabedelo - PB, 58102-252;4.7;24;ChIJJVjoiEDfrAcRFTg4AQg1nHw;https://www.google.com/maps/place/?q=place_id:ChIJJVjoiEDfrAcRFTg4AQg1nHw;cafeteria Cabedelo PB;Intermares;@-7.0477,-34.8456,15z;already_in_database
rejected;Padaria Pandine;Padaria;Av. Mar Vermelho, 357 - Intermares, Cabedelo - PB, 58102-120;4.4;1096;ChIJP6gJ7w3erAcREADxKhazvuY;https://www.google.com/maps/place/?q=place_id:ChIJP6gJ7w3erAcREADxKhazvuY;cafeteria Cabedelo PB;Intermares;@-7.0477,-34.8456,15z;excluded_category_or_name
already_in_database;Messe Cafeteria;Cafeteria;R. Praia do Jacaré - Intermares, Cabedelo - PB, 58310-000;5;2;ChIJi1DNHwDfrAcRKRUXOkoukjQ;https://www.google.com/maps/place/?q=place_id:ChIJi1DNHwDfrAcRKRUXOkoukjQ;cafeteria Cabedelo PB;Intermares;@-7.0477,-34.8456,15z;already_in_database
already_in_database;Chié artesanato e comedoria;Café;R. Praia do Jacaré - Intermares, Cabedelo - PB, 58310-000;4;40;ChIJTwa4MA_frAcR4t0Vizs3ozY;https://www.google.com/maps/place/?q=place_id:ChIJTwa4MA_frAcR4t0Vizs3ozY;cafeteria Cabedelo PB;Intermares;@-7.0477,-34.8456,15z;already_in_database
already_in_database;Juci;Cafeteria;R. Golfo de Cadis, 470 - Intermares, Cabedelo - PB, 58310-000;1;1;ChIJo7CaIwDfrAcRImsAHe1osU4;https://www.google.com/maps/place/?q=place_id:ChIJo7CaIwDfrAcRImsAHe1osU4;cafeteria Cabedelo PB;Intermares;@-7.0477,-34.8456,15z;already_in_database
rejected;Paula Cakes;Doceria;Rua Rio Botafogo - Portal do Poço, Cabedelo - PB, 58106-136;5;9;ChIJyQ2DAuLfrAcRcVq6aOH3IMA;https://www.google.com/maps/place/?q=place_id:ChIJyQ2DAuLfrAcRcVq6aOH3IMA;cafeteria Cabedelo PB;Intermares;@-7.0477,-34.8456,15z;not_clearly_food_establishment
rejected;Padaria Eldorado Intermares;Padaria;Av. Mar Vermelho, 263 - Intermares, Cabedelo - PB, 58102-120;4.3;573;ChIJ8fLcFhXfrAcRa8uPR7mcTcU;https://www.google.com/maps/place/?q=place_id:ChIJ8fLcFhXfrAcRa8uPR7mcTcU;cafeteria Cabedelo PB;Intermares;@-7.0477,-34.8456,15z;excluded_category_or_name
rejected;Herbalife Intermares Cabedelo.;Casa de chá;Av. Oceano Atlântico, 328 - Sl 06 - Intermares, Cabedelo - PB, 58102-252;5;19;ChIJe0vpX2verAcRw7t0W-KuzRA;https://www.google.com/maps/place/?q=place_id:ChIJe0vpX2verAcRw7t0W-KuzRA;cafeteria Cabedelo PB;Intermares;@-7.0477,-34.8456,15z;not_clearly_food_establishment
rejected;Shakeria Intermares;Casa de chá;Empresarial Yeshua, Av. Mar das Antilhas, Sl 104 - Intermares, Cabedelo - PB, 58102-212;5;2;ChIJ4zS9hhTfrAcR7vsT_e3WXBQ;https://www.google.com/maps/place/?q=place_id:ChIJ4zS9hhTfrAcR7vsT_e3WXBQ;cafeteria Cabedelo PB;Intermares;@-7.0477,-34.8456,15z;not_clearly_food_establishment
already_in_database;Rainha da tapioca;Cafeteria;R. Milton Macedo da Cruz - Lot. Oceania, Cabedelo - PB, 58105-565;;;ChIJ93ysPw3frAcRBYFSISTdBS4;https://www.google.com/maps/place/?q=place_id:ChIJ93ysPw3frAcRBYFSISTdBS4;cafeteria Cabedelo PB;Intermares;@-7.0477,-34.8456,15z;already_in_database
rejected;Abô Botânica e Café;Cafeteria;Rua Prefeito Joaquim Gonçalves de Assis, 50 - Loja 10 - Jardim Oceania, João Pessoa - PB, 58037-645;4.5;971;ChIJ655rheXdrAcRF_IqOMoALOI;https://www.google.com/maps/place/?q=place_id:ChIJ655rheXdrAcRF_IqOMoALOI;cafeteria Cabedelo PB;Intermares;@-7.0477,-34.8456,15z;outside_cabedelo_or_location_uncertain
already_in_database;Lovina Ponta de Campina | Bar | Restaurante em Cabedelo;Restaurante;R. Vitorino Cardoso, 908 - Ponta de Campina, Cabedelo - PB, 58101-510;4.4;10742;ChIJdbKCxUTerAcRNmBt0eRrdX8;https://www.google.com/maps/place/?q=place_id:ChIJdbKCxUTerAcRNmBt0eRrdX8;cafeteria Cabedelo PB;Intermares;@-7.0477,-34.8456,15z;already_in_database
already_in_database;Café Cabedelo;Cafeteria;R. Aurélio Guedes Cavalcante - Camboinha, Cabedelo - PB, 58310-000;;;ChIJ52g2ao3frAcRyzat6fBKJA4;https://www.google.com/maps/place/?q=place_id:ChIJ52g2ao3frAcRyzat6fBKJA4;cafeteria Cabedelo PB;Intermares;@-7.0477,-34.8456,15z;already_in_database
already_in_database;Fatia do Céu;Cafeteria;R. Porto Marseille, 7 - Recanto do Poço, Cabedelo - PB, 58105-431;;;ChIJhSNbCwDfrAcRw0RK4wV6OVo;https://www.google.com/maps/place/?q=place_id:ChIJhSNbCwDfrAcRw0RK4wV6OVo;cafeteria Cabedelo PB;Intermares;@-7.0477,-34.8456,15z;already_in_database
rejected;Panificadora do Poço;Padaria;R. Carolino Cardoso, 177-245 - Lot. Vitorino Cardoso, Cabedelo - PB, 58310-000;4.2;293;ChIJD-aUzE3erAcRIs-tCW7mU0Q;https://www.google.com/maps/place/?q=place_id:ChIJD-aUzE3erAcRIs-tCW7mU0Q;cafeteria Cabedelo PB;Intermares;@-7.0477,-34.8456,15z;excluded_category_or_name
rejected;DM Caffe;Cafeteria;Av. Gov. Argemiro de Figueiredo, 3197a - Jardim Oceania, João Pessoa - PB, 58037-030;4.8;247;ChIJRVlJzNnDrAcRa808gqR2TmU;https://www.google.com/maps/place/?q=place_id:ChIJRVlJzNnDrAcRa808gqR2TmU;cafeteria Cabedelo PB;Intermares;@-7.0477,-34.8456,15z;excluded_category_or_name
already_in_database;Medellín Café(São Braz Expresso);Cafeteria;Estrada de Cabedelo, KM13,5, R. Praia do Bessa, João Pessoa - PB, 58037-325;3.4;41;ChIJmYckIO3drAcRHY1JjnbhsP0;https://www.google.com/maps/place/?q=place_id:ChIJmYckIO3drAcRHY1JjnbhsP0;cafeteria Cabedelo PB;Intermares;@-7.0477,-34.8456,15z;already_in_database
rejected;Panificadora Intermares;Padaria;Av. Oceano Índico, 375 - Intermares, Cabedelo - PB, 58102-222;4.1;82;ChIJQ50DHaLfrAcRSavcugBsAmM;https://www.google.com/maps/place/?q=place_id:ChIJQ50DHaLfrAcRSavcugBsAmM;cafeteria Cabedelo PB;Intermares;@-7.0477,-34.8456,15z;excluded_category_or_name
already_in_database;Lovina Ponta de Campina | Bar | Restaurante em Cabedelo;Restaurante;R. Vitorino Cardoso, 908 - Ponta de Campina, Cabedelo - PB, 58101-510;4.4;10742;ChIJdbKCxUTerAcRNmBt0eRrdX8;https://www.google.com/maps/place/?q=place_id:ChIJdbKCxUTerAcRNmBt0eRrdX8;bar restaurante Cabedelo PB;Intermares;@-7.0477,-34.8456,15z;already_in_database
rejected;TreeHouse Bar Lounge - Por do sol João Pessoa;Bar;R. Pôr do Sol, s/n, Cabedelo - PB, 58310-000;4.5;1125;ChIJ33JsoxverAcRwnzfHW9fJTI;https://www.google.com/maps/place/?q=place_id:ChIJ33JsoxverAcRwnzfHW9fJTI;bar restaurante Cabedelo PB;Intermares;@-7.0477,-34.8456,15z;excluded_category_or_name
already_in_database;Numar Bar e Restaurante;Bar;Av. Oceano Atlântico, 878 - Intermares, Cabedelo - PB, 58310-000;4.5;1370;ChIJ29wxE1zfrAcRAXclbUaSW8w;https://www.google.com/maps/place/?q=place_id:ChIJ29wxE1zfrAcRAXclbUaSW8w;bar restaurante Cabedelo PB;Intermares;@-7.0477,-34.8456,15z;already_in_database
already_in_database;Cibelly Bar & Restaurante;Bar e restaurante de ostras;Rua Luna Pedrosa, 1260 - Poço, Cabedelo - PB, 58101-574;4.1;4295;ChIJ63V170_erAcRZ2vvWZseSgE;https://www.google.com/maps/place/?q=place_id:ChIJ63V170_erAcRZ2vvWZseSgE;bar restaurante Cabedelo PB;Intermares;@-7.0477,-34.8456,15z;already_in_database
already_in_database;Restaurante Recanto do Picuí Intermares;Restaurante;R. Golfo Sidra, 72 - Intermares, Cabedelo - PB, 58310-000;4.5;1267;ChIJ7xU6NRLerAcRpPuWqjv1L7c;https://www.google.com/maps/place/?q=place_id:ChIJ7xU6NRLerAcRpPuWqjv1L7c;bar restaurante Cabedelo PB;Intermares;@-7.0477,-34.8456,15z;already_in_database
already_in_database;BAR DO CHEFF RESTAURANTE;Bar com música ao vivo;Av. Mar Vermelho, 357 - Lj 12 - Intermares, Cabedelo - PB, 58310-120;4.5;244;ChIJ__-7wQ3erAcRTH9HHjOgYLo;https://www.google.com/maps/place/?q=place_id:ChIJ__-7wQ3erAcRTH9HHjOgYLo;bar restaurante Cabedelo PB;Intermares;@-7.0477,-34.8456,15z;already_in_database
rejected;Badionaldo;Bar;R. Vitorino Cardoso, 780 - Lot. Vitorino Cardoso, Cabedelo - PB, 58101-510;3.7;111;ChIJLV_DEEPfrAcRnoTIdvp3Ch0;https://www.google.com/maps/place/?q=place_id:ChIJLV_DEEPfrAcRnoTIdvp3Ch0;bar restaurante Cabedelo PB;Intermares;@-7.0477,-34.8456,15z;not_clearly_food_establishment
already_in_database;Sax Café - Por do Sol da Praia do Jacaré Cabedelo/PB;Restaurante;Pôr do Sol, R. Praia do Jacaré, Cabedelo - PB, 58310-000;4.5;102;ChIJ42uw2z3frAcRpvqGhKXp_LM;https://www.google.com/maps/place/?q=place_id:ChIJ42uw2z3frAcRpvqGhKXp_LM;bar restaurante Cabedelo PB;Intermares;@-7.0477,-34.8456,15z;already_in_database
rejected;Barba Ruiva PB;Bar;Av Oceano Atlântico S/N, Avenida Cassiano da Cunha Nóbrega, 187 - Intermares, Cabedelo - PB, 58100-000;4.2;125;ChIJ9-D_WWkgrQcRTC87LMoHrwI;https://www.google.com/maps/place/?q=place_id:ChIJ9-D_WWkgrQcRTC87LMoHrwI;bar restaurante Cabedelo PB;Intermares;@-7.0477,-34.8456,15z;not_clearly_food_establishment
already_in_database;Cibelly Mar - Restaurante no Por do Sol do Jacaré;Restaurante;Av. Pôr do Sol, R. Praia do Jacaré, Cabedelo - PB, 58310-000;3.8;77;ChIJh1rDEOrfrAcREB0gWWe41S8;https://www.google.com/maps/place/?q=place_id:ChIJh1rDEOrfrAcREB0gWWe41S8;bar restaurante Cabedelo PB;Intermares;@-7.0477,-34.8456,15z;already_in_database
already_in_database;Espetinho da praia Intermares;Restaurante;Av. Oceano Atlântico, 1972 - Intermares, Cabedelo - PB, 58310-000;4.4;772;ChIJE-mcRMTfrAcRBThGnfI6x2c;https://www.google.com/maps/place/?q=place_id:ChIJE-mcRMTfrAcRBThGnfI6x2c;bar restaurante Cabedelo PB;Intermares;@-7.0477,-34.8456,15z;already_in_database
duplicate_in_run;Erste Sonne Cervejaria Independente;Microcervejaria;R. José Bartolomeu Cabral, 40 - Jardim America, Cabedelo - PB, 58102-566;4.8;119;ChIJ_WjNaO7drAcRMt7pzVwopjI;https://www.google.com/maps/place/?q=place_id:ChIJ_WjNaO7drAcRMt7pzVwopjI;bar restaurante Cabedelo PB;Intermares;@-7.0477,-34.8456,15z;duplicate_in_run
rejected;Vierbrauer;Microcervejaria;Av. Pres. Delfim Moreira, no 99 - Jardim America, Cabedelo - PB, 58310-000;4.7;552;ChIJqStV8ubdrAcRlLGluFL9bII;https://www.google.com/maps/place/?q=place_id:ChIJqStV8ubdrAcRlLGluFL9bII;bar restaurante Cabedelo PB;Intermares;@-7.0477,-34.8456,15z;not_clearly_food_establishment
already_in_database;Ancoradouro Ponta de Campina;Restaurante;R. Henrique Siqueira, 242 - Ponta de Campina, Cabedelo - PB, 58310-000;3.9;495;ChIJZ2RoyxLfrAcRupeEWBQrnEc;https://www.google.com/maps/place/?q=place_id:ChIJZ2RoyxLfrAcRupeEWBQrnEc;bar restaurante Cabedelo PB;Intermares;@-7.0477,-34.8456,15z;already_in_database
already_in_database;Kubanacan Bar e Restaurante;Restaurante;R. Julieta Viana, 103 - Camboinha, Cabedelo - PB, 58101-375;4.8;108;ChIJJZe3-g3frAcRPD9qTI1nWYM;https://www.google.com/maps/place/?q=place_id:ChIJJZe3-g3frAcRPD9qTI1nWYM;bar restaurante Cabedelo PB;Intermares;@-7.0477,-34.8456,15z;already_in_database
duplicate_in_run;Oliver Grill e Espetos;Restaurante brasileiro;Av. Oceano Índico, 928 - Intermares, Cabedelo - PB, 58102-222;4.9;54;ChIJf5cN1cDfrAcRCKHM1M2eY_Y;https://www.google.com/maps/place/?q=place_id:ChIJf5cN1cDfrAcRCKHM1M2eY_Y;bar restaurante Cabedelo PB;Intermares;@-7.0477,-34.8456,15z;duplicate_in_run
rejected;Arena Meat House;Bar e Grill;BR-230, Km 10 - Lot. Bela Vista, Cabedelo - PB, 58102-970;5;27;ChIJCaRZ6I3frAcRu_sSIMT6siA;https://www.google.com/maps/place/?q=place_id:ChIJCaRZ6I3frAcRu_sSIMT6siA;bar restaurante Cabedelo PB;Intermares;@-7.0477,-34.8456,15z;not_clearly_food_establishment
rejected;Terraço de Taypa;Bar;R. Clodoaldo Gouveia, 202 - Praia Do Jacare, Cabedelo - PB, 58101-323;4.9;88;ChIJ8YQVFgDfrAcRPAPhKKahj8Y;https://www.google.com/maps/place/?q=place_id:ChIJ8YQVFgDfrAcRPAPhKKahj8Y;bar restaurante Cabedelo PB;Intermares;@-7.0477,-34.8456,15z;not_clearly_food_establishment
accepted;Primo Rico;Restaurante self-service;Av. Oceano Atlântico, S/N - Intermares, Cabedelo - PB, 58102-236;4.3;903;ChIJ7aVpYzjfrAcRexvAqkdbRwU;https://www.google.com/maps/place/?q=place_id:ChIJ7aVpYzjfrAcRexvAqkdbRwU;bar restaurante Cabedelo PB;Intermares;@-7.0477,-34.8456,15z;food_scope
accepted;Mirante Lounge;Restaurante;R. Jair Cunha Cavalcanti - Jacaré, Cabedelo - PB, 58105-700;4.8;4;ChIJhToWNbrfrAcRhRAkuZdTfLE;https://www.google.com/maps/place/?q=place_id:ChIJhToWNbrfrAcRhRAkuZdTfLE;bar restaurante Cabedelo PB;Intermares;@-7.0477,-34.8456,15z;food_scope
already_in_database;Lovina Ponta de Campina | Bar | Restaurante em Cabedelo;Restaurante;R. Vitorino Cardoso, 908 - Ponta de Campina, Cabedelo - PB, 58101-510;4.4;10742;ChIJdbKCxUTerAcRNmBt0eRrdX8;https://www.google.com/maps/place/?q=place_id:ChIJdbKCxUTerAcRNmBt0eRrdX8;restaurantes Cabedelo PB;Bessa/Intermares limite;@-7.0606,-34.8494,15z;already_in_database
already_in_database;Sax Café - Por do Sol da Praia do Jacaré Cabedelo/PB;Restaurante;Pôr do Sol, R. Praia do Jacaré, Cabedelo - PB, 58310-000;4.5;102;ChIJ42uw2z3frAcRpvqGhKXp_LM;https://www.google.com/maps/place/?q=place_id:ChIJ42uw2z3frAcRpvqGhKXp_LM;restaurantes Cabedelo PB;Bessa/Intermares limite;@-7.0606,-34.8494,15z;already_in_database
already_in_database;Restaurante Recanto do Picuí Intermares;Restaurante;R. Golfo Sidra, 72 - Intermares, Cabedelo - PB, 58310-000;4.5;1267;ChIJ7xU6NRLerAcRpPuWqjv1L7c;https://www.google.com/maps/place/?q=place_id:ChIJ7xU6NRLerAcRpPuWqjv1L7c;restaurantes Cabedelo PB;Bessa/Intermares limite;@-7.0606,-34.8494,15z;already_in_database
already_in_database;Numar Bar e Restaurante;Bar;Av. Oceano Atlântico, 878 - Intermares, Cabedelo - PB, 58310-000;4.5;1370;ChIJ29wxE1zfrAcRAXclbUaSW8w;https://www.google.com/maps/place/?q=place_id:ChIJ29wxE1zfrAcRAXclbUaSW8w;restaurantes Cabedelo PB;Bessa/Intermares limite;@-7.0606,-34.8494,15z;already_in_database
accepted;Bras Coffee;Lanchonete;Av. Maria José Alexandre de Lucena, 154 - Jardim America, Cabedelo - PB, 58102-600;5;25;ChIJAdd4IcndrAcRjaRIrBDA0Ww;https://www.google.com/maps/place/?q=place_id:ChIJAdd4IcndrAcRjaRIrBDA0Ww;restaurantes Cabedelo PB;Bessa/Intermares limite;@-7.0606,-34.8494,15z;food_scope
already_in_database;Big Jack comida de rua com INSPIRAÇÃO texana;Churrascaria;Av. Mar Vermelho, QUADRA 12 - LOTE 01 - Intermares, Cabedelo - PB, 58102-120;4.8;353;ChIJCTY1v6rfrAcRD3ZYZu4I32E;https://www.google.com/maps/place/?q=place_id:ChIJCTY1v6rfrAcRD3ZYZu4I32E;restaurantes Cabedelo PB;Bessa/Intermares limite;@-7.0606,-34.8494,15z;already_in_database
already_in_database;Restaurante mar de amor;Restaurante;Av. Pôr do Sol - Portal do Poço, Cabedelo - PB, 58310-000;5;1;ChIJ8z63XQDfrAcR1_XtXHa0rRQ;https://www.google.com/maps/place/?q=place_id:ChIJ8z63XQDfrAcR1_XtXHa0rRQ;restaurantes Cabedelo PB;Bessa/Intermares limite;@-7.0606,-34.8494,15z;already_in_database
duplicate_in_run;Tapiocaria do Dinho;Restaurante brasileiro;Av. Ambrósio Miranda de Araújo - Renascer, Cabedelo - PB, 58033-455;4.6;154;ChIJZyUKWFjdrAcRuY-QSDtiyL8;https://www.google.com/maps/place/?q=place_id:ChIJZyUKWFjdrAcRuY-QSDtiyL8;restaurantes Cabedelo PB;Bessa/Intermares limite;@-7.0606,-34.8494,15z;duplicate_in_run
duplicate_in_run;Tempero De Casa;Restaurante;R. Maurício de Alençar Cavalcante - Jardim America, Cabedelo - PB, 58310-000;4.5;65;ChIJlzh1S-zdrAcRiCUL7fIKsMI;https://www.google.com/maps/place/?q=place_id:ChIJlzh1S-zdrAcRiCUL7fIKsMI;restaurantes Cabedelo PB;Bessa/Intermares limite;@-7.0606,-34.8494,15z;duplicate_in_run
already_in_database;Espetinho da praia Intermares;Restaurante brasileiro;Av. Oceano Atlântico, 1972 - Intermares, Cabedelo - PB, 58310-000;4.4;772;ChIJE-mcRMTfrAcRBThGnfI6x2c;https://www.google.com/maps/place/?q=place_id:ChIJE-mcRMTfrAcRBThGnfI6x2c;restaurantes Cabedelo PB;Bessa/Intermares limite;@-7.0606,-34.8494,15z;already_in_database
already_in_database;A Casa do Temakinho;Restaurante de sushi;Av. Mar da Irlanda, 222 - Intermares, Cabedelo - PB, 58310-000;4.9;150;ChIJK77pAsvfrAcRDJoNP1VhTVo;https://www.google.com/maps/place/?q=place_id:ChIJK77pAsvfrAcRDJoNP1VhTVo;restaurantes Cabedelo PB;Bessa/Intermares limite;@-7.0606,-34.8494,15z;already_in_database
already_in_database;Intermares;Praia;Cabedelo - PB, 58102-256;4.7;4175;ChIJS_1_YAverAcR-yk3spzQr0E;https://www.google.com/maps/place/?q=place_id:ChIJS_1_YAverAcR-yk3spzQr0E;restaurantes Cabedelo PB;Bessa/Intermares limite;@-7.0606,-34.8494,15z;already_in_database
duplicate_in_run;Galeteria D'intermares;Restaurante de carne;R. Golfo Veneza, 28 - Intermares, Cabedelo - PB, 58102-122;4.1;470;ChIJu2aD0g7erAcRzicvJXx-8yI;https://www.google.com/maps/place/?q=place_id:ChIJu2aD0g7erAcRzicvJXx-8yI;restaurantes Cabedelo PB;Bessa/Intermares limite;@-7.0606,-34.8494,15z;duplicate_in_run
already_in_database;Ancoradouro Ponta de Campina;Restaurante;R. Henrique Siqueira, 242 - Ponta de Campina, Cabedelo - PB, 58310-000;3.9;495;ChIJZ2RoyxLfrAcRupeEWBQrnEc;https://www.google.com/maps/place/?q=place_id:ChIJZ2RoyxLfrAcRupeEWBQrnEc;restaurantes Cabedelo PB;Bessa/Intermares limite;@-7.0606,-34.8494,15z;already_in_database
rejected;Tapioca Da Cleide- Onda Mar;Lanchonete;Onda Mar Praia Shopping, 58102-120, Av. Mar Vermelho, 357 - Intermares, Cabedelo - PB, 58102-120;4.5;51;ChIJDcsJwQ3erAcR04pQAVkyyEM;https://www.google.com/maps/place/?q=place_id:ChIJDcsJwQ3erAcR04pQAVkyyEM;restaurantes Cabedelo PB;Bessa/Intermares limite;@-7.0606,-34.8494,15z;excluded_category_or_name
duplicate_in_run;Oliver Grill e Espetos;Restaurante brasileiro;Av. Oceano Índico, 928 - Intermares, Cabedelo - PB, 58102-222;4.9;54;ChIJf5cN1cDfrAcRCKHM1M2eY_Y;https://www.google.com/maps/place/?q=place_id:ChIJf5cN1cDfrAcRCKHM1M2eY_Y;restaurantes Cabedelo PB;Bessa/Intermares limite;@-7.0606,-34.8494,15z;duplicate_in_run
duplicate_in_run;Primo Rico;Restaurante self-service;Av. Oceano Atlântico, S/N - Intermares, Cabedelo - PB, 58102-236;4.3;903;ChIJ7aVpYzjfrAcRexvAqkdbRwU;https://www.google.com/maps/place/?q=place_id:ChIJ7aVpYzjfrAcRexvAqkdbRwU;restaurantes Cabedelo PB;Bessa/Intermares limite;@-7.0606,-34.8494,15z;duplicate_in_run
duplicate_in_run;Tapiocaria da zeti;Lanchonete;Av. Pôr do Sol, Cabedelo - PB, 58310-000;5;20;ChIJYwNhcVnfrAcRJ4jZPLua8uw;https://www.google.com/maps/place/?q=place_id:ChIJYwNhcVnfrAcRJ4jZPLua8uw;restaurantes Cabedelo PB;Bessa/Intermares limite;@-7.0606,-34.8494,15z;duplicate_in_run
rejected;Moman Cozinha Contemporânea;Restaurante;Rua Prefeito Joaquim Gonçalves de Assis, 50 - Lj 11 - Jardim Oceania, João Pessoa - PB, 58037-645;4.2;667;ChIJSUorIafdrAcRQrpap0-rPcU;https://www.google.com/maps/place/?q=place_id:ChIJSUorIafdrAcRQrpap0-rPcU;restaurantes Cabedelo PB;Bessa/Intermares limite;@-7.0606,-34.8494,15z;outside_cabedelo_or_location_uncertain
already_in_database;BAR DO CHEFF RESTAURANTE;Bar com música ao vivo;Av. Mar Vermelho, 357 - Lj 12 - Intermares, Cabedelo - PB, 58310-120;4.5;244;ChIJ__-7wQ3erAcRTH9HHjOgYLo;https://www.google.com/maps/place/?q=place_id:ChIJ__-7wQ3erAcRTH9HHjOgYLo;restaurantes Cabedelo PB;Bessa/Intermares limite;@-7.0606,-34.8494,15z;already_in_database
already_in_database;Pizza Família Cipriano;Pizzaria;R. Golfo Danzig, 56 - Intermares, Cabedelo - PB, 58102-133;5;13;ChIJBw8J2x3frAcR-t64wKV4XEg;https://www.google.com/maps/place/?q=place_id:ChIJBw8J2x3frAcR-t64wKV4XEg;pizzaria Cabedelo PB;Bessa/Intermares limite;@-7.0606,-34.8494,15z;already_in_database
already_in_database;Pizza Now - Intermares;Delivery de Pizza;Av. Oceano Atlântico, 1592 - Lj 14 - Ponta de Campina, Cabedelo - PB, 58101-650;4.5;200;ChIJC3rzCDHdrAcRGYF3vwcOan8;https://www.google.com/maps/place/?q=place_id:ChIJC3rzCDHdrAcRGYF3vwcOan8;pizzaria Cabedelo PB;Bessa/Intermares limite;@-7.0606,-34.8494,15z;already_in_database
already_in_database;Mega Pizza;Pizzaria;Av. Mar Vermelho, 357 - Intermares, Cabedelo - PB, 58310-000;4;506;ChIJP6gJ7w3erAcRPbZmhVXL0gQ;https://www.google.com/maps/place/?q=place_id:ChIJP6gJ7w3erAcRPbZmhVXL0gQ;pizzaria Cabedelo PB;Bessa/Intermares limite;@-7.0606,-34.8494,15z;already_in_database
already_in_database;Magela Pizzaria;Pizzaria;Av. Oceano Atlântico, 1000 - Intermares, Cabedelo - PB, 58102-252;5;2;ChIJ0aI-RwDfrAcRPYtznRfJu_M;https://www.google.com/maps/place/?q=place_id:ChIJ0aI-RwDfrAcRPYtznRfJu_M;pizzaria Cabedelo PB;Bessa/Intermares limite;@-7.0606,-34.8494,15z;already_in_database
already_in_database;Pizzaria Bom Sabor;Pizzaria;R. Jair Cunha Cavalcanti, 248 - Lot. Oceania, Cabedelo - PB, 58105-700;4;134;ChIJJwFhsjXfrAcR5WUPKUu6Li8;https://www.google.com/maps/place/?q=place_id:ChIJJwFhsjXfrAcR5WUPKUu6Li8;pizzaria Cabedelo PB;Bessa/Intermares limite;@-7.0606,-34.8494,15z;already_in_database
already_in_database;Hora Da Pizza;Pizzaria;R. Arco Íris, 113 - Lot. Oceania VI, Cabedelo - PB, 58105-514;5;13;ChIJd8aACALfrAcR-y1kMx11Rs8;https://www.google.com/maps/place/?q=place_id:ChIJd8aACALfrAcR-y1kMx11Rs8;pizzaria Cabedelo PB;Bessa/Intermares limite;@-7.0606,-34.8494,15z;already_in_database
duplicate_in_run;Bebel & Jó Pizzaria;Restaurante;Av. Ambrósio Miranda de Araújo - Renascer, Cabedelo - PB, 58310-000;5;1;ChIJV1vGm4zdrAcRQbCh2jh_K7w;https://www.google.com/maps/place/?q=place_id:ChIJV1vGm4zdrAcRQbCh2jh_K7w;pizzaria Cabedelo PB;Bessa/Intermares limite;@-7.0606,-34.8494,15z;duplicate_in_run
duplicate_in_run;Renapizza;Pizzaria;R. São Sebastião - Renascer, Cabedelo - PB, 58108-328;5;3;ChIJGf6COs3drAcRRL4pQtCrayw;https://www.google.com/maps/place/?q=place_id:ChIJGf6COs3drAcRRL4pQtCrayw;pizzaria Cabedelo PB;Bessa/Intermares limite;@-7.0606,-34.8494,15z;duplicate_in_run
rejected;Pimenta Nativa Forneria;Pizzaria;Av. Fernando Luiz Henriques dos Santos, 2468 - Jardim Oceania, João Pessoa - PB, 58037-051;4.5;2187;ChIJ78x3hbndrAcRddIz1QOII5E;https://www.google.com/maps/place/?q=place_id:ChIJ78x3hbndrAcRddIz1QOII5E;pizzaria Cabedelo PB;Bessa/Intermares limite;@-7.0606,-34.8494,15z;outside_cabedelo_or_location_uncertain
rejected;TreeHouse Bar Lounge - Por do sol João Pessoa;Bar;R. Pôr do Sol, s/n, Cabedelo - PB, 58310-000;4.5;1125;ChIJ33JsoxverAcRwnzfHW9fJTI;https://www.google.com/maps/place/?q=place_id:ChIJ33JsoxverAcRwnzfHW9fJTI;pizzaria Cabedelo PB;Bessa/Intermares limite;@-7.0606,-34.8494,15z;excluded_category_or_name
accepted;Pizzaria nock_nhock;Pizza para levar;R. Airton Sena, 27 - Lot. Parque Esperanca, Cabedelo - PB, 58310-000;5;6;ChIJ9brdaqTdrAcR2cplnet7yCw;https://www.google.com/maps/place/?q=place_id:ChIJ9brdaqTdrAcR2cplnet7yCw;pizzaria Cabedelo PB;Bessa/Intermares limite;@-7.0606,-34.8494,15z;food_scope
accepted;Varanda da pizza Delivery;Delivery de Pizza;R. Das Hortências - Parque Esperança, Cabedelo - PB, 58108-533;5;5;ChIJryjVhQ7drAcRTEjnynviKdM;https://www.google.com/maps/place/?q=place_id:ChIJryjVhQ7drAcRTEjnynviKdM;pizzaria Cabedelo PB;Bessa/Intermares limite;@-7.0606,-34.8494,15z;food_scope
already_in_database;Pizzaria Jacaré;Pizzaria;R. Arco Íris, 250 - Lot. Oceania VI, Cabedelo - PB, 58310-000;4.5;59;ChIJLSlV8DrerAcRdEpwqq-GS2Y;https://www.google.com/maps/place/?q=place_id:ChIJLSlV8DrerAcRdEpwqq-GS2Y;pizzaria Cabedelo PB;Bessa/Intermares limite;@-7.0606,-34.8494,15z;already_in_database
rejected;Pizzaria Dom Rafael;Pizzaria;Empresarial Sales Center, Av. Pres. Nilo Peçanha, 211 - Lj 1 - Bessa, João Pessoa - PB, 58102-586;4.6;166;ChIJvXdSa-rdrAcR86lykGaPlgo;https://www.google.com/maps/place/?q=place_id:ChIJvXdSa-rdrAcR86lykGaPlgo;pizzaria Cabedelo PB;Bessa/Intermares limite;@-7.0606,-34.8494,15z;outside_cabedelo_or_location_uncertain
accepted;China Mix e Pizzaria;Restaurante;R. Orquídeas, 17 - Lot. Parque Esperanca, Cabedelo - PB, 58310-000;3.7;3;ChIJY74d6JndrAcREiCj64vFzvg;https://www.google.com/maps/place/?q=place_id:ChIJY74d6JndrAcREiCj64vFzvg;pizzaria Cabedelo PB;Bessa/Intermares limite;@-7.0606,-34.8494,15z;food_scope
rejected;Maria Pimenta Pizzaria;Pizzaria;R. Francisco Leocádio Ribeiro Coutinho, 353 - Aeroclube, João Pessoa - PB, 58036-450;4.4;1955;ChIJpZzT3p7drAcRhMzZY-ErHiQ;https://www.google.com/maps/place/?q=place_id:ChIJpZzT3p7drAcRhMzZY-ErHiQ;pizzaria Cabedelo PB;Bessa/Intermares limite;@-7.0606,-34.8494,15z;outside_cabedelo_or_location_uncertain
rejected;Sorelle Pizzaria;Pizzaria;R. Dr. Cândido da Nóbrega Ferreira, 217 - Aeroclube, João Pessoa - PB, 58036-440;5;22;ChIJ7fviQEvdrAcRbt3yyFl3rLY;https://www.google.com/maps/place/?q=place_id:ChIJ7fviQEvdrAcRbt3yyFl3rLY;pizzaria Cabedelo PB;Bessa/Intermares limite;@-7.0606,-34.8494,15z;outside_cabedelo_or_location_uncertain
already_in_database;Restaurante Recanto do Picuí Intermares;Restaurante;R. Golfo Sidra, 72 - Intermares, Cabedelo - PB, 58310-000;4.5;1267;ChIJ7xU6NRLerAcRpPuWqjv1L7c;https://www.google.com/maps/place/?q=place_id:ChIJ7xU6NRLerAcRpPuWqjv1L7c;pizzaria Cabedelo PB;Bessa/Intermares limite;@-7.0606,-34.8494,15z;already_in_database
already_in_database;Center Pizza Cabedelo;Pizzaria;R. Duque de Caxias, 189 - Centro, Cabedelo - PB, 58310-000;5;18;ChIJUeGTJwAhrQcRnfODfBzcelE;https://www.google.com/maps/place/?q=place_id:ChIJUeGTJwAhrQcRnfODfBzcelE;pizzaria Cabedelo PB;Bessa/Intermares limite;@-7.0606,-34.8494,15z;already_in_database
rejected;Restaurante e Cachaçaria Dona Branca;Pizzaria;Av. Gov. Argemiro de Figueiredo, 1223 - Jardim Oceania, João Pessoa - PB, 58037-030;4.3;7256;ChIJv_ppoqbdrAcR2hs1O05E558;https://www.google.com/maps/place/?q=place_id:ChIJv_ppoqbdrAcR2hs1O05E558;pizzaria Cabedelo PB;Bessa/Intermares limite;@-7.0606,-34.8494,15z;outside_cabedelo_or_location_uncertain
already_in_database;Big Jack comida de rua com INSPIRAÇÃO texana;Churrascaria;Av. Mar Vermelho, QUADRA 12 - LOTE 01 - Intermares, Cabedelo - PB, 58102-120;4.8;353;ChIJCTY1v6rfrAcRD3ZYZu4I32E;https://www.google.com/maps/place/?q=place_id:ChIJCTY1v6rfrAcRD3ZYZu4I32E;hamburgueria Cabedelo PB;Bessa/Intermares limite;@-7.0606,-34.8494,15z;already_in_database
already_in_database;Oxi Burguer Cabedelo;Hamburgueria;R. Maria das Neves Silva - Ponta de Campina, Cabedelo - PB, 58101-660;5;31;ChIJ-3vOhY7frAcRyc0HXHjB-zo;https://www.google.com/maps/place/?q=place_id:ChIJ-3vOhY7frAcRyc0HXHjB-zo;hamburgueria Cabedelo PB;Bessa/Intermares limite;@-7.0606,-34.8494,15z;already_in_database
already_in_database;Seu Jerônimo;Hamburgueria;R. Virginia Maria Nogueira Gadelha Pimentel - Lot. Bela Vista, Cabedelo - PB, 58310-000;5;13;ChIJWVZmZADdrAcRKTJks1JgeWU;https://www.google.com/maps/place/?q=place_id:ChIJWVZmZADdrAcRKTJks1JgeWU;hamburgueria Cabedelo PB;Bessa/Intermares limite;@-7.0606,-34.8494,15z;already_in_database
already_in_database;Route Hot Dogs;Hamburgueria;Av. Mar das Antilhas - Intermares, Cabedelo - PB, 58102-212;5;45;ChIJu6yeCaTfrAcRfb31UenQ2FI;https://www.google.com/maps/place/?q=place_id:ChIJu6yeCaTfrAcRfb31UenQ2FI;hamburgueria Cabedelo PB;Bessa/Intermares limite;@-7.0606,-34.8494,15z;already_in_database
duplicate_in_run;Caribe burger;Lanchonete;Rodovia 230 km 13,2 anexo 1, Bessa, Cabedelo - PB, 58102-800;5;1;ChIJNQuuVHfdrAcRH3GYCGlWdfw;https://www.google.com/maps/place/?q=place_id:ChIJNQuuVHfdrAcRH3GYCGlWdfw;hamburgueria Cabedelo PB;Bessa/Intermares limite;@-7.0606,-34.8494,15z;duplicate_in_run
already_in_database;Ravellas - Food Truck;Hamburgueria;Rua Clóvis de Holanda Calado - Intermares, Cabedelo - PB, 58102-335;5;5;ChIJCQyRIcvdrAcRu26vxSLBThs;https://www.google.com/maps/place/?q=place_id:ChIJCQyRIcvdrAcRu26vxSLBThs;hamburgueria Cabedelo PB;Bessa/Intermares limite;@-7.0606,-34.8494,15z;already_in_database
rejected;A Ferro Y Fogo Churrasco & Burger Artesanal na Brasa;Restaurante brasileiro;Av. Oceano Atlântico, 1592 - Shopping GetMall - Ponta de Campina, Cabedelo - PB, 58101-650;3.9;39;ChIJNWudC1nfrAcRZp_VOIvsXTQ;https://www.google.com/maps/place/?q=place_id:ChIJNWudC1nfrAcRZp_VOIvsXTQ;hamburgueria Cabedelo PB;Bessa/Intermares limite;@-7.0606,-34.8494,15z;excluded_category_or_name
rejected;Hambúrguer Do Caju | Na Brasa;Hamburgueria;Praça do Caju, Av. Pres. Nilo Peçanha - Bessa, João Pessoa - PB, 58102-586;5;20;ChIJlfyfMnvdrAcRaO_6W8JdwlU;https://www.google.com/maps/place/?q=place_id:ChIJlfyfMnvdrAcRaO_6W8JdwlU;hamburgueria Cabedelo PB;Bessa/Intermares limite;@-7.0606,-34.8494,15z;outside_cabedelo_or_location_uncertain
already_in_database;Eu Quero Burguer;Hamburgueria;Praça Bela Vista de Intermares, Intermares, Cabedelo - PB, 58102-302;3;10;ChIJJcEkMkzfrAcRnRtjQM7OQy0;https://www.google.com/maps/place/?q=place_id:ChIJJcEkMkzfrAcRnRtjQM7OQy0;hamburgueria Cabedelo PB;Bessa/Intermares limite;@-7.0606,-34.8494,15z;already_in_database
rejected;GETMall;Hamburgueria;Av. Oceano Atlântico, 1592 - Ponta de Campina, Cabedelo - PB, 58310-000;4.3;103;ChIJX7HMo6rdrAcRCeFWODir8Rw;https://www.google.com/maps/place/?q=place_id:ChIJX7HMo6rdrAcRCeFWODir8Rw;hamburgueria Cabedelo PB;Bessa/Intermares limite;@-7.0606,-34.8494,15z;excluded_category_or_name
already_in_database;TCF - The Cheeseburguer Factory - Unidade Cabedelo;Lanchonete;Av. Oceano Atlântico, 1592 - Sl A15 - Ponta de Campina, Cabedelo - PB, 58310-000;4.1;13;ChIJ17zIKW_drAcRpW44MoCAPKM;https://www.google.com/maps/place/?q=place_id:ChIJ17zIKW_drAcRpW44MoCAPKM;hamburgueria Cabedelo PB;Bessa/Intermares limite;@-7.0606,-34.8494,15z;already_in_database
rejected;Seu Biu - Hambúrguer Artesanal;Hamburgueria;Shopping Ponce de Leon, R. Severino Nicolau de Melo, 700 - Jardim Oceania, João Pessoa - PB, 58037-700;4.8;178;ChIJt5wLrfTdrAcROnB1agLLVKA;https://www.google.com/maps/place/?q=place_id:ChIJt5wLrfTdrAcROnB1agLLVKA;hamburgueria Cabedelo PB;Bessa/Intermares limite;@-7.0606,-34.8494,15z;excluded_category_or_name
duplicate_in_run;Burguer Hall;Hamburgueria;R. Maurício de Alençar Cavalcante - bessa, Cabedelo - PB, 58102-552;5;1;ChIJn5l8jiLdrAcRC0sy1cAQjNk;https://www.google.com/maps/place/?q=place_id:ChIJn5l8jiLdrAcRC0sy1cAQjNk;hamburgueria Cabedelo PB;Bessa/Intermares limite;@-7.0606,-34.8494,15z;duplicate_in_run
duplicate_in_run;Sonne Haus Hambúrgueria;Bar;R. José Bartolomeu Cabral, 40 - Jardim America, Cabedelo - PB, 58035-320;5;33;ChIJU2L8NADdrAcRKkTMbkfH-wA;https://www.google.com/maps/place/?q=place_id:ChIJU2L8NADdrAcRKkTMbkfH-wA;hamburgueria Cabedelo PB;Bessa/Intermares limite;@-7.0606,-34.8494,15z;duplicate_in_run
duplicate_in_run;Erste Sonne Cervejaria Independente;Hamburgueria;R. José Bartolomeu Cabral, 40 - Jardim America, Cabedelo - PB, 58102-566;4.8;119;ChIJ_WjNaO7drAcRMt7pzVwopjI;https://www.google.com/maps/place/?q=place_id:ChIJ_WjNaO7drAcRMt7pzVwopjI;hamburgueria Cabedelo PB;Bessa/Intermares limite;@-7.0606,-34.8494,15z;duplicate_in_run
rejected;TBBurger;Hamburgueria;Av. Gov. Argemiro de Figueiredo, 2941 - Jardim Oceania, João Pessoa - PB, 58037-030;4.8;1119;ChIJFWONq1zdrAcRy7Qoh1yvsIY;https://www.google.com/maps/place/?q=place_id:ChIJFWONq1zdrAcRy7Qoh1yvsIY;hamburgueria Cabedelo PB;Bessa/Intermares limite;@-7.0606,-34.8494,15z;outside_cabedelo_or_location_uncertain
rejected;Grelha Rústica;Hamburgueria;Av. Pres. Café Filho, 728 - Bessa, João Pessoa - PB, 58035-170;4.6;46;ChIJw0qw8g7drAcRIY0OBexV6vc;https://www.google.com/maps/place/?q=place_id:ChIJw0qw8g7drAcRIY0OBexV6vc;hamburgueria Cabedelo PB;Bessa/Intermares limite;@-7.0606,-34.8494,15z;outside_cabedelo_or_location_uncertain
accepted;Burger Prime;Hamburgueria;R. Raul Seixas - Renascer, Cabedelo - PB, 58108-122;4.7;3;ChIJTVMjauPdrAcRB5MeIbLtGfU;https://www.google.com/maps/place/?q=place_id:ChIJTVMjauPdrAcRB5MeIbLtGfU;hamburgueria Cabedelo PB;Bessa/Intermares limite;@-7.0606,-34.8494,15z;food_scope
already_in_database;PAULISTA BURGER;Hamburgueria;R. Marizeiro - Portal do Poço, Cabedelo - PB, 58106-106;5;2;ChIJl51YE9DfrAcRuBF9yMwZnqg;https://www.google.com/maps/place/?q=place_id:ChIJl51YE9DfrAcRuBF9yMwZnqg;hamburgueria Cabedelo PB;Bessa/Intermares limite;@-7.0606,-34.8494,15z;already_in_database
rejected;GMC - Garage Motorcycle Club;Hamburgueria;R. Francisco Leocádio Ribeiro Coutinho, 55 - Lj 105 - Aeroclube, João Pessoa - PB, 58036-450;4.6;181;ChIJ95Y6LBLdrAcRG9lhMgoC3Xs;https://www.google.com/maps/place/?q=place_id:ChIJ95Y6LBLdrAcRG9lhMgoC3Xs;hamburgueria Cabedelo PB;Bessa/Intermares limite;@-7.0606,-34.8494,15z;outside_cabedelo_or_location_uncertain
duplicate_in_run;Bras Coffee;Lanchonete;Av. Maria José Alexandre de Lucena, 154 - Jardim America, Cabedelo - PB, 58102-600;5;25;ChIJAdd4IcndrAcRjaRIrBDA0Ww;https://www.google.com/maps/place/?q=place_id:ChIJAdd4IcndrAcRjaRIrBDA0Ww;lanchonete Cabedelo PB;Bessa/Intermares limite;@-7.0606,-34.8494,15z;duplicate_in_run
already_in_database;Big Jack comida de rua com INSPIRAÇÃO texana;Restaurante;Av. Mar Vermelho, QUADRA 12 - LOTE 01 - Intermares, Cabedelo - PB, 58102-120;4.8;353;ChIJCTY1v6rfrAcRD3ZYZu4I32E;https://www.google.com/maps/place/?q=place_id:ChIJCTY1v6rfrAcRD3ZYZu4I32E;lanchonete Cabedelo PB;Bessa/Intermares limite;@-7.0606,-34.8494,15z;already_in_database
duplicate_in_run;Tapiocaria do Dinho;Restaurante;Av. Ambrósio Miranda de Araújo - Renascer, Cabedelo - PB, 58033-455;4.6;154;ChIJZyUKWFjdrAcRuY-QSDtiyL8;https://www.google.com/maps/place/?q=place_id:ChIJZyUKWFjdrAcRuY-QSDtiyL8;lanchonete Cabedelo PB;Bessa/Intermares limite;@-7.0606,-34.8494,15z;duplicate_in_run
already_in_database;Praçaí - Intermares;Lanchonete;Av. Oceano Pacífico, s/n - Intermares, Cabedelo - PB, 58310-000;4.5;238;ChIJ1cAVK23erAcRCUpJ50T3ULs;https://www.google.com/maps/place/?q=place_id:ChIJ1cAVK23erAcRCUpJ50T3ULs;lanchonete Cabedelo PB;Bessa/Intermares limite;@-7.0606,-34.8494,15z;already_in_database
already_in_database;Espetinho da praia Intermares;Restaurante;Av. Oceano Atlântico, 1972 - Intermares, Cabedelo - PB, 58310-000;4.4;772;ChIJE-mcRMTfrAcRBThGnfI6x2c;https://www.google.com/maps/place/?q=place_id:ChIJE-mcRMTfrAcRBThGnfI6x2c;lanchonete Cabedelo PB;Bessa/Intermares limite;@-7.0606,-34.8494,15z;already_in_database
already_in_database;Restaurante Recanto do Picuí Intermares;Restaurante;R. Golfo Sidra, 72 - Intermares, Cabedelo - PB, 58310-000;4.5;1267;ChIJ7xU6NRLerAcRpPuWqjv1L7c;https://www.google.com/maps/place/?q=place_id:ChIJ7xU6NRLerAcRpPuWqjv1L7c;lanchonete Cabedelo PB;Bessa/Intermares limite;@-7.0606,-34.8494,15z;already_in_database
rejected;Tapioca Da Cleide- Onda Mar;Lanchonete;Onda Mar Praia Shopping, 58102-120, Av. Mar Vermelho, 357 - Intermares, Cabedelo - PB, 58102-120;4.5;51;ChIJDcsJwQ3erAcR04pQAVkyyEM;https://www.google.com/maps/place/?q=place_id:ChIJDcsJwQ3erAcR04pQAVkyyEM;lanchonete Cabedelo PB;Bessa/Intermares limite;@-7.0606,-34.8494,15z;excluded_category_or_name
already_in_database;Sax Café - Por do Sol da Praia do Jacaré Cabedelo/PB;Restaurante;Pôr do Sol, R. Praia do Jacaré, Cabedelo - PB, 58310-000;4.5;102;ChIJ42uw2z3frAcRpvqGhKXp_LM;https://www.google.com/maps/place/?q=place_id:ChIJ42uw2z3frAcRpvqGhKXp_LM;lanchonete Cabedelo PB;Bessa/Intermares limite;@-7.0606,-34.8494,15z;already_in_database
already_in_database;Tropical Burgz;Restaurante;Av. Oceano Pacífico - Intermares, Cabedelo - PB, 58102-236;5;30;ChIJL-05NQDfrAcRFfTfZnwteEA;https://www.google.com/maps/place/?q=place_id:ChIJL-05NQDfrAcRFfTfZnwteEA;lanchonete Cabedelo PB;Bessa/Intermares limite;@-7.0606,-34.8494,15z;already_in_database
already_in_database;Coffee Cake Açaiteria;Lanchonete;Av. Oceano Atlântico, 422 - Sala, 04 - Intermares, Cabedelo - PB, 58102-252;4.7;24;ChIJJVjoiEDfrAcRFTg4AQg1nHw;https://www.google.com/maps/place/?q=place_id:ChIJJVjoiEDfrAcRFTg4AQg1nHw;lanchonete Cabedelo PB;Bessa/Intermares limite;@-7.0606,-34.8494,15z;already_in_database
duplicate_in_run;Primo Rico;Restaurante self-service;Av. Oceano Atlântico, S/N - Intermares, Cabedelo - PB, 58102-236;4.3;903;ChIJ7aVpYzjfrAcRexvAqkdbRwU;https://www.google.com/maps/place/?q=place_id:ChIJ7aVpYzjfrAcRexvAqkdbRwU;lanchonete Cabedelo PB;Bessa/Intermares limite;@-7.0606,-34.8494,15z;duplicate_in_run
already_in_database;Lovina Ponta de Campina | Bar | Restaurante em Cabedelo;Restaurante;R. Vitorino Cardoso, 908 - Ponta de Campina, Cabedelo - PB, 58101-510;4.4;10742;ChIJdbKCxUTerAcRNmBt0eRrdX8;https://www.google.com/maps/place/?q=place_id:ChIJdbKCxUTerAcRNmBt0eRrdX8;lanchonete Cabedelo PB;Bessa/Intermares limite;@-7.0606,-34.8494,15z;already_in_database
accepted;Melhor Sabor - Churrascaria e Self-Service;Churrascaria;R. João Clementino Gomes, 638 - Renascer, Cabedelo - PB, 58108-088;4.8;18;ChIJm6UA9qrdrAcR5Z_cuLUAO4k;https://www.google.com/maps/place/?q=place_id:ChIJm6UA9qrdrAcR5Z_cuLUAO4k;lanchonete Cabedelo PB;Bessa/Intermares limite;@-7.0606,-34.8494,15z;food_scope
already_in_database;A Casa do Temakinho;Restaurante;Av. Mar da Irlanda, 222 - Intermares, Cabedelo - PB, 58310-000;4.9;150;ChIJK77pAsvfrAcRDJoNP1VhTVo;https://www.google.com/maps/place/?q=place_id:ChIJK77pAsvfrAcRDJoNP1VhTVo;lanchonete Cabedelo PB;Bessa/Intermares limite;@-7.0606,-34.8494,15z;already_in_database
duplicate_in_run;Tempero De Casa;Restaurante;R. Maurício de Alençar Cavalcante - Jardim America, Cabedelo - PB, 58310-000;4.5;65;ChIJlzh1S-zdrAcRiCUL7fIKsMI;https://www.google.com/maps/place/?q=place_id:ChIJlzh1S-zdrAcRiCUL7fIKsMI;lanchonete Cabedelo PB;Bessa/Intermares limite;@-7.0606,-34.8494,15z;duplicate_in_run
duplicate_in_run;Empadinhas Barnabé - Intermares;Lanchonete;Av. Mar Mediterrâneo - Intermares, Cabedelo - PB, 58102-256;4.5;1029;ChIJaQNSPQ3erAcR5qVhxyOyVfs;https://www.google.com/maps/place/?q=place_id:ChIJaQNSPQ3erAcR5qVhxyOyVfs;lanchonete Cabedelo PB;Bessa/Intermares limite;@-7.0606,-34.8494,15z;duplicate_in_run
duplicate_in_run;Kikão Cachorro Quente;Lanchonete;Av. Mar Vermelho, 185 - Lj 9 - Intermares, Cabedelo - PB, 58310-000;4.5;46;ChIJidxR6g3erAcRdUI4Gzz93yQ;https://www.google.com/maps/place/?q=place_id:ChIJidxR6g3erAcRdUI4Gzz93yQ;lanchonete Cabedelo PB;Bessa/Intermares limite;@-7.0606,-34.8494,15z;duplicate_in_run
already_in_database;Route Hot Dogs;Cachorro-quente;Av. Mar das Antilhas - Intermares, Cabedelo - PB, 58102-212;5;45;ChIJu6yeCaTfrAcRfb31UenQ2FI;https://www.google.com/maps/place/?q=place_id:ChIJu6yeCaTfrAcRfb31UenQ2FI;lanchonete Cabedelo PB;Bessa/Intermares limite;@-7.0606,-34.8494,15z;already_in_database
already_in_database;Açaí Araxá;Lanchonete;Av. Oceano Atlântico, 107 - Lot. Bela Vista, Cabedelo - PB, 58310-000;4.6;55;ChIJm_QnCOffrAcRyXaMtmUtLZk;https://www.google.com/maps/place/?q=place_id:ChIJm_QnCOffrAcRyXaMtmUtLZk;lanchonete Cabedelo PB;Bessa/Intermares limite;@-7.0606,-34.8494,15z;already_in_database
already_in_database;Seu Jerônimo;Hamburgueria;R. Virginia Maria Nogueira Gadelha Pimentel - Lot. Bela Vista, Cabedelo - PB, 58310-000;5;13;ChIJWVZmZADdrAcRKTJks1JgeWU;https://www.google.com/maps/place/?q=place_id:ChIJWVZmZADdrAcRKTJks1JgeWU;lanchonete Cabedelo PB;Bessa/Intermares limite;@-7.0606,-34.8494,15z;already_in_database
already_in_database;Pipa Sushi & Temakeria;Restaurante de sushi;Av. Mar das Antilhas - Intermares, Cabedelo - PB, 58310-000;4.3;292;ChIJm1Mywg3erAcRAs4OIMpvJqk;https://www.google.com/maps/place/?q=place_id:ChIJm1Mywg3erAcRAs4OIMpvJqk;sushi Cabedelo PB;Bessa/Intermares limite;@-7.0606,-34.8494,15z;already_in_database
already_in_database;A Casa do Temakinho;Restaurante;Av. Mar da Irlanda, 222 - Intermares, Cabedelo - PB, 58310-000;4.9;150;ChIJK77pAsvfrAcRDJoNP1VhTVo;https://www.google.com/maps/place/?q=place_id:ChIJK77pAsvfrAcRDJoNP1VhTVo;sushi Cabedelo PB;Bessa/Intermares limite;@-7.0606,-34.8494,15z;already_in_database
already_in_database;Sakê Temakeria Ponta de Campina, Cabedelo;Restaurante japonês;Av. Oceano Atlântico, 1592 - Sl 16 E 17 - Ponta de Campina, Cabedelo - PB, 58310-000;4.7;261;ChIJ2Xj63j_drAcRrllAg3GcmOU;https://www.google.com/maps/place/?q=place_id:ChIJ2Xj63j_drAcRrllAg3GcmOU;sushi Cabedelo PB;Bessa/Intermares limite;@-7.0606,-34.8494,15z;already_in_database
rejected;Novo Oriente Intermares;Restaurante de sushi;Av. Mar Vermelho, 35 - Intermares, Cabedelo - PB, 58102-120;4.2;1378;ChIJN9JFAA7erAcR7c6fN6tma_g;https://www.google.com/maps/place/?q=place_id:ChIJN9JFAA7erAcR7c6fN6tma_g;sushi Cabedelo PB;Bessa/Intermares limite;@-7.0606,-34.8494,15z;excluded_category_or_name
rejected;Uni Sushi Bessa | Teppanyaki, Makimonos, Uramaki e Hot Roll;Restaurante japonês;Parahyba Mall, R. Bacharel José de Oliveira Curchatuz, 850 - Lj 15 - Jardim Oceania, João Pessoa - PB, 58037-432;4.8;21;ChIJOXEnUAfdrAcRARXomgScUgE;https://www.google.com/maps/place/?q=place_id:ChIJOXEnUAfdrAcRARXomgScUgE;sushi Cabedelo PB;Bessa/Intermares limite;@-7.0606,-34.8494,15z;outside_cabedelo_or_location_uncertain
rejected;Rizu Sushi -DELIVERY E TAKE AWAY;Restaurante japonês;R. Ten. Pedro Macedo Lima, 96 - Jardim Oceania, João Pessoa - PB, 58037-462;4.9;38;ChIJJ6Z-zRzdrAcR2Fl8l-fW9hc;https://www.google.com/maps/place/?q=place_id:ChIJJ6Z-zRzdrAcR2Fl8l-fW9hc;sushi Cabedelo PB;Bessa/Intermares limite;@-7.0606,-34.8494,15z;outside_cabedelo_or_location_uncertain
already_in_database;Espaço Do Sushi;Restaurante;R. Juarez Távora - Camalaú, Cabedelo - PB, 58310-000;4.2;33;ChIJLZuM-3YgrQcRxc7_zhcQ3Y0;https://www.google.com/maps/place/?q=place_id:ChIJLZuM-3YgrQcRxc7_zhcQ3Y0;sushi Cabedelo PB;Bessa/Intermares limite;@-7.0606,-34.8494,15z;already_in_database
rejected;HAYTSU JAPANESE FOOD;Restaurante japonês;R. Cel. José Gomes de Sá Filho, 321 - Lj 01 - Jardim Oceania, João Pessoa - PB, 58037-345;4.2;285;ChIJZ7Jv1qPdrAcR3WxZbCfysi8;https://www.google.com/maps/place/?q=place_id:ChIJZ7Jv1qPdrAcR3WxZbCfysi8;sushi Cabedelo PB;Bessa/Intermares limite;@-7.0606,-34.8494,15z;outside_cabedelo_or_location_uncertain
rejected;Juyo cozinha asiatica;Restaurante de sushi;R. Ciclista Marcio Lacerda De Araujo - Jardim Oceania, João Pessoa - PB, 58037-405;4.8;11;ChIJcfOVvczdrAcR4jBibhBCYoc;https://www.google.com/maps/place/?q=place_id:ChIJcfOVvczdrAcR4jBibhBCYoc;sushi Cabedelo PB;Bessa/Intermares limite;@-7.0606,-34.8494,15z;outside_cabedelo_or_location_uncertain
rejected;Sushi Bessa | Restaurante Japonês | João Pessoa;Restaurante japonês;R. Francisco Leocádio Ribeiro Coutinho, 55 - Sl 119 - Aeroclube, João Pessoa - PB, 58036-450;4.5;335;ChIJAQD0_6HdrAcRS98POPgJXUE;https://www.google.com/maps/place/?q=place_id:ChIJAQD0_6HdrAcRS98POPgJXUE;sushi Cabedelo PB;Bessa/Intermares limite;@-7.0606,-34.8494,15z;outside_cabedelo_or_location_uncertain
rejected;Kanpai Sushi Temaki e Cia. Jd. Oceania;Restaurante japonês;R. Bacharel José de Oliveira Curchatuz, 44 - Bessa, João Pessoa - PB, 58037-432;4.8;1056;ChIJ3UsVE_LdrAcRJKDe6P_Xbew;https://www.google.com/maps/place/?q=place_id:ChIJ3UsVE_LdrAcRJKDe6P_Xbew;sushi Cabedelo PB;Bessa/Intermares limite;@-7.0606,-34.8494,15z;outside_cabedelo_or_location_uncertain
rejected;Kanaya Sushi Bar e Comedoria;Restaurante de sushi;R. Francisco Leocádio Ribeiro Coutinho, 630 - Aeroclube, João Pessoa - PB, 58036-450;4.7;18;ChIJQRX2UUHdrAcRHNNY0NjgTJ8;https://www.google.com/maps/place/?q=place_id:ChIJQRX2UUHdrAcRHNNY0NjgTJ8;sushi Cabedelo PB;Bessa/Intermares limite;@-7.0606,-34.8494,15z;outside_cabedelo_or_location_uncertain
rejected;UMI - Culinária Japonesa;Restaurante japonês;R. Francisco Leocádio Ribeiro Coutinho, 353 - Aeroclube, João Pessoa - PB, 58036-450;3.5;27;ChIJueFFQrvdrAcRuZN7RD9ak5k;https://www.google.com/maps/place/?q=place_id:ChIJueFFQrvdrAcRuZN7RD9ak5k;sushi Cabedelo PB;Bessa/Intermares limite;@-7.0606,-34.8494,15z;outside_cabedelo_or_location_uncertain
rejected;Bessa Prime SushiBar e Restaurante;Restaurante;Av. Arthur Monteiro de Paiva, 1001-1219 - Bessa, João Pessoa - PB, 58035-010;4.4;14;ChIJ3QV5bAbdrAcR4iXYq67ISJY;https://www.google.com/maps/place/?q=place_id:ChIJ3QV5bAbdrAcR4iXYq67ISJY;sushi Cabedelo PB;Bessa/Intermares limite;@-7.0606,-34.8494,15z;outside_cabedelo_or_location_uncertain
rejected;Sukasa Sushis e Temakis;Restaurante japonês;R. Lindolfo José Correia das Neves, 447 - Jardim Oceania, João Pessoa - PB, 58037-305;4.7;788;ChIJE5wknuvdrAcRl04hg5r8xWc;https://www.google.com/maps/place/?q=place_id:ChIJE5wknuvdrAcRl04hg5r8xWc;sushi Cabedelo PB;Bessa/Intermares limite;@-7.0606,-34.8494,15z;outside_cabedelo_or_location_uncertain
rejected;Ryori João Pessoa;Restaurante japonês;R. Manoel Arruda Cavalcante, 805 - Manaíra, João Pessoa - PB, 58038-680;4.8;1004;ChIJkc7EagDdrAcRhURBYIpeAqI;https://www.google.com/maps/place/?q=place_id:ChIJkc7EagDdrAcRhURBYIpeAqI;sushi Cabedelo PB;Bessa/Intermares limite;@-7.0606,-34.8494,15z;outside_cabedelo_or_location_uncertain
already_in_database;Sushiyaki Restaurante;Restaurante japonês;R. Ten. Antônio Pontes, 381 - Ponta de Matos, Cabedelo - PB, 58100-645;4.7;10;ChIJoZsj3b7frAcRjoZUr5Cg7Uw;https://www.google.com/maps/place/?q=place_id:ChIJoZsj3b7frAcRjoZUr5Cg7Uw;sushi Cabedelo PB;Bessa/Intermares limite;@-7.0606,-34.8494,15z;already_in_database
rejected;Mitt Sushi Bar;Restaurante japonês;Av. Gov. Argemiro de Figueiredo, 2100 - Sala B - Jardim Oceania, João Pessoa - PB, 58037-030;4.3;291;ChIJ2wq5fdXDrAcRxVHqJGzx2iQ;https://www.google.com/maps/place/?q=place_id:ChIJ2wq5fdXDrAcRxVHqJGzx2iQ;sushi Cabedelo PB;Bessa/Intermares limite;@-7.0606,-34.8494,15z;outside_cabedelo_or_location_uncertain
rejected;GETMall;Praça de alimentação;Av. Oceano Atlântico, 1592 - Ponta de Campina, Cabedelo - PB, 58310-000;4.3;103;ChIJX7HMo6rdrAcRCeFWODir8Rw;https://www.google.com/maps/place/?q=place_id:ChIJX7HMo6rdrAcRCeFWODir8Rw;sushi Cabedelo PB;Bessa/Intermares limite;@-7.0606,-34.8494,15z;excluded_category_or_name
rejected;Sushi Do Bom;Restaurante japonês;Av. João Câncio da Silva, 1475 - Manaíra, João Pessoa - PB, 58038-342;4.7;371;ChIJXYH7Tk_drAcRmaQgagkm-C8;https://www.google.com/maps/place/?q=place_id:ChIJXYH7Tk_drAcRmaQgagkm-C8;sushi Cabedelo PB;Bessa/Intermares limite;@-7.0606,-34.8494,15z;outside_cabedelo_or_location_uncertain
already_in_database;South Beach | Açaí, Sorveteria e Cremes;Sorveteria;Av. Oceano Atlântico, 870 - Intermares, Cabedelo - PB;4.9;43;ChIJ0RcoMQDfrAcRpLtM3_RE4bo;https://www.google.com/maps/place/?q=place_id:ChIJ0RcoMQDfrAcRpLtM3_RE4bo;acai Cabedelo PB;Bessa/Intermares limite;@-7.0606,-34.8494,15z;already_in_database
rejected;Assaí Atacadista - Estrada de Cabedelo;Atacadista;BR-230, 14 , Km 13.5, Lot. Morada Nova, Cabedelo - PB, 58033-455;4.4;581;ChIJpXuq7TTfrAcRpJL6pMYJrCA;https://www.google.com/maps/place/?q=place_id:ChIJpXuq7TTfrAcRpJL6pMYJrCA;acai Cabedelo PB;Bessa/Intermares limite;@-7.0606,-34.8494,15z;not_clearly_food_establishment
already_in_database;Açaí Jacaré Beach;Sorveteria;R. Clodoaldo Gouveia, 214 - Praia Do Jacare, Cabedelo - PB, 58101-323;4.8;12;ChIJyzANbADfrAcRmNSHSU6nRlI;https://www.google.com/maps/place/?q=place_id:ChIJyzANbADfrAcRmNSHSU6nRlI;acai Cabedelo PB;Bessa/Intermares limite;@-7.0606,-34.8494,15z;already_in_database
already_in_database;Açaí da Hill Point;Loja de açaí;Trailer, Rua Mar das Antilhas, Praça Durval Portela - Intermares, Cabedelo - PB, 58102-000;4.6;9;ChIJp648VSbfrAcR46pzEDHTJBo;https://www.google.com/maps/place/?q=place_id:ChIJp648VSbfrAcR46pzEDHTJBo;acai Cabedelo PB;Bessa/Intermares limite;@-7.0606,-34.8494,15z;already_in_database
already_in_database;Praçaí - Intermares;Lanchonete;Av. Oceano Pacífico, s/n - Intermares, Cabedelo - PB, 58310-000;4.5;238;ChIJ1cAVK23erAcRCUpJ50T3ULs;https://www.google.com/maps/place/?q=place_id:ChIJ1cAVK23erAcRCUpJ50T3ULs;acai Cabedelo PB;Bessa/Intermares limite;@-7.0606,-34.8494,15z;already_in_database
already_in_database;Praça do açaí de Intermares;Playground;1548, Av. Oceano Atlântico, 1164 - Intermares, Cabedelo - PB, 58310-000;4.5;176;ChIJ-60_Km3erAcRRKoxlE8MUyc;https://www.google.com/maps/place/?q=place_id:ChIJ-60_Km3erAcRRKoxlE8MUyc;acai Cabedelo PB;Bessa/Intermares limite;@-7.0606,-34.8494,15z;already_in_database
already_in_database;Acai;Loja de açaí;Av. Imbiridiba, 74 - Lot. Oceania VI, Cabedelo - PB, 58310-000;5;3;ChIJHS4nywrfrAcRf1rB7H0L_Mw;https://www.google.com/maps/place/?q=place_id:ChIJHS4nywrfrAcRf1rB7H0L_Mw;acai Cabedelo PB;Bessa/Intermares limite;@-7.0606,-34.8494,15z;already_in_database
already_in_database;Açaí Araxá;Lanchonete;Av. Oceano Atlântico, 107 - Lot. Bela Vista, Cabedelo - PB, 58310-000;4.6;55;ChIJm_QnCOffrAcRyXaMtmUtLZk;https://www.google.com/maps/place/?q=place_id:ChIJm_QnCOffrAcRyXaMtmUtLZk;acai Cabedelo PB;Bessa/Intermares limite;@-7.0606,-34.8494,15z;already_in_database
already_in_database;Coffee Cake Açaiteria;Lanchonete;Av. Oceano Atlântico, 422 - Sala, 04 - Intermares, Cabedelo - PB, 58102-252;4.7;24;ChIJJVjoiEDfrAcRFTg4AQg1nHw;https://www.google.com/maps/place/?q=place_id:ChIJJVjoiEDfrAcRFTg4AQg1nHw;acai Cabedelo PB;Bessa/Intermares limite;@-7.0606,-34.8494,15z;already_in_database
duplicate_in_run;Ethic Alimentos;Sorveteria;Av Santa Isabel, n 220, Renascer, Cabedelo - PB, 58108-096;4.4;49;ChIJBYufY4norAcRYwi07Mym2rc;https://www.google.com/maps/place/?q=place_id:ChIJBYufY4norAcRYwi07Mym2rc;acai Cabedelo PB;Bessa/Intermares limite;@-7.0606,-34.8494,15z;duplicate_in_run
duplicate_in_run;Daniel do Açaí;Loja de açaí;R. Raul Seixas - Renascer, Cabedelo - PB, 58310-000;3;2;ChIJc1z110XdrAcROcEd0F9eCdw;https://www.google.com/maps/place/?q=place_id:ChIJc1z110XdrAcROcEd0F9eCdw;acai Cabedelo PB;Bessa/Intermares limite;@-7.0606,-34.8494,15z;duplicate_in_run
duplicate_in_run;Me gusta Açaí;Praça de alimentação;R. José Marcos de Melo Peixoto - Intermares, Cabedelo - PB, 58102-362;5;1;ChIJM7g6PabdrAcRD4l1OtN97-s;https://www.google.com/maps/place/?q=place_id:ChIJM7g6PabdrAcRD4l1OtN97-s;acai Cabedelo PB;Bessa/Intermares limite;@-7.0606,-34.8494,15z;duplicate_in_run
duplicate_in_run;JKZ Alimentos (AÇAÍto);Loja de sucos;R. José Faustino da Silva Filho - Lot. Parque Esperanca, Cabedelo - PB, 58310-000;2.6;7;ChIJI4UU843drAcR971yUPBblMQ;https://www.google.com/maps/place/?q=place_id:ChIJI4UU843drAcR971yUPBblMQ;acai Cabedelo PB;Bessa/Intermares limite;@-7.0606,-34.8494,15z;duplicate_in_run
already_in_database;Açaí do Pará Intermares;Sorveteria;R. Virginia Maria Nogueira Gadelha Pimentel, 324 - Lot. Bela Vista, Cabedelo - PB, 58102-332;5;4;ChIJsRAnhEV9oYYRi8rpLGzxSFY;https://www.google.com/maps/place/?q=place_id:ChIJsRAnhEV9oYYRi8rpLGzxSFY;acai Cabedelo PB;Bessa/Intermares limite;@-7.0606,-34.8494,15z;already_in_database
accepted;VITAMINA DE AÇAÍ;Restaurante;Av. Ambrósio Miranda de Araújo - Renascer, Cabedelo - PB, 58108-232;;;ChIJ8536HozdrAcRmch8az2TVS4;https://www.google.com/maps/place/?q=place_id:ChIJ8536HozdrAcRmch8az2TVS4;acai Cabedelo PB;Bessa/Intermares limite;@-7.0606,-34.8494,15z;food_scope
already_in_database;Intermares;Praia;Cabedelo - PB, 58102-256;4.7;4175;ChIJS_1_YAverAcR-yk3spzQr0E;https://www.google.com/maps/place/?q=place_id:ChIJS_1_YAverAcR-yk3spzQr0E;acai Cabedelo PB;Bessa/Intermares limite;@-7.0606,-34.8494,15z;already_in_database
already_in_database;Toca da Árvore;Sorveteria;R. Pôr do Sol, s/n - Jacaré, Portal do Poço, Cabedelo - PB, 58310-000;5;4;ChIJWRJNFADfrAcRBzYjBUl_S84;https://www.google.com/maps/place/?q=place_id:ChIJWRJNFADfrAcRBzYjBUl_S84;acai Cabedelo PB;Bessa/Intermares limite;@-7.0606,-34.8494,15z;already_in_database
rejected;Supermercado Rede Menor Preço;Supermercado;Av. Mar Vermelho, 440 - Intermares, Cabedelo - PB, 58102-120;4.4;1135;ChIJ2XkILjvfrAcR3jHFH-X5GTQ;https://www.google.com/maps/place/?q=place_id:ChIJ2XkILjvfrAcR3jHFH-X5GTQ;acai Cabedelo PB;Bessa/Intermares limite;@-7.0606,-34.8494,15z;excluded_category_or_name
already_in_database;Sabor da infância no pôr do sol;Sorveteria;Praia do jacaré Pôr do sol do, jacaré, Cabedelo - PB, 58105-576;4;1;ChIJvySxa5vfrAcRdwRObDGV4RU;https://www.google.com/maps/place/?q=place_id:ChIJvySxa5vfrAcRdwRObDGV4RU;acai Cabedelo PB;Bessa/Intermares limite;@-7.0606,-34.8494,15z;already_in_database
rejected;Arena Intermares - Beach Sports;Clube esportivo;BR-230, Km 10 - Intermares, Cabedelo - PB, 58102-970;4.5;354;ChIJ25jSWrvfrAcRB993KbDg2T0;https://www.google.com/maps/place/?q=place_id:ChIJ25jSWrvfrAcRB993KbDg2T0;acai Cabedelo PB;Bessa/Intermares limite;@-7.0606,-34.8494,15z;not_clearly_food_establishment
already_in_database;Tia Graça Cafeteria e Doceria;Cafeteria;R. Golfo da China, 326 - Intermares, Cabedelo - PB, 58310-000;4.5;67;ChIJV8XbnLXfrAcRTzFbB-0OVFg;https://www.google.com/maps/place/?q=place_id:ChIJV8XbnLXfrAcRTzFbB-0OVFg;cafeteria Cabedelo PB;Bessa/Intermares limite;@-7.0606,-34.8494,15z;already_in_database
already_in_database;Sax Café - Por do Sol da Praia do Jacaré Cabedelo/PB;Restaurante;Pôr do Sol, R. Praia do Jacaré, Cabedelo - PB, 58310-000;4.5;102;ChIJ42uw2z3frAcRpvqGhKXp_LM;https://www.google.com/maps/place/?q=place_id:ChIJ42uw2z3frAcRpvqGhKXp_LM;cafeteria Cabedelo PB;Bessa/Intermares limite;@-7.0606,-34.8494,15z;already_in_database
already_in_database;Coffee Cake Açaiteria;Lanchonete;Av. Oceano Atlântico, 422 - Sala, 04 - Intermares, Cabedelo - PB, 58102-252;4.7;24;ChIJJVjoiEDfrAcRFTg4AQg1nHw;https://www.google.com/maps/place/?q=place_id:ChIJJVjoiEDfrAcRFTg4AQg1nHw;cafeteria Cabedelo PB;Bessa/Intermares limite;@-7.0606,-34.8494,15z;already_in_database
rejected;Padaria Pandine;Padaria;Av. Mar Vermelho, 357 - Intermares, Cabedelo - PB, 58102-120;4.4;1096;ChIJP6gJ7w3erAcREADxKhazvuY;https://www.google.com/maps/place/?q=place_id:ChIJP6gJ7w3erAcREADxKhazvuY;cafeteria Cabedelo PB;Bessa/Intermares limite;@-7.0606,-34.8494,15z;excluded_category_or_name
already_in_database;Messe Cafeteria;Cafeteria;R. Praia do Jacaré - Intermares, Cabedelo - PB, 58310-000;5;2;ChIJi1DNHwDfrAcRKRUXOkoukjQ;https://www.google.com/maps/place/?q=place_id:ChIJi1DNHwDfrAcRKRUXOkoukjQ;cafeteria Cabedelo PB;Bessa/Intermares limite;@-7.0606,-34.8494,15z;already_in_database
rejected;DM Caffe;Cafeteria;Av. Gov. Argemiro de Figueiredo, 3197a - Jardim Oceania, João Pessoa - PB, 58037-030;4.8;247;ChIJRVlJzNnDrAcRa808gqR2TmU;https://www.google.com/maps/place/?q=place_id:ChIJRVlJzNnDrAcRa808gqR2TmU;cafeteria Cabedelo PB;Bessa/Intermares limite;@-7.0606,-34.8494,15z;excluded_category_or_name
rejected;Abô Botânica e Café;Cafeteria;Rua Prefeito Joaquim Gonçalves de Assis, 50 - Loja 10 - Jardim Oceania, João Pessoa - PB, 58037-645;4.5;971;ChIJ655rheXdrAcRF_IqOMoALOI;https://www.google.com/maps/place/?q=place_id:ChIJ655rheXdrAcRF_IqOMoALOI;cafeteria Cabedelo PB;Bessa/Intermares limite;@-7.0606,-34.8494,15z;outside_cabedelo_or_location_uncertain
already_in_database;Chié artesanato e comedoria;Café;R. Praia do Jacaré - Intermares, Cabedelo - PB, 58310-000;4;40;ChIJTwa4MA_frAcR4t0Vizs3ozY;https://www.google.com/maps/place/?q=place_id:ChIJTwa4MA_frAcR4t0Vizs3ozY;cafeteria Cabedelo PB;Bessa/Intermares limite;@-7.0606,-34.8494,15z;already_in_database
already_in_database;Juci;Cafeteria;R. Golfo de Cadis, 470 - Intermares, Cabedelo - PB, 58310-000;1;1;ChIJo7CaIwDfrAcRImsAHe1osU4;https://www.google.com/maps/place/?q=place_id:ChIJo7CaIwDfrAcRImsAHe1osU4;cafeteria Cabedelo PB;Bessa/Intermares limite;@-7.0606,-34.8494,15z;already_in_database
rejected;Henriqueta Café;Cafeteria;Condomínio Res Vivi Costa Oliveira II, Av. Gov. Argemiro de Figueiredo, 2197 - Bessa, João Pessoa - PB, 58037-030;5;9;ChIJAS55PQDdrAcRwU0mxxKWZsk;https://www.google.com/maps/place/?q=place_id:ChIJAS55PQDdrAcRwU0mxxKWZsk;cafeteria Cabedelo PB;Bessa/Intermares limite;@-7.0606,-34.8494,15z;excluded_category_or_name
already_in_database;Medellín Café(São Braz Expresso);Cafeteria;Estrada de Cabedelo, KM13,5, R. Praia do Bessa, João Pessoa - PB, 58037-325;3.4;41;ChIJmYckIO3drAcRHY1JjnbhsP0;https://www.google.com/maps/place/?q=place_id:ChIJmYckIO3drAcRHY1JjnbhsP0;cafeteria Cabedelo PB;Bessa/Intermares limite;@-7.0606,-34.8494,15z;already_in_database
rejected;Brie To Me João Pessoa;Loja de cestas de presente;R. Severino Nicolau de Melo - Jardim Oceania, João Pessoa - PB, 58037-700;5;72;ChIJuQhLPCPDrAcRpZI7HSbIAlY;https://www.google.com/maps/place/?q=place_id:ChIJuQhLPCPDrAcRpZI7HSbIAlY;cafeteria Cabedelo PB;Bessa/Intermares limite;@-7.0606,-34.8494,15z;not_clearly_food_establishment
rejected;Herbalife Intermares Cabedelo.;Casa de chá;Av. Oceano Atlântico, 328 - Sl 06 - Intermares, Cabedelo - PB, 58102-252;5;19;ChIJe0vpX2verAcRw7t0W-KuzRA;https://www.google.com/maps/place/?q=place_id:ChIJe0vpX2verAcRw7t0W-KuzRA;cafeteria Cabedelo PB;Bessa/Intermares limite;@-7.0606,-34.8494,15z;not_clearly_food_establishment
rejected;The Coffee;Cafeteria;R. Bacharel José de Oliveira Curchatuz, 850 - Jardim Oceania, João Pessoa - PB, 58037-432;4.1;55;ChIJmQeTLSrdrAcRGO2iVYg2k30;https://www.google.com/maps/place/?q=place_id:ChIJmQeTLSrdrAcRGO2iVYg2k30;cafeteria Cabedelo PB;Bessa/Intermares limite;@-7.0606,-34.8494,15z;outside_cabedelo_or_location_uncertain
rejected;Shakeria Intermares;Casa de chá;Empresarial Yeshua, Av. Mar das Antilhas, Sl 104 - Intermares, Cabedelo - PB, 58102-212;5;2;ChIJ4zS9hhTfrAcR7vsT_e3WXBQ;https://www.google.com/maps/place/?q=place_id:ChIJ4zS9hhTfrAcR7vsT_e3WXBQ;cafeteria Cabedelo PB;Bessa/Intermares limite;@-7.0606,-34.8494,15z;not_clearly_food_establishment
accepted;São Braz S/A;Torrefação de café;BR-230, Km 13 - 1211 - Lot. Morada Nova, Cabedelo - PB, 58109-303;4.6;746;ChIJQ7IO0EHdrAcRPBMpxRsEYgU;https://www.google.com/maps/place/?q=place_id:ChIJQ7IO0EHdrAcRPBMpxRsEYgU;cafeteria Cabedelo PB;Bessa/Intermares limite;@-7.0606,-34.8494,15z;food_scope
accepted;Cafeteria Deus Seja Louvado;Cafeteria;R. São José - Renascer, Cabedelo - PB, 58108-212;;;ChIJywRbNQDdrAcRSj-Xe9tEhB0;https://www.google.com/maps/place/?q=place_id:ChIJywRbNQDdrAcRSj-Xe9tEhB0;cafeteria Cabedelo PB;Bessa/Intermares limite;@-7.0606,-34.8494,15z;food_scope
rejected;Medellín Café Parahyba Mall;Espresso bar;R. Bacharel José de Oliveira Curchatuz, 850 - Loja 55 - Jardim Oceania, João Pessoa - PB, 58037-432;4;23;ChIJOcPDOgDdrAcRLDUgesjzcaA;https://www.google.com/maps/place/?q=place_id:ChIJOcPDOgDdrAcRLDUgesjzcaA;cafeteria Cabedelo PB;Bessa/Intermares limite;@-7.0606,-34.8494,15z;outside_cabedelo_or_location_uncertain
accepted;Coffee Shop São Braz;Cafeteria;Av. Gov. Flávio Ribeiro Coutinho, 805 - Manaíra, Cabedelo - PB, 58037-900;4.4;1408;ChIJDYRjwm3drAcR4MQYZneW3z0;https://www.google.com/maps/place/?q=place_id:ChIJDYRjwm3drAcR4MQYZneW3z0;cafeteria Cabedelo PB;Bessa/Intermares limite;@-7.0606,-34.8494,15z;food_scope
rejected;Paula Cakes;Doceria;Rua Rio Botafogo - Portal do Poço, Cabedelo - PB, 58106-136;5;9;ChIJyQ2DAuLfrAcRcVq6aOH3IMA;https://www.google.com/maps/place/?q=place_id:ChIJyQ2DAuLfrAcRcVq6aOH3IMA;cafeteria Cabedelo PB;Bessa/Intermares limite;@-7.0606,-34.8494,15z;not_clearly_food_establishment
rejected;TreeHouse Bar Lounge - Por do sol João Pessoa;Bar;R. Pôr do Sol, s/n, Cabedelo - PB, 58310-000;4.5;1125;ChIJ33JsoxverAcRwnzfHW9fJTI;https://www.google.com/maps/place/?q=place_id:ChIJ33JsoxverAcRwnzfHW9fJTI;bar restaurante Cabedelo PB;Bessa/Intermares limite;@-7.0606,-34.8494,15z;excluded_category_or_name
already_in_database;Numar Bar e Restaurante;Bar;Av. Oceano Atlântico, 878 - Intermares, Cabedelo - PB, 58310-000;4.5;1370;ChIJ29wxE1zfrAcRAXclbUaSW8w;https://www.google.com/maps/place/?q=place_id:ChIJ29wxE1zfrAcRAXclbUaSW8w;bar restaurante Cabedelo PB;Bessa/Intermares limite;@-7.0606,-34.8494,15z;already_in_database
already_in_database;Lovina Ponta de Campina | Bar | Restaurante em Cabedelo;Restaurante;R. Vitorino Cardoso, 908 - Ponta de Campina, Cabedelo - PB, 58101-510;4.4;10742;ChIJdbKCxUTerAcRNmBt0eRrdX8;https://www.google.com/maps/place/?q=place_id:ChIJdbKCxUTerAcRNmBt0eRrdX8;bar restaurante Cabedelo PB;Bessa/Intermares limite;@-7.0606,-34.8494,15z;already_in_database
already_in_database;Restaurante Recanto do Picuí Intermares;Restaurante;R. Golfo Sidra, 72 - Intermares, Cabedelo - PB, 58310-000;4.5;1267;ChIJ7xU6NRLerAcRpPuWqjv1L7c;https://www.google.com/maps/place/?q=place_id:ChIJ7xU6NRLerAcRpPuWqjv1L7c;bar restaurante Cabedelo PB;Bessa/Intermares limite;@-7.0606,-34.8494,15z;already_in_database
already_in_database;BAR DO CHEFF RESTAURANTE;Bar com música ao vivo;Av. Mar Vermelho, 357 - Lj 12 - Intermares, Cabedelo - PB, 58310-120;4.5;244;ChIJ__-7wQ3erAcRTH9HHjOgYLo;https://www.google.com/maps/place/?q=place_id:ChIJ__-7wQ3erAcRTH9HHjOgYLo;bar restaurante Cabedelo PB;Bessa/Intermares limite;@-7.0606,-34.8494,15z;already_in_database
already_in_database;Espetinho da praia Intermares;Restaurante;Av. Oceano Atlântico, 1972 - Intermares, Cabedelo - PB, 58310-000;4.4;772;ChIJE-mcRMTfrAcRBThGnfI6x2c;https://www.google.com/maps/place/?q=place_id:ChIJE-mcRMTfrAcRBThGnfI6x2c;bar restaurante Cabedelo PB;Bessa/Intermares limite;@-7.0606,-34.8494,15z;already_in_database
already_in_database;Sax Café - Por do Sol da Praia do Jacaré Cabedelo/PB;Restaurante;Pôr do Sol, R. Praia do Jacaré, Cabedelo - PB, 58310-000;4.5;102;ChIJ42uw2z3frAcRpvqGhKXp_LM;https://www.google.com/maps/place/?q=place_id:ChIJ42uw2z3frAcRpvqGhKXp_LM;bar restaurante Cabedelo PB;Bessa/Intermares limite;@-7.0606,-34.8494,15z;already_in_database
already_in_database;Cibelly Mar - Restaurante no Por do Sol do Jacaré;Restaurante;Av. Pôr do Sol, R. Praia do Jacaré, Cabedelo - PB, 58310-000;3.8;77;ChIJh1rDEOrfrAcREB0gWWe41S8;https://www.google.com/maps/place/?q=place_id:ChIJh1rDEOrfrAcREB0gWWe41S8;bar restaurante Cabedelo PB;Bessa/Intermares limite;@-7.0606,-34.8494,15z;already_in_database
already_in_database;Cibelly Bar & Restaurante;Bar e restaurante de ostras;Rua Luna Pedrosa, 1260 - Poço, Cabedelo - PB, 58101-574;4.1;4295;ChIJ63V170_erAcRZ2vvWZseSgE;https://www.google.com/maps/place/?q=place_id:ChIJ63V170_erAcRZ2vvWZseSgE;bar restaurante Cabedelo PB;Bessa/Intermares limite;@-7.0606,-34.8494,15z;already_in_database
already_in_database;Big Jack comida de rua com INSPIRAÇÃO texana;Restaurante;Av. Mar Vermelho, QUADRA 12 - LOTE 01 - Intermares, Cabedelo - PB, 58102-120;4.8;353;ChIJCTY1v6rfrAcRD3ZYZu4I32E;https://www.google.com/maps/place/?q=place_id:ChIJCTY1v6rfrAcRD3ZYZu4I32E;bar restaurante Cabedelo PB;Bessa/Intermares limite;@-7.0606,-34.8494,15z;already_in_database
rejected;Barba Ruiva PB;Bar;Av Oceano Atlântico S/N, Avenida Cassiano da Cunha Nóbrega, 187 - Intermares, Cabedelo - PB, 58100-000;4.2;125;ChIJ9-D_WWkgrQcRTC87LMoHrwI;https://www.google.com/maps/place/?q=place_id:ChIJ9-D_WWkgrQcRTC87LMoHrwI;bar restaurante Cabedelo PB;Bessa/Intermares limite;@-7.0606,-34.8494,15z;not_clearly_food_establishment
duplicate_in_run;Bras Coffee;Lanchonete;Av. Maria José Alexandre de Lucena, 154 - Jardim America, Cabedelo - PB, 58102-600;5;25;ChIJAdd4IcndrAcRjaRIrBDA0Ww;https://www.google.com/maps/place/?q=place_id:ChIJAdd4IcndrAcRjaRIrBDA0Ww;bar restaurante Cabedelo PB;Bessa/Intermares limite;@-7.0606,-34.8494,15z;duplicate_in_run
duplicate_in_run;Oliver Grill e Espetos;Restaurante brasileiro;Av. Oceano Índico, 928 - Intermares, Cabedelo - PB, 58102-222;4.9;54;ChIJf5cN1cDfrAcRCKHM1M2eY_Y;https://www.google.com/maps/place/?q=place_id:ChIJf5cN1cDfrAcRCKHM1M2eY_Y;bar restaurante Cabedelo PB;Bessa/Intermares limite;@-7.0606,-34.8494,15z;duplicate_in_run
duplicate_in_run;Tapiocaria do Dinho;Restaurante;Av. Ambrósio Miranda de Araújo - Renascer, Cabedelo - PB, 58033-455;4.6;154;ChIJZyUKWFjdrAcRuY-QSDtiyL8;https://www.google.com/maps/place/?q=place_id:ChIJZyUKWFjdrAcRuY-QSDtiyL8;bar restaurante Cabedelo PB;Bessa/Intermares limite;@-7.0606,-34.8494,15z;duplicate_in_run
rejected;Vierbrauer;Microcervejaria;Av. Pres. Delfim Moreira, no 99 - Jardim America, Cabedelo - PB, 58310-000;4.7;552;ChIJqStV8ubdrAcRlLGluFL9bII;https://www.google.com/maps/place/?q=place_id:ChIJqStV8ubdrAcRlLGluFL9bII;bar restaurante Cabedelo PB;Bessa/Intermares limite;@-7.0606,-34.8494,15z;not_clearly_food_establishment
duplicate_in_run;Primo Rico;Restaurante self-service;Av. Oceano Atlântico, S/N - Intermares, Cabedelo - PB, 58102-236;4.3;903;ChIJ7aVpYzjfrAcRexvAqkdbRwU;https://www.google.com/maps/place/?q=place_id:ChIJ7aVpYzjfrAcRexvAqkdbRwU;bar restaurante Cabedelo PB;Bessa/Intermares limite;@-7.0606,-34.8494,15z;duplicate_in_run
duplicate_in_run;Erste Sonne Cervejaria Independente;Microcervejaria;R. José Bartolomeu Cabral, 40 - Jardim America, Cabedelo - PB, 58102-566;4.8;119;ChIJ_WjNaO7drAcRMt7pzVwopjI;https://www.google.com/maps/place/?q=place_id:ChIJ_WjNaO7drAcRMt7pzVwopjI;bar restaurante Cabedelo PB;Bessa/Intermares limite;@-7.0606,-34.8494,15z;duplicate_in_run
rejected;Badionaldo;Bar;R. Vitorino Cardoso, 780 - Lot. Vitorino Cardoso, Cabedelo - PB, 58101-510;3.7;111;ChIJLV_DEEPfrAcRnoTIdvp3Ch0;https://www.google.com/maps/place/?q=place_id:ChIJLV_DEEPfrAcRnoTIdvp3Ch0;bar restaurante Cabedelo PB;Bessa/Intermares limite;@-7.0606,-34.8494,15z;not_clearly_food_establishment
already_in_database;Intermares;Praia;Cabedelo - PB, 58102-256;4.7;4175;ChIJS_1_YAverAcR-yk3spzQr0E;https://www.google.com/maps/place/?q=place_id:ChIJS_1_YAverAcR-yk3spzQr0E;bar restaurante Cabedelo PB;Bessa/Intermares limite;@-7.0606,-34.8494,15z;already_in_database
rejected;Jacaré Parque;Praça de alimentação;Av. Pôr do Sol, 1028 - Jacaré, Cabedelo - PB, 58105-820;4.7;565;ChIJRZugNb3frAcRodwb1J-NYZ8;https://www.google.com/maps/place/?q=place_id:ChIJRZugNb3frAcRodwb1J-NYZ8;bar restaurante Cabedelo PB;Bessa/Intermares limite;@-7.0606,-34.8494,15z;not_clearly_food_establishment
already_in_database;Lovina Ponta de Campina | Bar | Restaurante em Cabedelo;Restaurante;R. Vitorino Cardoso, 908 - Ponta de Campina, Cabedelo - PB, 58101-510;4.4;10742;ChIJdbKCxUTerAcRNmBt0eRrdX8;https://www.google.com/maps/place/?q=place_id:ChIJdbKCxUTerAcRNmBt0eRrdX8;restaurantes Cabedelo PB;Renascer;@-7.0324,-34.8705,15z;already_in_database
already_in_database;Ancoradouro Ponta de Campina;Restaurante;R. Henrique Siqueira, 242 - Ponta de Campina, Cabedelo - PB, 58310-000;3.9;495;ChIJZ2RoyxLfrAcRupeEWBQrnEc;https://www.google.com/maps/place/?q=place_id:ChIJZ2RoyxLfrAcRupeEWBQrnEc;restaurantes Cabedelo PB;Renascer;@-7.0324,-34.8705,15z;already_in_database
already_in_database;Sax Café - Por do Sol da Praia do Jacaré Cabedelo/PB;Restaurante;Pôr do Sol, R. Praia do Jacaré, Cabedelo - PB, 58310-000;4.5;102;ChIJ42uw2z3frAcRpvqGhKXp_LM;https://www.google.com/maps/place/?q=place_id:ChIJ42uw2z3frAcRpvqGhKXp_LM;restaurantes Cabedelo PB;Renascer;@-7.0324,-34.8705,15z;already_in_database
already_in_database;Restaurante Recanto do Picuí Intermares;Restaurante;R. Golfo Sidra, 72 - Intermares, Cabedelo - PB, 58310-000;4.5;1267;ChIJ7xU6NRLerAcRpPuWqjv1L7c;https://www.google.com/maps/place/?q=place_id:ChIJ7xU6NRLerAcRpPuWqjv1L7c;restaurantes Cabedelo PB;Renascer;@-7.0324,-34.8705,15z;already_in_database
already_in_database;Numar Bar e Restaurante;Bar;Av. Oceano Atlântico, 878 - Intermares, Cabedelo - PB, 58310-000;4.5;1370;ChIJ29wxE1zfrAcRAXclbUaSW8w;https://www.google.com/maps/place/?q=place_id:ChIJ29wxE1zfrAcRAXclbUaSW8w;restaurantes Cabedelo PB;Renascer;@-7.0324,-34.8705,15z;already_in_database
already_in_database;Cibelly Bar & Restaurante;Bar e restaurante de ostras;Rua Luna Pedrosa, 1260 - Poço, Cabedelo - PB, 58101-574;4.1;4295;ChIJ63V170_erAcRZ2vvWZseSgE;https://www.google.com/maps/place/?q=place_id:ChIJ63V170_erAcRZ2vvWZseSgE;restaurantes Cabedelo PB;Renascer;@-7.0324,-34.8705,15z;already_in_database
already_in_database;Ponta De Campina;Praia;Cabedelo - PB;4.7;2439;ChIJr75kQ0PerAcRVbC2hxszRNo;https://www.google.com/maps/place/?q=place_id:ChIJr75kQ0PerAcRVbC2hxszRNo;restaurantes Cabedelo PB;Renascer;@-7.0324,-34.8705,15z;already_in_database
already_in_database;CTG Saudade Da Querência;Restaurante;R. João Santos Coelho Filho, 125 - Lot. Praia Grande, Cabedelo - PB, 58310-000;4.6;293;ChIJv8vnDLPfrAcR2d01H7Lb744;https://www.google.com/maps/place/?q=place_id:ChIJv8vnDLPfrAcR2d01H7Lb744;restaurantes Cabedelo PB;Renascer;@-7.0324,-34.8705,15z;already_in_database
already_in_database;Sakê Temakeria Ponta de Campina, Cabedelo;Restaurante japonês;Av. Oceano Atlântico, 1592 - Sl 16 E 17 - Ponta de Campina, Cabedelo - PB, 58310-000;4.7;261;ChIJ2Xj63j_drAcRrllAg3GcmOU;https://www.google.com/maps/place/?q=place_id:ChIJ2Xj63j_drAcRrllAg3GcmOU;restaurantes Cabedelo PB;Renascer;@-7.0324,-34.8705,15z;already_in_database
already_in_database;Big Jack comida de rua com INSPIRAÇÃO texana;Restaurante;Av. Mar Vermelho, QUADRA 12 - LOTE 01 - Intermares, Cabedelo - PB, 58102-120;4.8;353;ChIJCTY1v6rfrAcRD3ZYZu4I32E;https://www.google.com/maps/place/?q=place_id:ChIJCTY1v6rfrAcRD3ZYZu4I32E;restaurantes Cabedelo PB;Renascer;@-7.0324,-34.8705,15z;already_in_database
already_in_database;Restaurante mar de amor;Restaurante;Av. Pôr do Sol - Portal do Poço, Cabedelo - PB, 58310-000;5;1;ChIJ8z63XQDfrAcR1_XtXHa0rRQ;https://www.google.com/maps/place/?q=place_id:ChIJ8z63XQDfrAcR1_XtXHa0rRQ;restaurantes Cabedelo PB;Renascer;@-7.0324,-34.8705,15z;already_in_database
already_in_database;Espetinho da praia Intermares;Restaurante;Av. Oceano Atlântico, 1972 - Intermares, Cabedelo - PB, 58310-000;4.4;772;ChIJE-mcRMTfrAcRBThGnfI6x2c;https://www.google.com/maps/place/?q=place_id:ChIJE-mcRMTfrAcRBThGnfI6x2c;restaurantes Cabedelo PB;Renascer;@-7.0324,-34.8705,15z;already_in_database
rejected;A Ferro Y Fogo Churrasco & Burger Artesanal na Brasa;Restaurante;Av. Oceano Atlântico, 1592 - Shopping GetMall - Ponta de Campina, Cabedelo - PB, 58101-650;3.9;39;ChIJNWudC1nfrAcRZp_VOIvsXTQ;https://www.google.com/maps/place/?q=place_id:ChIJNWudC1nfrAcRZp_VOIvsXTQ;restaurantes Cabedelo PB;Renascer;@-7.0324,-34.8705,15z;excluded_category_or_name
rejected;Badionaldo;Bar;R. Vitorino Cardoso, 780 - Lot. Vitorino Cardoso, Cabedelo - PB, 58101-510;3.7;111;ChIJLV_DEEPfrAcRnoTIdvp3Ch0;https://www.google.com/maps/place/?q=place_id:ChIJLV_DEEPfrAcRnoTIdvp3Ch0;restaurantes Cabedelo PB;Renascer;@-7.0324,-34.8705,15z;not_clearly_food_establishment
already_in_database;A Casa do Temakinho;Restaurante;Av. Mar da Irlanda, 222 - Intermares, Cabedelo - PB, 58310-000;4.9;150;ChIJK77pAsvfrAcRDJoNP1VhTVo;https://www.google.com/maps/place/?q=place_id:ChIJK77pAsvfrAcRDJoNP1VhTVo;restaurantes Cabedelo PB;Renascer;@-7.0324,-34.8705,15z;already_in_database
already_in_database;Ilha Dourada Restaurante;Restaurante de frutos do mar;BR -230, R. José Américo de Almeida Filho, s/n - Areia Dourada, Cabedelo - PB, 58101-212;4.2;3161;ChIJ19PDcIXfrAcRzBwfL7gvIIs;https://www.google.com/maps/place/?q=place_id:ChIJ19PDcIXfrAcRzBwfL7gvIIs;restaurantes Cabedelo PB;Renascer;@-7.0324,-34.8705,15z;already_in_database
already_in_database;Intermares;Praia;Cabedelo - PB, 58102-256;4.7;4175;ChIJS_1_YAverAcR-yk3spzQr0E;https://www.google.com/maps/place/?q=place_id:ChIJS_1_YAverAcR-yk3spzQr0E;restaurantes Cabedelo PB;Renascer;@-7.0324,-34.8705,15z;already_in_database
duplicate_in_run;Galeteria D'intermares;Restaurante de carne;R. Golfo Veneza, 28 - Intermares, Cabedelo - PB, 58102-122;4.1;470;ChIJu2aD0g7erAcRzicvJXx-8yI;https://www.google.com/maps/place/?q=place_id:ChIJu2aD0g7erAcRzicvJXx-8yI;restaurantes Cabedelo PB;Renascer;@-7.0324,-34.8705,15z;duplicate_in_run
already_in_database;Restaurante da Helena;;Av. Araçá, s/n - Portal do Poço, Cabedelo - PB, 58106-122;5;14;ChIJ3fU9LZvfrAcRy_9XywKHKP4;https://www.google.com/maps/place/?q=place_id:ChIJ3fU9LZvfrAcRy_9XywKHKP4;restaurantes Cabedelo PB;Renascer;@-7.0324,-34.8705,15z;already_in_database
rejected;GETMall;Praça de alimentação;Av. Oceano Atlântico, 1592 - Ponta de Campina, Cabedelo - PB, 58310-000;4.3;103;ChIJX7HMo6rdrAcRCeFWODir8Rw;https://www.google.com/maps/place/?q=place_id:ChIJX7HMo6rdrAcRCeFWODir8Rw;restaurantes Cabedelo PB;Renascer;@-7.0324,-34.8705,15z;excluded_category_or_name
already_in_database;Pizza Now - Intermares;Delivery de Pizza;Av. Oceano Atlântico, 1592 - Lj 14 - Ponta de Campina, Cabedelo - PB, 58101-650;4.5;200;ChIJC3rzCDHdrAcRGYF3vwcOan8;https://www.google.com/maps/place/?q=place_id:ChIJC3rzCDHdrAcRGYF3vwcOan8;pizzaria Cabedelo PB;Renascer;@-7.0324,-34.8705,15z;already_in_database
already_in_database;Pizza Família Cipriano;Pizzaria;R. Golfo Danzig, 56 - Intermares, Cabedelo - PB, 58102-133;5;13;ChIJBw8J2x3frAcR-t64wKV4XEg;https://www.google.com/maps/place/?q=place_id:ChIJBw8J2x3frAcR-t64wKV4XEg;pizzaria Cabedelo PB;Renascer;@-7.0324,-34.8705,15z;already_in_database
already_in_database;Hora Da Pizza;Pizzaria;R. Arco Íris, 113 - Lot. Oceania VI, Cabedelo - PB, 58105-514;5;13;ChIJd8aACALfrAcR-y1kMx11Rs8;https://www.google.com/maps/place/?q=place_id:ChIJd8aACALfrAcR-y1kMx11Rs8;pizzaria Cabedelo PB;Renascer;@-7.0324,-34.8705,15z;already_in_database
already_in_database;Pizzaria Bom Sabor;Pizzaria;R. Jair Cunha Cavalcanti, 248 - Lot. Oceania, Cabedelo - PB, 58105-700;4;134;ChIJJwFhsjXfrAcR5WUPKUu6Li8;https://www.google.com/maps/place/?q=place_id:ChIJJwFhsjXfrAcR5WUPKUu6Li8;pizzaria Cabedelo PB;Renascer;@-7.0324,-34.8705,15z;already_in_database
already_in_database;Mega Pizza;Pizzaria;Av. Mar Vermelho, 357 - Intermares, Cabedelo - PB, 58310-000;4;506;ChIJP6gJ7w3erAcRPbZmhVXL0gQ;https://www.google.com/maps/place/?q=place_id:ChIJP6gJ7w3erAcRPbZmhVXL0gQ;pizzaria Cabedelo PB;Renascer;@-7.0324,-34.8705,15z;already_in_database
already_in_database;Pizzaria Jacaré;Pizzaria;R. Arco Íris, 250 - Lot. Oceania VI, Cabedelo - PB, 58310-000;4.5;59;ChIJLSlV8DrerAcRdEpwqq-GS2Y;https://www.google.com/maps/place/?q=place_id:ChIJLSlV8DrerAcRdEpwqq-GS2Y;pizzaria Cabedelo PB;Renascer;@-7.0324,-34.8705,15z;already_in_database
already_in_database;Eu Quero Pizza;Pizzaria;R. da Enseada - Ponta de Campina, Cabedelo - PB, 58310-000;3.8;24;ChIJB0sqZgLfrAcR9yKy7cQwfhQ;https://www.google.com/maps/place/?q=place_id:ChIJB0sqZgLfrAcR9yKy7cQwfhQ;pizzaria Cabedelo PB;Renascer;@-7.0324,-34.8705,15z;already_in_database
already_in_database;Magela Pizzaria;Pizzaria;Av. Oceano Atlântico, 1000 - Intermares, Cabedelo - PB, 58102-252;5;2;ChIJ0aI-RwDfrAcRPYtznRfJu_M;https://www.google.com/maps/place/?q=place_id:ChIJ0aI-RwDfrAcRPYtznRfJu_M;pizzaria Cabedelo PB;Renascer;@-7.0324,-34.8705,15z;already_in_database
already_in_database;Casa Di Mainha;Pizzaria;R. Prof. João Lelis de Luna Freire - Jardim Jerico, Cabedelo - PB, 58310-000;5;16;ChIJI_QFwtzfrAcR4PpGSlWFXfE;https://www.google.com/maps/place/?q=place_id:ChIJI_QFwtzfrAcR4PpGSlWFXfE;pizzaria Cabedelo PB;Renascer;@-7.0324,-34.8705,15z;already_in_database
rejected;TreeHouse Bar Lounge - Por do sol João Pessoa;Bar;R. Pôr do Sol, s/n, Cabedelo - PB, 58310-000;4.5;1125;ChIJ33JsoxverAcRwnzfHW9fJTI;https://www.google.com/maps/place/?q=place_id:ChIJ33JsoxverAcRwnzfHW9fJTI;pizzaria Cabedelo PB;Renascer;@-7.0324,-34.8705,15z;excluded_category_or_name
already_in_database;churrascaria do biu;Churrascaria;R. Carolino Cardoso, 248-328 - Lot. Vitorino Cardoso, Cabedelo - PB, 58310-000;4.2;142;ChIJi2YYOkzerAcRnZgoaC-xOvY;https://www.google.com/maps/place/?q=place_id:ChIJi2YYOkzerAcRnZgoaC-xOvY;pizzaria Cabedelo PB;Renascer;@-7.0324,-34.8705,15z;already_in_database
already_in_database;Lanchonete e Pizzaria Popular;Pizzaria;R. Santa Maria Madalena, 86 - Jacaré, CEP: - Lot. Oceania VI, Cabedelo - PB, 58105-522;4.5;31;ChIJL4kfjdjfrAcRX8LvFyTn7p8;https://www.google.com/maps/place/?q=place_id:ChIJL4kfjdjfrAcRX8LvFyTn7p8;pizzaria Cabedelo PB;Renascer;@-7.0324,-34.8705,15z;already_in_database
already_in_database;Nossa Pizza;Pizzaria;Av. Maria de Oliveira Gomes - Portal do Poço, Cabedelo - PB, 58310-000;;;ChIJ7TXTXwDfrAcRkUQ3NY78meQ;https://www.google.com/maps/place/?q=place_id:ChIJ7TXTXwDfrAcRkUQ3NY78meQ;pizzaria Cabedelo PB;Renascer;@-7.0324,-34.8705,15z;already_in_database
already_in_database;Pizzaria NEVARE;Restaurante;Av. Araçá - Lot. Oceania VI, Cabedelo - PB, 58310-000;;;ChIJw60tazzerAcRCQzE-4_BHog;https://www.google.com/maps/place/?q=place_id:ChIJw60tazzerAcRCQzE-4_BHog;pizzaria Cabedelo PB;Renascer;@-7.0324,-34.8705,15z;already_in_database
already_in_database;Chapa Quente Lanches e Refeições;Lanchonete;R. Novo Horizonte, 37 - Jacaré, Cabedelo - PB, 58105-652;4.7;43;ChIJNYcRV8DdrAcR2mIZA8gNQHY;https://www.google.com/maps/place/?q=place_id:ChIJNYcRV8DdrAcR2mIZA8gNQHY;pizzaria Cabedelo PB;Renascer;@-7.0324,-34.8705,15z;already_in_database
already_in_database;Pizzaria Bom Sabor Camboinha;Pizzaria;R. Prof. João Lelis de Luna Freire, 288 - Jardim Camboinha, Cabedelo - PB, 58310-000;4.1;54;ChIJ23LpoCvfrAcRK0glALWQRYA;https://www.google.com/maps/place/?q=place_id:ChIJ23LpoCvfrAcRK0glALWQRYA;pizzaria Cabedelo PB;Renascer;@-7.0324,-34.8705,15z;already_in_database
already_in_database;CASA DA PIZZA;Restaurante;R. Honório Patrício dos Santos - Recanto do Poço, Cabedelo - PB, 58105-084;;;ChIJtewaz0verAcROOlZKMPmzZE;https://www.google.com/maps/place/?q=place_id:ChIJtewaz0verAcROOlZKMPmzZE;pizzaria Cabedelo PB;Renascer;@-7.0324,-34.8705,15z;already_in_database
rejected;Padaria Pandine;Padaria;Av. Mar Vermelho, 357 - Intermares, Cabedelo - PB, 58102-120;4.4;1096;ChIJP6gJ7w3erAcREADxKhazvuY;https://www.google.com/maps/place/?q=place_id:ChIJP6gJ7w3erAcREADxKhazvuY;pizzaria Cabedelo PB;Renascer;@-7.0324,-34.8705,15z;excluded_category_or_name
rejected;GETMall;Praça de alimentação;Av. Oceano Atlântico, 1592 - Ponta de Campina, Cabedelo - PB, 58310-000;4.3;103;ChIJX7HMo6rdrAcRCeFWODir8Rw;https://www.google.com/maps/place/?q=place_id:ChIJX7HMo6rdrAcRCeFWODir8Rw;pizzaria Cabedelo PB;Renascer;@-7.0324,-34.8705,15z;excluded_category_or_name
rejected;Padaria Eldorado Intermares;Padaria;Av. Mar Vermelho, 263 - Intermares, Cabedelo - PB, 58102-120;4.3;573;ChIJ8fLcFhXfrAcRa8uPR7mcTcU;https://www.google.com/maps/place/?q=place_id:ChIJ8fLcFhXfrAcRa8uPR7mcTcU;pizzaria Cabedelo PB;Renascer;@-7.0324,-34.8705,15z;excluded_category_or_name
already_in_database;Oxi Burguer Cabedelo;Hamburgueria;R. Maria das Neves Silva - Ponta de Campina, Cabedelo - PB, 58101-660;5;31;ChIJ-3vOhY7frAcRyc0HXHjB-zo;https://www.google.com/maps/place/?q=place_id:ChIJ-3vOhY7frAcRyc0HXHjB-zo;hamburgueria Cabedelo PB;Renascer;@-7.0324,-34.8705,15z;already_in_database
already_in_database;Big Jack comida de rua com INSPIRAÇÃO texana;Restaurante;Av. Mar Vermelho, QUADRA 12 - LOTE 01 - Intermares, Cabedelo - PB, 58102-120;4.8;353;ChIJCTY1v6rfrAcRD3ZYZu4I32E;https://www.google.com/maps/place/?q=place_id:ChIJCTY1v6rfrAcRD3ZYZu4I32E;hamburgueria Cabedelo PB;Renascer;@-7.0324,-34.8705,15z;already_in_database
already_in_database;Seu Jerônimo;Hamburgueria;R. Virginia Maria Nogueira Gadelha Pimentel - Lot. Bela Vista, Cabedelo - PB, 58310-000;5;13;ChIJWVZmZADdrAcRKTJks1JgeWU;https://www.google.com/maps/place/?q=place_id:ChIJWVZmZADdrAcRKTJks1JgeWU;hamburgueria Cabedelo PB;Renascer;@-7.0324,-34.8705,15z;already_in_database
rejected;A Ferro Y Fogo Churrasco & Burger Artesanal na Brasa;Restaurante;Av. Oceano Atlântico, 1592 - Shopping GetMall - Ponta de Campina, Cabedelo - PB, 58101-650;3.9;39;ChIJNWudC1nfrAcRZp_VOIvsXTQ;https://www.google.com/maps/place/?q=place_id:ChIJNWudC1nfrAcRZp_VOIvsXTQ;hamburgueria Cabedelo PB;Renascer;@-7.0324,-34.8705,15z;excluded_category_or_name
already_in_database;TCF - The Cheeseburguer Factory - Unidade Cabedelo;Lanchonete;Av. Oceano Atlântico, 1592 - Sl A15 - Ponta de Campina, Cabedelo - PB, 58310-000;4.1;13;ChIJ17zIKW_drAcRpW44MoCAPKM;https://www.google.com/maps/place/?q=place_id:ChIJ17zIKW_drAcRpW44MoCAPKM;hamburgueria Cabedelo PB;Renascer;@-7.0324,-34.8705,15z;already_in_database
rejected;GETMall;Hamburgueria;Av. Oceano Atlântico, 1592 - Ponta de Campina, Cabedelo - PB, 58310-000;4.3;103;ChIJX7HMo6rdrAcRCeFWODir8Rw;https://www.google.com/maps/place/?q=place_id:ChIJX7HMo6rdrAcRCeFWODir8Rw;hamburgueria Cabedelo PB;Renascer;@-7.0324,-34.8705,15z;excluded_category_or_name
already_in_database;Route Hot Dogs;Hamburgueria;Av. Mar das Antilhas - Intermares, Cabedelo - PB, 58102-212;5;45;ChIJu6yeCaTfrAcRfb31UenQ2FI;https://www.google.com/maps/place/?q=place_id:ChIJu6yeCaTfrAcRfb31UenQ2FI;hamburgueria Cabedelo PB;Renascer;@-7.0324,-34.8705,15z;already_in_database
already_in_database;Ravellas - Food Truck;Hamburgueria;Rua Clóvis de Holanda Calado - Intermares, Cabedelo - PB, 58102-335;5;5;ChIJCQyRIcvdrAcRu26vxSLBThs;https://www.google.com/maps/place/?q=place_id:ChIJCQyRIcvdrAcRu26vxSLBThs;hamburgueria Cabedelo PB;Renascer;@-7.0324,-34.8705,15z;already_in_database
already_in_database;PAULISTA BURGER;Hamburgueria;R. Marizeiro - Portal do Poço, Cabedelo - PB, 58106-106;5;2;ChIJl51YE9DfrAcRuBF9yMwZnqg;https://www.google.com/maps/place/?q=place_id:ChIJl51YE9DfrAcRuBF9yMwZnqg;hamburgueria Cabedelo PB;Renascer;@-7.0324,-34.8705,15z;already_in_database
already_in_database;Eu Quero Burguer;Hamburgueria;Praça Bela Vista de Intermares, Intermares, Cabedelo - PB, 58102-302;3;10;ChIJJcEkMkzfrAcRnRtjQM7OQy0;https://www.google.com/maps/place/?q=place_id:ChIJJcEkMkzfrAcRnRtjQM7OQy0;hamburgueria Cabedelo PB;Renascer;@-7.0324,-34.8705,15z;already_in_database
already_in_database;Na brasa hambúrgueria;Lanchonete;Av. Pastor José Alves de Oliveira, 511 - Centro, Cabedelo - PB, 58100-222;4.5;15;ChIJS0Cl_7khrQcRXHqZzABLeRg;https://www.google.com/maps/place/?q=place_id:ChIJS0Cl_7khrQcRXHqZzABLeRg;hamburgueria Cabedelo PB;Renascer;@-7.0324,-34.8705,15z;already_in_database
already_in_database;Manguinhos Burguer;Hamburgueria;R. Débora Borges Xavier, 29 - Vila Sao Joao, Cabedelo - PB, 58103-405;5;1;ChIJ7714LT_frAcROZGgCaHyb1A;https://www.google.com/maps/place/?q=place_id:ChIJ7714LT_frAcROZGgCaHyb1A;hamburgueria Cabedelo PB;Renascer;@-7.0324,-34.8705,15z;already_in_database
already_in_database;food service;Hamburgueria;Muro da São Brás, R. Floresta - Camboinha, Cabedelo - PB, 58103-740;;;ChIJS6CBWLHfrAcRa3OXU-u9pJk;https://www.google.com/maps/place/?q=place_id:ChIJS6CBWLHfrAcRa3OXU-u9pJk;hamburgueria Cabedelo PB;Renascer;@-7.0324,-34.8705,15z;already_in_database
already_in_database;Piratas Burger;Hamburgueria;Av. Oceano Atlântico, 55 - Intermares, Cabedelo - PB, 58102-252;1;1;ChIJLePNgbbfrAcRx5JgcXhj0i8;https://www.google.com/maps/place/?q=place_id:ChIJLePNgbbfrAcRx5JgcXhj0i8;hamburgueria Cabedelo PB;Renascer;@-7.0324,-34.8705,15z;already_in_database
already_in_database;Alfa;Hamburgueria;R. Dr. Lima Neto, 2008 - Lot. Nazareth, Cabedelo - PB, 58310-000;;;ChIJdXDpCwDfrAcRdATvNzRIN98;https://www.google.com/maps/place/?q=place_id:ChIJdXDpCwDfrAcRdATvNzRIN98;hamburgueria Cabedelo PB;Renascer;@-7.0324,-34.8705,15z;already_in_database
already_in_database;Home Smash Burger;Hamburgueria;R. Sólon de Lucena, 19 - Vila Sao Joao, Cabedelo - PB, 58100-570;4.4;48;ChIJv390eRbfrAcRXHxRKIdKrf0;https://www.google.com/maps/place/?q=place_id:ChIJv390eRbfrAcRXHxRKIdKrf0;hamburgueria Cabedelo PB;Renascer;@-7.0324,-34.8705,15z;already_in_database
already_in_database;DAWN BURGUER;Hamburgueria;R. Augusto Firmo Paulo, 51 - Vila Sao Joao, Cabedelo - PB, 58101-015;4.2;45;ChIJadfjewAhrQcRf8d09KL-Gi4;https://www.google.com/maps/place/?q=place_id:ChIJadfjewAhrQcRf8d09KL-Gi4;hamburgueria Cabedelo PB;Renascer;@-7.0324,-34.8705,15z;already_in_database
already_in_database;Obra Fest Verão;Hamburgueria;Av. Oceano Atlântico - Intermares, Cabedelo - PB, 58102-252;;;ChIJx8A1HgDfrAcRvs1SuaCzXN0;https://www.google.com/maps/place/?q=place_id:ChIJx8A1HgDfrAcRvs1SuaCzXN0;hamburgueria Cabedelo PB;Renascer;@-7.0324,-34.8705,15z;already_in_database
rejected;Hambúrguer Do Caju | Na Brasa;Hamburgueria;Praça do Caju, Av. Pres. Nilo Peçanha - Bessa, João Pessoa - PB, 58102-586;5;20;ChIJlfyfMnvdrAcRaO_6W8JdwlU;https://www.google.com/maps/place/?q=place_id:ChIJlfyfMnvdrAcRaO_6W8JdwlU;hamburgueria Cabedelo PB;Renascer;@-7.0324,-34.8705,15z;outside_cabedelo_or_location_uncertain
already_in_database;Biruta Burger;Hamburgueria;R. Golfo Veneza - Intermares, Cabedelo - PB, 58102-122;;;ChIJ0fBGaf_frAcRbPBUisnQ7L0;https://www.google.com/maps/place/?q=place_id:ChIJ0fBGaf_frAcRbPBUisnQ7L0;hamburgueria Cabedelo PB;Renascer;@-7.0324,-34.8705,15z;already_in_database
already_in_database;Lovina Ponta de Campina | Bar | Restaurante em Cabedelo;Restaurante;R. Vitorino Cardoso, 908 - Ponta de Campina, Cabedelo - PB, 58101-510;4.4;10742;ChIJdbKCxUTerAcRNmBt0eRrdX8;https://www.google.com/maps/place/?q=place_id:ChIJdbKCxUTerAcRNmBt0eRrdX8;lanchonete Cabedelo PB;Renascer;@-7.0324,-34.8705,15z;already_in_database
already_in_database;Chapa Quente Lanches e Refeições;Lanchonete;R. Novo Horizonte, 37 - Jacaré, Cabedelo - PB, 58105-652;4.7;43;ChIJNYcRV8DdrAcR2mIZA8gNQHY;https://www.google.com/maps/place/?q=place_id:ChIJNYcRV8DdrAcR2mIZA8gNQHY;lanchonete Cabedelo PB;Renascer;@-7.0324,-34.8705,15z;already_in_database
already_in_database;Oxi Burguer Cabedelo;Hamburgueria;R. Maria das Neves Silva - Ponta de Campina, Cabedelo - PB, 58101-660;5;31;ChIJ-3vOhY7frAcRyc0HXHjB-zo;https://www.google.com/maps/place/?q=place_id:ChIJ-3vOhY7frAcRyc0HXHjB-zo;lanchonete Cabedelo PB;Renascer;@-7.0324,-34.8705,15z;already_in_database
already_in_database;Praçaí - Intermares;Lanchonete;Av. Oceano Pacífico, s/n - Intermares, Cabedelo - PB, 58310-000;4.5;238;ChIJ1cAVK23erAcRCUpJ50T3ULs;https://www.google.com/maps/place/?q=place_id:ChIJ1cAVK23erAcRCUpJ50T3ULs;lanchonete Cabedelo PB;Renascer;@-7.0324,-34.8705,15z;already_in_database
already_in_database;Big Jack comida de rua com INSPIRAÇÃO texana;Restaurante;Av. Mar Vermelho, QUADRA 12 - LOTE 01 - Intermares, Cabedelo - PB, 58102-120;4.8;353;ChIJCTY1v6rfrAcRD3ZYZu4I32E;https://www.google.com/maps/place/?q=place_id:ChIJCTY1v6rfrAcRD3ZYZu4I32E;lanchonete Cabedelo PB;Renascer;@-7.0324,-34.8705,15z;already_in_database
already_in_database;Cibelly Bar & Restaurante;Bar e restaurante de ostras;Rua Luna Pedrosa, 1260 - Poço, Cabedelo - PB, 58101-574;4.1;4295;ChIJ63V170_erAcRZ2vvWZseSgE;https://www.google.com/maps/place/?q=place_id:ChIJ63V170_erAcRZ2vvWZseSgE;lanchonete Cabedelo PB;Renascer;@-7.0324,-34.8705,15z;already_in_database
already_in_database;Espetinho da praia Intermares;Restaurante;Av. Oceano Atlântico, 1972 - Intermares, Cabedelo - PB, 58310-000;4.4;772;ChIJE-mcRMTfrAcRBThGnfI6x2c;https://www.google.com/maps/place/?q=place_id:ChIJE-mcRMTfrAcRBThGnfI6x2c;lanchonete Cabedelo PB;Renascer;@-7.0324,-34.8705,15z;already_in_database
already_in_database;Restaurante Recanto do Picuí Intermares;Restaurante;R. Golfo Sidra, 72 - Intermares, Cabedelo - PB, 58310-000;4.5;1267;ChIJ7xU6NRLerAcRpPuWqjv1L7c;https://www.google.com/maps/place/?q=place_id:ChIJ7xU6NRLerAcRpPuWqjv1L7c;lanchonete Cabedelo PB;Renascer;@-7.0324,-34.8705,15z;already_in_database
rejected;Tapioca Da Cleide- Onda Mar;Lanchonete;Onda Mar Praia Shopping, 58102-120, Av. Mar Vermelho, 357 - Intermares, Cabedelo - PB, 58102-120;4.5;51;ChIJDcsJwQ3erAcR04pQAVkyyEM;https://www.google.com/maps/place/?q=place_id:ChIJDcsJwQ3erAcR04pQAVkyyEM;lanchonete Cabedelo PB;Renascer;@-7.0324,-34.8705,15z;excluded_category_or_name
duplicate_in_run;Kikão Cachorro Quente;Lanchonete;Av. Mar Vermelho, 185 - Lj 9 - Intermares, Cabedelo - PB, 58310-000;4.5;46;ChIJidxR6g3erAcRdUI4Gzz93yQ;https://www.google.com/maps/place/?q=place_id:ChIJidxR6g3erAcRdUI4Gzz93yQ;lanchonete Cabedelo PB;Renascer;@-7.0324,-34.8705,15z;duplicate_in_run
already_in_database;TCF - The Cheeseburguer Factory - Unidade Cabedelo;Lanchonete;Av. Oceano Atlântico, 1592 - Sl A15 - Ponta de Campina, Cabedelo - PB, 58310-000;4.1;13;ChIJ17zIKW_drAcRpW44MoCAPKM;https://www.google.com/maps/place/?q=place_id:ChIJ17zIKW_drAcRpW44MoCAPKM;lanchonete Cabedelo PB;Renascer;@-7.0324,-34.8705,15z;already_in_database
already_in_database;Sax Café - Por do Sol da Praia do Jacaré Cabedelo/PB;Restaurante;Pôr do Sol, R. Praia do Jacaré, Cabedelo - PB, 58310-000;4.5;102;ChIJ42uw2z3frAcRpvqGhKXp_LM;https://www.google.com/maps/place/?q=place_id:ChIJ42uw2z3frAcRpvqGhKXp_LM;lanchonete Cabedelo PB;Renascer;@-7.0324,-34.8705,15z;already_in_database
already_in_database;Ancoradouro Ponta de Campina;Restaurante;R. Henrique Siqueira, 242 - Ponta de Campina, Cabedelo - PB, 58310-000;3.9;495;ChIJZ2RoyxLfrAcRupeEWBQrnEc;https://www.google.com/maps/place/?q=place_id:ChIJZ2RoyxLfrAcRupeEWBQrnEc;lanchonete Cabedelo PB;Renascer;@-7.0324,-34.8705,15z;already_in_database
already_in_database;Coffee Cake Açaiteria;Lanchonete;Av. Oceano Atlântico, 422 - Sala, 04 - Intermares, Cabedelo - PB, 58102-252;4.7;24;ChIJJVjoiEDfrAcRFTg4AQg1nHw;https://www.google.com/maps/place/?q=place_id:ChIJJVjoiEDfrAcRFTg4AQg1nHw;lanchonete Cabedelo PB;Renascer;@-7.0324,-34.8705,15z;already_in_database
already_in_database;ML Açaíteria;Lanchonete;R. José Lins do Rêgo, 88 - Recanto do Poço, Cabedelo - PB, 58105-057;3;2;ChIJaQy6YszfrAcRGJ_Jii6k9bA;https://www.google.com/maps/place/?q=place_id:ChIJaQy6YszfrAcRGJ_Jii6k9bA;lanchonete Cabedelo PB;Renascer;@-7.0324,-34.8705,15z;already_in_database
already_in_database;A Casa do Temakinho;Restaurante;Av. Mar da Irlanda, 222 - Intermares, Cabedelo - PB, 58310-000;4.9;150;ChIJK77pAsvfrAcRDJoNP1VhTVo;https://www.google.com/maps/place/?q=place_id:ChIJK77pAsvfrAcRDJoNP1VhTVo;lanchonete Cabedelo PB;Renascer;@-7.0324,-34.8705,15z;already_in_database
duplicate_in_run;Empadinhas Barnabé - Intermares;Lanchonete;Av. Mar Mediterrâneo - Intermares, Cabedelo - PB, 58102-256;4.5;1029;ChIJaQNSPQ3erAcR5qVhxyOyVfs;https://www.google.com/maps/place/?q=place_id:ChIJaQNSPQ3erAcR5qVhxyOyVfs;lanchonete Cabedelo PB;Renascer;@-7.0324,-34.8705,15z;duplicate_in_run
already_in_database;Sakê Temakeria Ponta de Campina, Cabedelo;Restaurante japonês;Av. Oceano Atlântico, 1592 - Sl 16 E 17 - Ponta de Campina, Cabedelo - PB, 58310-000;4.7;261;ChIJ2Xj63j_drAcRrllAg3GcmOU;https://www.google.com/maps/place/?q=place_id:ChIJ2Xj63j_drAcRrllAg3GcmOU;lanchonete Cabedelo PB;Renascer;@-7.0324,-34.8705,15z;already_in_database
already_in_database;Lanchonete por do sol;Lanchonete;R. Jaguaribe, 54 - Poço, Cabedelo - PB, 58310-000;3.3;3;ChIJM-mpWSnfrAcRNDGp-E_BHt8;https://www.google.com/maps/place/?q=place_id:ChIJM-mpWSnfrAcRNDGp-E_BHt8;lanchonete Cabedelo PB;Renascer;@-7.0324,-34.8705,15z;already_in_database
rejected;Novo Oriente Intermares;Restaurante de sushi;Av. Mar Vermelho, 35 - Intermares, Cabedelo - PB, 58102-120;4.2;1378;ChIJN9JFAA7erAcR7c6fN6tma_g;https://www.google.com/maps/place/?q=place_id:ChIJN9JFAA7erAcR7c6fN6tma_g;lanchonete Cabedelo PB;Renascer;@-7.0324,-34.8705,15z;excluded_category_or_name
already_in_database;Sakê Temakeria Ponta de Campina, Cabedelo;Restaurante japonês;Av. Oceano Atlântico, 1592 - Sl 16 E 17 - Ponta de Campina, Cabedelo - PB, 58310-000;4.7;261;ChIJ2Xj63j_drAcRrllAg3GcmOU;https://www.google.com/maps/place/?q=place_id:ChIJ2Xj63j_drAcRrllAg3GcmOU;sushi Cabedelo PB;Renascer;@-7.0324,-34.8705,15z;already_in_database
already_in_database;Pipa Sushi & Temakeria;Restaurante de sushi;Av. Mar das Antilhas - Intermares, Cabedelo - PB, 58310-000;4.3;292;ChIJm1Mywg3erAcRAs4OIMpvJqk;https://www.google.com/maps/place/?q=place_id:ChIJm1Mywg3erAcRAs4OIMpvJqk;sushi Cabedelo PB;Renascer;@-7.0324,-34.8705,15z;already_in_database
already_in_database;A Casa do Temakinho;Restaurante;Av. Mar da Irlanda, 222 - Intermares, Cabedelo - PB, 58310-000;4.9;150;ChIJK77pAsvfrAcRDJoNP1VhTVo;https://www.google.com/maps/place/?q=place_id:ChIJK77pAsvfrAcRDJoNP1VhTVo;sushi Cabedelo PB;Renascer;@-7.0324,-34.8705,15z;already_in_database
rejected;Novo Oriente Intermares;Restaurante de sushi;Av. Mar Vermelho, 35 - Intermares, Cabedelo - PB, 58102-120;4.2;1378;ChIJN9JFAA7erAcR7c6fN6tma_g;https://www.google.com/maps/place/?q=place_id:ChIJN9JFAA7erAcR7c6fN6tma_g;sushi Cabedelo PB;Renascer;@-7.0324,-34.8705,15z;excluded_category_or_name
already_in_database;Espaço Do Sushi;Restaurante;R. Juarez Távora - Camalaú, Cabedelo - PB, 58310-000;4.2;33;ChIJLZuM-3YgrQcRxc7_zhcQ3Y0;https://www.google.com/maps/place/?q=place_id:ChIJLZuM-3YgrQcRxc7_zhcQ3Y0;sushi Cabedelo PB;Renascer;@-7.0324,-34.8705,15z;already_in_database
already_in_database;Sushiyaki Restaurante;Restaurante japonês;R. Ten. Antônio Pontes, 381 - Ponta de Matos, Cabedelo - PB, 58100-645;4.7;10;ChIJoZsj3b7frAcRjoZUr5Cg7Uw;https://www.google.com/maps/place/?q=place_id:ChIJoZsj3b7frAcRjoZUr5Cg7Uw;sushi Cabedelo PB;Renascer;@-7.0324,-34.8705,15z;already_in_database
rejected;GETMall;Praça de alimentação;Av. Oceano Atlântico, 1592 - Ponta de Campina, Cabedelo - PB, 58310-000;4.3;103;ChIJX7HMo6rdrAcRCeFWODir8Rw;https://www.google.com/maps/place/?q=place_id:ChIJX7HMo6rdrAcRCeFWODir8Rw;sushi Cabedelo PB;Renascer;@-7.0324,-34.8705,15z;excluded_category_or_name
already_in_database;Viciados em Sushi;Restaurante japonês;R. Pedro Aleixo Moura, 34 - Centro, Cabedelo - PB, 58100-210;4.4;193;ChIJ_c5MVHEgrQcRB4CuNV0soio;https://www.google.com/maps/place/?q=place_id:ChIJ_c5MVHEgrQcRB4CuNV0soio;sushi Cabedelo PB;Renascer;@-7.0324,-34.8705,15z;already_in_database
already_in_database;Acai;Loja de açaí;Av. Imbiridiba, 74 - Lot. Oceania VI, Cabedelo - PB, 58310-000;5;3;ChIJHS4nywrfrAcRf1rB7H0L_Mw;https://www.google.com/maps/place/?q=place_id:ChIJHS4nywrfrAcRf1rB7H0L_Mw;acai Cabedelo PB;Renascer;@-7.0324,-34.8705,15z;already_in_database
already_in_database;South Beach | Açaí, Sorveteria e Cremes;Sorveteria;Av. Oceano Atlântico, 870 - Intermares, Cabedelo - PB;4.9;43;ChIJ0RcoMQDfrAcRpLtM3_RE4bo;https://www.google.com/maps/place/?q=place_id:ChIJ0RcoMQDfrAcRpLtM3_RE4bo;acai Cabedelo PB;Renascer;@-7.0324,-34.8705,15z;already_in_database
already_in_database;Açaí Jacaré Beach;Sorveteria;R. Clodoaldo Gouveia, 214 - Praia Do Jacare, Cabedelo - PB, 58101-323;4.8;12;ChIJyzANbADfrAcRmNSHSU6nRlI;https://www.google.com/maps/place/?q=place_id:ChIJyzANbADfrAcRmNSHSU6nRlI;acai Cabedelo PB;Renascer;@-7.0324,-34.8705,15z;already_in_database
already_in_database;Açaí Araxá;Lanchonete;Av. Oceano Atlântico, 107 - Lot. Bela Vista, Cabedelo - PB, 58310-000;4.6;55;ChIJm_QnCOffrAcRyXaMtmUtLZk;https://www.google.com/maps/place/?q=place_id:ChIJm_QnCOffrAcRyXaMtmUtLZk;acai Cabedelo PB;Renascer;@-7.0324,-34.8705,15z;already_in_database
already_in_database;Açaí da Hill Point;Loja de açaí;Trailer, Rua Mar das Antilhas, Praça Durval Portela - Intermares, Cabedelo - PB, 58102-000;4.6;9;ChIJp648VSbfrAcR46pzEDHTJBo;https://www.google.com/maps/place/?q=place_id:ChIJp648VSbfrAcR46pzEDHTJBo;acai Cabedelo PB;Renascer;@-7.0324,-34.8705,15z;already_in_database
already_in_database;Praçaí - Intermares;Lanchonete;Av. Oceano Pacífico, s/n - Intermares, Cabedelo - PB, 58310-000;4.5;238;ChIJ1cAVK23erAcRCUpJ50T3ULs;https://www.google.com/maps/place/?q=place_id:ChIJ1cAVK23erAcRCUpJ50T3ULs;acai Cabedelo PB;Renascer;@-7.0324,-34.8705,15z;already_in_database
already_in_database;Praça do açaí de Intermares;Playground;1548, Av. Oceano Atlântico, 1164 - Intermares, Cabedelo - PB, 58310-000;4.5;176;ChIJ-60_Km3erAcRRKoxlE8MUyc;https://www.google.com/maps/place/?q=place_id:ChIJ-60_Km3erAcRRKoxlE8MUyc;acai Cabedelo PB;Renascer;@-7.0324,-34.8705,15z;already_in_database
rejected;Assaí Atacadista - Estrada de Cabedelo;Atacadista;BR-230, 14 , Km 13.5, Lot. Morada Nova, Cabedelo - PB, 58033-455;4.4;581;ChIJpXuq7TTfrAcRpJL6pMYJrCA;https://www.google.com/maps/place/?q=place_id:ChIJpXuq7TTfrAcRpJL6pMYJrCA;acai Cabedelo PB;Renascer;@-7.0324,-34.8705,15z;not_clearly_food_establishment
already_in_database;Coffee Cake Açaiteria;Lanchonete;Av. Oceano Atlântico, 422 - Sala, 04 - Intermares, Cabedelo - PB, 58102-252;4.7;24;ChIJJVjoiEDfrAcRFTg4AQg1nHw;https://www.google.com/maps/place/?q=place_id:ChIJJVjoiEDfrAcRFTg4AQg1nHw;acai Cabedelo PB;Renascer;@-7.0324,-34.8705,15z;already_in_database
already_in_database;Cantinho do açaí;Sorveteria;R. Vinicius de Morais - Recanto do Poço, Cabedelo - PB, 58105-062;5;1;ChIJP8nYbA7frAcRFz-W3qWECKs;https://www.google.com/maps/place/?q=place_id:ChIJP8nYbA7frAcRFz-W3qWECKs;acai Cabedelo PB;Renascer;@-7.0324,-34.8705,15z;already_in_database
duplicate_in_run;Me gusta Açaí;Praça de alimentação;R. José Marcos de Melo Peixoto - Intermares, Cabedelo - PB, 58102-362;5;1;ChIJM7g6PabdrAcRD4l1OtN97-s;https://www.google.com/maps/place/?q=place_id:ChIJM7g6PabdrAcRD4l1OtN97-s;acai Cabedelo PB;Renascer;@-7.0324,-34.8705,15z;duplicate_in_run
rejected;Pé de Fruta - Cabedelo;Loja de produtos naturais;Avenida Litorânea, 1592 - loja 04 - Ponta de Campina, Cabedelo - PB, 58101-650;5;4;ChIJJYuwFhfdrAcRK5mtUOBS_TM;https://www.google.com/maps/place/?q=place_id:ChIJJYuwFhfdrAcRK5mtUOBS_TM;acai Cabedelo PB;Renascer;@-7.0324,-34.8705,15z;not_clearly_food_establishment
already_in_database;Açaí do Pará Intermares;Sorveteria;R. Virginia Maria Nogueira Gadelha Pimentel, 324 - Lot. Bela Vista, Cabedelo - PB, 58102-332;5;4;ChIJsRAnhEV9oYYRi8rpLGzxSFY;https://www.google.com/maps/place/?q=place_id:ChIJsRAnhEV9oYYRi8rpLGzxSFY;acai Cabedelo PB;Renascer;@-7.0324,-34.8705,15z;already_in_database
already_in_database;Cantinho Bom;Sorveteria;R. Santa Rita de Cássia, 42 - Jardim Camboinha, Cabedelo - PB, 58103-772;5;1;ChIJm1gILLjfrAcRJzUZHE7JAuI;https://www.google.com/maps/place/?q=place_id:ChIJm1gILLjfrAcRJzUZHE7JAuI;acai Cabedelo PB;Renascer;@-7.0324,-34.8705,15z;already_in_database
already_in_database;Açaí da Cris;Lanchonete;Tv. Primo José Viana - Vila Sao Joao, Cabedelo - PB, 58310-000;4.7;211;ChIJcQUFI2wgrQcRG22L9whpk4I;https://www.google.com/maps/place/?q=place_id:ChIJcQUFI2wgrQcRG22L9whpk4I;acai Cabedelo PB;Renascer;@-7.0324,-34.8705,15z;already_in_database
already_in_database;Intermares;Praia;Cabedelo - PB, 58102-256;4.7;4175;ChIJS_1_YAverAcR-yk3spzQr0E;https://www.google.com/maps/place/?q=place_id:ChIJS_1_YAverAcR-yk3spzQr0E;acai Cabedelo PB;Renascer;@-7.0324,-34.8705,15z;already_in_database
already_in_database;Porto do açaí;Lanchonete;R. Cleto Campêlo, 623 - Camalaú, Cabedelo - PB, 58310-000;5;1;ChIJL9uhhKMhrQcRNgJ6D5n7bws;https://www.google.com/maps/place/?q=place_id:ChIJL9uhhKMhrQcRNgJ6D5n7bws;acai Cabedelo PB;Renascer;@-7.0324,-34.8705,15z;already_in_database
rejected;Supermercado Rede Menor Preço;Supermercado;Av. Mar Vermelho, 440 - Intermares, Cabedelo - PB, 58102-120;4.4;1135;ChIJ2XkILjvfrAcR3jHFH-X5GTQ;https://www.google.com/maps/place/?q=place_id:ChIJ2XkILjvfrAcR3jHFH-X5GTQ;acai Cabedelo PB;Renascer;@-7.0324,-34.8705,15z;excluded_category_or_name
already_in_database;Sorveteria Tropical;Sorveteria;R. Jair Cunha Cavalcanti, 105 - Lot. Oceania VI, Cabedelo - PB, 58310-000;4.4;16;ChIJcQfq_sffrAcR_Wg40FlP3Gw;https://www.google.com/maps/place/?q=place_id:ChIJcQfq_sffrAcR_Wg40FlP3Gw;acai Cabedelo PB;Renascer;@-7.0324,-34.8705,15z;already_in_database
duplicate_in_run;Daniel do Açaí;Loja de açaí;R. Raul Seixas - Renascer, Cabedelo - PB, 58310-000;3;2;ChIJc1z110XdrAcROcEd0F9eCdw;https://www.google.com/maps/place/?q=place_id:ChIJc1z110XdrAcROcEd0F9eCdw;acai Cabedelo PB;Renascer;@-7.0324,-34.8705,15z;duplicate_in_run
already_in_database;Tia Graça Cafeteria e Doceria;Cafeteria;R. Golfo da China, 326 - Intermares, Cabedelo - PB, 58310-000;4.5;67;ChIJV8XbnLXfrAcRTzFbB-0OVFg;https://www.google.com/maps/place/?q=place_id:ChIJV8XbnLXfrAcRTzFbB-0OVFg;cafeteria Cabedelo PB;Renascer;@-7.0324,-34.8705,15z;already_in_database
already_in_database;Sax Café - Por do Sol da Praia do Jacaré Cabedelo/PB;Restaurante;Pôr do Sol, R. Praia do Jacaré, Cabedelo - PB, 58310-000;4.5;102;ChIJ42uw2z3frAcRpvqGhKXp_LM;https://www.google.com/maps/place/?q=place_id:ChIJ42uw2z3frAcRpvqGhKXp_LM;cafeteria Cabedelo PB;Renascer;@-7.0324,-34.8705,15z;already_in_database
already_in_database;Coffee Cake Açaiteria;Lanchonete;Av. Oceano Atlântico, 422 - Sala, 04 - Intermares, Cabedelo - PB, 58102-252;4.7;24;ChIJJVjoiEDfrAcRFTg4AQg1nHw;https://www.google.com/maps/place/?q=place_id:ChIJJVjoiEDfrAcRFTg4AQg1nHw;cafeteria Cabedelo PB;Renascer;@-7.0324,-34.8705,15z;already_in_database
rejected;Padaria Pandine;Padaria;Av. Mar Vermelho, 357 - Intermares, Cabedelo - PB, 58102-120;4.4;1096;ChIJP6gJ7w3erAcREADxKhazvuY;https://www.google.com/maps/place/?q=place_id:ChIJP6gJ7w3erAcREADxKhazvuY;cafeteria Cabedelo PB;Renascer;@-7.0324,-34.8705,15z;excluded_category_or_name
already_in_database;Messe Cafeteria;Cafeteria;R. Praia do Jacaré - Intermares, Cabedelo - PB, 58310-000;5;2;ChIJi1DNHwDfrAcRKRUXOkoukjQ;https://www.google.com/maps/place/?q=place_id:ChIJi1DNHwDfrAcRKRUXOkoukjQ;cafeteria Cabedelo PB;Renascer;@-7.0324,-34.8705,15z;already_in_database
already_in_database;Chié artesanato e comedoria;Café;R. Praia do Jacaré - Intermares, Cabedelo - PB, 58310-000;4;40;ChIJTwa4MA_frAcR4t0Vizs3ozY;https://www.google.com/maps/place/?q=place_id:ChIJTwa4MA_frAcR4t0Vizs3ozY;cafeteria Cabedelo PB;Renascer;@-7.0324,-34.8705,15z;already_in_database
already_in_database;Juci;Cafeteria;R. Golfo de Cadis, 470 - Intermares, Cabedelo - PB, 58310-000;1;1;ChIJo7CaIwDfrAcRImsAHe1osU4;https://www.google.com/maps/place/?q=place_id:ChIJo7CaIwDfrAcRImsAHe1osU4;cafeteria Cabedelo PB;Renascer;@-7.0324,-34.8705,15z;already_in_database
already_in_database;Café Cabedelo;Cafeteria;R. Aurélio Guedes Cavalcante - Camboinha, Cabedelo - PB, 58310-000;;;ChIJ52g2ao3frAcRyzat6fBKJA4;https://www.google.com/maps/place/?q=place_id:ChIJ52g2ao3frAcRyzat6fBKJA4;cafeteria Cabedelo PB;Renascer;@-7.0324,-34.8705,15z;already_in_database
rejected;Paula Cakes;Doceria;Rua Rio Botafogo - Portal do Poço, Cabedelo - PB, 58106-136;5;9;ChIJyQ2DAuLfrAcRcVq6aOH3IMA;https://www.google.com/maps/place/?q=place_id:ChIJyQ2DAuLfrAcRcVq6aOH3IMA;cafeteria Cabedelo PB;Renascer;@-7.0324,-34.8705,15z;not_clearly_food_establishment
rejected;Padaria Eldorado Intermares;Padaria;Av. Mar Vermelho, 263 - Intermares, Cabedelo - PB, 58102-120;4.3;573;ChIJ8fLcFhXfrAcRa8uPR7mcTcU;https://www.google.com/maps/place/?q=place_id:ChIJ8fLcFhXfrAcRa8uPR7mcTcU;cafeteria Cabedelo PB;Renascer;@-7.0324,-34.8705,15z;excluded_category_or_name
rejected;Panificadora do Poço;Padaria;R. Carolino Cardoso, 177-245 - Lot. Vitorino Cardoso, Cabedelo - PB, 58310-000;4.2;293;ChIJD-aUzE3erAcRIs-tCW7mU0Q;https://www.google.com/maps/place/?q=place_id:ChIJD-aUzE3erAcRIs-tCW7mU0Q;cafeteria Cabedelo PB;Renascer;@-7.0324,-34.8705,15z;excluded_category_or_name
rejected;Herbalife Intermares Cabedelo.;Casa de chá;Av. Oceano Atlântico, 328 - Sl 06 - Intermares, Cabedelo - PB, 58102-252;5;19;ChIJe0vpX2verAcRw7t0W-KuzRA;https://www.google.com/maps/place/?q=place_id:ChIJe0vpX2verAcRw7t0W-KuzRA;cafeteria Cabedelo PB;Renascer;@-7.0324,-34.8705,15z;not_clearly_food_establishment
rejected;Shakeria Intermares;Casa de chá;Empresarial Yeshua, Av. Mar das Antilhas, Sl 104 - Intermares, Cabedelo - PB, 58102-212;5;2;ChIJ4zS9hhTfrAcR7vsT_e3WXBQ;https://www.google.com/maps/place/?q=place_id:ChIJ4zS9hhTfrAcR7vsT_e3WXBQ;cafeteria Cabedelo PB;Renascer;@-7.0324,-34.8705,15z;not_clearly_food_establishment
already_in_database;Rainha da tapioca;Cafeteria;R. Milton Macedo da Cruz - Lot. Oceania, Cabedelo - PB, 58105-565;;;ChIJ93ysPw3frAcRBYFSISTdBS4;https://www.google.com/maps/place/?q=place_id:ChIJ93ysPw3frAcRBYFSISTdBS4;cafeteria Cabedelo PB;Renascer;@-7.0324,-34.8705,15z;already_in_database
already_in_database;Lovina Ponta de Campina | Bar | Restaurante em Cabedelo;Restaurante;R. Vitorino Cardoso, 908 - Ponta de Campina, Cabedelo - PB, 58101-510;4.4;10742;ChIJdbKCxUTerAcRNmBt0eRrdX8;https://www.google.com/maps/place/?q=place_id:ChIJdbKCxUTerAcRNmBt0eRrdX8;cafeteria Cabedelo PB;Renascer;@-7.0324,-34.8705,15z;already_in_database
already_in_database;JL Bolos;Cafeteria;R. Rio Paraíba, 55 - Jardim Camboinha, Cabedelo - PB, 58310-000;4.8;5;ChIJzWCQCwDfrAcRxsNeWdpCqWA;https://www.google.com/maps/place/?q=place_id:ChIJzWCQCwDfrAcRxsNeWdpCqWA;cafeteria Cabedelo PB;Renascer;@-7.0324,-34.8705,15z;already_in_database
already_in_database;Fatia do Céu;Cafeteria;R. Porto Marseille, 7 - Recanto do Poço, Cabedelo - PB, 58105-431;;;ChIJhSNbCwDfrAcRw0RK4wV6OVo;https://www.google.com/maps/place/?q=place_id:ChIJhSNbCwDfrAcRw0RK4wV6OVo;cafeteria Cabedelo PB;Renascer;@-7.0324,-34.8705,15z;already_in_database
already_in_database;Café cultural;Cafeteria;R. Augusto José Couto de Faria - Jardim Camboinha, Cabedelo - PB, 58103-684;;;ChIJLaRmKgDfrAcRtmvfIXT7Ibs;https://www.google.com/maps/place/?q=place_id:ChIJLaRmKgDfrAcRtmvfIXT7Ibs;cafeteria Cabedelo PB;Renascer;@-7.0324,-34.8705,15z;already_in_database
rejected;Panificadora Intermares;Padaria;Av. Oceano Índico, 375 - Intermares, Cabedelo - PB, 58102-222;4.1;82;ChIJQ50DHaLfrAcRSavcugBsAmM;https://www.google.com/maps/place/?q=place_id:ChIJQ50DHaLfrAcRSavcugBsAmM;cafeteria Cabedelo PB;Renascer;@-7.0324,-34.8705,15z;excluded_category_or_name
already_in_database;Porto do Café;Cafeteria;Praça Getúlio Vargas, 68 - Centro, Cabedelo - PB, 58100-261;4.7;6;ChIJi8fyTQAhrQcRylnBp6lzXXs;https://www.google.com/maps/place/?q=place_id:ChIJi8fyTQAhrQcRylnBp6lzXXs;cafeteria Cabedelo PB;Renascer;@-7.0324,-34.8705,15z;already_in_database
already_in_database;Lovina Ponta de Campina | Bar | Restaurante em Cabedelo;Restaurante;R. Vitorino Cardoso, 908 - Ponta de Campina, Cabedelo - PB, 58101-510;4.4;10742;ChIJdbKCxUTerAcRNmBt0eRrdX8;https://www.google.com/maps/place/?q=place_id:ChIJdbKCxUTerAcRNmBt0eRrdX8;bar restaurante Cabedelo PB;Renascer;@-7.0324,-34.8705,15z;already_in_database
rejected;TreeHouse Bar Lounge - Por do sol João Pessoa;Bar;R. Pôr do Sol, s/n, Cabedelo - PB, 58310-000;4.5;1125;ChIJ33JsoxverAcRwnzfHW9fJTI;https://www.google.com/maps/place/?q=place_id:ChIJ33JsoxverAcRwnzfHW9fJTI;bar restaurante Cabedelo PB;Renascer;@-7.0324,-34.8705,15z;excluded_category_or_name
already_in_database;Numar Bar e Restaurante;Bar;Av. Oceano Atlântico, 878 - Intermares, Cabedelo - PB, 58310-000;4.5;1370;ChIJ29wxE1zfrAcRAXclbUaSW8w;https://www.google.com/maps/place/?q=place_id:ChIJ29wxE1zfrAcRAXclbUaSW8w;bar restaurante Cabedelo PB;Renascer;@-7.0324,-34.8705,15z;already_in_database
already_in_database;Cibelly Bar & Restaurante;Bar e restaurante de ostras;Rua Luna Pedrosa, 1260 - Poço, Cabedelo - PB, 58101-574;4.1;4295;ChIJ63V170_erAcRZ2vvWZseSgE;https://www.google.com/maps/place/?q=place_id:ChIJ63V170_erAcRZ2vvWZseSgE;bar restaurante Cabedelo PB;Renascer;@-7.0324,-34.8705,15z;already_in_database
rejected;Badionaldo;Bar;R. Vitorino Cardoso, 780 - Lot. Vitorino Cardoso, Cabedelo - PB, 58101-510;3.7;111;ChIJLV_DEEPfrAcRnoTIdvp3Ch0;https://www.google.com/maps/place/?q=place_id:ChIJLV_DEEPfrAcRnoTIdvp3Ch0;bar restaurante Cabedelo PB;Renascer;@-7.0324,-34.8705,15z;not_clearly_food_establishment
already_in_database;Kubanacan Bar e Restaurante;Restaurante;R. Julieta Viana, 103 - Camboinha, Cabedelo - PB, 58101-375;4.8;108;ChIJJZe3-g3frAcRPD9qTI1nWYM;https://www.google.com/maps/place/?q=place_id:ChIJJZe3-g3frAcRPD9qTI1nWYM;bar restaurante Cabedelo PB;Renascer;@-7.0324,-34.8705,15z;already_in_database
already_in_database;Restaurante Recanto do Picuí Intermares;Restaurante;R. Golfo Sidra, 72 - Intermares, Cabedelo - PB, 58310-000;4.5;1267;ChIJ7xU6NRLerAcRpPuWqjv1L7c;https://www.google.com/maps/place/?q=place_id:ChIJ7xU6NRLerAcRpPuWqjv1L7c;bar restaurante Cabedelo PB;Renascer;@-7.0324,-34.8705,15z;already_in_database
already_in_database;BAR DO CHEFF RESTAURANTE;Bar com música ao vivo;Av. Mar Vermelho, 357 - Lj 12 - Intermares, Cabedelo - PB, 58310-120;4.5;244;ChIJ__-7wQ3erAcRTH9HHjOgYLo;https://www.google.com/maps/place/?q=place_id:ChIJ__-7wQ3erAcRTH9HHjOgYLo;bar restaurante Cabedelo PB;Renascer;@-7.0324,-34.8705,15z;already_in_database
already_in_database;Ancoradouro Ponta de Campina;Restaurante;R. Henrique Siqueira, 242 - Ponta de Campina, Cabedelo - PB, 58310-000;3.9;495;ChIJZ2RoyxLfrAcRupeEWBQrnEc;https://www.google.com/maps/place/?q=place_id:ChIJZ2RoyxLfrAcRupeEWBQrnEc;bar restaurante Cabedelo PB;Renascer;@-7.0324,-34.8705,15z;already_in_database
rejected;Rallo's Bar;Bar;R. Leonor Viana de Souza Carvalho, 717 - Lot. Nazareth, Cabedelo - PB, 58310-000;4.5;151;ChIJBwzWfE3erAcR6TzRvhVrh9k;https://www.google.com/maps/place/?q=place_id:ChIJBwzWfE3erAcR6TzRvhVrh9k;bar restaurante Cabedelo PB;Renascer;@-7.0324,-34.8705,15z;not_clearly_food_establishment
already_in_database;Sax Café - Por do Sol da Praia do Jacaré Cabedelo/PB;Restaurante;Pôr do Sol, R. Praia do Jacaré, Cabedelo - PB, 58310-000;4.5;102;ChIJ42uw2z3frAcRpvqGhKXp_LM;https://www.google.com/maps/place/?q=place_id:ChIJ42uw2z3frAcRpvqGhKXp_LM;bar restaurante Cabedelo PB;Renascer;@-7.0324,-34.8705,15z;already_in_database
already_in_database;Cibelly Mar - Restaurante no Por do Sol do Jacaré;Restaurante;Av. Pôr do Sol, R. Praia do Jacaré, Cabedelo - PB, 58310-000;3.8;77;ChIJh1rDEOrfrAcREB0gWWe41S8;https://www.google.com/maps/place/?q=place_id:ChIJh1rDEOrfrAcREB0gWWe41S8;bar restaurante Cabedelo PB;Renascer;@-7.0324,-34.8705,15z;already_in_database
already_in_database;Espetinho da praia Intermares;Restaurante;Av. Oceano Atlântico, 1972 - Intermares, Cabedelo - PB, 58310-000;4.4;772;ChIJE-mcRMTfrAcRBThGnfI6x2c;https://www.google.com/maps/place/?q=place_id:ChIJE-mcRMTfrAcRBThGnfI6x2c;bar restaurante Cabedelo PB;Renascer;@-7.0324,-34.8705,15z;already_in_database
rejected;Neuza Praia Bar;Bar;R. Maria Fernandes Viana - Jardim Jerico, Cabedelo - PB, 58310-000;4.3;39;ChIJASN62qDfrAcRT8pxH8OO2lQ;https://www.google.com/maps/place/?q=place_id:ChIJASN62qDfrAcRT8pxH8OO2lQ;bar restaurante Cabedelo PB;Renascer;@-7.0324,-34.8705,15z;not_clearly_food_establishment
already_in_database;Mão Branca bar e resturante;Restaurante de frutos do mar;Rua Luna Pedrosa, R. Vitorino Cardoso, 36, Cabedelo - PB, 58101-574;4.1;28;ChIJrTuuvqffrAcRlkCExl3ppsU;https://www.google.com/maps/place/?q=place_id:ChIJrTuuvqffrAcRlkCExl3ppsU;bar restaurante Cabedelo PB;Renascer;@-7.0324,-34.8705,15z;already_in_database
already_in_database;Big Jack comida de rua com INSPIRAÇÃO texana;Restaurante;Av. Mar Vermelho, QUADRA 12 - LOTE 01 - Intermares, Cabedelo - PB, 58102-120;4.8;353;ChIJCTY1v6rfrAcRD3ZYZu4I32E;https://www.google.com/maps/place/?q=place_id:ChIJCTY1v6rfrAcRD3ZYZu4I32E;bar restaurante Cabedelo PB;Renascer;@-7.0324,-34.8705,15z;already_in_database
rejected;Barba Ruiva PB;Bar;Av Oceano Atlântico S/N, Avenida Cassiano da Cunha Nóbrega, 187 - Intermares, Cabedelo - PB, 58100-000;4.2;125;ChIJ9-D_WWkgrQcRTC87LMoHrwI;https://www.google.com/maps/place/?q=place_id:ChIJ9-D_WWkgrQcRTC87LMoHrwI;bar restaurante Cabedelo PB;Renascer;@-7.0324,-34.8705,15z;not_clearly_food_establishment
already_in_database;CTG Saudade Da Querência;Restaurante;R. João Santos Coelho Filho, 125 - Lot. Praia Grande, Cabedelo - PB, 58310-000;4.6;293;ChIJv8vnDLPfrAcR2d01H7Lb744;https://www.google.com/maps/place/?q=place_id:ChIJv8vnDLPfrAcR2d01H7Lb744;bar restaurante Cabedelo PB;Renascer;@-7.0324,-34.8705,15z;already_in_database
rejected;A Ferro Y Fogo Churrasco & Burger Artesanal na Brasa;Restaurante;Av. Oceano Atlântico, 1592 - Shopping GetMall - Ponta de Campina, Cabedelo - PB, 58101-650;3.9;39;ChIJNWudC1nfrAcRZp_VOIvsXTQ;https://www.google.com/maps/place/?q=place_id:ChIJNWudC1nfrAcRZp_VOIvsXTQ;bar restaurante Cabedelo PB;Renascer;@-7.0324,-34.8705,15z;excluded_category_or_name
rejected;Bar Sol de Verão;Bar;R. João Henrique de Miranda, 401 - Camboinha, Cabedelo - PB, 58310-000;4.2;75;ChIJnVIRsq_frAcR_6-FikFOahs;https://www.google.com/maps/place/?q=place_id:ChIJnVIRsq_frAcR_6-FikFOahs;bar restaurante Cabedelo PB;Renascer;@-7.0324,-34.8705,15z;not_clearly_food_establishment
already_in_database;Caldinho Prime Formosa;Restaurante;Av. Cassiano da Cunha Nóbrega, 555 - Vila Sao Joao, Cabedelo - PB, 58310-000;4.7;46;ChIJo3IrDQAhrQcRuau8CF_J1oc;https://www.google.com/maps/place/?q=place_id:ChIJo3IrDQAhrQcRuau8CF_J1oc;restaurantes Cabedelo PB;Jardim Manguinhos/Formosa;@-6.9884,-34.8497,15z;already_in_database
already_in_database;Ilha Dourada Restaurante;Restaurante de frutos do mar;BR -230, R. José Américo de Almeida Filho, s/n - Areia Dourada, Cabedelo - PB, 58101-212;4.2;3161;ChIJ19PDcIXfrAcRzBwfL7gvIIs;https://www.google.com/maps/place/?q=place_id:ChIJ19PDcIXfrAcRzBwfL7gvIIs;restaurantes Cabedelo PB;Jardim Manguinhos/Formosa;@-6.9884,-34.8497,15z;already_in_database
already_in_database;Bar das Meninas Restaurante;Restaurante de frutos do mar;R. Des. Onaldo N Montenegro, 368 - Vila Sao Joao, Cabedelo - PB, 58109-342;4.2;3174;ChIJodwqQ2kgrQcR4ABUUI60O8Y;https://www.google.com/maps/place/?q=place_id:ChIJodwqQ2kgrQcR4ABUUI60O8Y;restaurantes Cabedelo PB;Jardim Manguinhos/Formosa;@-6.9884,-34.8497,15z;already_in_database
already_in_database;Restaurante Pôr do Sol;Restaurante;R. Pres. João Pessoa, 1 - Vila Sao Joao, Cabedelo - PB, 58310-000;4.6;105;ChIJb69icnQgrQcRc9_nUnm-luI;https://www.google.com/maps/place/?q=place_id:ChIJb69icnQgrQcRc9_nUnm-luI;restaurantes Cabedelo PB;Jardim Manguinhos/Formosa;@-6.9884,-34.8497,15z;already_in_database
already_in_database;Lovina Ponta de Campina | Bar | Restaurante em Cabedelo;Restaurante;R. Vitorino Cardoso, 908 - Ponta de Campina, Cabedelo - PB, 58101-510;4.4;10742;ChIJdbKCxUTerAcRNmBt0eRrdX8;https://www.google.com/maps/place/?q=place_id:ChIJdbKCxUTerAcRNmBt0eRrdX8;restaurantes Cabedelo PB;Jardim Manguinhos/Formosa;@-6.9884,-34.8497,15z;already_in_database
already_in_database;Skama Bar e Restaurante;Restaurante;Av. Cassiano da Cunha Nóbrega, 18 - Ponta de Matos, Cabedelo - PB, 58100-965;4.2;397;ChIJl-GtFGkgrQcROqBgkhHbHuA;https://www.google.com/maps/place/?q=place_id:ChIJl-GtFGkgrQcROqBgkhHbHuA;restaurantes Cabedelo PB;Jardim Manguinhos/Formosa;@-6.9884,-34.8497,15z;already_in_database
already_in_database;Caiçara Bar e Restaurante;Restaurante;Praia de, Rua Cassiano, Av. Cassiano da Cunha Nóbrega - Ponta de Matos, Cabedelo - PB, 58100-695;4.7;39;ChIJ6UAYvCohrQcRzW-CciJ0DB0;https://www.google.com/maps/place/?q=place_id:ChIJ6UAYvCohrQcRzW-CciJ0DB0;restaurantes Cabedelo PB;Jardim Manguinhos/Formosa;@-6.9884,-34.8497,15z;already_in_database
already_in_database;Casa Di Mainha;Local para eventos;R. Prof. João Lelis de Luna Freire - Jardim Jerico, Cabedelo - PB, 58310-000;5;16;ChIJI_QFwtzfrAcR4PpGSlWFXfE;https://www.google.com/maps/place/?q=place_id:ChIJI_QFwtzfrAcR4PpGSlWFXfE;restaurantes Cabedelo PB;Jardim Manguinhos/Formosa;@-6.9884,-34.8497,15z;already_in_database
rejected;Verano Praia Bar;Bar;Av. Pastor José Alves de Oliveira, 848 - Areia Dourada, Cabedelo - PB, 58101-205;4.4;324;ChIJh0FVTwvfrAcRloIZE5Iit7w;https://www.google.com/maps/place/?q=place_id:ChIJh0FVTwvfrAcRloIZE5Iit7w;restaurantes Cabedelo PB;Jardim Manguinhos/Formosa;@-6.9884,-34.8497,15z;not_clearly_food_establishment
already_in_database;Churrascaria do Caicó;Churrascaria;R, Av. Pastor José Alves de Oliveira, 365 - Centro, Cabedelo - PB, 58100-222;4.3;753;ChIJVaKROncgrQcR5lpnht-FotI;https://www.google.com/maps/place/?q=place_id:ChIJVaKROncgrQcR5lpnht-FotI;restaurantes Cabedelo PB;Jardim Manguinhos/Formosa;@-6.9884,-34.8497,15z;already_in_database
already_in_database;Gigante Do Mar Beach;Restaurante de frutos do mar;Av. Max Zagel, 450 - Camboinha, Cabedelo - PB, 58033-455;4.2;3378;ChIJ47lgZ6TfrAcR21h_sELDBwk;https://www.google.com/maps/place/?q=place_id:ChIJ47lgZ6TfrAcR21h_sELDBwk;restaurantes Cabedelo PB;Jardim Manguinhos/Formosa;@-6.9884,-34.8497,15z;already_in_database
already_in_database;Tenda Formosa Bar & Restaurante;Restaurante;Av. Cassiano da Cunha Nóbrega, 98 - Praia Formosa, Cabedelo - PB, 58100-685;4.1;1507;ChIJIc-iXWUgrQcReqjiUbw742w;https://www.google.com/maps/place/?q=place_id:ChIJIc-iXWUgrQcReqjiUbw742w;restaurantes Cabedelo PB;Jardim Manguinhos/Formosa;@-6.9884,-34.8497,15z;already_in_database
already_in_database;Sport Marina;Restaurante de frutos do mar;Av. Pastor José Alves de Oliveira, 848 - Areia Dourada, Cabedelo - PB, 58101-232;4.5;503;ChIJpSulOXggrQcR1X8-11zV034;https://www.google.com/maps/place/?q=place_id:ChIJpSulOXggrQcR1X8-11zV034;restaurantes Cabedelo PB;Jardim Manguinhos/Formosa;@-6.9884,-34.8497,15z;already_in_database
already_in_database;RESTAURANTE DA WILMA;Restaurante;Jacaré, Cabedelo - PB, 58315-000;4.9;8;ChIJpVkCVxsgrQcRd4H-jTRlUZw;https://www.google.com/maps/place/?q=place_id:ChIJpVkCVxsgrQcRd4H-jTRlUZw;restaurantes Cabedelo PB;Jardim Manguinhos/Formosa;@-6.9884,-34.8497,15z;already_in_database
already_in_database;Kubanacan Bar e Restaurante;Restaurante;R. Julieta Viana, 103 - Camboinha, Cabedelo - PB, 58101-375;4.8;108;ChIJJZe3-g3frAcRPD9qTI1nWYM;https://www.google.com/maps/place/?q=place_id:ChIJJZe3-g3frAcRPD9qTI1nWYM;restaurantes Cabedelo PB;Jardim Manguinhos/Formosa;@-6.9884,-34.8497,15z;already_in_database
already_in_database;Bar e Restaurante do Sumé;Restaurante de frutos do mar;Av. Oceano Atlântico, 98 - Vila Sao Joao, Cabedelo - PB, 58310-000;4.1;762;ChIJx6-fZGUgrQcR3ejC32WCAA4;https://www.google.com/maps/place/?q=place_id:ChIJx6-fZGUgrQcR3ejC32WCAA4;restaurantes Cabedelo PB;Jardim Manguinhos/Formosa;@-6.9884,-34.8497,15z;already_in_database
already_in_database;Atlântico bar, cabedelo;Restaurante;Cassiano, Av. Cassiano da Cunha Nóbrega - Ponta de Matos, Cabedelo - PB, 58100-695;4.4;8;ChIJsc6M1VohrQcR2aadwXNqCYM;https://www.google.com/maps/place/?q=place_id:ChIJsc6M1VohrQcR2aadwXNqCYM;restaurantes Cabedelo PB;Jardim Manguinhos/Formosa;@-6.9884,-34.8497,15z;already_in_database
rejected;Comida Caseira da Elly;Restaurante;Mercado Público de Cabedelo, BOX 138, Centro, Cabedelo - PB, 58100-140;5;19;ChIJBfEE9CwhrQcR2xtfopCJ34w;https://www.google.com/maps/place/?q=place_id:ChIJBfEE9CwhrQcR2xtfopCJ34w;restaurantes Cabedelo PB;Jardim Manguinhos/Formosa;@-6.9884,-34.8497,15z;excluded_category_or_name
already_in_database;Residência do Mário;Restaurante;R. Cleto Campêlo, 889 - Camalaú, Cabedelo - PB, 58103-242;4.7;153;ChIJJ1WRk4nfrAcRe75oQKtSH4Y;https://www.google.com/maps/place/?q=place_id:ChIJJ1WRk4nfrAcRe75oQKtSH4Y;restaurantes Cabedelo PB;Jardim Manguinhos/Formosa;@-6.9884,-34.8497,15z;already_in_database
already_in_database;Bar e Restaurante Solânense;Restaurante;R. Sólon de Lucena, 364 - Centro, Cabedelo - PB, 58100-570;4.6;77;ChIJr1gT2-chrQcRL1coXnrt0YE;https://www.google.com/maps/place/?q=place_id:ChIJr1gT2-chrQcRL1coXnrt0YE;restaurantes Cabedelo PB;Jardim Manguinhos/Formosa;@-6.9884,-34.8497,15z;already_in_database
already_in_database;Pizzaria tá no ponto;Pizzaria;R. Ten. Antônio Pontes, 236 - Vila Sao Joao, Cabedelo - PB, 58100-645;5;1;ChIJP3oicAAhrQcRy3DljLN5ZTw;https://www.google.com/maps/place/?q=place_id:ChIJP3oicAAhrQcRy3DljLN5ZTw;pizzaria Cabedelo PB;Jardim Manguinhos/Formosa;@-6.9884,-34.8497,15z;already_in_database
already_in_database;Center Pizza Cabedelo;Pizzaria;R. Duque de Caxias, 189 - Centro, Cabedelo - PB, 58310-000;5;18;ChIJUeGTJwAhrQcRnfODfBzcelE;https://www.google.com/maps/place/?q=place_id:ChIJUeGTJwAhrQcRnfODfBzcelE;pizzaria Cabedelo PB;Jardim Manguinhos/Formosa;@-6.9884,-34.8497,15z;already_in_database
already_in_database;Casa Di Mainha;Pizzaria;R. Prof. João Lelis de Luna Freire - Jardim Jerico, Cabedelo - PB, 58310-000;5;16;ChIJI_QFwtzfrAcR4PpGSlWFXfE;https://www.google.com/maps/place/?q=place_id:ChIJI_QFwtzfrAcR4PpGSlWFXfE;pizzaria Cabedelo PB;Jardim Manguinhos/Formosa;@-6.9884,-34.8497,15z;already_in_database
already_in_database;Pizza do Paulinho;Pizzaria;Av. Monsenhor José da Silva Coutinho, 113 - Vila Sao Joao, Cabedelo - PB, 58103-332;5;11;ChIJTUFjldDfrAcRXmp9tl8_VOc;https://www.google.com/maps/place/?q=place_id:ChIJTUFjldDfrAcRXmp9tl8_VOc;pizzaria Cabedelo PB;Jardim Manguinhos/Formosa;@-6.9884,-34.8497,15z;already_in_database
already_in_database;Pizzaria 1000Graus;Pizzaria;R. Duque de Caxias, 60 - Centro, Cabedelo - PB, 58100-000;5;1;ChIJz9Yh3hohrQcRX3d8g-9Pd6w;https://www.google.com/maps/place/?q=place_id:ChIJz9Yh3hohrQcRX3d8g-9Pd6w;pizzaria Cabedelo PB;Jardim Manguinhos/Formosa;@-6.9884,-34.8497,15z;already_in_database
already_in_database;Pizzaria Bom Sabor Camboinha;Pizzaria;R. Prof. João Lelis de Luna Freire, 288 - Jardim Camboinha, Cabedelo - PB, 58310-000;4.1;54;ChIJ23LpoCvfrAcRK0glALWQRYA;https://www.google.com/maps/place/?q=place_id:ChIJ23LpoCvfrAcRK0glALWQRYA;pizzaria Cabedelo PB;Jardim Manguinhos/Formosa;@-6.9884,-34.8497,15z;already_in_database
already_in_database;Pizza Now - Intermares;Delivery de Pizza;Av. Oceano Atlântico, 1592 - Lj 14 - Ponta de Campina, Cabedelo - PB, 58101-650;4.5;200;ChIJC3rzCDHdrAcRGYF3vwcOan8;https://www.google.com/maps/place/?q=place_id:ChIJC3rzCDHdrAcRGYF3vwcOan8;pizzaria Cabedelo PB;Jardim Manguinhos/Formosa;@-6.9884,-34.8497,15z;already_in_database
already_in_database;Deu Pizza Cabedelo;Pizzaria;Praça Getúlio Vargas, 95 - Vila Sao Joao, Cabedelo - PB, 58100-261;;;ChIJVeZJGAAhrQcRfL-dAtZyAcY;https://www.google.com/maps/place/?q=place_id:ChIJVeZJGAAhrQcRfL-dAtZyAcY;pizzaria Cabedelo PB;Jardim Manguinhos/Formosa;@-6.9884,-34.8497,15z;already_in_database
already_in_database;La casa de pastel e La Pizza Premium;Pizzaria;Rua por trás do Campo Municipal, R. Primo José Viana, 463 - Centro, Cabedelo - PB, 58100-521;4.1;261;ChIJYSxGk8ghrQcRk9Nz0uySHBE;https://www.google.com/maps/place/?q=place_id:ChIJYSxGk8ghrQcRk9Nz0uySHBE;pizzaria Cabedelo PB;Jardim Manguinhos/Formosa;@-6.9884,-34.8497,15z;already_in_database
already_in_database;Lary's pizzaria e lanchonete;Pizzaria;R. Antônia Fernandes Oliveira, 810 - Jardim Camboinha, Cabedelo - PB, 58103-706;4.3;88;ChIJ1zlHHqffrAcRvEgStdnRDMs;https://www.google.com/maps/place/?q=place_id:ChIJ1zlHHqffrAcRvEgStdnRDMs;pizzaria Cabedelo PB;Jardim Manguinhos/Formosa;@-6.9884,-34.8497,15z;already_in_database
already_in_database;Chapa Quente Lanches e Refeições;Lanchonete;R. Novo Horizonte, 37 - Jacaré, Cabedelo - PB, 58105-652;4.7;43;ChIJNYcRV8DdrAcR2mIZA8gNQHY;https://www.google.com/maps/place/?q=place_id:ChIJNYcRV8DdrAcR2mIZA8gNQHY;pizzaria Cabedelo PB;Jardim Manguinhos/Formosa;@-6.9884,-34.8497,15z;already_in_database
already_in_database;Hora Da Pizza;Pizzaria;R. Arco Íris, 113 - Lot. Oceania VI, Cabedelo - PB, 58105-514;5;13;ChIJd8aACALfrAcR-y1kMx11Rs8;https://www.google.com/maps/place/?q=place_id:ChIJd8aACALfrAcR-y1kMx11Rs8;pizzaria Cabedelo PB;Jardim Manguinhos/Formosa;@-6.9884,-34.8497,15z;already_in_database
already_in_database;Skama Bar e Restaurante;Restaurante;Av. Cassiano da Cunha Nóbrega, 18 - Ponta de Matos, Cabedelo - PB, 58100-965;4.2;397;ChIJl-GtFGkgrQcROqBgkhHbHuA;https://www.google.com/maps/place/?q=place_id:ChIJl-GtFGkgrQcROqBgkhHbHuA;pizzaria Cabedelo PB;Jardim Manguinhos/Formosa;@-6.9884,-34.8497,15z;already_in_database
already_in_database;Ilovepizzapb;Pizzaria;R. Duque de Caxias - Centro, Cabedelo - PB, 58100-263;;;ChIJ2dkU5NAhrQcRMvAetr3sxYA;https://www.google.com/maps/place/?q=place_id:ChIJ2dkU5NAhrQcRMvAetr3sxYA;pizzaria Cabedelo PB;Jardim Manguinhos/Formosa;@-6.9884,-34.8497,15z;already_in_database
already_in_database;Restaurante e pizzaria chapa quente;Pizzaria;R. Nova Descoberta, 70 - Centro, Cabedelo - PB, 58100-592;4.7;26;ChIJVTniUTohrQcRFlrnzZq339A;https://www.google.com/maps/place/?q=place_id:ChIJVTniUTohrQcRFlrnzZq339A;pizzaria Cabedelo PB;Jardim Manguinhos/Formosa;@-6.9884,-34.8497,15z;already_in_database
already_in_database;Pizza Família Cipriano;Pizzaria;R. Golfo Danzig, 56 - Intermares, Cabedelo - PB, 58102-133;5;13;ChIJBw8J2x3frAcR-t64wKV4XEg;https://www.google.com/maps/place/?q=place_id:ChIJBw8J2x3frAcR-t64wKV4XEg;pizzaria Cabedelo PB;Jardim Manguinhos/Formosa;@-6.9884,-34.8497,15z;already_in_database
already_in_database;PARCEIRO Rosa Lanches;Lanchonete;R. Ten. Antônio Pontes, 139 - Ponta de Matos, Cabedelo - PB, 58100-645;4.5;120;ChIJKfbziSchrQcRUM5eTvB19FU;https://www.google.com/maps/place/?q=place_id:ChIJKfbziSchrQcRUM5eTvB19FU;pizzaria Cabedelo PB;Jardim Manguinhos/Formosa;@-6.9884,-34.8497,15z;already_in_database
already_in_database;D'gust Lanchonete;Hamburgueria;R. Benedito Soares da Silva, 76 - Vila Sao Joao, Cabedelo - PB, 58310-000;5;2;ChIJfRXKQQAhrQcRJlUtVsFl2Nw;https://www.google.com/maps/place/?q=place_id:ChIJfRXKQQAhrQcRJlUtVsFl2Nw;pizzaria Cabedelo PB;Jardim Manguinhos/Formosa;@-6.9884,-34.8497,15z;already_in_database
already_in_database;Pizzaria Bom Sabor;Pizzaria;R. Jair Cunha Cavalcanti, 248 - Lot. Oceania, Cabedelo - PB, 58105-700;4;134;ChIJJwFhsjXfrAcR5WUPKUu6Li8;https://www.google.com/maps/place/?q=place_id:ChIJJwFhsjXfrAcR5WUPKUu6Li8;pizzaria Cabedelo PB;Jardim Manguinhos/Formosa;@-6.9884,-34.8497,15z;already_in_database
already_in_database;DAWN BURGUER;Hamburgueria;R. Augusto Firmo Paulo, 51 - Vila Sao Joao, Cabedelo - PB, 58101-015;4.2;45;ChIJadfjewAhrQcRf8d09KL-Gi4;https://www.google.com/maps/place/?q=place_id:ChIJadfjewAhrQcRf8d09KL-Gi4;pizzaria Cabedelo PB;Jardim Manguinhos/Formosa;@-6.9884,-34.8497,15z;already_in_database
already_in_database;Na brasa hambúrgueria;Lanchonete;Av. Pastor José Alves de Oliveira, 511 - Centro, Cabedelo - PB, 58100-222;4.5;15;ChIJS0Cl_7khrQcRXHqZzABLeRg;https://www.google.com/maps/place/?q=place_id:ChIJS0Cl_7khrQcRXHqZzABLeRg;hamburgueria Cabedelo PB;Jardim Manguinhos/Formosa;@-6.9884,-34.8497,15z;already_in_database
already_in_database;Manguinhos Burguer;Hamburgueria;R. Débora Borges Xavier, 29 - Vila Sao Joao, Cabedelo - PB, 58103-405;5;1;ChIJ7714LT_frAcROZGgCaHyb1A;https://www.google.com/maps/place/?q=place_id:ChIJ7714LT_frAcROZGgCaHyb1A;hamburgueria Cabedelo PB;Jardim Manguinhos/Formosa;@-6.9884,-34.8497,15z;already_in_database
already_in_database;Home Smash Burger;Hamburgueria;R. Sólon de Lucena, 19 - Vila Sao Joao, Cabedelo - PB, 58100-570;4.4;48;ChIJv390eRbfrAcRXHxRKIdKrf0;https://www.google.com/maps/place/?q=place_id:ChIJv390eRbfrAcRXHxRKIdKrf0;hamburgueria Cabedelo PB;Jardim Manguinhos/Formosa;@-6.9884,-34.8497,15z;already_in_database
already_in_database;DAWN BURGUER;Hamburgueria;R. Augusto Firmo Paulo, 51 - Vila Sao Joao, Cabedelo - PB, 58101-015;4.2;45;ChIJadfjewAhrQcRf8d09KL-Gi4;https://www.google.com/maps/place/?q=place_id:ChIJadfjewAhrQcRf8d09KL-Gi4;hamburgueria Cabedelo PB;Jardim Manguinhos/Formosa;@-6.9884,-34.8497,15z;already_in_database
already_in_database;Oxi Burguer Cabedelo;Hamburgueria;R. Maria das Neves Silva - Ponta de Campina, Cabedelo - PB, 58101-660;5;31;ChIJ-3vOhY7frAcRyc0HXHjB-zo;https://www.google.com/maps/place/?q=place_id:ChIJ-3vOhY7frAcRyc0HXHjB-zo;hamburgueria Cabedelo PB;Jardim Manguinhos/Formosa;@-6.9884,-34.8497,15z;already_in_database
already_in_database;I love burguer;Hamburgueria;Praça Getúlio Vargas, 107 - Vila Sao Joao, Cabedelo - PB, 58100-305;4.1;18;ChIJ2_aBWAAhrQcRP7iv8wg49-U;https://www.google.com/maps/place/?q=place_id:ChIJ2_aBWAAhrQcRP7iv8wg49-U;hamburgueria Cabedelo PB;Jardim Manguinhos/Formosa;@-6.9884,-34.8497,15z;already_in_database
already_in_database;Manos Burger Cabedelo;Hamburgueria;Praça Getúlio Vargas - Ponta de Matos, Cabedelo - PB, 58059-122;5;7;ChIJX_ZmHcRRrAcRcqKoGYEPLM8;https://www.google.com/maps/place/?q=place_id:ChIJX_ZmHcRRrAcRcqKoGYEPLM8;hamburgueria Cabedelo PB;Jardim Manguinhos/Formosa;@-6.9884,-34.8497,15z;already_in_database
already_in_database;BIG BURGUER;Hamburgueria;R. Duque de Caxias - Vila Sao Joao, Cabedelo - PB, 58310-000;;;ChIJfVu7eQAhrQcRpNglRRyxBpk;https://www.google.com/maps/place/?q=place_id:ChIJfVu7eQAhrQcRpNglRRyxBpk;hamburgueria Cabedelo PB;Jardim Manguinhos/Formosa;@-6.9884,-34.8497,15z;already_in_database
already_in_database;Zhu Burguer;Hamburgueria;Rua em frente à Cardiologica, R. Antônio Dornelas Bezerra - Centro, Cabedelo - PB, 58100-675;5;1;ChIJ5whKCqchrQcRuFEtnQwYLRE;https://www.google.com/maps/place/?q=place_id:ChIJ5whKCqchrQcRuFEtnQwYLRE;hamburgueria Cabedelo PB;Jardim Manguinhos/Formosa;@-6.9884,-34.8497,15z;already_in_database
already_in_database;Triniity Burguer;Hamburgueria;Vila dos Estivadores, 73 - Centro, Cabedelo - PB, 58310-000;;;ChIJOTDzdQAhrQcRpoIFPhX8-F4;https://www.google.com/maps/place/?q=place_id:ChIJOTDzdQAhrQcRpoIFPhX8-F4;hamburgueria Cabedelo PB;Jardim Manguinhos/Formosa;@-6.9884,-34.8497,15z;already_in_database
already_in_database;food service;Hamburgueria;Muro da São Brás, R. Floresta - Camboinha, Cabedelo - PB, 58103-740;;;ChIJS6CBWLHfrAcRa3OXU-u9pJk;https://www.google.com/maps/place/?q=place_id:ChIJS6CBWLHfrAcRa3OXU-u9pJk;hamburgueria Cabedelo PB;Jardim Manguinhos/Formosa;@-6.9884,-34.8497,15z;already_in_database
already_in_database;D'gust Lanchonete;Hamburgueria;R. Benedito Soares da Silva, 76 - Vila Sao Joao, Cabedelo - PB, 58310-000;5;2;ChIJfRXKQQAhrQcRJlUtVsFl2Nw;https://www.google.com/maps/place/?q=place_id:ChIJfRXKQQAhrQcRJlUtVsFl2Nw;hamburgueria Cabedelo PB;Jardim Manguinhos/Formosa;@-6.9884,-34.8497,15z;already_in_database
rejected;A Ferro Y Fogo Churrasco & Burger Artesanal na Brasa;Restaurante;Av. Oceano Atlântico, 1592 - Shopping GetMall - Ponta de Campina, Cabedelo - PB, 58101-650;3.9;39;ChIJNWudC1nfrAcRZp_VOIvsXTQ;https://www.google.com/maps/place/?q=place_id:ChIJNWudC1nfrAcRZp_VOIvsXTQ;hamburgueria Cabedelo PB;Jardim Manguinhos/Formosa;@-6.9884,-34.8497,15z;excluded_category_or_name
already_in_database;PARCEIRO Rosa Lanches;Lanchonete;R. Ten. Antônio Pontes, 139 - Ponta de Matos, Cabedelo - PB, 58100-645;4.5;120;ChIJKfbziSchrQcRUM5eTvB19FU;https://www.google.com/maps/place/?q=place_id:ChIJKfbziSchrQcRUM5eTvB19FU;hamburgueria Cabedelo PB;Jardim Manguinhos/Formosa;@-6.9884,-34.8497,15z;already_in_database
rejected;GETMall;Hamburgueria;Av. Oceano Atlântico, 1592 - Ponta de Campina, Cabedelo - PB, 58310-000;4.3;103;ChIJX7HMo6rdrAcRCeFWODir8Rw;https://www.google.com/maps/place/?q=place_id:ChIJX7HMo6rdrAcRCeFWODir8Rw;hamburgueria Cabedelo PB;Jardim Manguinhos/Formosa;@-6.9884,-34.8497,15z;excluded_category_or_name
already_in_database;Big Jack comida de rua com INSPIRAÇÃO texana;Restaurante;Av. Mar Vermelho, QUADRA 12 - LOTE 01 - Intermares, Cabedelo - PB, 58102-120;4.8;353;ChIJCTY1v6rfrAcRD3ZYZu4I32E;https://www.google.com/maps/place/?q=place_id:ChIJCTY1v6rfrAcRD3ZYZu4I32E;hamburgueria Cabedelo PB;Jardim Manguinhos/Formosa;@-6.9884,-34.8497,15z;already_in_database
already_in_database;TCF - The Cheeseburguer Factory - Unidade Cabedelo;Lanchonete;Av. Oceano Atlântico, 1592 - Sl A15 - Ponta de Campina, Cabedelo - PB, 58310-000;4.1;13;ChIJ17zIKW_drAcRpW44MoCAPKM;https://www.google.com/maps/place/?q=place_id:ChIJ17zIKW_drAcRpW44MoCAPKM;hamburgueria Cabedelo PB;Jardim Manguinhos/Formosa;@-6.9884,-34.8497,15z;already_in_database
already_in_database;Rua São Miguel 159;Hamburgueria;R. São Miguel, 159 - Camalaú, Cabedelo - PB, 58103-212;;;ChIJXa-RKwDfrAcR770AHaiJcUc;https://www.google.com/maps/place/?q=place_id:ChIJXa-RKwDfrAcR770AHaiJcUc;hamburgueria Cabedelo PB;Jardim Manguinhos/Formosa;@-6.9884,-34.8497,15z;already_in_database
rejected;Comida Caseira da Elly;Restaurante;Mercado Público de Cabedelo, BOX 138, Centro, Cabedelo - PB, 58100-140;5;19;ChIJBfEE9CwhrQcR2xtfopCJ34w;https://www.google.com/maps/place/?q=place_id:ChIJBfEE9CwhrQcR2xtfopCJ34w;hamburgueria Cabedelo PB;Jardim Manguinhos/Formosa;@-6.9884,-34.8497,15z;excluded_category_or_name
already_in_database;Seu Jerônimo;Hamburgueria;R. Virginia Maria Nogueira Gadelha Pimentel - Lot. Bela Vista, Cabedelo - PB, 58310-000;5;13;ChIJWVZmZADdrAcRKTJks1JgeWU;https://www.google.com/maps/place/?q=place_id:ChIJWVZmZADdrAcRKTJks1JgeWU;hamburgueria Cabedelo PB;Jardim Manguinhos/Formosa;@-6.9884,-34.8497,15z;already_in_database
already_in_database;Chapa Quente Lanches e Refeições;Lanchonete;R. Novo Horizonte, 37 - Jacaré, Cabedelo - PB, 58105-652;4.7;43;ChIJNYcRV8DdrAcR2mIZA8gNQHY;https://www.google.com/maps/place/?q=place_id:ChIJNYcRV8DdrAcR2mIZA8gNQHY;lanchonete Cabedelo PB;Jardim Manguinhos/Formosa;@-6.9884,-34.8497,15z;already_in_database
already_in_database;PARCEIRO Rosa Lanches;Lanchonete;R. Ten. Antônio Pontes, 139 - Ponta de Matos, Cabedelo - PB, 58100-645;4.5;120;ChIJKfbziSchrQcRUM5eTvB19FU;https://www.google.com/maps/place/?q=place_id:ChIJKfbziSchrQcRUM5eTvB19FU;lanchonete Cabedelo PB;Jardim Manguinhos/Formosa;@-6.9884,-34.8497,15z;already_in_database
already_in_database;Caldinho Prime Formosa;Restaurante;Av. Cassiano da Cunha Nóbrega, 555 - Vila Sao Joao, Cabedelo - PB, 58310-000;4.7;46;ChIJo3IrDQAhrQcRuau8CF_J1oc;https://www.google.com/maps/place/?q=place_id:ChIJo3IrDQAhrQcRuau8CF_J1oc;lanchonete Cabedelo PB;Jardim Manguinhos/Formosa;@-6.9884,-34.8497,15z;already_in_database
already_in_database;Ilha Dourada Restaurante;Restaurante de frutos do mar;BR -230, R. José Américo de Almeida Filho, s/n - Areia Dourada, Cabedelo - PB, 58101-212;4.2;3161;ChIJ19PDcIXfrAcRzBwfL7gvIIs;https://www.google.com/maps/place/?q=place_id:ChIJ19PDcIXfrAcRzBwfL7gvIIs;lanchonete Cabedelo PB;Jardim Manguinhos/Formosa;@-6.9884,-34.8497,15z;already_in_database
already_in_database;Sorveteria glacial;Sorveteria;Vila dos Estivadores, 73 - Centro, Cabedelo - PB, 58310-000;4.4;260;ChIJB9065i0hrQcRn26XWJtWITw;https://www.google.com/maps/place/?q=place_id:ChIJB9065i0hrQcRn26XWJtWITw;lanchonete Cabedelo PB;Jardim Manguinhos/Formosa;@-6.9884,-34.8497,15z;already_in_database
already_in_database;Caiçara Bar e Restaurante;Restaurante;Praia de, Rua Cassiano, Av. Cassiano da Cunha Nóbrega - Ponta de Matos, Cabedelo - PB, 58100-695;4.7;39;ChIJ6UAYvCohrQcRzW-CciJ0DB0;https://www.google.com/maps/place/?q=place_id:ChIJ6UAYvCohrQcRzW-CciJ0DB0;lanchonete Cabedelo PB;Jardim Manguinhos/Formosa;@-6.9884,-34.8497,15z;already_in_database
already_in_database;Casa Di Mainha;Local para eventos;R. Prof. João Lelis de Luna Freire - Jardim Jerico, Cabedelo - PB, 58310-000;5;16;ChIJI_QFwtzfrAcR4PpGSlWFXfE;https://www.google.com/maps/place/?q=place_id:ChIJI_QFwtzfrAcR4PpGSlWFXfE;lanchonete Cabedelo PB;Jardim Manguinhos/Formosa;@-6.9884,-34.8497,15z;already_in_database
already_in_database;Na brasa hambúrgueria;Lanchonete;Av. Pastor José Alves de Oliveira, 511 - Centro, Cabedelo - PB, 58100-222;4.5;15;ChIJS0Cl_7khrQcRXHqZzABLeRg;https://www.google.com/maps/place/?q=place_id:ChIJS0Cl_7khrQcRXHqZzABLeRg;lanchonete Cabedelo PB;Jardim Manguinhos/Formosa;@-6.9884,-34.8497,15z;already_in_database
already_in_database;Bar das Meninas Restaurante;Restaurante de frutos do mar;R. Des. Onaldo N Montenegro, 368 - Vila Sao Joao, Cabedelo - PB, 58109-342;4.2;3174;ChIJodwqQ2kgrQcR4ABUUI60O8Y;https://www.google.com/maps/place/?q=place_id:ChIJodwqQ2kgrQcR4ABUUI60O8Y;lanchonete Cabedelo PB;Jardim Manguinhos/Formosa;@-6.9884,-34.8497,15z;already_in_database
rejected;Tia Graça Doces E Salgados;Doceria;R. Pedro Aleixo Moura, 26 - Vila Sao Joao, Cabedelo - PB, 58310-000;4.6;414;ChIJazVfCHEgrQcRref-q7f7tNA;https://www.google.com/maps/place/?q=place_id:ChIJazVfCHEgrQcRref-q7f7tNA;lanchonete Cabedelo PB;Jardim Manguinhos/Formosa;@-6.9884,-34.8497,15z;not_clearly_food_establishment
already_in_database;Nena Doceria & Salgaderia;Lanchonete;R. Juarez Távora, 227 - Vila Sao Joao, Cabedelo - PB, 58310-000;4.2;29;ChIJF2RM-nYgrQcRFJgSI5uoeXM;https://www.google.com/maps/place/?q=place_id:ChIJF2RM-nYgrQcRFJgSI5uoeXM;lanchonete Cabedelo PB;Jardim Manguinhos/Formosa;@-6.9884,-34.8497,15z;already_in_database
already_in_database;Porto do açaí;Lanchonete;R. Cleto Campêlo, 623 - Camalaú, Cabedelo - PB, 58310-000;5;1;ChIJL9uhhKMhrQcRNgJ6D5n7bws;https://www.google.com/maps/place/?q=place_id:ChIJL9uhhKMhrQcRNgJ6D5n7bws;lanchonete Cabedelo PB;Jardim Manguinhos/Formosa;@-6.9884,-34.8497,15z;already_in_database
already_in_database;Vanda da coxinha cabedelo PB;Lanchonete;Av. São Sebastião, 227 - Camalaú, Cabedelo - PB, 58103-102;4.8;4;ChIJx9kJcqffrAcR_1kyZ6ncqRQ;https://www.google.com/maps/place/?q=place_id:ChIJx9kJcqffrAcR_1kyZ6ncqRQ;lanchonete Cabedelo PB;Jardim Manguinhos/Formosa;@-6.9884,-34.8497,15z;already_in_database
already_in_database;Skama Bar e Restaurante;Restaurante;Av. Cassiano da Cunha Nóbrega, 18 - Ponta de Matos, Cabedelo - PB, 58100-965;4.2;397;ChIJl-GtFGkgrQcROqBgkhHbHuA;https://www.google.com/maps/place/?q=place_id:ChIJl-GtFGkgrQcROqBgkhHbHuA;lanchonete Cabedelo PB;Jardim Manguinhos/Formosa;@-6.9884,-34.8497,15z;already_in_database
already_in_database;Gigante Do Mar Beach;Restaurante de frutos do mar;Av. Max Zagel, 450 - Camboinha, Cabedelo - PB, 58033-455;4.2;3378;ChIJ47lgZ6TfrAcR21h_sELDBwk;https://www.google.com/maps/place/?q=place_id:ChIJ47lgZ6TfrAcR21h_sELDBwk;lanchonete Cabedelo PB;Jardim Manguinhos/Formosa;@-6.9884,-34.8497,15z;already_in_database
already_in_database;Restaurante Pôr do Sol;Restaurante;R. Pres. João Pessoa, 1 - Vila Sao Joao, Cabedelo - PB, 58310-000;4.6;105;ChIJb69icnQgrQcRc9_nUnm-luI;https://www.google.com/maps/place/?q=place_id:ChIJb69icnQgrQcRc9_nUnm-luI;lanchonete Cabedelo PB;Jardim Manguinhos/Formosa;@-6.9884,-34.8497,15z;already_in_database
already_in_database;Marcos Lanches;Restaurante;Vila Sao Joao, Cabedelo - PB, 58310-000;4.3;4;ChIJhX1SLHcgrQcR9zZlpaN0kZw;https://www.google.com/maps/place/?q=place_id:ChIJhX1SLHcgrQcR9zZlpaN0kZw;lanchonete Cabedelo PB;Jardim Manguinhos/Formosa;@-6.9884,-34.8497,15z;already_in_database
already_in_database;Sorveteria Frutos de Goiás - Cabedelo;Lanchonete;R. Sólon de Lucena, 30B - Centro, Cabedelo - PB, 58100-570;4.9;40;ChIJpR3-bsYhrQcRFzba--9mhwU;https://www.google.com/maps/place/?q=place_id:ChIJpR3-bsYhrQcRFzba--9mhwU;lanchonete Cabedelo PB;Jardim Manguinhos/Formosa;@-6.9884,-34.8497,15z;already_in_database
already_in_database;La casa de pastel e La Pizza Premium;Pastelaria brasileira;Rua por trás do Campo Municipal, R. Primo José Viana, 463 - Centro, Cabedelo - PB, 58100-521;4.1;261;ChIJYSxGk8ghrQcRk9Nz0uySHBE;https://www.google.com/maps/place/?q=place_id:ChIJYSxGk8ghrQcRk9Nz0uySHBE;lanchonete Cabedelo PB;Jardim Manguinhos/Formosa;@-6.9884,-34.8497,15z;already_in_database
already_in_database;Cantinho Bom;Sorveteria;R. Santa Rita de Cássia, 42 - Jardim Camboinha, Cabedelo - PB, 58103-772;5;1;ChIJm1gILLjfrAcRJzUZHE7JAuI;https://www.google.com/maps/place/?q=place_id:ChIJm1gILLjfrAcRJzUZHE7JAuI;lanchonete Cabedelo PB;Jardim Manguinhos/Formosa;@-6.9884,-34.8497,15z;already_in_database
already_in_database;Sushiyaki Restaurante;Restaurante japonês;R. Ten. Antônio Pontes, 381 - Ponta de Matos, Cabedelo - PB, 58100-645;4.7;10;ChIJoZsj3b7frAcRjoZUr5Cg7Uw;https://www.google.com/maps/place/?q=place_id:ChIJoZsj3b7frAcRjoZUr5Cg7Uw;sushi Cabedelo PB;Jardim Manguinhos/Formosa;@-6.9884,-34.8497,15z;already_in_database
already_in_database;Espaço Do Sushi;Restaurante;R. Juarez Távora - Camalaú, Cabedelo - PB, 58310-000;4.2;33;ChIJLZuM-3YgrQcRxc7_zhcQ3Y0;https://www.google.com/maps/place/?q=place_id:ChIJLZuM-3YgrQcRxc7_zhcQ3Y0;sushi Cabedelo PB;Jardim Manguinhos/Formosa;@-6.9884,-34.8497,15z;already_in_database
already_in_database;Viciados em Sushi;Restaurante japonês;R. Pedro Aleixo Moura, 34 - Centro, Cabedelo - PB, 58100-210;4.4;193;ChIJ_c5MVHEgrQcRB4CuNV0soio;https://www.google.com/maps/place/?q=place_id:ChIJ_c5MVHEgrQcRB4CuNV0soio;sushi Cabedelo PB;Jardim Manguinhos/Formosa;@-6.9884,-34.8497,15z;already_in_database
already_in_database;Sakê Temakeria Ponta de Campina, Cabedelo;Restaurante japonês;Av. Oceano Atlântico, 1592 - Sl 16 E 17 - Ponta de Campina, Cabedelo - PB, 58310-000;4.7;261;ChIJ2Xj63j_drAcRrllAg3GcmOU;https://www.google.com/maps/place/?q=place_id:ChIJ2Xj63j_drAcRrllAg3GcmOU;sushi Cabedelo PB;Jardim Manguinhos/Formosa;@-6.9884,-34.8497,15z;already_in_database
already_in_database;A Casa do Temakinho;Restaurante;Av. Mar da Irlanda, 222 - Intermares, Cabedelo - PB, 58310-000;4.9;150;ChIJK77pAsvfrAcRDJoNP1VhTVo;https://www.google.com/maps/place/?q=place_id:ChIJK77pAsvfrAcRDJoNP1VhTVo;sushi Cabedelo PB;Jardim Manguinhos/Formosa;@-6.9884,-34.8497,15z;already_in_database
already_in_database;Pipa Sushi & Temakeria;Restaurante de sushi;Av. Mar das Antilhas - Intermares, Cabedelo - PB, 58310-000;4.3;292;ChIJm1Mywg3erAcRAs4OIMpvJqk;https://www.google.com/maps/place/?q=place_id:ChIJm1Mywg3erAcRAs4OIMpvJqk;sushi Cabedelo PB;Jardim Manguinhos/Formosa;@-6.9884,-34.8497,15z;already_in_database
rejected;Novo Oriente Intermares;Restaurante de sushi;Av. Mar Vermelho, 35 - Intermares, Cabedelo - PB, 58102-120;4.2;1378;ChIJN9JFAA7erAcR7c6fN6tma_g;https://www.google.com/maps/place/?q=place_id:ChIJN9JFAA7erAcR7c6fN6tma_g;sushi Cabedelo PB;Jardim Manguinhos/Formosa;@-6.9884,-34.8497,15z;excluded_category_or_name
already_in_database;Porto do açaí;Lanchonete;R. Cleto Campêlo, 623 - Camalaú, Cabedelo - PB, 58310-000;5;1;ChIJL9uhhKMhrQcRNgJ6D5n7bws;https://www.google.com/maps/place/?q=place_id:ChIJL9uhhKMhrQcRNgJ6D5n7bws;acai Cabedelo PB;Jardim Manguinhos/Formosa;@-6.9884,-34.8497,15z;already_in_database
already_in_database;Sorveteria Frutos de Goiás - Cabedelo;Sorveteria;R. Sólon de Lucena, 30B - Centro, Cabedelo - PB, 58100-570;4.9;40;ChIJpR3-bsYhrQcRFzba--9mhwU;https://www.google.com/maps/place/?q=place_id:ChIJpR3-bsYhrQcRFzba--9mhwU;acai Cabedelo PB;Jardim Manguinhos/Formosa;@-6.9884,-34.8497,15z;already_in_database
already_in_database;Sorveteria glacial;Sorveteria;Vila dos Estivadores, 73 - Centro, Cabedelo - PB, 58310-000;4.4;260;ChIJB9065i0hrQcRn26XWJtWITw;https://www.google.com/maps/place/?q=place_id:ChIJB9065i0hrQcRn26XWJtWITw;acai Cabedelo PB;Jardim Manguinhos/Formosa;@-6.9884,-34.8497,15z;already_in_database
already_in_database;Açaí da Cris;Lanchonete;Tv. Primo José Viana - Vila Sao Joao, Cabedelo - PB, 58310-000;4.7;211;ChIJcQUFI2wgrQcRG22L9whpk4I;https://www.google.com/maps/place/?q=place_id:ChIJcQUFI2wgrQcRG22L9whpk4I;acai Cabedelo PB;Jardim Manguinhos/Formosa;@-6.9884,-34.8497,15z;already_in_database
already_in_database;Queens do Açaí;Loja de açaí;R. Cleto Campêlo, 832 - Camalaú, Cabedelo - PB, 58103-242;;;ChIJN3qzZx3frAcRGdsGytgR2To;https://www.google.com/maps/place/?q=place_id:ChIJN3qzZx3frAcRGdsGytgR2To;acai Cabedelo PB;Jardim Manguinhos/Formosa;@-6.9884,-34.8497,15z;already_in_database
already_in_database;Cantinho Bom;Sorveteria;R. Santa Rita de Cássia, 42 - Jardim Camboinha, Cabedelo - PB, 58103-772;5;1;ChIJm1gILLjfrAcRJzUZHE7JAuI;https://www.google.com/maps/place/?q=place_id:ChIJm1gILLjfrAcRJzUZHE7JAuI;acai Cabedelo PB;Jardim Manguinhos/Formosa;@-6.9884,-34.8497,15z;already_in_database
already_in_database;Acai;Loja de açaí;Av. Imbiridiba, 74 - Lot. Oceania VI, Cabedelo - PB, 58310-000;5;3;ChIJHS4nywrfrAcRf1rB7H0L_Mw;https://www.google.com/maps/place/?q=place_id:ChIJHS4nywrfrAcRf1rB7H0L_Mw;acai Cabedelo PB;Jardim Manguinhos/Formosa;@-6.9884,-34.8497,15z;already_in_database
rejected;Assaí Atacadista - Estrada de Cabedelo;Atacadista;BR-230, 14 , Km 13.5, Lot. Morada Nova, Cabedelo - PB, 58033-455;4.4;581;ChIJpXuq7TTfrAcRpJL6pMYJrCA;https://www.google.com/maps/place/?q=place_id:ChIJpXuq7TTfrAcRpJL6pMYJrCA;acai Cabedelo PB;Jardim Manguinhos/Formosa;@-6.9884,-34.8497,15z;not_clearly_food_establishment
already_in_database;Cantinho do açaí;Sorveteria;R. Vinicius de Morais - Recanto do Poço, Cabedelo - PB, 58105-062;5;1;ChIJP8nYbA7frAcRFz-W3qWECKs;https://www.google.com/maps/place/?q=place_id:ChIJP8nYbA7frAcRFz-W3qWECKs;acai Cabedelo PB;Jardim Manguinhos/Formosa;@-6.9884,-34.8497,15z;already_in_database
already_in_database;Therê Açaí e Sorvete;Sorveteria;R. Duque de Caxias, 489 - Centro, Cabedelo - PB, 58100-263;;;ChIJbQMVIgAhrQcRuLJQgojPJ7g;https://www.google.com/maps/place/?q=place_id:ChIJbQMVIgAhrQcRuLJQgojPJ7g;acai Cabedelo PB;Jardim Manguinhos/Formosa;@-6.9884,-34.8497,15z;already_in_database
already_in_database;Sorv&cia;Sorveteria;Av. São Sebastião, 227 - Camalaú, Cabedelo - PB, 58103-102;5;2;ChIJj-20f9TfrAcR4ay0mIYQNqA;https://www.google.com/maps/place/?q=place_id:ChIJj-20f9TfrAcR4ay0mIYQNqA;acai Cabedelo PB;Jardim Manguinhos/Formosa;@-6.9884,-34.8497,15z;already_in_database
already_in_database;Açaí Jacaré Beach;Sorveteria;R. Clodoaldo Gouveia, 214 - Praia Do Jacare, Cabedelo - PB, 58101-323;4.8;12;ChIJyzANbADfrAcRmNSHSU6nRlI;https://www.google.com/maps/place/?q=place_id:ChIJyzANbADfrAcRmNSHSU6nRlI;acai Cabedelo PB;Jardim Manguinhos/Formosa;@-6.9884,-34.8497,15z;already_in_database
already_in_database;Praçaí - Intermares;Lanchonete;Av. Oceano Pacífico, s/n - Intermares, Cabedelo - PB, 58310-000;4.5;238;ChIJ1cAVK23erAcRCUpJ50T3ULs;https://www.google.com/maps/place/?q=place_id:ChIJ1cAVK23erAcRCUpJ50T3ULs;acai Cabedelo PB;Jardim Manguinhos/Formosa;@-6.9884,-34.8497,15z;already_in_database
already_in_database;South Beach | Açaí, Sorveteria e Cremes;Sorveteria;Av. Oceano Atlântico, 870 - Intermares, Cabedelo - PB;4.9;43;ChIJ0RcoMQDfrAcRpLtM3_RE4bo;https://www.google.com/maps/place/?q=place_id:ChIJ0RcoMQDfrAcRpLtM3_RE4bo;acai Cabedelo PB;Jardim Manguinhos/Formosa;@-6.9884,-34.8497,15z;already_in_database
rejected;Supermercado Assis;Supermercado;R. João Vitaliano, 39 - Camalaú, Cabedelo - PB, 58310-000;4.3;1794;ChIJ0cBL53EgrQcRzMAuzIdb_4I;https://www.google.com/maps/place/?q=place_id:ChIJ0cBL53EgrQcRzMAuzIdb_4I;acai Cabedelo PB;Jardim Manguinhos/Formosa;@-6.9884,-34.8497,15z;excluded_category_or_name
already_in_database;Açaí da Hill Point;Loja de açaí;Trailer, Rua Mar das Antilhas, Praça Durval Portela - Intermares, Cabedelo - PB, 58102-000;4.6;9;ChIJp648VSbfrAcR46pzEDHTJBo;https://www.google.com/maps/place/?q=place_id:ChIJp648VSbfrAcR46pzEDHTJBo;acai Cabedelo PB;Jardim Manguinhos/Formosa;@-6.9884,-34.8497,15z;already_in_database
already_in_database;PARCEIRO Rosa Lanches;Lanchonete;R. Ten. Antônio Pontes, 139 - Ponta de Matos, Cabedelo - PB, 58100-645;4.5;120;ChIJKfbziSchrQcRUM5eTvB19FU;https://www.google.com/maps/place/?q=place_id:ChIJKfbziSchrQcRUM5eTvB19FU;acai Cabedelo PB;Jardim Manguinhos/Formosa;@-6.9884,-34.8497,15z;already_in_database
already_in_database;Praça do açaí de Intermares;Playground;1548, Av. Oceano Atlântico, 1164 - Intermares, Cabedelo - PB, 58310-000;4.5;176;ChIJ-60_Km3erAcRRKoxlE8MUyc;https://www.google.com/maps/place/?q=place_id:ChIJ-60_Km3erAcRRKoxlE8MUyc;acai Cabedelo PB;Jardim Manguinhos/Formosa;@-6.9884,-34.8497,15z;already_in_database
already_in_database;cabe 1one açaí;Sorveteria;Praça Venâncio Neiva, 11 - Lj 01 - Centro, Cabedelo - PB, 58100-246;;;ChIJA6AGRi0hrQcROMmi6RuzaLY;https://www.google.com/maps/place/?q=place_id:ChIJA6AGRi0hrQcROMmi6RuzaLY;acai Cabedelo PB;Jardim Manguinhos/Formosa;@-6.9884,-34.8497,15z;already_in_database
rejected;Supermercado São Sebastião - Unidade Centro Cabedelo;Supermercado;Rua Monsenhor Walfredo Leal, 120 - Camalaú, Cabedelo - PB, 58100-248;4.3;455;ChIJp3LRbnIgrQcRMaPeraKfSO4;https://www.google.com/maps/place/?q=place_id:ChIJp3LRbnIgrQcRMaPeraKfSO4;acai Cabedelo PB;Jardim Manguinhos/Formosa;@-6.9884,-34.8497,15z;excluded_category_or_name
already_in_database;Café Cabedelo;Cafeteria;R. Aurélio Guedes Cavalcante - Camboinha, Cabedelo - PB, 58310-000;;;ChIJ52g2ao3frAcRyzat6fBKJA4;https://www.google.com/maps/place/?q=place_id:ChIJ52g2ao3frAcRyzat6fBKJA4;cafeteria Cabedelo PB;Jardim Manguinhos/Formosa;@-6.9884,-34.8497,15z;already_in_database
already_in_database;Porto do Café;Cafeteria;Praça Getúlio Vargas, 68 - Centro, Cabedelo - PB, 58100-261;4.7;6;ChIJi8fyTQAhrQcRylnBp6lzXXs;https://www.google.com/maps/place/?q=place_id:ChIJi8fyTQAhrQcRylnBp6lzXXs;cafeteria Cabedelo PB;Jardim Manguinhos/Formosa;@-6.9884,-34.8497,15z;already_in_database
already_in_database;Tia Graça Cafeteria e Doceria;Cafeteria;R. Golfo da China, 326 - Intermares, Cabedelo - PB, 58310-000;4.5;67;ChIJV8XbnLXfrAcRTzFbB-0OVFg;https://www.google.com/maps/place/?q=place_id:ChIJV8XbnLXfrAcRTzFbB-0OVFg;cafeteria Cabedelo PB;Jardim Manguinhos/Formosa;@-6.9884,-34.8497,15z;already_in_database
rejected;Tia Graça Doces E Salgados;Doceria;R. Pedro Aleixo Moura, 26 - Vila Sao Joao, Cabedelo - PB, 58310-000;4.6;414;ChIJazVfCHEgrQcRref-q7f7tNA;https://www.google.com/maps/place/?q=place_id:ChIJazVfCHEgrQcRref-q7f7tNA;cafeteria Cabedelo PB;Jardim Manguinhos/Formosa;@-6.9884,-34.8497,15z;not_clearly_food_establishment
already_in_database;Café cultural;Cafeteria;R. Augusto José Couto de Faria - Jardim Camboinha, Cabedelo - PB, 58103-684;;;ChIJLaRmKgDfrAcRtmvfIXT7Ibs;https://www.google.com/maps/place/?q=place_id:ChIJLaRmKgDfrAcRtmvfIXT7Ibs;cafeteria Cabedelo PB;Jardim Manguinhos/Formosa;@-6.9884,-34.8497,15z;already_in_database
already_in_database;Caldinho Prime Formosa;Restaurante;Av. Cassiano da Cunha Nóbrega, 555 - Vila Sao Joao, Cabedelo - PB, 58310-000;4.7;46;ChIJo3IrDQAhrQcRuau8CF_J1oc;https://www.google.com/maps/place/?q=place_id:ChIJo3IrDQAhrQcRuau8CF_J1oc;cafeteria Cabedelo PB;Jardim Manguinhos/Formosa;@-6.9884,-34.8497,15z;already_in_database
already_in_database;JL Bolos;Cafeteria;R. Rio Paraíba, 55 - Jardim Camboinha, Cabedelo - PB, 58310-000;4.8;5;ChIJzWCQCwDfrAcRxsNeWdpCqWA;https://www.google.com/maps/place/?q=place_id:ChIJzWCQCwDfrAcRxsNeWdpCqWA;cafeteria Cabedelo PB;Jardim Manguinhos/Formosa;@-6.9884,-34.8497,15z;already_in_database
already_in_database;Sax Café - Por do Sol da Praia do Jacaré Cabedelo/PB;Restaurante;Pôr do Sol, R. Praia do Jacaré, Cabedelo - PB, 58310-000;4.5;102;ChIJ42uw2z3frAcRpvqGhKXp_LM;https://www.google.com/maps/place/?q=place_id:ChIJ42uw2z3frAcRpvqGhKXp_LM;cafeteria Cabedelo PB;Jardim Manguinhos/Formosa;@-6.9884,-34.8497,15z;already_in_database
rejected;Verano Praia Bar;Bar;Av. Pastor José Alves de Oliveira, 848 - Areia Dourada, Cabedelo - PB, 58101-205;4.4;324;ChIJh0FVTwvfrAcRloIZE5Iit7w;https://www.google.com/maps/place/?q=place_id:ChIJh0FVTwvfrAcRloIZE5Iit7w;cafeteria Cabedelo PB;Jardim Manguinhos/Formosa;@-6.9884,-34.8497,15z;not_clearly_food_establishment
already_in_database;Coffee Cake Açaiteria;Lanchonete;Av. Oceano Atlântico, 422 - Sala, 04 - Intermares, Cabedelo - PB, 58102-252;4.7;24;ChIJJVjoiEDfrAcRFTg4AQg1nHw;https://www.google.com/maps/place/?q=place_id:ChIJJVjoiEDfrAcRFTg4AQg1nHw;cafeteria Cabedelo PB;Jardim Manguinhos/Formosa;@-6.9884,-34.8497,15z;already_in_database
rejected;Moinho Dias Branco;Moinho;Av. Cassiano da Cunha Nóbrega, Cabedelo - PB;4.6;95;ChIJ8aU4xRQgrQcRjUnwjQSge9Q;https://www.google.com/maps/place/?q=place_id:ChIJ8aU4xRQgrQcRjUnwjQSge9Q;cafeteria Cabedelo PB;Jardim Manguinhos/Formosa;@-6.9884,-34.8497,15z;not_clearly_food_establishment
already_in_database;Messe Cafeteria;Cafeteria;R. Praia do Jacaré - Intermares, Cabedelo - PB, 58310-000;5;2;ChIJi1DNHwDfrAcRKRUXOkoukjQ;https://www.google.com/maps/place/?q=place_id:ChIJi1DNHwDfrAcRKRUXOkoukjQ;cafeteria Cabedelo PB;Jardim Manguinhos/Formosa;@-6.9884,-34.8497,15z;already_in_database
rejected;Padaria Pandine;Padaria;Av. Mar Vermelho, 357 - Intermares, Cabedelo - PB, 58102-120;4.4;1096;ChIJP6gJ7w3erAcREADxKhazvuY;https://www.google.com/maps/place/?q=place_id:ChIJP6gJ7w3erAcREADxKhazvuY;cafeteria Cabedelo PB;Jardim Manguinhos/Formosa;@-6.9884,-34.8497,15z;excluded_category_or_name
already_in_database;Chié artesanato e comedoria;Café;R. Praia do Jacaré - Intermares, Cabedelo - PB, 58310-000;4;40;ChIJTwa4MA_frAcR4t0Vizs3ozY;https://www.google.com/maps/place/?q=place_id:ChIJTwa4MA_frAcR4t0Vizs3ozY;cafeteria Cabedelo PB;Jardim Manguinhos/Formosa;@-6.9884,-34.8497,15z;already_in_database
rejected;Paula Cakes;Doceria;Rua Rio Botafogo - Portal do Poço, Cabedelo - PB, 58106-136;5;9;ChIJyQ2DAuLfrAcRcVq6aOH3IMA;https://www.google.com/maps/place/?q=place_id:ChIJyQ2DAuLfrAcRcVq6aOH3IMA;cafeteria Cabedelo PB;Jardim Manguinhos/Formosa;@-6.9884,-34.8497,15z;not_clearly_food_establishment
already_in_database;Tenda Formosa Bar & Restaurante;Restaurante;Av. Cassiano da Cunha Nóbrega, 98 - Praia Formosa, Cabedelo - PB, 58100-685;4.1;1507;ChIJIc-iXWUgrQcReqjiUbw742w;https://www.google.com/maps/place/?q=place_id:ChIJIc-iXWUgrQcReqjiUbw742w;cafeteria Cabedelo PB;Jardim Manguinhos/Formosa;@-6.9884,-34.8497,15z;already_in_database
rejected;DM Caffe;Cafeteria;Av. Gov. Argemiro de Figueiredo, 3197a - Jardim Oceania, João Pessoa - PB, 58037-030;4.8;247;ChIJRVlJzNnDrAcRa808gqR2TmU;https://www.google.com/maps/place/?q=place_id:ChIJRVlJzNnDrAcRa808gqR2TmU;cafeteria Cabedelo PB;Jardim Manguinhos/Formosa;@-6.9884,-34.8497,15z;excluded_category_or_name
already_in_database;Medellín Café(São Braz Expresso);Cafeteria;Estrada de Cabedelo, KM13,5, R. Praia do Bessa, João Pessoa - PB, 58037-325;3.4;41;ChIJmYckIO3drAcRHY1JjnbhsP0;https://www.google.com/maps/place/?q=place_id:ChIJmYckIO3drAcRHY1JjnbhsP0;cafeteria Cabedelo PB;Jardim Manguinhos/Formosa;@-6.9884,-34.8497,15z;already_in_database
already_in_database;Juci;Cafeteria;R. Golfo de Cadis, 470 - Intermares, Cabedelo - PB, 58310-000;1;1;ChIJo7CaIwDfrAcRImsAHe1osU4;https://www.google.com/maps/place/?q=place_id:ChIJo7CaIwDfrAcRImsAHe1osU4;cafeteria Cabedelo PB;Jardim Manguinhos/Formosa;@-6.9884,-34.8497,15z;already_in_database
rejected;Herbalife Intermares Cabedelo.;Casa de chá;Av. Oceano Atlântico, 328 - Sl 06 - Intermares, Cabedelo - PB, 58102-252;5;19;ChIJe0vpX2verAcRw7t0W-KuzRA;https://www.google.com/maps/place/?q=place_id:ChIJe0vpX2verAcRw7t0W-KuzRA;cafeteria Cabedelo PB;Jardim Manguinhos/Formosa;@-6.9884,-34.8497,15z;not_clearly_food_establishment
already_in_database;Bar das Meninas Restaurante;Restaurante de frutos do mar;R. Des. Onaldo N Montenegro, 368 - Vila Sao Joao, Cabedelo - PB, 58109-342;4.2;3174;ChIJodwqQ2kgrQcR4ABUUI60O8Y;https://www.google.com/maps/place/?q=place_id:ChIJodwqQ2kgrQcR4ABUUI60O8Y;bar restaurante Cabedelo PB;Jardim Manguinhos/Formosa;@-6.9884,-34.8497,15z;already_in_database
already_in_database;Caiçara Bar e Restaurante;Restaurante;Praia de, Rua Cassiano, Av. Cassiano da Cunha Nóbrega - Ponta de Matos, Cabedelo - PB, 58100-695;4.7;39;ChIJ6UAYvCohrQcRzW-CciJ0DB0;https://www.google.com/maps/place/?q=place_id:ChIJ6UAYvCohrQcRzW-CciJ0DB0;bar restaurante Cabedelo PB;Jardim Manguinhos/Formosa;@-6.9884,-34.8497,15z;already_in_database
already_in_database;Caldinho Prime Formosa;Restaurante;Av. Cassiano da Cunha Nóbrega, 555 - Vila Sao Joao, Cabedelo - PB, 58310-000;4.7;46;ChIJo3IrDQAhrQcRuau8CF_J1oc;https://www.google.com/maps/place/?q=place_id:ChIJo3IrDQAhrQcRuau8CF_J1oc;bar restaurante Cabedelo PB;Jardim Manguinhos/Formosa;@-6.9884,-34.8497,15z;already_in_database
already_in_database;Skama Bar e Restaurante;Restaurante;Av. Cassiano da Cunha Nóbrega, 18 - Ponta de Matos, Cabedelo - PB, 58100-965;4.2;397;ChIJl-GtFGkgrQcROqBgkhHbHuA;https://www.google.com/maps/place/?q=place_id:ChIJl-GtFGkgrQcROqBgkhHbHuA;bar restaurante Cabedelo PB;Jardim Manguinhos/Formosa;@-6.9884,-34.8497,15z;already_in_database
already_in_database;Restaurante Pôr do Sol;Restaurante;R. Pres. João Pessoa, 1 - Vila Sao Joao, Cabedelo - PB, 58310-000;4.6;105;ChIJb69icnQgrQcRc9_nUnm-luI;https://www.google.com/maps/place/?q=place_id:ChIJb69icnQgrQcRc9_nUnm-luI;bar restaurante Cabedelo PB;Jardim Manguinhos/Formosa;@-6.9884,-34.8497,15z;already_in_database
rejected;Verano Praia Bar;Bar;Av. Pastor José Alves de Oliveira, 848 - Areia Dourada, Cabedelo - PB, 58101-205;4.4;324;ChIJh0FVTwvfrAcRloIZE5Iit7w;https://www.google.com/maps/place/?q=place_id:ChIJh0FVTwvfrAcRloIZE5Iit7w;bar restaurante Cabedelo PB;Jardim Manguinhos/Formosa;@-6.9884,-34.8497,15z;not_clearly_food_establishment
already_in_database;Bar e Restaurante do Sumé;Restaurante de frutos do mar;Av. Oceano Atlântico, 98 - Vila Sao Joao, Cabedelo - PB, 58310-000;4.1;762;ChIJx6-fZGUgrQcR3ejC32WCAA4;https://www.google.com/maps/place/?q=place_id:ChIJx6-fZGUgrQcR3ejC32WCAA4;bar restaurante Cabedelo PB;Jardim Manguinhos/Formosa;@-6.9884,-34.8497,15z;already_in_database
already_in_database;Lovina Ponta de Campina | Bar | Restaurante em Cabedelo;Restaurante;R. Vitorino Cardoso, 908 - Ponta de Campina, Cabedelo - PB, 58101-510;4.4;10742;ChIJdbKCxUTerAcRNmBt0eRrdX8;https://www.google.com/maps/place/?q=place_id:ChIJdbKCxUTerAcRNmBt0eRrdX8;bar restaurante Cabedelo PB;Jardim Manguinhos/Formosa;@-6.9884,-34.8497,15z;already_in_database
already_in_database;Ilha Dourada Restaurante;Restaurante de frutos do mar;BR -230, R. José Américo de Almeida Filho, s/n - Areia Dourada, Cabedelo - PB, 58101-212;4.2;3161;ChIJ19PDcIXfrAcRzBwfL7gvIIs;https://www.google.com/maps/place/?q=place_id:ChIJ19PDcIXfrAcRzBwfL7gvIIs;bar restaurante Cabedelo PB;Jardim Manguinhos/Formosa;@-6.9884,-34.8497,15z;already_in_database
already_in_database;Kubanacan Bar e Restaurante;Restaurante;R. Julieta Viana, 103 - Camboinha, Cabedelo - PB, 58101-375;4.8;108;ChIJJZe3-g3frAcRPD9qTI1nWYM;https://www.google.com/maps/place/?q=place_id:ChIJJZe3-g3frAcRPD9qTI1nWYM;bar restaurante Cabedelo PB;Jardim Manguinhos/Formosa;@-6.9884,-34.8497,15z;already_in_database
already_in_database;Tenda Formosa Bar & Restaurante;Restaurante;Av. Cassiano da Cunha Nóbrega, 98 - Praia Formosa, Cabedelo - PB, 58100-685;4.1;1507;ChIJIc-iXWUgrQcReqjiUbw742w;https://www.google.com/maps/place/?q=place_id:ChIJIc-iXWUgrQcReqjiUbw742w;bar restaurante Cabedelo PB;Jardim Manguinhos/Formosa;@-6.9884,-34.8497,15z;already_in_database
already_in_database;Atlântico bar, cabedelo;Restaurante;Cassiano, Av. Cassiano da Cunha Nóbrega - Ponta de Matos, Cabedelo - PB, 58100-695;4.4;8;ChIJsc6M1VohrQcR2aadwXNqCYM;https://www.google.com/maps/place/?q=place_id:ChIJsc6M1VohrQcR2aadwXNqCYM;bar restaurante Cabedelo PB;Jardim Manguinhos/Formosa;@-6.9884,-34.8497,15z;already_in_database
rejected;Bar da ressaca;Bar;Av. Cassiano da Cunha Nóbrega, 269 - Santa Catarina, Cabedelo - PB, 58100-432;4.6;49;ChIJU_hxaiYhrQcRlDkfUVSdSVs;https://www.google.com/maps/place/?q=place_id:ChIJU_hxaiYhrQcRlDkfUVSdSVs;bar restaurante Cabedelo PB;Jardim Manguinhos/Formosa;@-6.9884,-34.8497,15z;not_clearly_food_establishment
already_in_database;Gigante Do Mar Beach;Restaurante de frutos do mar;Av. Max Zagel, 450 - Camboinha, Cabedelo - PB, 58033-455;4.2;3378;ChIJ47lgZ6TfrAcR21h_sELDBwk;https://www.google.com/maps/place/?q=place_id:ChIJ47lgZ6TfrAcR21h_sELDBwk;bar restaurante Cabedelo PB;Jardim Manguinhos/Formosa;@-6.9884,-34.8497,15z;already_in_database
already_in_database;Bar e Restaurante Solânense;Restaurante;R. Sólon de Lucena, 364 - Centro, Cabedelo - PB, 58100-570;4.6;77;ChIJr1gT2-chrQcRL1coXnrt0YE;https://www.google.com/maps/place/?q=place_id:ChIJr1gT2-chrQcRL1coXnrt0YE;bar restaurante Cabedelo PB;Jardim Manguinhos/Formosa;@-6.9884,-34.8497,15z;already_in_database
rejected;Bar Sol de Verão;Bar;R. João Henrique de Miranda, 401 - Camboinha, Cabedelo - PB, 58310-000;4.2;75;ChIJnVIRsq_frAcR_6-FikFOahs;https://www.google.com/maps/place/?q=place_id:ChIJnVIRsq_frAcR_6-FikFOahs;bar restaurante Cabedelo PB;Jardim Manguinhos/Formosa;@-6.9884,-34.8497,15z;not_clearly_food_establishment
already_in_database;Sport Marina;Restaurante de frutos do mar;Av. Pastor José Alves de Oliveira, 848 - Areia Dourada, Cabedelo - PB, 58101-232;4.5;503;ChIJpSulOXggrQcR1X8-11zV034;https://www.google.com/maps/place/?q=place_id:ChIJpSulOXggrQcR1X8-11zV034;bar restaurante Cabedelo PB;Jardim Manguinhos/Formosa;@-6.9884,-34.8497,15z;already_in_database
rejected;TreeHouse Bar Lounge - Por do sol João Pessoa;Bar;R. Pôr do Sol, s/n, Cabedelo - PB, 58310-000;4.5;1125;ChIJ33JsoxverAcRwnzfHW9fJTI;https://www.google.com/maps/place/?q=place_id:ChIJ33JsoxverAcRwnzfHW9fJTI;bar restaurante Cabedelo PB;Jardim Manguinhos/Formosa;@-6.9884,-34.8497,15z;excluded_category_or_name
already_in_database;Residência do Mário;Restaurante;R. Cleto Campêlo, 889 - Camalaú, Cabedelo - PB, 58103-242;4.7;153;ChIJJ1WRk4nfrAcRe75oQKtSH4Y;https://www.google.com/maps/place/?q=place_id:ChIJJ1WRk4nfrAcRe75oQKtSH4Y;bar restaurante Cabedelo PB;Jardim Manguinhos/Formosa;@-6.9884,-34.8497,15z;already_in_database
rejected;Neuza Praia Bar;Bar;R. Maria Fernandes Viana - Jardim Jerico, Cabedelo - PB, 58310-000;4.3;39;ChIJASN62qDfrAcRT8pxH8OO2lQ;https://www.google.com/maps/place/?q=place_id:ChIJASN62qDfrAcRT8pxH8OO2lQ;bar restaurante Cabedelo PB;Jardim Manguinhos/Formosa;@-6.9884,-34.8497,15z;not_clearly_food_establishment
